n_agents,regime,severity,corruption_type,corruption_level,partition_parts,phase,metric,system,baseline,mean_system,mean_baseline,mean_diff,ci_low,ci_high,cohens_dz,p_paired_t,n_pairs
100,correlated_domain,0.1,none,0.0,0,post_failure,iss,B6,B2,0.8983091115951538,1.0,-0.10169088840484619,-0.1035018828511238,-0.09973393470048904,-18.883763721393535,8.520100892832333e-39,30
100,correlated_domain,0.1,none,0.0,0,post_failure,iss,B6,B4,0.8983091115951538,0.9948684970537821,-0.09655938545862834,-0.09818649888038634,-0.09485732634862264,-20.191277542789074,1.2283660441137255e-39,30
100,correlated_domain,0.1,none,0.0,0,post_failure,iss,B7,B2,0.8986419260501861,1.0,-0.10135807394981385,-0.10330082630117735,-0.09940629854798318,-18.158332512707727,2.64525407203818e-38,30
100,correlated_domain,0.1,none,0.0,0,post_failure,knowledge_survival,B7,B3Q,0.9433666666666667,0.9625666666666668,-0.01920000000000001,-0.020950000000000014,-0.017466666666666675,-3.8822656356217347,3.098707854025373e-19,30
100,correlated_domain,0.1,none,0.0,0,post_failure,accuracy_macro,B7,B3Q,0.8389045277782411,0.8913036213460469,-0.05239909356780587,-0.05763791429960109,-0.047020587371395584,-3.490597109884174,5.54770316848096e-18,30
100,correlated_domain,0.3,none,0.0,0,post_failure,iss,B6,B2,0.8186719874540965,1.0,-0.18132801254590353,-0.18457016974687576,-0.17789076521992683,-19.44661909622024,3.643122548583369e-39,30
100,correlated_domain,0.3,none,0.0,0,post_failure,iss,B6,B4,0.8186719874540965,0.9538978298505147,-0.13522584239641824,-0.14281204005082448,-0.12653488253553707,-5.825298136450294,3.873512925684231e-24,30
100,correlated_domain,0.3,none,0.0,0,post_failure,iss,B7,B2,0.8186740438143413,1.0,-0.18132595618565878,-0.1843635237713655,-0.17800246636072797,-20.265693257600713,1.1043358053856039e-39,30
100,correlated_domain,0.3,none,0.0,0,post_failure,knowledge_survival,B7,B3Q,0.9388000000000001,0.9521833333333335,-0.013383333333333313,-0.014933333333333314,-0.01179999999999998,-2.9751085970730684,3.8922995112739654e-16,30
100,correlated_domain,0.3,none,0.0,0,post_failure,accuracy_macro,B7,B3Q,0.8304550490791051,0.8746760986565268,-0.04422104957742195,-0.04844293283202875,-0.04000708590753362,-3.666903824843538,1.4645731428998472e-18,30
100,correlated_domain,0.5,none,0.0,0,post_failure,knowledge_survival,B6,B2,0.84855,0.87465,-0.026099999999999998,-0.029716666666666655,-0.02226666666666666,-2.4555812200492046,5.404621231192559e-14,30
100,correlated_domain,0.5,none,0.0,0,post_failure,iss,B6,B2,0.7083533048629761,0.9999562482039134,-0.2916029433409373,-0.2980066788693269,-0.2849353666603565,-15.463746017507212,2.746618333351963e-36,30
100,correlated_domain,0.5,none,0.0,0,post_failure,iss,B6,B4,0.7083533048629761,0.8665039420127869,-0.15815063714981079,-0.17421263893445332,-0.14102622191111247,-3.3563258596935532,1.5910769984010442e-17,30
100,correlated_domain,0.5,none,0.0,0,post_failure,iss,B7,B2,0.706259963909785,0.9999562482039134,-0.2936962842941284,-0.29973127057154975,-0.28757020831108093,-16.89296369580731,2.1351710356397654e-37,30
100,correlated_domain,0.5,none,0.0,0,post_failure,accuracy_macro,B7,B3Q,0.7942865714583327,0.8083641850805491,-0.014077613622216267,-0.021140976547252333,-0.0069400340795282706,-0.6949175158485791,0.000675295940047144,30
100,correlated_domain,0.7,none,0.0,0,post_failure,knowledge_survival,B6,B2,0.7175666666666667,0.8735499999999998,-0.15598333333333333,-0.16151708333333334,-0.15016666666666667,-9.556990597355833,2.8842792850094677e-30,30
100,correlated_domain,0.7,none,0.0,0,post_failure,accuracy_macro,B6,B2,0.4843021204289387,0.601076337235766,-0.11677421680682731,-0.12250663278309024,-0.11068994278387057,-6.858058851941543,3.79918554782852e-26,30
100,correlated_domain,0.7,none,0.0,0,post_failure,iss,B6,B2,0.5303680171569188,0.9980591873327891,-0.46769117017587025,-0.4737440342952808,-0.46134655783573786,-26.36015200872178,5.464483941579999e-43,30
100,correlated_domain,0.7,none,0.0,0,post_failure,knowledge_survival,B6,B4,0.7175666666666667,0.7777999999999999,-0.06023333333333332,-0.0699333333333333,-0.050733333333333325,-2.2134290370387473,7.063165210920911e-13,30
100,correlated_domain,0.7,none,0.0,0,post_failure,accuracy_macro,B6,B4,0.4843021204289387,0.5012460521385649,-0.016943931709626128,-0.025651535204318173,-0.007993904819863637,-0.6799686642166634,0.0008409866013112129,30
100,correlated_domain,0.7,none,0.0,0,post_failure,iss,B6,B4,0.5303680171569188,0.7357365210851033,-0.2053685039281845,-0.22267571315169335,-0.187496823122104,-4.172459486854319,4.293406735830034e-20,30
100,correlated_domain,0.7,none,0.0,0,post_failure,knowledge_survival,B7,B2,0.7701000000000001,0.8735499999999998,-0.10345000000000001,-0.11081708333333336,-0.09551666666666667,-4.756952526392257,1.1377255260248786e-21,30
100,correlated_domain,0.7,none,0.0,0,post_failure,iss,B7,B2,0.5302476435899734,0.9980591873327891,-0.46781154374281564,-0.47511169550319515,-0.45984124608337884,-21.48831178490569,2.027212722457655e-40,30
100,correlated_domain,0.9,none,0.0,0,post_failure,knowledge_survival,B6,B2,0.3269666666666666,0.8412166666666665,-0.5142500000000001,-0.5219,-0.5065500000000001,-23.2606228757665,2.0446244407614065e-41,30
100,correlated_domain,0.9,none,0.0,0,post_failure,accuracy_macro,B6,B2,0.19601589729651417,0.574033425254239,-0.37801752795772486,-0.3841553463208381,-0.3719060128291685,-21.49430500919742,2.0109173253128466e-40,30
100,correlated_domain,0.9,none,0.0,0,post_failure,iss,B6,B2,0.21646416783332825,0.8951748748620351,-0.6787107070287068,-0.6835797030975421,-0.6737412394831578,-48.16219608494338,1.4206574153214265e-50,30
100,correlated_domain,0.9,none,0.0,0,post_failure,knowledge_survival,B6,B4,0.3269666666666666,0.5888833333333333,-0.26191666666666674,-0.28808416666666664,-0.23431625,-3.4314970111097605,8.782833020599813e-18,30
100,correlated_domain,0.9,none,0.0,0,post_failure,accuracy_macro,B6,B4,0.19601589729651417,0.363032231432652,-0.16701633413613778,-0.18699229770917009,-0.14625700810737882,-2.8930885481150015,8.088796564161765e-16,30
100,correlated_domain,0.9,none,0.0,0,post_failure,iss,B6,B4,0.21646416783332825,0.4225468118985494,-0.20608264406522114,-0.23389877560238043,-0.17719006529698772,-2.576762788535857,1.599306114076894e-14,30
100,correlated_domain,0.9,none,0.0,0,post_failure,knowledge_survival,B7,B2,0.34825,0.8412166666666665,-0.4929666666666667,-0.5005166666666667,-0.4856166666666667,-22.653863346461595,4.3945703548385596e-41,30
100,correlated_domain,0.9,none,0.0,0,post_failure,accuracy_macro,B7,B2,0.25878601125462314,0.574033425254239,-0.3152474139996158,-0.3221094015929876,-0.3084778810196735,-15.93913090931085,1.1452289035190406e-36,30
100,correlated_domain,0.9,none,0.0,0,post_failure,iss,B7,B2,0.2166489104429881,0.8951748748620351,-0.678525964419047,-0.683105675218006,-0.6737848024070262,-49.82736052069905,5.303588084581357e-51,30
100,correlated_org,0.1,none,0.0,0,post_failure,iss,B6,B2,0.896936543782552,1.0,-0.10306345621744792,-0.10453394830226898,-0.10158758575717608,-24.359028042244738,5.37590839342765e-42,30
100,correlated_org,0.1,none,0.0,0,post_failure,iss,B6,B4,0.896936543782552,0.9912253816922506,-0.09428883790969848,-0.09771454577644666,-0.09066306044658025,-9.28944474100312,6.515080821735985e-30,30
100,correlated_org,0.1,none,0.0,0,post_failure,iss,B7,B2,0.8967183947563171,1.0,-0.10328160524368286,-0.10485493063926697,-0.1017295654118061,-22.992210747812187,2.861119254984945e-41,30
100,correlated_org,0.1,none,0.0,0,post_failure,knowledge_survival,B7,B3Q,0.9424000000000002,0.9626499999999999,-0.020250000000000004,-0.022100000000000012,-0.018450000000000015,-3.906166859580346,2.620373665419979e-19,30
100,correlated_org,0.1,none,0.0,0,post_failure,accuracy_macro,B7,B3Q,0.8364363924709495,0.8911499721733586,-0.05471357970240894,-0.05956329708346954,-0.04987957522596924,-3.9593617999362603,1.8101114886698045e-19,30
100,correlated_org,0.3,none,0.0,0,post_failure,iss,B6,B2,0.8192781329154968,1.0,-0.18072186708450316,-0.18408081635832788,-0.1775272645552953,-19.392302753903756,3.950150483073001e-39,30
100,correlated_org,0.3,none,0.0,0,post_failure,iss,B6,B4,0.8192781329154968,0.9505435168743134,-0.13126538395881654,-0.14099337751666705,-0.12024146909515064,-4.475764051011207,6.182320212607962e-21,30
100,correlated_org,0.3,none,0.0,0,post_failure,iss,B7,B2,0.8204378108183543,1.0,-0.1795621891816457,-0.18284934495886165,-0.17634369631608326,-19.449951255275167,3.625110312406347e-39,30
100,correlated_org,0.3,none,0.0,0,post_failure,knowledge_survival,B7,B3Q,0.9392499999999998,0.9528333333333333,-0.013583333333333326,-0.015549999999999993,-0.011599999999999992,-2.4188203230354524,7.888502033570056e-14,30
100,correlated_org,0.3,none,0.0,0,post_failure,accuracy_macro,B7,B3Q,0.8307118365028199,0.8752999141961321,-0.04458807769331206,-0.04982859246494331,-0.03956713816718606,-3.0810884174225674,1.5490994692486804e-16,30
100,correlated_org,0.5,none,0.0,0,post_failure,knowledge_survival,B6,B2,0.8427166666666667,0.8748166666666666,-0.03210000000000001,-0.034633333333333356,-0.02965000000000001,-4.5693441338230985,3.4827506377673085e-21,30
100,correlated_org,0.5,none,0.0,0,post_failure,accuracy_macro,B6,B2,0.5942402699790207,0.6049633737344603,-0.010723103755439634,-0.014398734775417485,-0.006800316129500951,-1.0070698097153385,6.053422964846969e-06,30
100,correlated_org,0.5,none,0.0,0,post_failure,iss,B6,B2,0.7035092234611511,0.9999902784824372,-0.296481055021286,-0.30118918359279634,-0.2918572348356247,-22.38082121510339,6.242472815519825e-41,30
100,correlated_org,0.5,none,0.0,0,post_failure,iss,B6,B4,0.7035092234611511,0.8433293183644612,-0.13982009490331013,-0.16165999953945479,-0.11665282929937046,-2.175155802684058,1.079242136472408e-12,30
100,correlated_org,0.5,none,0.0,0,post_failure,iss,B7,B2,0.7051023821036021,0.9999902784824372,-0.29488789637883506,-0.2992788833876451,-0.2904696856439114,-23.847162438887796,9.942507150328466e-42,30
100,correlated_org,0.5,none,0.0,0,post_failure,accuracy_macro,B7,B3Q,0.7899331504283882,0.8083431121608505,-0.01840996173246212,-0.025614405307810086,-0.011110616527407326,-0.8986258504949729,3.1509282132577527e-05,30
100,correlated_org,0.7,none,0.0,0,post_failure,knowledge_survival,B6,B2,0.6993666666666668,0.8738833333333331,-0.17451666666666668,-0.18336666666666668,-0.1662666666666667,-7.187522767680839,9.99382414701759e-27,30
100,correlated_org,0.7,none,0.0,0,post_failure,accuracy_macro,B6,B2,0.4701154763447738,0.602136342466199,-0.13202086612142538,-0.1413902163873458,-0.12331022628593674,-5.193770713129341,9.771012541538783e-23,30
100,correlated_org,0.7,none,0.0,0,post_failure,iss,B6,B2,0.5176101446151733,0.9982834696769715,-0.4806733250617981,-0.4869120241204898,-0.4745019378513098,-26.914829208809824,2.9896937385140633e-43,30
100,correlated_org,0.7,none,0.0,0,post_failure,knowledge_survival,B6,B4,0.6993666666666668,0.7617166666666668,-0.06235000000000001,-0.08395000000000001,-0.03953291666666668,-0.9940531838807906,7.37605768107563e-06,30
100,correlated_org,0.7,none,0.0,0,post_failure,iss,B6,B4,0.5176101446151733,0.7073609153429667,-0.18975077072779337,-0.22461464022596675,-0.15311050206422808,-1.8865342003000378,3.1228009408656173e-11,30
100,correlated_org,0.7,none,0.0,0,post_failure,knowledge_survival,B7,B2,0.7491500000000001,0.8738833333333331,-0.12473333333333333,-0.13333375000000003,-0.11671625000000001,-5.271129298791316,6.454757491758838e-23,30
100,correlated_org,0.7,none,0.0,0,post_failure,iss,B7,B2,0.5200313299894332,0.9982834696769715,-0.47825213968753816,-0.4839717007428408,-0.4727146519968907,-29.323080747978945,2.497957042919257e-44,30
100,correlated_org,0.9,none,0.0,0,post_failure,knowledge_survival,B6,B2,0.3039833333333333,0.8410333333333332,-0.5370500000000001,-0.5433833333333333,-0.5303995833333334,-29.160136897112913,2.935549216550575e-44,30
100,correlated_org,0.9,none,0.0,0,post_failure,accuracy_macro,B6,B2,0.179625705968017,0.5730244747114323,-0.3933987687434153,-0.39737635652633696,-0.3894843205005927,-35.11527964202077,1.3469369594474726e-46,30
100,correlated_org,0.9,none,0.0,0,post_failure,iss,B6,B2,0.20585013926029205,0.8952139516671499,-0.6893638124068578,-0.694528357523183,-0.6840048358341059,-46.353818291177454,4.308138792566514e-50,30
100,correlated_org,0.9,none,0.0,0,post_failure,knowledge_survival,B6,B4,0.3039833333333333,0.6349166666666668,-0.33093333333333336,-0.34229999999999994,-0.3173166666666667,-9.300065518509378,6.3049638017807714e-30,30
100,correlated_org,0.9,none,0.0,0,post_failure,accuracy_macro,B6,B4,0.179625705968017,0.4005586757036713,-0.22093296973565432,-0.22979364583629802,-0.21040535255315393,-7.927997802167128,6.091921157586398e-28,30
100,correlated_org,0.9,none,0.0,0,post_failure,iss,B6,B4,0.20585013926029205,0.48388901849587757,-0.2780388792355855,-0.2921148184190194,-0.26261889580637215,-6.581536106431689,1.2232458887017216e-25,30
100,correlated_org,0.9,none,0.0,0,post_failure,knowledge_survival,B7,B2,0.3286833333333333,0.8410333333333332,-0.51235,-0.5178504166666666,-0.50635,-31.63108407570053,2.7817454023461654e-45,30
100,correlated_org,0.9,none,0.0,0,post_failure,accuracy_macro,B7,B2,0.2416279608960652,0.5730244747114323,-0.33139651381536706,-0.3372577825964714,-0.32561909804582573,-19.98587125805314,1.651241700831791e-39,30
100,correlated_org,0.9,none,0.0,0,post_failure,iss,B7,B2,0.20623182555039724,0.8952139516671499,-0.6889821261167526,-0.6932380006462335,-0.6846282660836974,-57.542611158993815,8.166470326691099e-53,30
100,correlated_org,0.9,none,0.0,0,post_failure,accuracy_macro,B7,B3Q,0.2416279608960652,0.2554972851559694,-0.013869324259904201,-0.019438662049861808,-0.008229203513072672,-0.8709057133934031,4.803843205890311e-05,30
100,correlated_region,0.1,none,0.0,0,post_failure,iss,B6,B2,0.8977341016133626,1.0,-0.10226589838663737,-0.10369397958119711,-0.10071695809563001,-24.172215064804565,6.718305189015083e-42,30
100,correlated_region,0.1,none,0.0,0,post_failure,iss,B6,B4,0.8977341016133626,0.9939023017883301,-0.09616820017496745,-0.09825644254684449,-0.09410951301455497,-16.175081406608346,7.490107782345756e-37,30
100,correlated_region,0.1,none,0.0,0,post_failure,iss,B7,B2,0.897652252515157,1.0,-0.10234774748484293,-0.10409983148177465,-0.1006073827544848,-20.679742487104757,6.15095139982711e-40,30
100,correlated_region,0.1,none,0.0,0,post_failure,knowledge_survival,B7,B3Q,0.9433666666666667,0.9628999999999998,-0.019533333333333333,-0.02143333333333333,-0.017783333333333342,-3.8032432629318307,5.429745874271551e-19,30
100,correlated_region,0.1,none,0.0,0,post_failure,accuracy_macro,B7,B3Q,0.839805930289676,0.8920364263991105,-0.0522304961094345,-0.057073879541322314,-0.04768283608264067,-3.8815678876156205,3.1139550369787352e-19,30
100,correlated_region,0.3,none,0.0,0,post_failure,knowledge_survival,B6,B2,0.8717333333333332,0.8735499999999999,-0.0018166666666666552,-0.003149999999999986,-0.0004333333333333263,-0.4786525191507731,0.013791407508679117,30
100,correlated_region,0.3,none,0.0,0,post_failure,iss,B6,B2,0.8184007128079732,1.0,-0.18159928719202678,-0.18453453039129575,-0.1784464231133461,-20.49832385017615,7.937330254290746e-40,30
100,correlated_region,0.3,none,0.0,0,post_failure,iss,B6,B4,0.8184007128079732,0.9634208977222443,-0.14502018491427104,-0.1511917716264725,-0.1388071212172508,-8.165873869853717,2.6165017987094246e-28,30
100,correlated_region,0.3,none,0.0,0,post_failure,iss,B7,B2,0.8182838757832845,1.0,-0.18171612421671549,-0.1846898967027664,-0.17856714675823848,-20.683405046096247,6.119511561620502e-40,30
100,correlated_region,0.3,none,0.0,0,post_failure,knowledge_survival,B7,B3Q,0.9393166666666666,0.9523333333333335,-0.013016666666666666,-0.014799999999999973,-0.011233333333333333,-2.571187559823173,1.6898534017590486e-14,30
100,correlated_region,0.3,none,0.0,0,post_failure,accuracy_macro,B7,B3Q,0.8315420100631851,0.8750744134308437,-0.04353240336765863,-0.04760990895675099,-0.039320421914850995,-3.661447041228607,1.5249230474775955e-18,30
100,correlated_region,0.5,none,0.0,0,post_failure,knowledge_survival,B6,B2,0.8429833333333332,0.8745333333333334,-0.031549999999999995,-0.03476708333333334,-0.028216666666666647,-3.3850820013999523,1.2658981948797784e-17,30
100,correlated_region,0.5,none,0.0,0,post_failure,accuracy_macro,B6,B2,0.5946543388129236,0.6031876029395274,-0.008533264126603967,-0.012529982075625954,-0.004412037431155936,-0.7385925022922424,0.0003535778810931835,30
100,correlated_region,0.5,none,0.0,0,post_failure,iss,B6,B2,0.7036573827266693,0.9999888877073924,-0.2963315049807231,-0.3010042810440064,-0.2916047322253386,-22.23112048466417,7.580944985892704e-41,30
100,correlated_region,0.5,none,0.0,0,post_failure,iss,B6,B4,0.7036573827266693,0.8852139910062155,-0.1815566082795461,-0.19375698015093804,-0.1683778379360835,-5.0004044126313785,2.8261273883444114e-22,30
100,correlated_region,0.5,none,0.0,0,post_failure,iss,B7,B2,0.7046050667762757,0.9999888877073924,-0.29538382093111676,-0.3002045413355033,-0.29046622137228645,-21.663312278107004,1.6030602748823558e-40,30
100,correlated_region,0.5,none,0.0,0,post_failure,accuracy_macro,B7,B3Q,0.7893119774794272,0.8091869170001379,-0.019874939520710507,-0.026780442992130823,-0.013015050972419485,-1.0181314758158768,5.118410143891501e-06,30
100,correlated_region,0.7,none,0.0,0,post_failure,knowledge_survival,B6,B2,0.7028000000000001,0.8735666666666666,-0.17076666666666668,-0.17778333333333332,-0.16375,-8.65941636823683,4.878428244525642e-29,30
100,correlated_region,0.7,none,0.0,0,post_failure,accuracy_macro,B6,B2,0.4726923986729404,0.6011837046584857,-0.12849130598554537,-0.13566962077300251,-0.1211446432785357,-6.271525271002699,4.805293435540185e-25,30
100,correlated_region,0.7,none,0.0,0,post_failure,iss,B6,B2,0.5219807078440984,0.9983104884624481,-0.4763297806183497,-0.4811879602322976,-0.4712324483692646,-33.36998494046506,5.900630066857672e-46,30
100,correlated_region,0.7,none,0.0,0,post_failure,knowledge_survival,B6,B4,0.7028000000000001,0.7831333333333336,-0.08033333333333334,-0.09443416666666668,-0.06525000000000002,-1.9614295189314457,1.2663615789329367e-11,30
100,correlated_region,0.7,none,0.0,0,post_failure,accuracy_macro,B6,B4,0.4726923986729404,0.5060555046709383,-0.03336310599799785,-0.04756476946869523,-0.018673924467439006,-0.8229839556838707,9.940556319100459e-05,30
100,correlated_region,0.7,none,0.0,0,post_failure,iss,B6,B4,0.5219807078440984,0.7472851435343425,-0.22530443569024403,-0.24838129584987959,-0.2012981510659059,-3.376086398049071,1.3595106200059995e-17,30
100,correlated_region,0.7,none,0.0,0,post_failure,knowledge_survival,B7,B2,0.7566500000000002,0.8735666666666666,-0.11691666666666668,-0.12438375,-0.10919958333333332,-5.461812193598255,2.3789984110291074e-23,30
100,correlated_region,0.7,none,0.0,0,post_failure,iss,B7,B2,0.5232514838377634,0.9983104884624481,-0.47505900462468464,-0.479878209233284,-0.4700513108074665,-33.996588032005576,3.4418433902264127e-46,30
100,correlated_region,0.9,none,0.0,0,post_failure,knowledge_survival,B6,B2,0.3163,0.8399333333333333,-0.5236333333333332,-0.5311504166666666,-0.5159995833333333,-24.180503819968592,6.651944958722013e-42,30
100,correlated_region,0.9,none,0.0,0,post_failure,accuracy_macro,B6,B2,0.1869544479199085,0.5713658311768203,-0.38441138325691177,-0.3914030260301622,-0.3774650285493755,-19.5297698520312,3.2200921274873636e-39,30
100,correlated_region,0.9,none,0.0,0,post_failure,iss,B6,B2,0.21427821566661198,0.8948163489500681,-0.6805381332834561,-0.6854078348105153,-0.6755443592493733,-48.928365859563414,8.990622966058631e-51,30
100,correlated_region,0.9,none,0.0,0,post_failure,knowledge_survival,B6,B4,0.3163,0.6304666666666666,-0.3141666666666667,-0.3307333333333334,-0.29538291666666666,-6.179241104229778,7.311817639288102e-25,30
100,correlated_region,0.9,none,0.0,0,post_failure,accuracy_macro,B6,B4,0.1869544479199085,0.3971646980279072,-0.21021025010799863,-0.2232796358431781,-0.19553232032040588,-5.289888737334852,5.842351321723564e-23,30
100,correlated_region,0.9,none,0.0,0,post_failure,iss,B6,B4,0.21427821566661198,0.4785657743612925,-0.2642875586946805,-0.2815793554857373,-0.24474902390191955,-4.981222564902028,3.146645441886396e-22,30
100,correlated_region,0.9,none,0.0,0,post_failure,knowledge_survival,B7,B2,0.3361166666666666,0.8399333333333333,-0.5038166666666667,-0.5114666666666666,-0.49596625,-23.08759800114082,2.5379618742675356e-41,30
100,correlated_region,0.9,none,0.0,0,post_failure,accuracy_macro,B7,B2,0.24816223150349676,0.5713658311768203,-0.3232035996733237,-0.33191082569371766,-0.3147168253258373,-13.377556232915815,1.8019974909819014e-34,30
100,correlated_region,0.9,none,0.0,0,post_failure,iss,B7,B2,0.2116962492465973,0.8948163489500681,-0.6831200997034709,-0.6883848857258758,-0.6777728014190991,-45.8246649945522,6.009333053946579e-50,30
100,partition,0.0,none,0.0,2,after_reconnect,knowledge_survival,B6,B2,0.7615166666666666,0.7645499999999998,-0.0030333333333333284,-0.005500416666666671,-0.00038333333333334283,-0.4156519925347953,0.030370917142888643,30
100,partition,0.0,none,0.0,2,after_reconnect,iss,B6,B2,0.9304564376672109,1.0,-0.0695435623327891,-0.07063087597489358,-0.06847726528843244,-22.728505073405593,3.995418613240179e-41,30
100,partition,0.0,none,0.0,2,after_reconnect,knowledge_survival,B6,B4,0.7615166666666666,0.8138666666666665,-0.05235,-0.05793333333333333,-0.04651666666666667,-3.2250648635543064,4.61590948657576e-17,30
100,partition,0.0,none,0.0,2,after_reconnect,accuracy_macro,B6,B4,0.44815232949499034,0.4759878090938383,-0.02783547959884791,-0.033206400177669376,-0.02250715504597182,-1.8277904768108055,6.434022311118927e-11,30
100,partition,0.0,none,0.0,2,after_reconnect,iss,B6,B4,0.9304564376672109,1.0,-0.0695435623327891,-0.07063087597489358,-0.06847726528843244,-22.728505073405593,3.995418613240179e-41,30
100,partition,0.0,none,0.0,2,after_reconnect,iss,B7,B2,0.9304564376672109,1.0,-0.0695435623327891,-0.07063087597489358,-0.06847726528843244,-22.728505073405593,3.995418613240179e-41,30
100,partition,0.0,none,0.0,2,after_reconnect,knowledge_survival,B7,B3Q,0.8797666666666667,0.9200000000000002,-0.04023333333333334,-0.042917083333333356,-0.037466250000000006,-5.207786928418348,9.060047903575419e-23,30
100,partition,0.0,none,0.0,2,after_reconnect,accuracy_macro,B7,B3Q,0.7404457897794876,0.8291334455860242,-0.0886876558065368,-0.09484649324232712,-0.08232822086790471,-4.9990623666456955,2.847413827286175e-22,30
100,partition,0.0,none,0.0,2,during_partition,knowledge_survival,B6,B2,0.7569333333333332,0.7906666666666665,-0.03373333333333335,-0.038483333333333355,-0.029182916666666687,-2.528820340656454,2.5756583622808612e-14,30
100,partition,0.0,none,0.0,2,during_partition,iss,B6,B2,0.7342285176118215,0.997987562417984,-0.2637590448061625,-0.2774456204970678,-0.24769804154833158,-6.280254116584246,4.619647650913231e-25,30
100,partition,0.0,none,0.0,2,during_partition,knowledge_survival,B6,B4,0.7569333333333332,0.7744666666666667,-0.017533333333333335,-0.023450000000000006,-0.01183333333333334,-1.0599969567223348,2.7167121376406954e-06,30
100,partition,0.0,none,0.0,2,during_partition,iss,B6,B4,0.7342285176118215,0.8928727626800537,-0.15864424506823221,-0.16846734777092934,-0.1489705800016721,-5.8284002545663,3.8157466049741766e-24,30
100,partition,0.0,none,0.0,2,during_partition,iss,B7,B2,0.7333008289337158,0.997987562417984,-0.2646867334842682,-0.2775727561612924,-0.24940433219075203,-6.612166082092163,1.0721745608464922e-25,30
100,partition,0.0,none,0.0,2,during_partition,accuracy_macro,B7,B3Q,0.6550779484498945,0.6809668198954225,-0.025888871445528032,-0.03332888672316119,-0.01880465604176631,-1.2582885497426388,1.425864926666281e-07,30
100,partition,0.0,none,0.0,4,after_reconnect,knowledge_survival,B6,B3,0.6903166666666667,0.6949666666666665,-0.0046500000000000135,-0.008200000000000011,-0.0010162500000000126,-0.45182617821727983,0.01942350248434855,30
100,partition,0.0,none,0.0,4,after_reconnect,knowledge_survival,B6,B5,0.6903166666666667,0.6980333333333333,-0.007716666666666672,-0.010733333333333327,-0.004600000000000004,-0.883591892022605,3.960924200315518e-05,30
100,partition,0.0,none,0.0,4,after_reconnect,iss,B6,B2,0.9304564376672109,1.0,-0.0695435623327891,-0.07063087597489358,-0.06847726528843244,-22.728505073405593,3.995418613240179e-41,30
100,partition,0.0,none,0.0,4,after_reconnect,knowledge_survival,B6,B4,0.6903166666666667,0.7649833333333333,-0.07466666666666667,-0.08015041666666667,-0.06879958333333336,-4.578205984744242,3.3003738679806316e-21,30
100,partition,0.0,none,0.0,4,after_reconnect,accuracy_macro,B6,B4,0.39321470807236153,0.4365162280095215,-0.04330151993715992,-0.048419511746617995,-0.03766164618977692,-2.821755265935782,1.54912676587086e-15,30
100,partition,0.0,none,0.0,4,after_reconnect,iss,B6,B4,0.9304564376672109,1.0,-0.0695435623327891,-0.07063087597489358,-0.06847726528843244,-22.728505073405593,3.995418613240179e-41,30
100,partition,0.0,none,0.0,4,after_reconnect,iss,B7,B2,0.9304564376672109,1.0,-0.0695435623327891,-0.07063087597489358,-0.06847726528843244,-22.728505073405593,3.995418613240179e-41,30
100,partition,0.0,none,0.0,4,after_reconnect,knowledge_survival,B7,B3Q,0.8390000000000002,0.8908166666666665,-0.051816666666666664,-0.05535000000000001,-0.04811666666666668,-5.057418672407437,2.0582123728122342e-22,30
100,partition,0.0,none,0.0,4,after_reconnect,accuracy_macro,B7,B3Q,0.7034294128983735,0.8006285836198643,-0.09719917072149051,-0.10376718129914325,-0.09079336653832877,-5.298519232418546,5.581086799866351e-23,30
100,partition,0.0,none,0.0,4,during_partition,knowledge_survival,B6,B2,0.6030166666666668,0.7391333333333334,-0.1361166666666667,-0.14721750000000003,-0.12511624999999998,-4.295114934756065,1.9318866668261033e-20,30
100,partition,0.0,none,0.0,4,during_partition,accuracy_macro,B6,B2,0.3399215488590625,0.4208932968510423,-0.08097174799197997,-0.08894382274733627,-0.07258585794619844,-3.4740797437344173,6.303513624882668e-18,30
100,partition,0.0,none,0.0,4,during_partition,iss,B6,B2,0.5362312167882919,0.981515504916509,-0.4452842881282171,-0.4662652030835549,-0.4234076156715552,-7.3270507011529595,5.778392499429888e-27,30
100,partition,0.0,none,0.0,4,during_partition,knowledge_survival,B6,B4,0.6030166666666668,0.6932333333333333,-0.09021666666666667,-0.09973333333333333,-0.08086625000000003,-3.338371575055572,1.836758486913284e-17,30
100,partition,0.0,none,0.0,4,during_partition,accuracy_macro,B6,B4,0.3399215488590625,0.39257694213798194,-0.05265539327891952,-0.060881668905270844,-0.04436152101181501,-2.2491657531223073,4.775663155470264e-13,30
100,partition,0.0,none,0.0,4,during_partition,iss,B6,B4,0.5362312167882919,0.7374059975147247,-0.2011747807264328,-0.21248953113953273,-0.18994177674253782,-6.318185821908766,3.8950609708423567e-25,30
100,partition,0.0,none,0.0,4,during_partition,knowledge_survival,B7,B2,0.6472166666666664,0.7391333333333334,-0.09191666666666667,-0.10408333333333335,-0.07943333333333333,-2.6281871896398346,9.663878603370955e-15,30
100,partition,0.0,none,0.0,4,during_partition,iss,B7,B2,0.5362348447243372,0.981515504916509,-0.4452806601921717,-0.46610164624949296,-0.42353026385108633,-7.372020590923895,4.8535033125360784e-27,30
100,random,0.0,none,0.0,0,post_failure,iss,B6,B2,0.9304564376672109,1.0,-0.0695435623327891,-0.07063087597489358,-0.06847726528843244,-22.728505073405593,3.995418613240179e-41,30
100,random,0.0,none,0.0,0,post_failure,iss,B6,B4,0.9304564376672109,1.0,-0.0695435623327891,-0.07063087597489358,-0.06847726528843244,-22.728505073405593,3.995418613240179e-41,30
100,random,0.0,none,0.0,0,post_failure,iss,B7,B2,0.9304564376672109,1.0,-0.0695435623327891,-0.07063087597489358,-0.06847726528843244,-22.728505073405593,3.995418613240179e-41,30
100,random,0.0,none,0.0,0,post_failure,knowledge_survival,B7,B3Q,0.9434333333333333,0.9635166666666665,-0.020083333333333342,-0.02193333333333334,-0.018250000000000023,-3.868643645225957,3.4108198713803806e-19,30
100,random,0.0,none,0.0,0,post_failure,accuracy_macro,B7,B3Q,0.8033359488919612,0.8697694127571697,-0.06643346386520838,-0.07278500574584482,-0.06012244461086417,-3.7388087288264154,8.644210145507237e-19,30
100,random,0.1,none,0.0,0,post_failure,iss,B6,B2,0.8971363445123036,1.0,-0.10286365548769633,-0.10423385376731555,-0.10153268451491992,-26.759221322623382,3.536376696548433e-43,30
100,random,0.1,none,0.0,0,post_failure,iss,B6,B4,0.8971363445123036,0.9993285338083903,-0.10219218929608663,-0.10355127746860186,-0.10089108635981878,-27.02442334363019,2.6577432686291095e-43,30
100,random,0.1,none,0.0,0,post_failure,iss,B7,B2,0.8963606198628743,1.0,-0.10363938013712565,-0.10523169433077176,-0.10205487325787545,-23.04489258917843,2.6777005995287444e-41,30
100,random,0.1,none,0.0,0,post_failure,knowledge_survival,B7,B3Q,0.9428166666666667,0.9625333333333332,-0.01971666666666666,-0.02134999999999999,-0.018033333333333346,-4.240856378896487,2.7433889567498795e-20,30
100,random,0.1,none,0.0,0,post_failure,accuracy_macro,B7,B3Q,0.8373090905781864,0.8916451871743205,-0.05433609659613404,-0.05896528334101862,-0.04961703700310425,-4.096207504318748,7.12953791345602e-20,30
100,random,0.3,node_coordinated,0.01,0,post_failure,knowledge_survival,B6,B2,0.8642833333333333,0.8739000000000001,-0.009616666666666647,-0.012049999999999979,-0.007116666666666645,-1.3709943662034603,2.8158940138572226e-08,30
100,random,0.3,node_coordinated,0.01,0,post_failure,iss,B6,B2,0.810570228099823,1.0,-0.189429771900177,-0.1917097271978855,-0.18712503915031753,-29.047383608191414,3.284196619478436e-44,30
100,random,0.3,node_coordinated,0.01,0,post_failure,knowledge_survival,B6,B4,0.8642833333333333,0.8689666666666667,-0.00468333333333334,-0.006216666666666666,-0.0030166666666666822,-1.0289877176900728,4.342001564908546e-06,30
100,random,0.3,node_coordinated,0.01,0,post_failure,iss,B6,B4,0.810570228099823,0.9866506099700928,-0.17608038187026978,-0.17833409170309703,-0.17368439942598343,-27.227475033193564,2.1397137559213136e-43,30
100,random,0.3,node_coordinated,0.01,0,post_failure,iss,B7,B2,0.8105198164780935,1.0,-0.18948018352190654,-0.19134746973713238,-0.1875215668976307,-34.90850289443527,1.5983536097037903e-46,30
100,random,0.3,node_coordinated,0.01,0,post_failure,knowledge_survival,B7,B3Q,0.9267666666666666,0.9430166666666667,-0.016249999999999983,-0.019133333333333318,-0.013266666666666652,-1.9492809151931594,1.463923401140724e-11,30
100,random,0.3,node_coordinated,0.01,0,post_failure,accuracy_macro,B7,B3Q,0.8151878936858965,0.8640855827573083,-0.04889768907141179,-0.05519286703915615,-0.04244076970119257,-2.7146283426635316,4.213708669798242e-15,30
100,random,0.3,node_coordinated,0.05,0,post_failure,knowledge_survival,B6,B2,0.84655,0.8732333333333332,-0.02668333333333335,-0.031083333333333345,-0.022499583333333358,-2.181887076075648,1.001333903696225e-12,30
100,random,0.3,node_coordinated,0.05,0,post_failure,accuracy_macro,B6,B2,0.5940384521781267,0.6012458534774313,-0.00720740129930455,-0.012817341749693532,-0.001415588341917423,-0.4464679477436274,0.02077594424711529,30
100,random,0.3,node_coordinated,0.05,0,post_failure,iss,B6,B2,0.8103290716807048,1.0,-0.18967092831929525,-0.19175016487638158,-0.18759044681986173,-32.771410379034,9.969399695983055e-46,30
100,random,0.3,node_coordinated,0.05,0,post_failure,knowledge_survival,B6,B4,0.84655,0.8655833333333333,-0.019033333333333353,-0.022783750000000026,-0.015383333333333356,-1.805311965642955,8.514139298051678e-11,30
100,random,0.3,node_coordinated,0.05,0,post_failure,iss,B6,B4,0.8103290716807048,0.9890520672003428,-0.17872299551963805,-0.18123211925228436,-0.1761314931511879,-24.530155853328562,4.389544577222873e-42,30
100,random,0.3,node_coordinated,0.05,0,post_failure,iss,B7,B2,0.810556956132253,1.0,-0.189443043867747,-0.19180560663342475,-0.1872932123641173,-29.774093178009238,1.605281756810174e-44,30
100,random,0.3,node_coordinated,0.05,0,post_failure,knowledge_survival,B7,B3Q,0.8953833333333333,0.9063666666666668,-0.01098333333333333,-0.01419999999999999,-0.00776666666666667,-1.2032696940541447,3.195800688564835e-07,30
100,random,0.3,node_coordinated,0.05,0,post_failure,accuracy_macro,B7,B3Q,0.775930210124207,0.8173118711701041,-0.0413816610458971,-0.04760660583753966,-0.03499833224982036,-2.302116582265081,2.6952635456886827e-13,30
100,random,0.3,node_coordinated,0.1,0,post_failure,knowledge_survival,B6,B2,0.8228500000000001,0.8701833333333334,-0.04733333333333334,-0.05448333333333332,-0.040449583333333344,-2.4049994828893446,9.103519734554254e-14,30
100,random,0.3,node_coordinated,0.1,0,post_failure,accuracy_macro,B6,B2,0.5713532156476577,0.5977416474788111,-0.026388431831153285,-0.03392352330823808,-0.019349090338237836,-1.306260779282253,7.110621851049568e-08,30
100,random,0.3,node_coordinated,0.1,0,post_failure,iss,B6,B2,0.8118942538897197,1.0,-0.18810574611028036,-0.19020356128613156,-0.186033576776584,-31.556671213589205,2.9781972596283307e-45,30
100,random,0.3,node_coordinated,0.1,0,post_failure,knowledge_survival,B6,B4,0.8228500000000001,0.8530666666666665,-0.030216666666666663,-0.035633333333333315,-0.02478333333333333,-1.9771702224179026,1.050355200926843e-11,30
100,random,0.3,node_coordinated,0.1,0,post_failure,iss,B6,B4,0.8118942538897197,0.9859944264094035,-0.17410017251968385,-0.17737308591604234,-0.1705207313100497,-17.892823376761864,4.0499569279590565e-38,30
100,random,0.3,node_coordinated,0.1,0,post_failure,knowledge_survival,B7,B2,0.8526666666666666,0.8701833333333334,-0.01751666666666668,-0.028066666666666674,-0.006716250000000017,-0.5859439513364016,0.0032401076686270104,30
100,random,0.3,node_coordinated,0.1,0,post_failure,iss,B7,B2,0.8099282721678416,1.0,-0.1900717278321584,-0.19178271745642025,-0.18817745506763459,-36.65624850357323,3.880034135191713e-47,30
100,random,0.3,node_coordinated,0.1,0,post_failure,accuracy_macro,B7,B3Q,0.7241030031662294,0.7549260275052596,-0.030823024339030104,-0.03929607494178861,-0.022261596680351416,-1.273990358741705,1.134513544664972e-07,30
100,random,0.3,node_coordinated,0.2,0,post_failure,knowledge_survival,B6,B2,0.7490000000000002,0.8400166666666667,-0.09101666666666669,-0.09791708333333339,-0.0836,-4.4291308651229855,8.262792207329647e-21,30
100,random,0.3,node_coordinated,0.2,0,post_failure,accuracy_macro,B6,B2,0.505572200490048,0.5682212943554108,-0.06264909386536283,-0.06996532775476684,-0.05457854910273505,-2.83725558372461,1.3436544075068383e-15,30
100,random,0.3,node_coordinated,0.2,0,post_failure,iss,B6,B2,0.8116582632064819,1.0,-0.18834173679351807,-0.19037093912561734,-0.1862922379374504,-32.39865404504877,1.3887335711336477e-45,30
100,random,0.3,node_coordinated,0.2,0,post_failure,knowledge_survival,B6,B4,0.7490000000000002,0.80405,-0.055049999999999995,-0.0623,-0.04758333333333334,-2.5898602966868145,1.4057153774783006e-14,30
100,random,0.3,node_coordinated,0.2,0,post_failure,accuracy_macro,B6,B4,0.505572200490048,0.5241123779539627,-0.018540177463914714,-0.02620534646448431,-0.010503768909237505,-0.8198719948161367,0.00010419984180100977,30
100,random,0.3,node_coordinated,0.2,0,post_failure,iss,B6,B4,0.8116582632064819,0.9862723807493846,-0.17461411754290262,-0.1776859005788962,-0.17102013876040775,-18.256282671230178,2.2641376012960819e-38,30
100,random,0.3,node_coordinated,0.2,0,post_failure,knowledge_survival,B7,B6,0.7392999999999998,0.7490000000000002,-0.00970000000000002,-0.01668333333333335,-0.0028166666666666934,-0.48673815719654373,0.012417692538102381,30
100,random,0.3,node_coordinated,0.2,0,post_failure,knowledge_survival,B7,B2,0.7392999999999998,0.8400166666666667,-0.10071666666666672,-0.11253333333333337,-0.08856625000000004,-2.9311472743770954,5.748921122825409e-16,30
100,random,0.3,node_coordinated,0.2,0,post_failure,iss,B7,B2,0.8106911897659301,1.0,-0.1893088102340698,-0.19132023319602012,-0.1872588463127613,-32.267285567836026,1.5622291043739997e-45,30
100,random,0.3,node_uncoordinated,0.01,0,post_failure,knowledge_survival,B6,B2,0.8632833333333334,0.8742166666666666,-0.010933333333333324,-0.013116666666666665,-0.008783333333333329,-1.7950326892613935,9.684073336474417e-11,30
100,random,0.3,node_uncoordinated,0.01,0,post_failure,iss,B6,B2,0.8104300518830617,1.0,-0.18956994811693828,-0.19170970479647317,-0.18741855735580126,-30.733053538556646,6.40783264914219e-45,30
100,random,0.3,node_uncoordinated,0.01,0,post_failure,knowledge_survival,B6,B4,0.8632833333333334,0.8696333333333333,-0.006349999999999996,-0.008050000000000002,-0.004616666666666661,-1.305054749283431,7.235408197670945e-08,30
100,random,0.3,node_uncoordinated,0.01,0,post_failure,iss,B6,B4,0.8104300518830617,0.9889281233151753,-0.17849807143211366,-0.18122298588355382,-0.17564046149452528,-22.900007735868023,3.2140614894753464e-41,30
100,random,0.3,node_uncoordinated,0.01,0,post_failure,iss,B7,B2,0.8122325281302134,1.0,-0.18776747186978657,-0.19006434082984924,-0.1855800269047419,-29.243285320480016,2.7031315013258316e-44,30
100,random,0.3,node_uncoordinated,0.01,0,post_failure,knowledge_survival,B7,B3Q,0.9282333333333332,0.9441166666666667,-0.015883333333333322,-0.018116666666666663,-0.013666666666666667,-2.4626658326299555,5.027150522531857e-14,30
100,random,0.3,node_uncoordinated,0.01,0,post_failure,accuracy_macro,B7,B3Q,0.8180609345210986,0.8644425362709279,-0.0463816017498293,-0.051966194703910215,-0.04069573186803526,-2.880945772070598,9.02667290802461e-16,30
100,random,0.3,node_uncoordinated,0.05,0,post_failure,knowledge_survival,B6,B2,0.8507666666666669,0.87355,-0.022783333333333343,-0.02686666666666667,-0.018983333333333345,-2.0221492187345373,6.186415217686928e-12,30
100,random,0.3,node_uncoordinated,0.05,0,post_failure,iss,B6,B2,0.8118421574433644,1.0,-0.18815784255663554,-0.1902618710696697,-0.18598440806070965,-30.95486012914515,5.2027057340600954e-45,30
100,random,0.3,node_uncoordinated,0.05,0,post_failure,knowledge_survival,B6,B4,0.8507666666666669,0.8640166666666665,-0.01325000000000002,-0.01660041666666669,-0.00986666666666669,-1.3916496317812275,2.101986055996635e-08,30
100,random,0.3,node_uncoordinated,0.05,0,post_failure,iss,B6,B4,0.8118421574433644,0.9886506378650666,-0.17680848042170208,-0.17910187155008314,-0.17452893738945324,-27.02973517228577,2.642657596015877e-43,30
100,random,0.3,node_uncoordinated,0.05,0,post_failure,iss,B7,B2,0.8112200299898783,1.0,-0.18877997001012167,-0.1908289816478888,-0.18674398640791576,-32.09243371598575,1.8285909787919634e-45,30
100,random,0.3,node_uncoordinated,0.05,0,post_failure,knowledge_survival,B7,B3Q,0.8981499999999999,0.9061166666666666,-0.007966666666666658,-0.011366666666666662,-0.004399999999999982,-0.8036292858552118,0.00013319949277590282,30
100,random,0.3,node_uncoordinated,0.05,0,post_failure,accuracy_macro,B7,B3Q,0.7777253619615825,0.81531581731575,-0.037590455354167635,-0.044232433792242065,-0.031030105052767723,-1.9972502695229284,8.285198953029827e-12,30
100,random,0.3,node_uncoordinated,0.1,0,post_failure,knowledge_survival,B6,B2,0.83105,0.8736666666666666,-0.04261666666666668,-0.04701666666666668,-0.038266666666666685,-3.3962079544737835,1.1592416476374197e-17,30
100,random,0.3,node_uncoordinated,0.1,0,post_failure,accuracy_macro,B6,B2,0.5798673431885764,0.6012281207717767,-0.021360777583200177,-0.026300509472549378,-0.016506935060979992,-1.5242721562682289,3.341295533703021e-09,30
100,random,0.3,node_uncoordinated,0.1,0,post_failure,iss,B6,B2,0.812272846698761,1.0,-0.187727153301239,-0.19029705107212067,-0.1852322691679001,-26.39754471560794,5.2446924940159725e-43,30
100,random,0.3,node_uncoordinated,0.1,0,post_failure,knowledge_survival,B6,B4,0.83105,0.85715,-0.026100000000000022,-0.0300666666666667,-0.021532916666666693,-2.1854392626111467,9.625746710638795e-13,30
100,random,0.3,node_uncoordinated,0.1,0,post_failure,iss,B6,B4,0.812272846698761,0.9884600798288982,-0.17618723313013712,-0.17952355439464251,-0.17255092134078343,-17.879391381073138,4.1388624987182803e-38,30
100,random,0.3,node_uncoordinated,0.1,0,post_failure,knowledge_survival,B7,B2,0.8634666666666664,0.8736666666666666,-0.010200000000000006,-0.01913333333333334,-0.0017329166666666671,-0.4137373722173661,0.031082476178785345,30
100,random,0.3,node_uncoordinated,0.1,0,post_failure,iss,B7,B2,0.8117098112901052,1.0,-0.1882901887098948,-0.19043382326761882,-0.18601343333721163,-29.937360297834054,1.370091612076895e-44,30
100,random,0.3,node_uncoordinated,0.1,0,post_failure,accuracy_macro,B7,B3Q,0.7358371304360722,0.7616467650111319,-0.0258096345750595,-0.03150909390511369,-0.020040974296568564,-1.6002707200948016,1.201090232733042e-09,30
100,random,0.3,node_uncoordinated,0.2,0,post_failure,knowledge_survival,B6,B2,0.7627833333333333,0.8642833333333333,-0.10149999999999999,-0.11116708333333336,-0.09196666666666667,-3.7256195619767074,9.515625990207353e-19,30
100,random,0.3,node_uncoordinated,0.2,0,post_failure,accuracy_macro,B6,B2,0.5179115040910286,0.5920765490398258,-0.07416504494879714,-0.08332551266838163,-0.06535755393948364,-2.898009531707003,7.737868108974518e-16,30
100,random,0.3,node_uncoordinated,0.2,0,post_failure,iss,B6,B2,0.8120663424332937,1.0,-0.18793365756670635,-0.1903376367688179,-0.1856548639635245,-28.244741722810485,7.395033198626271e-44,30
100,random,0.3,node_uncoordinated,0.2,0,post_failure,knowledge_survival,B6,B4,0.7627833333333333,0.8261166666666665,-0.06333333333333332,-0.07060000000000001,-0.05639958333333333,-3.1228677902277657,1.0850152661830488e-16,30
100,random,0.3,node_uncoordinated,0.2,0,post_failure,accuracy_macro,B6,B4,0.5179115040910286,0.5417837082570712,-0.02387220416604259,-0.030963200674686723,-0.016993932998247335,-1.177568532556185,4.673614424106624e-07,30
100,random,0.3,node_uncoordinated,0.2,0,post_failure,iss,B6,B4,0.8120663424332937,0.9882723788420359,-0.17620603640874227,-0.17979800254106523,-0.1727456266184648,-17.609762733856986,6.422315987494635e-38,30
100,random,0.3,node_uncoordinated,0.2,0,post_failure,knowledge_survival,B7,B6,0.7480833333333332,0.7627833333333333,-0.014699999999999998,-0.02216666666666666,-0.006900000000000009,-0.6821440044817958,0.0008146163214732035,30
100,random,0.3,node_uncoordinated,0.2,0,post_failure,knowledge_survival,B7,B2,0.7480833333333332,0.8642833333333333,-0.11620000000000001,-0.13120000000000004,-0.10141625000000001,-2.7514923628403443,2.975966047467603e-15,30
100,random,0.3,node_uncoordinated,0.2,0,post_failure,iss,B7,B2,0.8117858409881592,1.0,-0.18821415901184083,-0.19071616316835086,-0.18559624562660854,-25.618376618106133,1.2489487758638069e-42,30
100,random,0.3,none,0.0,0,post_failure,knowledge_survival,B6,B2,0.8679333333333332,0.8744166666666666,-0.006483333333333323,-0.008199999999999982,-0.004699999999999993,-1.302299694581173,7.52888779260859e-08,30
100,random,0.3,none,0.0,0,post_failure,iss,B6,B2,0.8124650657176972,1.0,-0.18753493428230286,-0.18901214296619095,-0.18600582147638003,-43.89309642925601,2.0939358030157096e-49,30
100,random,0.3,none,0.0,0,post_failure,knowledge_survival,B6,B4,0.8679333333333332,0.8699999999999999,-0.0020666666666666537,-0.003316666666666649,-0.000883333333333332,-0.6032480448134997,0.002539720201484591,30
100,random,0.3,none,0.0,0,post_failure,iss,B6,B4,0.8124650657176972,0.9875732163588206,-0.17510815064112345,-0.17755770608782767,-0.17252300520737965,-24.30370483896372,5.741738445398863e-42,30
100,random,0.3,none,0.0,0,post_failure,iss,B7,B2,0.8110124866167704,1.0,-0.18898751338322958,-0.19093672320246696,-0.18706431726614633,-34.57792586607587,2.1057961575079345e-46,30
100,random,0.3,none,0.0,0,post_failure,knowledge_survival,B7,B3Q,0.9344833333333333,0.9536999999999999,-0.019216666666666635,-0.021399999999999968,-0.017083333333333305,-3.1462643098013183,8.903887116344109e-17,30
100,random,0.3,none,0.0,0,post_failure,accuracy_macro,B7,B3Q,0.8260214138637746,0.8776841517485262,-0.05166273788475174,-0.057285574354213546,-0.046096220143492586,-3.2757546128190635,3.0463560581815356e-17,30
100,random,0.3,root,0.01,0,post_failure,knowledge_survival,B6,B2,0.8615000000000002,0.8674333333333336,-0.0059333333333333235,-0.007883333333333324,-0.004066666666666659,-1.0915436871917956,1.6889887367955821e-06,30
100,random,0.3,root,0.01,0,post_failure,iss,B6,B2,0.8119791607062022,1.0,-0.18802083929379781,-0.19036667838692667,-0.18565346832076707,-28.16470724025484,8.028543780193344e-44,30
100,random,0.3,root,0.01,0,post_failure,iss,B6,B4,0.8119791607062022,0.9863385081291198,-0.17435934742291767,-0.17748901282747587,-0.17086485212047894,-18.401880966010868,1.7994281416370407e-38,30
100,random,0.3,root,0.01,0,post_failure,iss,B7,B2,0.8117196838061015,1.0,-0.1882803161938985,-0.19067315980792046,-0.1859082594513893,-27.142311177131543,2.3429420833360716e-43,30
100,random,0.3,root,0.01,0,post_failure,knowledge_survival,B7,B3Q,0.9275833333333333,0.94465,-0.017066666666666636,-0.018949999999999963,-0.01514958333333331,-3.191349856229149,6.104005885286788e-17,30
100,random,0.3,root,0.01,0,post_failure,accuracy_macro,B7,B3Q,0.817928037725725,0.8666649913039098,-0.04873695357818498,-0.05383783384092168,-0.043378200820842025,-3.3180275141572646,2.1630029846463688e-17,30
100,random,0.3,root,0.05,0,post_failure,knowledge_survival,B6,B2,0.8345666666666667,0.8376999999999999,-0.003133333333333325,-0.004949999999999973,-0.0012999999999999897,-0.6018711604568452,0.0025896417318839733,30
100,random,0.3,root,0.05,0,post_failure,iss,B6,B2,0.811125385761261,1.0,-0.18887461423873902,-0.19093176583449045,-0.18670358255505562,-31.75876979670013,2.475291405687651e-45,30
100,random,0.3,root,0.05,0,post_failure,iss,B6,B4,0.811125385761261,0.9875944316387176,-0.17646904587745665,-0.17917476107676825,-0.17370511705676714,-23.024579792498184,2.7469373548315614e-41,30
100,random,0.3,root,0.05,0,post_failure,iss,B7,B2,0.8101020574569702,1.0,-0.18989794254302977,-0.1922848009566466,-0.18766700297594072,-28.936373379554098,3.669443730381499e-44,30
100,random,0.3,root,0.05,0,post_failure,knowledge_survival,B7,B3Q,0.8964499999999997,0.9084166666666665,-0.011966666666666681,-0.014150000000000012,-0.009700000000000035,-1.9086492085810827,2.386941136673255e-11,30
100,random,0.3,root,0.05,0,post_failure,accuracy_macro,B7,B3Q,0.7806099979389602,0.82414493652126,-0.04353493858229988,-0.04896214921426233,-0.03804978460271553,-2.8385812791838703,1.3274387725616788e-15,30
100,random,0.3,root,0.1,0,post_failure,iss,B6,B2,0.8117879668871562,1.0,-0.18821203311284382,-0.1905715896685918,-0.1858267410596212,-28.24656026876101,7.381254855409702e-44,30
100,random,0.3,root,0.1,0,post_failure,iss,B6,B4,0.8117879668871562,0.9883725603421529,-0.17658459345499675,-0.17946206162373224,-0.1737966680030028,-21.898512224217146,1.1727751542189206e-40,30
100,random,0.3,root,0.1,0,post_failure,iss,B7,B2,0.8135687212149302,1.0,-0.1864312787850698,-0.1886033982038498,-0.18427244802316028,-30.43123229671937,8.52876172489453e-45,30
100,random,0.3,root,0.1,0,post_failure,knowledge_survival,B7,B3Q,0.8582500000000001,0.8629666666666665,-0.0047166666666666615,-0.007533333333333318,-0.0017666666666666607,-0.5758856271684596,0.003728686049918543,30
100,random,0.3,root,0.1,0,post_failure,accuracy_macro,B7,B3Q,0.7365785828098328,0.7699726757996836,-0.03339409298985057,-0.039150847855173206,-0.02707607081402477,-1.9431643758206716,1.5751006232882316e-11,30
100,random,0.3,root,0.2,0,post_failure,iss,B6,B2,0.8108595331509908,1.0,-0.1891404668490092,-0.19122509226202963,-0.18698118314146994,-31.84721986032782,2.2836571983910797e-45,30
100,random,0.3,root,0.2,0,post_failure,iss,B6,B4,0.8108595331509908,0.9881426314512889,-0.17728309830029806,-0.1801342959702015,-0.17430644810199736,-21.44004386059748,2.1635359999409188e-40,30
100,random,0.3,root,0.2,0,post_failure,iss,B7,B2,0.8108007788658143,1.0,-0.1891992211341858,-0.1914904649058978,-0.1869423163930575,-29.58412843035298,1.9323193587029493e-44,30
100,random,0.3,root,0.2,0,post_failure,accuracy_macro,B7,B3Q,0.6381249654327925,0.665783503179565,-0.02765853774677231,-0.03334570700291866,-0.02201397595309393,-1.7333402413912877,2.1155244495254394e-10,30
100,random,0.5,none,0.0,0,post_failure,knowledge_survival,B6,B2,0.8217833333333332,0.8738,-0.05201666666666669,-0.05466708333333338,-0.04934958333333335,-6.914411944629238,3.0103434274914097e-26,30
100,random,0.5,none,0.0,0,post_failure,accuracy_macro,B6,B2,0.5751414874876204,0.6005086225128318,-0.025367135025211405,-0.029368098350057114,-0.02113141868903956,-2.1803059157056617,1.019099041964215e-12,30
100,random,0.5,none,0.0,0,post_failure,iss,B6,B2,0.6902064879735311,1.0,-0.30979351202646893,-0.3129653226832549,-0.3064367888867855,-33.17876992164218,6.969689857397507e-46,30
100,random,0.5,none,0.0,0,post_failure,knowledge_survival,B6,B4,0.8217833333333332,0.8587000000000002,-0.036916666666666695,-0.03995041666666671,-0.03373333333333335,-4.168907606579389,4.395227862731054e-20,30
100,random,0.5,none,0.0,0,post_failure,iss,B6,B4,0.6902064879735311,0.9469016849994659,-0.25669519702593485,-0.26201375613609945,-0.2509972311059634,-16.493536175199377,4.263775056980314e-37,30
100,random,0.5,none,0.0,0,post_failure,iss,B7,B6,0.6866136570771535,0.6902064879735311,-0.0035928308963775633,-0.00647452766696612,-0.0007018322249253592,-0.43747778161801526,0.023240350720365434,30
100,random,0.5,none,0.0,0,post_failure,iss,B7,B2,0.6866136570771535,1.0,-0.31338634292284645,-0.3163180550436179,-0.31034845262765887,-37.45879305108889,2.0713529694241957e-47,30
100,random,0.5,none,0.0,0,post_failure,knowledge_survival,B7,B3Q,0.8825833333333333,0.9000666666666668,-0.01748333333333334,-0.020233333333333343,-0.014799583333333335,-2.2443923416597413,5.030698179475453e-13,30
100,random,0.5,none,0.0,0,post_failure,accuracy_macro,B7,B3Q,0.7636443061643319,0.8105549834693356,-0.046910677305003735,-0.05287039423931404,-0.04059000279523698,-2.661389402640324,7.008478237434163e-15,30
100,random,0.7,none,0.0,0,post_failure,knowledge_survival,B6,B2,0.6712666666666666,0.8735666666666667,-0.2023,-0.20688333333333328,-0.19803333333333334,-16.33511726397148,5.6354400428238046e-37,30
100,random,0.7,none,0.0,0,post_failure,accuracy_macro,B6,B2,0.44489551989988824,0.6019437807331373,-0.1570482608332489,-0.16275092585956713,-0.15110592817137786,-9.578310691906996,2.7055530087236194e-30,30
100,random,0.7,none,0.0,0,post_failure,iss,B6,B2,0.5012408753236135,0.9984657883644104,-0.4972249130407969,-0.5007951810459297,-0.4935761042435964,-48.28054193067547,1.3230979783949597e-50,30
100,random,0.7,none,0.0,0,post_failure,knowledge_survival,B6,B4,0.6712666666666666,0.8154000000000001,-0.14413333333333334,-0.1493166666666666,-0.1388833333333333,-9.650787594269353,2.1790423468881364e-30,30
100,random,0.7,none,0.0,0,post_failure,accuracy_macro,B6,B4,0.44489551989988824,0.5404835303911693,-0.09558801049128104,-0.1017624167352798,-0.08949822963176561,-5.415303304368416,3.0255232824407364e-23,30
100,random,0.7,none,0.0,0,post_failure,iss,B6,B4,0.5012408753236135,0.8230154017607371,-0.3217745264371236,-0.3318694246808688,-0.3103962288548549,-10.560808596006272,1.6356874818278658e-31,30
100,random,0.7,none,0.0,0,post_failure,knowledge_survival,B7,B2,0.7177500000000001,0.8735666666666667,-0.15581666666666666,-0.16108333333333336,-0.15043333333333336,-10.389974102783029,2.6143447761082314e-31,30
100,random,0.7,none,0.0,0,post_failure,accuracy_macro,B7,B2,0.5892325258248471,0.6019437807331373,-0.012711254908290148,-0.020673547236856413,-0.004212657006372632,-0.5453114989219386,0.005683263166212789,30
100,random,0.7,none,0.0,0,post_failure,iss,B7,B2,0.5012899786233902,0.9984657883644104,-0.4971758097410202,-0.5012780025353034,-0.4930570879330238,-42.532314436120004,5.216792612859568e-49,30
100,random,0.7,none,0.0,0,post_failure,knowledge_survival,B7,B3Q,0.7177500000000001,0.7266833333333336,-0.008933333333333342,-0.014633750000000023,-0.003300000000000021,-0.5564303537512938,0.004880438821940807,30
100,random,0.7,none,0.0,0,post_failure,accuracy_macro,B7,B3Q,0.5892325258248471,0.6172365125678182,-0.028003986742971134,-0.03514320780026748,-0.020857105940438866,-1.3832917303300731,2.3655463475664356e-08,30
100,random,0.9,none,0.0,0,post_failure,knowledge_survival,B6,B2,0.3078666666666666,0.841333333333333,-0.5334666666666668,-0.5369833333333334,-0.5297333333333333,-52.07412870794482,1.4767271891684118e-51,30
100,random,0.9,none,0.0,0,post_failure,accuracy_macro,B6,B2,0.18267788566751478,0.5724401525358697,-0.38976226686835475,-0.3941461286878778,-0.3851982280448005,-30.275213784143077,9.898231734371945e-45,30
100,random,0.9,none,0.0,0,post_failure,iss,B6,B2,0.20684742381175358,0.8961081882317861,-0.6892607644200325,-0.6920862465848525,-0.6864216698581973,-84.60306113356211,1.1441723533896658e-57,30
100,random,0.9,none,0.0,0,post_failure,knowledge_survival,B6,B4,0.3078666666666666,0.6438833333333334,-0.33601666666666674,-0.3432170833333334,-0.32875000000000004,-16.509683563529155,4.144883097720831e-37,30
100,random,0.9,none,0.0,0,post_failure,accuracy_macro,B6,B4,0.18267788566751478,0.4072158416119543,-0.22453795594443957,-0.2303042142394542,-0.21855533839821445,-13.388847802685012,1.7586653942277296e-34,30
100,random,0.9,none,0.0,0,post_failure,iss,B6,B4,0.20684742381175358,0.49430270393689474,-0.28745528012514115,-0.29648546557873484,-0.2782139669234554,-11.206153834896408,2.96850674537912e-32,30
100,random,0.9,none,0.0,0,post_failure,knowledge_survival,B7,B2,0.32664999999999994,0.841333333333333,-0.5146833333333334,-0.5181333333333333,-0.5111000000000001,-51.1671425172807,2.4576339420798225e-51,30
100,random,0.9,none,0.0,0,post_failure,accuracy_macro,B7,B2,0.24211382035509327,0.5724401525358697,-0.3303263321807763,-0.33531217253778794,-0.32592366749186397,-24.61512439499018,3.9713369382801715e-42,30
100,random,0.9,none,0.0,0,post_failure,iss,B7,B2,0.20544329384962717,0.8961081882317861,-0.690664894382159,-0.6930562615767121,-0.6882112590099374,-100.08706006159761,8.749083689830165e-60,30
100,random,0.9,none,0.0,0,post_failure,accuracy_macro,B7,B3Q,0.24211382035509327,0.25233086294566065,-0.010217042590567361,-0.015407947667219035,-0.005352044695185108,-0.7062154487000925,0.0005716810049900611,30
100,targeted_whitebox,0.1,none,0.0,0,post_failure,iss,B6,B2,0.8869892418384552,1.0,-0.1130107581615448,-0.114383877714475,-0.11170262927810351,-29.706821046087594,1.7139955992048934e-44,30
100,targeted_whitebox,0.1,none,0.0,0,post_failure,iss,B6,B4,0.8869892418384552,0.9663934310277303,-0.07940418918927511,-0.08582616403698921,-0.07056939274072647,-3.5911825833809288,2.576998654385857e-18,30
100,targeted_whitebox,0.1,none,0.0,0,post_failure,iss,B7,B2,0.8871084372202556,1.0,-0.11289156277974446,-0.11433052693804105,-0.1114268392821153,-27.369896110900868,1.8396297461555903e-43,30
100,targeted_whitebox,0.1,none,0.0,0,post_failure,knowledge_survival,B7,B3Q,0.9426500000000001,0.9621333333333334,-0.019483333333333335,-0.02131666666666665,-0.017633333333333345,-3.7841822932053906,6.225931351099705e-19,30
100,targeted_whitebox,0.1,none,0.0,0,post_failure,accuracy_macro,B7,B3Q,0.8375547448145564,0.8912617431228032,-0.05370699830824683,-0.05927715855760594,-0.04830387395278082,-3.4094389704114647,1.0443723242946167e-17,30
100,targeted_whitebox,0.3,none,0.0,0,post_failure,knowledge_survival,B6,B2,0.8586666666666668,0.8743499999999998,-0.01568333333333333,-0.017383333333333337,-0.013866666666666657,-3.14373900084856,9.095384717815671e-17,30
100,targeted_whitebox,0.3,none,0.0,0,post_failure,iss,B6,B2,0.7835048298041026,1.0,-0.21649517019589742,-0.21873462374011673,-0.21430447990695636,-34.45857219772654,2.327717760227165e-46,30
100,targeted_whitebox,0.3,none,0.0,0,post_failure,iss,B6,B4,0.7835048298041026,0.8230234245459239,-0.03951859474182129,-0.05606770495573679,-0.022087006320556015,-0.817701924080802,0.00010767806844526925,30
100,targeted_whitebox,0.3,none,0.0,0,post_failure,iss,B7,B2,0.7853061517079671,1.0,-0.2146938482920329,-0.2167775832613309,-0.21254844173789025,-35.52789997639061,9.601271074292762e-47,30
100,targeted_whitebox,0.3,none,0.0,0,post_failure,knowledge_survival,B7,B3Q,0.9242666666666667,0.9412833333333334,-0.01701666666666663,-0.01898374999999997,-0.015049583333333283,-3.019983653398268,2.6265388536536446e-16,30
100,targeted_whitebox,0.3,none,0.0,0,post_failure,accuracy_macro,B7,B3Q,0.8139490597803789,0.8607578276341634,-0.04680876785378448,-0.05268589289906356,-0.041091289913126855,-2.8376939495041262,1.3382699379162255e-15,30
100,targeted_whitebox,0.5,none,0.0,0,post_failure,knowledge_survival,B6,B2,0.7864166666666664,0.8746833333333333,-0.08826666666666666,-0.09091666666666667,-0.08553333333333332,-11.520442788264951,1.3386862428893638e-32,30
100,targeted_whitebox,0.5,none,0.0,0,post_failure,accuracy_macro,B6,B2,0.5420225567008418,0.6043527945773167,-0.06233023787647508,-0.06650978312179308,-0.05823130548151667,-5.252728234271092,7.120087539878948e-23,30
100,targeted_whitebox,0.5,none,0.0,0,post_failure,iss,B6,B2,0.6440640906492869,0.9999138871828716,-0.3558497965335846,-0.3591130517423153,-0.35267405629158016,-39.078819651083414,6.072292575680808e-48,30
100,targeted_whitebox,0.5,none,0.0,0,post_failure,iss,B6,B4,0.6440640906492869,0.673387203613917,-0.029323112964630128,-0.04845981811483701,-0.01071599930524827,-0.5467884293193568,0.005569826041796813,30
100,targeted_whitebox,0.5,none,0.0,0,post_failure,knowledge_survival,B7,B2,0.8443166666666667,0.8746833333333333,-0.030366666666666663,-0.03269999999999999,-0.028016666666666665,-4.612477288970982,2.6829587363143056e-21,30
100,targeted_whitebox,0.5,none,0.0,0,post_failure,iss,B7,B2,0.6437960783640544,0.9999138871828716,-0.35611780881881716,-0.3587771771848202,-0.35363922665516534,-48.550243833671786,1.1257991040741697e-50,30
100,targeted_whitebox,0.5,none,0.0,0,post_failure,knowledge_survival,B7,B3Q,0.8443166666666667,0.86085,-0.01653333333333334,-0.01955,-0.013700000000000006,-1.969107397141888,1.1558197687263537e-11,30
100,targeted_whitebox,0.5,none,0.0,0,post_failure,accuracy_macro,B7,B3Q,0.7188088991094342,0.765051714486355,-0.046242815376921174,-0.0539343997223619,-0.03856589354036175,-2.0854171869574594,2.9749922128050343e-12,30
100,targeted_whitebox,0.7,none,0.0,0,post_failure,knowledge_survival,B6,B2,0.6014,0.8723166666666665,-0.27091666666666664,-0.2746,-0.26754999999999995,-26.795134603240705,3.401643969061848e-43,30
100,targeted_whitebox,0.7,none,0.0,0,post_failure,accuracy_macro,B6,B2,0.3899248226699614,0.6012664336357815,-0.2113416109658198,-0.215240012031181,-0.20740301630088862,-18.844695354440248,9.046071607297283e-39,30
100,targeted_whitebox,0.7,none,0.0,0,post_failure,iss,B6,B2,0.4414835373560588,0.9950798253218333,-0.5535962879657745,-0.5579428274184465,-0.5496281280616919,-47.43218213085408,2.2119369352525183e-50,30
100,targeted_whitebox,0.7,none,0.0,0,post_failure,knowledge_survival,B6,B4,0.6014,0.6284166666666666,-0.027016666666666658,-0.03958333333333331,-0.014399999999999994,-0.7461353489154564,0.0003159450551704399,30
100,targeted_whitebox,0.7,none,0.0,0,post_failure,iss,B6,B4,0.4414835373560588,0.47546948691209157,-0.03398594955603282,-0.05181024166444937,-0.016355708961685516,-0.6682017618964348,0.0009987056089057094,30
100,targeted_whitebox,0.7,none,0.0,0,post_failure,knowledge_survival,B7,B2,0.6456,0.8723166666666665,-0.22671666666666662,-0.23066666666666666,-0.2227666666666667,-20.447106983625343,8.533206069413673e-40,30
100,targeted_whitebox,0.7,none,0.0,0,post_failure,accuracy_macro,B7,B2,0.5153470456441168,0.6012664336357815,-0.08591938799166465,-0.09228366246407754,-0.0795331647448741,-4.726663498381551,1.3591827363804004e-21,30
100,targeted_whitebox,0.7,none,0.0,0,post_failure,iss,B7,B2,0.4424028823773066,0.9950798253218333,-0.5526769429445266,-0.5567859634011983,-0.5489654637376468,-49.58756590601581,6.099643357032944e-51,30
100,targeted_whitebox,0.7,none,0.0,0,post_failure,knowledge_survival,B7,B3Q,0.6456,0.6608833333333334,-0.015283333333333345,-0.019700000000000013,-0.01118333333333336,-1.2712780598426665,1.1801363025877948e-07,30
100,targeted_whitebox,0.7,none,0.0,0,post_failure,accuracy_macro,B7,B3Q,0.5153470456441168,0.5499114912819277,-0.03456444563781106,-0.04200961772266203,-0.027778932313094005,-1.7053665054768057,3.0299457724852285e-10,30
100,targeted_whitebox,0.9,none,0.0,0,post_failure,knowledge_survival,B6,B3,0.23964999999999997,0.25123333333333336,-0.011583333333333336,-0.017633333333333338,-0.005932916666666672,-0.7233232847111448,0.000443742871752432,30
100,targeted_whitebox,0.9,none,0.0,0,post_failure,iss,B6,B3,0.16115563710530598,0.1675356740752856,-0.006380036969979604,-0.01098791350920995,-0.0020849615087111797,-0.5081390618433372,0.00937267291449826,30
100,targeted_whitebox,0.9,none,0.0,0,post_failure,knowledge_survival,B6,B5,0.23964999999999997,0.25166666666666665,-0.01201666666666667,-0.017266666666666666,-0.007000000000000002,-0.8403949564185568,7.63529799732656e-05,30
100,targeted_whitebox,0.9,none,0.0,0,post_failure,knowledge_survival,B6,B2,0.23964999999999997,0.82775,-0.5881,-0.5942,-0.5823,-35.575012628173084,9.239550370180056e-47,30
100,targeted_whitebox,0.9,none,0.0,0,post_failure,accuracy_macro,B6,B2,0.13987998529015383,0.5627640551877904,-0.4228840698976366,-0.42880331060316007,-0.4170721410149496,-25.926844274798047,8.831065223390608e-43,30
100,targeted_whitebox,0.9,none,0.0,0,post_failure,iss,B6,B2,0.16115563710530598,0.8726520776748657,-0.7114964405695597,-0.7156077223892013,-0.7076751346389453,-63.4566688908072,4.7885831118829257e-54,30
100,targeted_whitebox,0.9,none,0.0,0,post_failure,knowledge_survival,B6,B4,0.23964999999999997,0.44811666666666666,-0.2084666666666667,-0.21698333333333333,-0.20023291666666665,-8.694321433382154,4.3474686885124603e-29,30
100,targeted_whitebox,0.9,none,0.0,0,post_failure,accuracy_macro,B6,B4,0.13987998529015383,0.267825091433675,-0.12794510614352117,-0.1344936236735835,-0.12152738601393072,-6.915094624374596,3.001901631756055e-26,30
100,targeted_whitebox,0.9,none,0.0,0,post_failure,iss,B6,B4,0.16115563710530598,0.2741998225450516,-0.11304418543974558,-0.12122008691231409,-0.10531779328982036,-4.981959462803225,3.13366361267776e-22,30
100,targeted_whitebox,0.9,none,0.0,0,post_failure,knowledge_survival,B7,B2,0.2594,0.82775,-0.56835,-0.5742499999999999,-0.5627166666666666,-34.91897273689146,1.5845244460974878e-46,30
100,targeted_whitebox,0.9,none,0.0,0,post_failure,accuracy_macro,B7,B2,0.18884716738051519,0.5627640551877904,-0.37391688780727517,-0.38030405054344196,-0.3674946781865695,-20.419380919942256,8.874904431114473e-40,30
100,targeted_whitebox,0.9,none,0.0,0,post_failure,iss,B7,B2,0.16162682622671126,0.8726520776748657,-0.7110252514481544,-0.714537108639876,-0.7075722207377354,-71.68996268722398,1.3933886311176018e-55,30
100,targeted_whitebox,0.9,none,0.0,0,post_failure,knowledge_survival,B7,B3Q,0.2594,0.2744,-0.015000000000000001,-0.020333333333333328,-0.009833333333333333,-1.0140052980166943,5.448882864910072e-06,30
100,targeted_whitebox,0.9,none,0.0,0,post_failure,accuracy_macro,B7,B3Q,0.18884716738051519,0.20864261873477838,-0.019795451354263176,-0.025605898677914365,-0.013710190072329952,-1.17608295705519,4.777702474631374e-07,30
100,targeted_whitebox,0.9,none,0.0,0,post_failure,iss,B7,B3Q,0.16162682622671126,0.16848180443048477,-0.006854978203773498,-0.010950118650992711,-0.003109741707642874,-0.6217421768871121,0.0019527143020183317,30
100,targeted_world,0.1,none,0.0,0,post_failure,iss,B6,B2,0.8924560666084289,1.0,-0.10754393339157105,-0.10902492761611939,-0.10611102287968001,-25.903857858738267,9.060844325759792e-43,30
100,targeted_world,0.1,none,0.0,0,post_failure,iss,B6,B4,0.8924560666084289,0.9785644392172496,-0.0861083726088206,-0.08968833059072494,-0.0816252912580967,-7.555176806141746,2.4103167517286567e-27,30
100,targeted_world,0.1,none,0.0,0,post_failure,iss,B7,B2,0.8931079606215159,1.0,-0.10689203937848409,-0.10835028876860936,-0.10537931581338247,-25.20345459372037,2.0040177095539974e-42,30
100,targeted_world,0.1,none,0.0,0,post_failure,knowledge_survival,B7,B3Q,0.9425666666666667,0.9628666666666666,-0.020300000000000006,-0.02213333333333334,-0.018533333333333346,-3.9465030044039224,1.978631506690519e-19,30
100,targeted_world,0.1,none,0.0,0,post_failure,accuracy_macro,B7,B3Q,0.8353659881083028,0.8914063290276223,-0.05604034091931933,-0.061262535180918114,-0.050933801537924914,-3.7857738078678906,6.155063623387735e-19,30
100,targeted_world,0.3,none,0.0,0,post_failure,knowledge_survival,B6,B2,0.8698333333333331,0.8739666666666666,-0.004133333333333326,-0.005816666666666659,-0.0024666666666666687,-0.8717395167678638,4.743329346067557e-05,30
100,targeted_world,0.3,none,0.0,0,post_failure,iss,B6,B2,0.801463383436203,1.0,-0.198536616563797,-0.2007723109424114,-0.19640755419929823,-32.279435955952664,1.545280565141295e-45,30
100,targeted_world,0.3,none,0.0,0,post_failure,iss,B6,B4,0.801463383436203,0.8904841144879659,-0.0890207310517629,-0.10568081021308899,-0.07059301510453225,-1.7681671435142994,1.358457252824626e-10,30
100,targeted_world,0.3,none,0.0,0,post_failure,iss,B7,B2,0.8014996767044067,1.0,-0.19850032329559325,-0.20087840527296066,-0.19629533593853316,-30.778242539488236,6.140792097206113e-45,30
100,targeted_world,0.3,none,0.0,0,post_failure,knowledge_survival,B7,B3Q,0.9363833333333335,0.953,-0.01661666666666666,-0.018666666666666644,-0.014566666666666676,-2.8718959640203843,9.79806397735779e-16,30
100,targeted_world,0.3,none,0.0,0,post_failure,accuracy_macro,B7,B3Q,0.8245055786597766,0.8741766446672464,-0.04967106600747016,-0.0556996466581247,-0.043533839534097736,-2.874994789511095,9.526552911047092e-16,30
100,targeted_world,0.5,none,0.0,0,post_failure,knowledge_survival,B6,B2,0.8328333333333332,0.8740333333333334,-0.04120000000000002,-0.04455000000000001,-0.038133333333333366,-4.499168805910082,5.3502681325658836e-21,30
100,targeted_world,0.5,none,0.0,0,post_failure,accuracy_macro,B6,B2,0.5844367643924837,0.6019675449673227,-0.017530780574839023,-0.022837654747079054,-0.012672384634026687,-1.2158845808503784,2.6537562409383364e-07,30
100,targeted_world,0.5,none,0.0,0,post_failure,iss,B6,B2,0.6775943497816722,1.0,-0.32240565021832784,-0.3270218416551749,-0.3181344141066074,-26.03418197962989,7.835217741696486e-43,30
100,targeted_world,0.5,none,0.0,0,post_failure,iss,B6,B4,0.6775943497816722,0.7605177581310272,-0.08292340834935506,-0.10327639450629553,-0.06230677952369056,-1.423147074079766,1.3499175532806682e-08,30
100,targeted_world,0.5,none,0.0,0,post_failure,iss,B7,B2,0.6783761362234751,1.0,-0.32162386377652485,-0.325786984115839,-0.3178098378578822,-28.80739891885423,4.1763674590449765e-44,30
100,targeted_world,0.5,none,0.0,0,post_failure,accuracy_macro,B7,B3Q,0.7760733534617973,0.8063451048839049,-0.03027175142210755,-0.03605045554838133,-0.024270843203711978,-1.7649760911370507,1.4144459447004686e-10,30
100,targeted_world,0.7,none,0.0,0,post_failure,knowledge_survival,B6,B2,0.6822499999999999,0.874,-0.19175,-0.19761666666666666,-0.18600000000000003,-11.581217596424803,1.1504656219994761e-32,30
100,targeted_world,0.7,none,0.0,0,post_failure,accuracy_macro,B6,B2,0.4550154009009179,0.6031251001700108,-0.14810969926909276,-0.15457396335627954,-0.14191814261020874,-8.272227926856578,1.8070551376936964e-28,30
100,targeted_world,0.7,none,0.0,0,post_failure,iss,B6,B2,0.4907853980859121,0.9980069776376088,-0.5072215795516968,-0.5126639120280743,-0.5020667032897473,-33.73145746223764,4.318344513927755e-46,30
100,targeted_world,0.7,none,0.0,0,post_failure,knowledge_survival,B6,B4,0.6822499999999999,0.7027666666666669,-0.020516666666666676,-0.03618375000000001,-0.004516250000000016,-0.4601202407632334,0.017488885444731646,30
100,targeted_world,0.7,none,0.0,0,post_failure,iss,B6,B4,0.4907853980859121,0.5904988954464595,-0.09971349736054738,-0.12184982756773631,-0.07771798439323903,-1.5906838734411115,1.3648413394903347e-09,30
100,targeted_world,0.7,none,0.0,0,post_failure,knowledge_survival,B7,B2,0.7356666666666666,0.874,-0.1383333333333333,-0.14475041666666666,-0.13246624999999998,-7.836925899720085,8.474467072258428e-28,30
100,targeted_world,0.7,none,0.0,0,post_failure,iss,B7,B2,0.4920549641052882,0.9980069776376088,-0.5059520135323207,-0.5115368011097113,-0.5008750060945749,-33.70893229201619,4.402745218077179e-46,30
100,targeted_world,0.7,none,0.0,0,post_failure,accuracy_macro,B7,B3Q,0.6044239414818661,0.6197465833218161,-0.015322641839950009,-0.02261158181279009,-0.008040146189383332,-0.7372898274830144,0.0003605092529372246,30
100,targeted_world,0.9,none,0.0,0,post_failure,iss,B6,B3,0.1943312332034111,0.20051416903734207,-0.006182935833930969,-0.01103406686335802,-0.0013531488925218615,-0.4513014879332149,0.01955227254592344,30
100,targeted_world,0.9,none,0.0,0,post_failure,knowledge_survival,B6,B2,0.2945666666666667,0.8417833333333333,-0.5472166666666667,-0.5553666666666667,-0.539,-23.731126702764787,1.1450560359092268e-41,30
100,targeted_world,0.9,none,0.0,0,post_failure,accuracy_macro,B6,B2,0.17313107345074855,0.5741030994336047,-0.4009720259828562,-0.40754226781296066,-0.39425108598711595,-21.43953216241117,2.1650309359933953e-40,30
100,targeted_world,0.9,none,0.0,0,post_failure,iss,B6,B2,0.1943312332034111,0.8956715325514476,-0.7013402993480364,-0.7072364721198877,-0.695487949202458,-42.60706080637325,4.957933982561702e-49,30
100,targeted_world,0.9,none,0.0,0,post_failure,knowledge_survival,B6,B4,0.2945666666666667,0.5043166666666667,-0.20975000000000002,-0.22790000000000002,-0.1919325000000001,-4.099873198108573,6.956471875249657e-20,30
100,targeted_world,0.9,none,0.0,0,post_failure,accuracy_macro,B6,B4,0.17313107345074855,0.3093039731202713,-0.13617289966952267,-0.14953748885075632,-0.12322885039507243,-3.6465182691807363,1.7034996726317712e-18,30
100,targeted_world,0.9,none,0.0,0,post_failure,iss,B6,B4,0.1943312332034111,0.3286123608549436,-0.1342811276515325,-0.15190311002234616,-0.11742305406679711,-2.743588672357718,3.205361028121143e-15,30
100,targeted_world,0.9,none,0.0,0,post_failure,knowledge_survival,B7,B2,0.31734999999999997,0.8417833333333333,-0.5244333333333334,-0.5332004166666666,-0.5156995833333333,-21.68337405228755,1.560683991108605e-40,30
100,targeted_world,0.9,none,0.0,0,post_failure,accuracy_macro,B7,B2,0.23219198624200624,0.5741030994336047,-0.3419111131915985,-0.35029659004209407,-0.3335961492648309,-14.643152852923688,1.3264630688720327e-35,30
100,targeted_world,0.9,none,0.0,0,post_failure,iss,B7,B2,0.1931395654877027,0.8956715325514476,-0.7025319670637449,-0.7085577645773689,-0.6965931065008044,-42.39443471161624,5.73161768960524e-49,30
100,targeted_world,0.9,none,0.0,0,post_failure,knowledge_survival,B7,B3Q,0.31734999999999997,0.32985000000000003,-0.01250000000000001,-0.02056666666666668,-0.004383333333333342,-0.5514068554441688,0.005228809254869775,30
100,targeted_world,0.9,none,0.0,0,post_failure,accuracy_macro,B7,B3Q,0.23219198624200624,0.2530004685275186,-0.02080848228551242,-0.027821922725650625,-0.013475667800701228,-1.0359410455550162,3.908123094637199e-06,30
100,targeted_world,0.9,none,0.0,0,post_failure,iss,B7,B3Q,0.1931395654877027,0.20211843599875767,-0.008978870511054993,-0.014108092586199442,-0.004027896846334141,-0.6392009556693228,0.0015202534002015419,30
1000,correlated_domain,0.1,none,0.0,0,post_failure,iss,B6,B2,0.8973328113555908,1.0,-0.10266718864440919,-0.10397278269131979,-0.1013719883064429,-27.867830131700043,1.091285584441528e-43,30
1000,correlated_domain,0.1,none,0.0,0,post_failure,iss,B6,B4,0.8973328113555908,0.99208904504776,-0.09475623369216919,-0.09674309233824413,-0.09276477719346682,-16.898366417524795,2.1155265037833675e-37,30
1000,correlated_domain,0.1,none,0.0,0,post_failure,iss,B7,B2,0.8976108849048614,1.0,-0.10238911509513855,-0.10361920982599258,-0.10120268762111664,-30.00176211061264,1.2873992598407813e-44,30
1000,correlated_domain,0.1,none,0.0,0,post_failure,knowledge_survival,B7,B3Q,0.9437833333333333,0.9639333333333333,-0.02015,-0.02195,-0.018450000000000005,-4.055036741627045,9.408419931263403e-20,30
1000,correlated_domain,0.1,none,0.0,0,post_failure,accuracy_macro,B7,B3Q,0.8398554405964327,0.8946606981188966,-0.05480525752246388,-0.0590436893812344,-0.050679133170140896,-4.538696571905415,4.197858916734766e-21,30
1000,correlated_domain,0.3,none,0.0,0,post_failure,knowledge_survival,B6,B2,0.8707166666666668,0.8767499999999999,-0.0060333333333333315,-0.007816666666666654,-0.004316666666666683,-1.2050333604972752,3.1137394561151404e-07,30
1000,correlated_domain,0.3,none,0.0,0,post_failure,iss,B6,B2,0.8132213373978933,1.0,-0.18677866260210674,-0.18843730330467226,-0.18509817202885945,-39.48870578993186,4.4876593901445954e-48,30
1000,correlated_domain,0.3,none,0.0,0,post_failure,iss,B6,B4,0.8132213373978933,0.9532149215539296,-0.13999358415603638,-0.14463565637667972,-0.13478556136290232,-9.84192063456257,1.2407323150958511e-30,30
1000,correlated_domain,0.3,none,0.0,0,post_failure,iss,B7,B2,0.8132603466510773,1.0,-0.18673965334892273,-0.18861131250858307,-0.1848815027376016,-35.056951278298406,1.413412644858166e-46,30
1000,correlated_domain,0.3,none,0.0,0,post_failure,knowledge_survival,B7,B3Q,0.9382,0.9548833333333332,-0.016683333333333324,-0.01863333333333332,-0.014799583333333323,-3.0507860955076187,2.0105892373167607e-16,30
1000,correlated_domain,0.3,none,0.0,0,post_failure,accuracy_macro,B7,B3Q,0.830891889461521,0.880325735422383,-0.04943384596086209,-0.054271038544174637,-0.044637500540506206,-3.59283111682575,2.545211784086578e-18,30
1000,correlated_domain,0.5,none,0.0,0,post_failure,knowledge_survival,B6,B2,0.8324999999999999,0.8765833333333334,-0.044083333333333356,-0.046783333333333336,-0.041466666666666686,-5.870061058250466,3.1207630668220048e-24,30
1000,correlated_domain,0.5,none,0.0,0,post_failure,accuracy_macro,B6,B2,0.5835311318899952,0.604886019690246,-0.02135488780025068,-0.025616933128036114,-0.01700752931636343,-1.7684393180843718,1.353788140904509e-10,30
1000,correlated_domain,0.5,none,0.0,0,post_failure,iss,B6,B2,0.6937825043996175,1.0,-0.30621749560038247,-0.30899088447292644,-0.3034181582927704,-38.32946573225373,1.0642703611422578e-47,30
1000,correlated_domain,0.5,none,0.0,0,post_failure,iss,B6,B4,0.6937825043996175,0.8571544905503591,-0.16337198615074158,-0.17366975714763006,-0.15318924059470493,-5.55389688590137,1.4863381488210918e-23,30
1000,correlated_domain,0.5,none,0.0,0,post_failure,iss,B7,B2,0.693968282143275,1.0,-0.30603171785672506,-0.30859317655364676,-0.3035713591674964,-42.54659591507614,5.1662745076765436e-49,30
1000,correlated_domain,0.5,none,0.0,0,post_failure,knowledge_survival,B7,B3Q,0.8943166666666664,0.8994333333333336,-0.0051166666666666765,-0.008116666666666671,-0.0021833333333333518,-0.6002313114873137,0.002650328903989378,30
1000,correlated_domain,0.5,none,0.0,0,post_failure,accuracy_macro,B7,B3Q,0.7764726591227176,0.8106436437568867,-0.03417098463416903,-0.039298126495400425,-0.02926372273442148,-2.3485937724091595,1.643720408128004e-13,30
1000,correlated_domain,0.7,none,0.0,0,post_failure,knowledge_survival,B6,B2,0.6869166666666666,0.8765499999999999,-0.18963333333333335,-0.1929833333333333,-0.18630000000000002,-19.798613016781324,2.1681646688219343e-39,30
1000,correlated_domain,0.7,none,0.0,0,post_failure,accuracy_macro,B6,B2,0.4568609554206342,0.6062759743089953,-0.14941501888836098,-0.15444508325228726,-0.1443707116052514,-10.227342368420683,4.114600918032049e-31,30
1000,correlated_domain,0.7,none,0.0,0,post_failure,iss,B6,B2,0.5107419818639756,0.998173991839091,-0.48743200997511543,-0.49073494426906106,-0.48400735857586064,-51.125469876360484,2.516374193172691e-51,30
1000,correlated_domain,0.7,none,0.0,0,post_failure,knowledge_survival,B6,B4,0.6869166666666666,0.7701333333333333,-0.08321666666666665,-0.0888333333333333,-0.07764999999999998,-5.147806618649816,1.2534720353360062e-22,30
1000,correlated_domain,0.7,none,0.0,0,post_failure,accuracy_macro,B6,B4,0.4568609554206342,0.49653511586188126,-0.03967416044124706,-0.04556041333936917,-0.03387378073497889,-2.366894637778892,1.3554628970686755e-13,30
1000,correlated_domain,0.7,none,0.0,0,post_failure,iss,B6,B4,0.5107419818639756,0.7145544211069743,-0.20381243924299877,-0.21500347097714742,-0.19285916862388452,-6.397711797766835,2.7323678332162412e-25,30
1000,correlated_domain,0.7,none,0.0,0,post_failure,knowledge_survival,B7,B2,0.7351999999999997,0.8765499999999999,-0.14135,-0.14575,-0.1370333333333333,-11.377481404201108,1.9179293941663842e-32,30
1000,correlated_domain,0.7,none,0.0,0,post_failure,iss,B7,B2,0.5093201478322347,0.998173991839091,-0.4888538440068563,-0.49204406782984733,-0.4858946436643601,-55.730348440910916,2.0651577651421834e-52,30
1000,correlated_domain,0.7,none,0.0,0,post_failure,accuracy_macro,B7,B3Q,0.6036810800353474,0.6187079027468134,-0.015026822711465763,-0.02151927130463159,-0.008972366272524564,-0.8485477525596166,6.746859089778781e-05,30
1000,correlated_domain,0.9,none,0.0,0,post_failure,knowledge_survival,B6,B2,0.31596666666666656,0.8424333333333334,-0.5264666666666666,-0.5310333333333334,-0.5221833333333333,-41.720017413006,9.122988127007284e-49,30
1000,correlated_domain,0.9,none,0.0,0,post_failure,accuracy_macro,B6,B2,0.1867176588284997,0.5741506646503157,-0.3874330058218159,-0.39253866992509145,-0.38257517715886774,-27.13913168555768,2.3509051740071515e-43,30
1000,correlated_domain,0.9,none,0.0,0,post_failure,iss,B6,B2,0.21205521921316783,0.8954468349615733,-0.6833916157484055,-0.6861315965776642,-0.6805711983392636,-87.87503910485621,3.80756581916605e-58,30
1000,correlated_domain,0.9,none,0.0,0,post_failure,knowledge_survival,B6,B4,0.31596666666666656,0.5838833333333333,-0.2679166666666666,-0.2819170833333333,-0.25294916666666667,-6.518889789256945,1.6047239635681746e-25,30
1000,correlated_domain,0.9,none,0.0,0,post_failure,accuracy_macro,B6,B4,0.1867176588284997,0.36007292560969717,-0.17335526678119753,-0.1841572082189151,-0.1622941229675318,-5.583599175908504,1.2791065410668046e-23,30
1000,correlated_domain,0.9,none,0.0,0,post_failure,iss,B6,B4,0.21205521921316783,0.41370818118254343,-0.2016529619693756,-0.2168579974770546,-0.18568579779316982,-4.588251128678523,3.1055232320622987e-21,30
1000,correlated_domain,0.9,none,0.0,0,post_failure,knowledge_survival,B7,B2,0.3391,0.8424333333333334,-0.5033333333333334,-0.5076333333333333,-0.49918333333333337,-41.98635788340943,7.586333726352808e-49,30
1000,correlated_domain,0.9,none,0.0,0,post_failure,accuracy_macro,B7,B2,0.2513945863224805,0.5741506646503157,-0.3227560783278351,-0.3284383967340489,-0.31695913263461234,-19.664709306969517,2.6385009378031932e-39,30
1000,correlated_domain,0.9,none,0.0,0,post_failure,iss,B7,B2,0.21159196595350901,0.8954468349615733,-0.6838548690080642,-0.6871507975334923,-0.6807885184511542,-75.2118911151384,3.46865099354643e-56,30
1000,correlated_org,0.1,none,0.0,0,post_failure,knowledge_survival,B6,B3,0.8753166666666666,0.8771833333333333,-0.001866666666666672,-0.003166666666666677,-0.0005833333333333578,-0.5096940674478413,0.009181211152621882,30
1000,correlated_org,0.1,none,0.0,0,post_failure,knowledge_survival,B6,B2,0.8753166666666666,0.8770000000000002,-0.0016833333333333403,-0.003116666666666664,-0.0002829166666666754,-0.41914674024343995,0.02910997033736874,30
1000,correlated_org,0.1,none,0.0,0,post_failure,iss,B6,B2,0.8971893390019735,1.0,-0.10281066099802653,-0.10380880648891132,-0.10180076400438945,-36.404280250516926,4.73855727752365e-47,30
1000,correlated_org,0.1,none,0.0,0,post_failure,iss,B6,B4,0.8971893390019735,0.98033580382665,-0.08314646482467651,-0.08719463989138602,-0.07872444495558739,-6.855974863774897,3.832159865965515e-26,30
1000,correlated_org,0.1,none,0.0,0,post_failure,iss,B7,B2,0.8974368472894033,1.0,-0.10256315271059673,-0.10372532998522123,-0.10148069163163503,-32.58767563869766,1.1733233538788635e-45,30
1000,correlated_org,0.1,none,0.0,0,post_failure,knowledge_survival,B7,B3Q,0.9438333333333334,0.9635,-0.019666666666666676,-0.02121708333333336,-0.01816666666666667,-4.535917103770928,4.269805857868416e-21,30
1000,correlated_org,0.1,none,0.0,0,post_failure,accuracy_macro,B7,B3Q,0.8388665681627132,0.8939769288398616,-0.05511036067714845,-0.05967094429486416,-0.0505559727693468,-4.264076948806542,2.3598932858375833e-20,30
1000,correlated_org,0.3,none,0.0,0,post_failure,knowledge_survival,B6,B2,0.8716666666666666,0.87655,-0.004883333333333318,-0.006433750000000001,-0.0033833333333333085,-1.0939839279089498,1.6281542970298461e-06,30
1000,correlated_org,0.3,none,0.0,0,post_failure,iss,B6,B2,0.8135267893473307,1.0,-0.18647321065266928,-0.1887337124844392,-0.1841756803294023,-28.804705967931856,4.187692512139263e-44,30
1000,correlated_org,0.3,none,0.0,0,post_failure,iss,B6,B4,0.8135267893473307,0.9103537519772847,-0.09682696262995402,-0.1109556719660759,-0.08225307429830234,-2.3935876931542817,1.025121214077077e-13,30
1000,correlated_org,0.3,none,0.0,0,post_failure,iss,B7,B2,0.8149457474549612,1.0,-0.18505425254503885,-0.18684661343693734,-0.18331126163403194,-36.98607691186534,2.9929262645435464e-47,30
1000,correlated_org,0.3,none,0.0,0,post_failure,knowledge_survival,B7,B3Q,0.9372833333333334,0.9541333333333333,-0.01684999999999997,-0.019066666666666638,-0.014833333333333306,-2.7797573855704205,2.285018598477447e-15,30
1000,correlated_org,0.3,none,0.0,0,post_failure,accuracy_macro,B7,B3Q,0.828231312424057,0.8778319795382273,-0.04960066711417057,-0.05438435000573492,-0.045131796511328884,-3.769900141751694,6.900857928742225e-19,30
1000,correlated_org,0.5,none,0.0,0,post_failure,knowledge_survival,B6,B2,0.83225,0.8759166666666669,-0.04366666666666668,-0.046250000000000006,-0.04106666666666669,-5.972550669717878,1.913915004957594e-24,30
1000,correlated_org,0.5,none,0.0,0,post_failure,accuracy_macro,B6,B2,0.5871838424358857,0.6041357272938002,-0.01695188485791445,-0.021057809665026635,-0.012794825398246095,-1.4453825908857727,9.89720336292456e-09,30
1000,correlated_org,0.5,none,0.0,0,post_failure,iss,B6,B2,0.6935432533423106,0.9999979158242543,-0.30645466248194375,-0.3087176048755646,-0.30436587557196615,-49.886580180043424,5.1240779917891584e-51,30
1000,correlated_org,0.5,none,0.0,0,post_failure,iss,B6,B4,0.6935432533423106,0.8033122599124909,-0.10976900657018025,-0.12922470952073734,-0.0904190120100975,-1.9998996318628888,8.03076679754218e-12,30
1000,correlated_org,0.5,none,0.0,0,post_failure,iss,B7,B2,0.6941876649856568,0.9999979158242543,-0.30581025083859764,-0.3084734547138214,-0.30323367367188137,-41.38092808893464,1.1557524390516211e-48,30
1000,correlated_org,0.5,none,0.0,0,post_failure,knowledge_survival,B7,B3Q,0.8914500000000002,0.8989999999999999,-0.007550000000000012,-0.010533333333333358,-0.004533333333333348,-0.8808203615772618,4.131492809277648e-05,30
1000,correlated_org,0.5,none,0.0,0,post_failure,accuracy_macro,B7,B3Q,0.7724643161496051,0.808802417063131,-0.03633810091352627,-0.04218334173363505,-0.03044474087046294,-2.181964027376321,1.000477483120842e-12,30
1000,correlated_org,0.7,none,0.0,0,post_failure,knowledge_survival,B6,B2,0.6795833333333335,0.8762833333333333,-0.1967,-0.2001,-0.19323333333333334,-20.072725878376684,1.4565416896255648e-39,30
1000,correlated_org,0.7,none,0.0,0,post_failure,accuracy_macro,B6,B2,0.45234463203408326,0.6056406403610356,-0.15329600832695214,-0.1582934864424986,-0.14830572866138234,-10.84396687762187,7.641184778952816e-32,30
1000,correlated_org,0.7,none,0.0,0,post_failure,iss,B6,B2,0.5048965255419413,0.9982611974080403,-0.49336467186609906,-0.4959789259980122,-0.4908453406890233,-67.2751880589005,8.798659344058926e-55,30
1000,correlated_org,0.7,none,0.0,0,post_failure,knowledge_survival,B6,B4,0.6795833333333335,0.7421666666666666,-0.06258333333333335,-0.0745004166666667,-0.05039958333333335,-1.7954375143423122,9.635017794103026e-11,30
1000,correlated_org,0.7,none,0.0,0,post_failure,accuracy_macro,B6,B4,0.45234463203408326,0.4758073536476175,-0.02346272161353423,-0.03458577352237345,-0.012334412237637113,-0.7423783440923201,0.00033416906433339467,30
1000,correlated_org,0.7,none,0.0,0,post_failure,iss,B6,B4,0.5048965255419413,0.6592860082785289,-0.15438948273658754,-0.1757243590801954,-0.13248241980870565,-2.4763706370365255,4.3720457813822044e-14,30
1000,correlated_org,0.7,none,0.0,0,post_failure,knowledge_survival,B7,B2,0.7312166666666666,0.8762833333333333,-0.14506666666666668,-0.14914999999999995,-0.14096625,-12.492745417807512,1.2965876485278534e-33,30
1000,correlated_org,0.7,none,0.0,0,post_failure,iss,B7,B2,0.5061216692129771,0.9982611974080403,-0.4921395281950633,-0.4957632201164961,-0.48872399737437566,-49.21639650023641,7.583934095578243e-51,30
1000,correlated_org,0.7,none,0.0,0,post_failure,accuracy_macro,B7,B3Q,0.6012150714775667,0.6180644120564519,-0.016849340578885243,-0.023655932777355986,-0.010021400603565387,-0.8575643723657261,5.88357158275383e-05,30
1000,correlated_org,0.9,none,0.0,0,post_failure,knowledge_survival,B6,B2,0.3064333333333334,0.8417333333333334,-0.5353,-0.5399166666666666,-0.5307166666666667,-41.31286128803953,1.2122357449723804e-48,30
1000,correlated_org,0.9,none,0.0,0,post_failure,accuracy_macro,B6,B2,0.18198437367744724,0.5742060302510068,-0.3922216565735594,-0.39701099189421,-0.3872871232365426,-28.772949265672086,4.323665126510775e-44,30
1000,correlated_org,0.9,none,0.0,0,post_failure,iss,B6,B2,0.2063956379890442,0.8929189344247183,-0.686523296435674,-0.6903330689047773,-0.6825684524079164,-62.33871952742017,8.017085176097328e-54,30
1000,correlated_org,0.9,none,0.0,0,post_failure,knowledge_survival,B6,B4,0.3064333333333334,0.6089500000000001,-0.30251666666666666,-0.3320845833333333,-0.27126625,-3.5383277049964477,3.846619552648182e-18,30
1000,correlated_org,0.9,none,0.0,0,post_failure,accuracy_macro,B6,B4,0.18198437367744724,0.3831395365948482,-0.20115516291740096,-0.22504510592636207,-0.17624261869217553,-2.936089341098971,5.501017723175492e-16,30
1000,correlated_org,0.9,none,0.0,0,post_failure,iss,B6,B4,0.2063956379890442,0.4528993676106135,-0.24650372962156933,-0.2817851556713382,-0.21034502798070512,-2.4506724202867063,5.68317299215491e-14,30
1000,correlated_org,0.9,none,0.0,0,post_failure,knowledge_survival,B7,B2,0.3285333333333333,0.8417333333333334,-0.5132,-0.5182166666666668,-0.5079162500000001,-35.23869719585458,1.2167265553975299e-46,30
1000,correlated_org,0.9,none,0.0,0,post_failure,accuracy_macro,B7,B2,0.24331313674385446,0.5742060302510068,-0.3308928935071521,-0.3367850745491972,-0.3244714015925365,-18.91108663249708,8.171136142740149e-39,30
1000,correlated_org,0.9,none,0.0,0,post_failure,iss,B7,B2,0.2065318450331688,0.8929189344247183,-0.6863870893915495,-0.690207464993,-0.6827062036593755,-64.91620227935118,2.4766969007583483e-54,30
1000,correlated_org,0.9,none,0.0,0,post_failure,accuracy_macro,B7,B3Q,0.24331313674385446,0.25284931412076034,-0.009536177376905854,-0.015945227810172366,-0.0030582289284810365,-0.5254941660628342,0.007433446119880287,30
1000,correlated_region,0.1,none,0.0,0,post_failure,iss,B6,B2,0.8969840606053671,1.0,-0.10301593939463298,-0.10405604590972264,-0.10190095891555151,-34.43535960315609,2.37361703945973e-46,30
1000,correlated_region,0.1,none,0.0,0,post_failure,iss,B6,B4,0.8969840606053671,0.9931798795859019,-0.09619581898053488,-0.09843775947888692,-0.09378847420215607,-14.531472033726654,1.654617951653227e-35,30
1000,correlated_region,0.1,none,0.0,0,post_failure,iss,B7,B2,0.8969411154588064,1.0,-0.10305888454119365,-0.10433371777335804,-0.10183289910356204,-28.733855632029467,4.497347629731779e-44,30
1000,correlated_region,0.1,none,0.0,0,post_failure,knowledge_survival,B7,B3Q,0.9436166666666667,0.9639,-0.020283333333333337,-0.022016666666666664,-0.018550000000000007,-4.106990574022194,6.632721723468073e-20,30
1000,correlated_region,0.1,none,0.0,0,post_failure,accuracy_macro,B7,B3Q,0.8385956123970222,0.8946612983212817,-0.05606568592425951,-0.060885246771515,-0.051120386316127135,-4.020023611966123,1.1934893572810488e-19,30
1000,correlated_region,0.3,none,0.0,0,post_failure,knowledge_survival,B6,B2,0.8700666666666668,0.8762999999999999,-0.006233333333333331,-0.007749999999999983,-0.004783333333333336,-1.4480514376604399,9.536485200502818e-09,30
1000,correlated_region,0.3,none,0.0,0,post_failure,iss,B6,B2,0.8135463058948517,1.0,-0.1864536941051483,-0.187762793948253,-0.1851351637641589,-49.71452966465202,5.663838659527902e-51,30
1000,correlated_region,0.3,none,0.0,0,post_failure,iss,B6,B4,0.8135463058948517,0.9591135998566945,-0.14556729396184284,-0.15161434849103292,-0.13905600955088931,-8.154724295517266,2.720764235531831e-28,30
1000,correlated_region,0.3,none,0.0,0,post_failure,iss,B7,B2,0.8141799509525299,1.0,-0.1858200490474701,-0.18754382595419886,-0.1840213194489479,-37.311592622083744,2.3217247879291156e-47,30
1000,correlated_region,0.3,none,0.0,0,post_failure,knowledge_survival,B7,B3Q,0.9368166666666667,0.9544666666666668,-0.017649999999999978,-0.019483333333333297,-0.01591666666666665,-3.482119834394916,5.923165458394559e-18,30
1000,correlated_region,0.3,none,0.0,0,post_failure,accuracy_macro,B7,B3Q,0.8280326433853965,0.8798563120119485,-0.05182366862655208,-0.056197930532619844,-0.04763738661142194,-4.196517648407971,3.664863876755642e-20,30
1000,correlated_region,0.5,none,0.0,0,post_failure,knowledge_survival,B6,B2,0.8311833333333333,0.8764500000000001,-0.04526666666666668,-0.04768333333333334,-0.04296666666666669,-6.796653430443427,4.9061355886222494e-26,30
1000,correlated_region,0.5,none,0.0,0,post_failure,accuracy_macro,B6,B2,0.5839029265831222,0.6051538484347084,-0.021250921851586276,-0.02529422720289852,-0.017226233028136848,-1.8513558622841297,4.8067648541011283e-11,30
1000,correlated_region,0.5,none,0.0,0,post_failure,iss,B6,B2,0.6937710285186768,0.9999955356121063,-0.3062245070934296,-0.30860007027784986,-0.30381100669503214,-45.143082053940304,9.27845445928162e-50,30
1000,correlated_region,0.5,none,0.0,0,post_failure,knowledge_survival,B6,B4,0.8311833333333333,0.8407500000000001,-0.00956666666666669,-0.013516666666666692,-0.0055329166666666894,-0.8463955074304998,6.970888285667369e-05,30
1000,correlated_region,0.5,none,0.0,0,post_failure,iss,B6,B4,0.6937710285186768,0.8848493417104085,-0.19107831319173177,-0.20145753756165505,-0.17993070860703786,-6.230309137860532,5.791931733962159e-25,30
1000,correlated_region,0.5,none,0.0,0,post_failure,iss,B7,B2,0.6943741242090861,0.9999955356121063,-0.30562141140302024,-0.307806125630935,-0.30353264063596724,-50.44363132694214,3.713744505159857e-51,30
1000,correlated_region,0.5,none,0.0,0,post_failure,knowledge_survival,B7,B3Q,0.8929333333333334,0.9011833333333332,-0.008249999999999995,-0.011283333333333319,-0.005299999999999997,-0.9815111009265981,8.924614457592481e-06,30
1000,correlated_region,0.5,none,0.0,0,post_failure,accuracy_macro,B7,B3Q,0.7765553970592808,0.8134973150580084,-0.03694191799872772,-0.043356863465912235,-0.03054467577144805,-2.057491541697108,4.102532731786989e-12,30
1000,correlated_region,0.7,none,0.0,0,post_failure,knowledge_survival,B6,B2,0.6811499999999999,0.8761833333333333,-0.19503333333333336,-0.19846666666666668,-0.19155000000000003,-19.818610639592066,2.105754734546063e-39,30
1000,correlated_region,0.7,none,0.0,0,post_failure,accuracy_macro,B6,B2,0.45169568623538986,0.6056697385174854,-0.15397405228209562,-0.15789540042487424,-0.14991677683002655,-13.393083226342146,1.7426909097038956e-34,30
1000,correlated_region,0.7,none,0.0,0,post_failure,iss,B6,B2,0.5068967928489049,0.9980117360750834,-0.4911149432261785,-0.4945341924081246,-0.48762344499429067,-50.5863381359069,3.4217239458739625e-51,30
1000,correlated_region,0.7,none,0.0,0,post_failure,knowledge_survival,B6,B4,0.6811499999999999,0.7734666666666665,-0.09231666666666669,-0.10246666666666665,-0.0814666666666667,-3.0992841896757524,1.3259218015142582e-16,30
1000,correlated_region,0.7,none,0.0,0,post_failure,accuracy_macro,B6,B4,0.45169568623538986,0.501049665086643,-0.04935397885125312,-0.05976840695393592,-0.03820565915007916,-1.61959162709295,9.29371960806464e-10,30
1000,correlated_region,0.7,none,0.0,0,post_failure,iss,B6,B4,0.5068967928489049,0.7265904267628988,-0.21969363391399382,-0.2378523154805104,-0.19993010523418586,-4.140953220249173,5.2889443958041323e-20,30
1000,correlated_region,0.7,none,0.0,0,post_failure,knowledge_survival,B7,B2,0.7329833333333333,0.8761833333333333,-0.14320000000000002,-0.14731666666666665,-0.1389,-12.070246968254768,3.494946477139293e-33,30
1000,correlated_region,0.7,none,0.0,0,post_failure,iss,B7,B2,0.5088833431402843,0.9980117360750834,-0.4891283929347992,-0.4924463538577159,-0.4858225388576587,-51.92916534564798,1.6010229479776212e-51,30
1000,correlated_region,0.7,none,0.0,0,post_failure,accuracy_macro,B7,B3Q,0.6029341651737236,0.6166722128148782,-0.013738047641154582,-0.02065967823372507,-0.0063782250378181474,-0.6761036148469088,0.0008899079246070152,30
1000,correlated_region,0.9,none,0.0,0,post_failure,knowledge_survival,B6,B2,0.30515,0.8437833333333333,-0.5386333333333333,-0.5435170833333334,-0.5335666666666667,-38.05772143726303,1.307988840356764e-47,30
1000,correlated_region,0.9,none,0.0,0,post_failure,accuracy_macro,B6,B2,0.17978777149373626,0.5771379503516582,-0.3973501788579219,-0.4027063047076911,-0.3919865848684,-25.670018554691588,1.1781970495164616e-42,30
1000,correlated_region,0.9,none,0.0,0,post_failure,iss,B6,B2,0.20626948575178783,0.8937572399775188,-0.6874877542257309,-0.6905045161147912,-0.6842910871406396,-76.85043805793329,1.8568174463443627e-56,30
1000,correlated_region,0.9,none,0.0,0,post_failure,knowledge_survival,B6,B4,0.30515,0.6360666666666667,-0.33091666666666675,-0.35375041666666673,-0.30321583333333335,-4.6031733281670215,2.837740569901455e-21,30
1000,correlated_region,0.9,none,0.0,0,post_failure,accuracy_macro,B6,B4,0.17978777149373626,0.4051999900582534,-0.2254122185645172,-0.24326569334808582,-0.20435428078611173,-4.035251270358319,1.0759523680104944e-19,30
1000,correlated_region,0.9,none,0.0,0,post_failure,iss,B6,B4,0.20626948575178783,0.48795477946599325,-0.2816852937142054,-0.3077470378453533,-0.2506080892682076,-3.461734992697191,6.9372483040810915e-18,30
1000,correlated_region,0.9,none,0.0,0,post_failure,knowledge_survival,B7,B2,0.3267999999999999,0.8437833333333333,-0.5169833333333334,-0.5221666666666667,-0.5115495833333333,-34.78083378206907,1.777391718443252e-46,30
1000,correlated_region,0.9,none,0.0,0,post_failure,accuracy_macro,B7,B2,0.24061259784928907,0.5771379503516582,-0.33652535250236915,-0.3416045389469361,-0.33142222153580164,-23.238883547666955,2.1007266154859525e-41,30
1000,correlated_region,0.9,none,0.0,0,post_failure,iss,B7,B2,0.2056997244556745,0.8937572399775188,-0.6880575155218442,-0.6914216991389791,-0.6845258117839694,-69.67787138632411,3.180870786928376e-55,30
1000,correlated_region,0.9,none,0.0,0,post_failure,accuracy_macro,B7,B3Q,0.24061259784928907,0.25645646135330974,-0.015843863504020683,-0.021521811102222572,-0.010086586414617195,-0.9794081182318722,9.214526752172797e-06,30
1000,partition,0.0,none,0.0,2,after_reconnect,knowledge_survival,B6,B3,0.7630666666666667,0.7671999999999997,-0.0041333333333333335,-0.007300000000000006,-0.0009000000000000119,-0.4546882518052228,0.018734710299562345,30
1000,partition,0.0,none,0.0,2,after_reconnect,knowledge_survival,B6,B5,0.7630666666666667,0.7667833333333333,-0.003716666666666668,-0.0066833333333333415,-0.0006500000000000062,-0.4324729315075945,0.024725306182575433,30
1000,partition,0.0,none,0.0,2,after_reconnect,knowledge_survival,B6,B2,0.7630666666666667,0.7695333333333334,-0.006466666666666673,-0.009600000000000008,-0.0033333333333333288,-0.7338351246980686,0.0003795445231959842,30
1000,partition,0.0,none,0.0,2,after_reconnect,iss,B6,B2,0.9306057234605153,1.0,-0.06939427653948466,-0.07027439450224242,-0.0685427492360274,-28.6918869499715,4.691855539679182e-44,30
1000,partition,0.0,none,0.0,2,after_reconnect,knowledge_survival,B6,B4,0.7630666666666667,0.8162000000000001,-0.05313333333333333,-0.05789999999999998,-0.047683333333333335,-3.624108911318283,2.0130639971016245e-18,30
1000,partition,0.0,none,0.0,2,after_reconnect,accuracy_macro,B6,B4,0.4497248230208184,0.4791535983367081,-0.0294287753158897,-0.03457297752124011,-0.023307679784191408,-1.8631165601832396,4.159139231166828e-11,30
1000,partition,0.0,none,0.0,2,after_reconnect,iss,B6,B4,0.9306057234605153,1.0,-0.06939427653948466,-0.07027439450224242,-0.0685427492360274,-28.6918869499715,4.691855539679182e-44,30
1000,partition,0.0,none,0.0,2,after_reconnect,iss,B7,B2,0.9306057234605153,1.0,-0.06939427653948466,-0.07027439450224242,-0.0685427492360274,-28.6918869499715,4.691855539679182e-44,30
1000,partition,0.0,none,0.0,2,after_reconnect,knowledge_survival,B7,B3Q,0.8791166666666665,0.9207,-0.04158333333333334,-0.04478333333333333,-0.03858333333333335,-4.715644019902974,1.4504131966742482e-21,30
1000,partition,0.0,none,0.0,2,after_reconnect,accuracy_macro,B7,B3Q,0.7424188182313883,0.8325473267168513,-0.09012850848546276,-0.09631695463828467,-0.08396008916523212,-5.154993011936611,1.205431250890078e-22,30
1000,partition,0.0,none,0.0,2,during_partition,knowledge_survival,B6,B2,0.7408333333333335,0.7864666666666669,-0.04563333333333332,-0.04873333333333331,-0.04269999999999999,-5.275391084748785,6.310040139857998e-23,30
1000,partition,0.0,none,0.0,2,during_partition,accuracy_macro,B6,B2,0.44084328487868046,0.4592646467984032,-0.018421361919722698,-0.022795059382679114,-0.013885286838097692,-1.4702192082739471,7.013195734483246e-09,30
1000,partition,0.0,none,0.0,2,during_partition,iss,B6,B2,0.7139146665732066,0.9987999379634858,-0.28488527139027914,-0.29674301609396936,-0.2686686145762603,-7.174030733099389,1.054324462804322e-26,30
1000,partition,0.0,none,0.0,2,during_partition,knowledge_survival,B6,B4,0.7408333333333335,0.7655666666666667,-0.02473333333333332,-0.028500000000000004,-0.020933333333333307,-2.289681253060971,3.080232171961468e-13,30
1000,partition,0.0,none,0.0,2,during_partition,iss,B6,B4,0.7139146665732066,0.8760625700155894,-0.1621479034423828,-0.1698583040634791,-0.15402087092399597,-7.239836085640651,8.128460562780957e-27,30
1000,partition,0.0,none,0.0,2,during_partition,iss,B7,B2,0.7148991167545319,0.9987999379634858,-0.2839008212089539,-0.295674536973238,-0.2678213130931059,-7.186598580053787,1.0030496903586159e-26,30
1000,partition,0.0,none,0.0,2,during_partition,knowledge_survival,B7,B3Q,0.7989166666666665,0.8039499999999999,-0.005033333333333331,-0.007949999999999997,-0.0019666666666666574,-0.5845731019382758,0.0033028908057251543,30
1000,partition,0.0,none,0.0,2,during_partition,accuracy_macro,B7,B3Q,0.6407540847568165,0.6769770601386933,-0.036222975381876896,-0.04359906552706062,-0.028857214854421543,-1.7225775261812997,2.4282092988921705e-10,30
1000,partition,0.0,none,0.0,4,after_reconnect,knowledge_survival,B6,B3,0.6804333333333332,0.6836166666666664,-0.0031833333333333345,-0.004717083333333346,-0.0015500000000000069,-0.7044199327065636,0.0005870403231899937,30
1000,partition,0.0,none,0.0,4,after_reconnect,knowledge_survival,B6,B5,0.6804333333333332,0.6835,-0.0030666666666666767,-0.005000416666666685,-0.001200000000000016,-0.5732728989092581,0.0038666889230210915,30
1000,partition,0.0,none,0.0,4,after_reconnect,iss,B6,B2,0.9306057234605153,1.0,-0.06939427653948466,-0.07027439450224242,-0.0685427492360274,-28.6918869499715,4.691855539679182e-44,30
1000,partition,0.0,none,0.0,4,after_reconnect,knowledge_survival,B6,B4,0.6804333333333332,0.7647166666666665,-0.08428333333333334,-0.08875041666666665,-0.07973291666666665,-6.59228355709342,1.1678779880855503e-25,30
1000,partition,0.0,none,0.0,4,after_reconnect,accuracy_macro,B6,B4,0.3849228489878402,0.4358580990187358,-0.05093525003089551,-0.05487180012153776,-0.04696401397426121,-4.537046895037025,4.2404086201815964e-21,30
1000,partition,0.0,none,0.0,4,after_reconnect,iss,B6,B4,0.9306057234605153,1.0,-0.06939427653948466,-0.07027439450224242,-0.0685427492360274,-28.6918869499715,4.691855539679182e-44,30
1000,partition,0.0,none,0.0,4,after_reconnect,iss,B7,B2,0.9306057234605153,1.0,-0.06939427653948466,-0.07027439450224242,-0.0685427492360274,-28.6918869499715,4.691855539679182e-44,30
1000,partition,0.0,none,0.0,4,after_reconnect,knowledge_survival,B7,B3Q,0.8336,0.8859333333333335,-0.05233333333333331,-0.0548333333333333,-0.049766666666666626,-7.179977006303604,1.029735090996284e-26,30
1000,partition,0.0,none,0.0,4,after_reconnect,accuracy_macro,B7,B3Q,0.6997014380543317,0.7998506292352218,-0.10014919118089004,-0.10493134908043791,-0.09530176957849172,-7.293296811536525,6.591147064939323e-27,30
1000,partition,0.0,none,0.0,4,during_partition,knowledge_survival,B6,B2,0.55925,0.7371500000000001,-0.1779,-0.1864,-0.16920000000000004,-7.24916801217524,7.835536515704407e-27,30
1000,partition,0.0,none,0.0,4,during_partition,accuracy_macro,B6,B2,0.3033216983648142,0.4164067396262527,-0.11308504126143841,-0.11914046427988312,-0.10652551339870843,-6.257759054466907,5.1138958896586325e-25,30
1000,partition,0.0,none,0.0,4,during_partition,iss,B6,B2,0.5031180004278819,0.9841175814469655,-0.48099958101908363,-0.4954919015864531,-0.4661003137131532,-11.5499688229183,1.243558566267833e-32,30
1000,partition,0.0,none,0.0,4,during_partition,knowledge_survival,B6,B4,0.55925,0.6817500000000002,-0.12249999999999998,-0.12951666666666664,-0.11541666666666665,-5.983285716322242,1.8192068446967615e-24,30
1000,partition,0.0,none,0.0,4,during_partition,accuracy_macro,B6,B4,0.3033216983648142,0.38104740249819585,-0.07772570413338162,-0.08395646209406858,-0.07107137838165746,-4.209380030396659,3.3686037595101586e-20,30
1000,partition,0.0,none,0.0,4,during_partition,iss,B6,B4,0.5031180004278819,0.7153130729993185,-0.21219507257143658,-0.21980090270439784,-0.20471118395527205,-9.910638013350614,1.0159665683266089e-30,30
1000,partition,0.0,none,0.0,4,during_partition,knowledge_survival,B7,B2,0.6027166666666665,0.7371500000000001,-0.13443333333333338,-0.14241666666666666,-0.1262666666666667,-5.833177450145722,3.7285231892993306e-24,30
1000,partition,0.0,none,0.0,4,during_partition,iss,B7,B2,0.5020864943663279,0.9841175814469655,-0.48203108708063763,-0.4961679038157066,-0.4672740823527177,-11.667284323926731,9.295300656523945e-33,30
1000,partition,0.0,none,0.0,4,during_partition,accuracy_macro,B7,B3Q,0.4507569426421469,0.4677194434642836,-0.01696250082213673,-0.023642103175504022,-0.010533796729909794,-0.8955456909094992,3.3021669265244306e-05,30
1000,random,0.0,none,0.0,0,post_failure,knowledge_survival,B6,B3,0.8759333333333333,0.8779,-0.0019666666666666574,-0.0035166666666666493,-0.0004833333333333318,-0.4600504698250546,0.01750439128024438,30
1000,random,0.0,none,0.0,0,post_failure,iss,B6,B2,0.9306057234605153,1.0,-0.06939427653948466,-0.07027439450224242,-0.0685427492360274,-28.6918869499715,4.691855539679182e-44,30
1000,random,0.0,none,0.0,0,post_failure,knowledge_survival,B6,B4,0.8759333333333333,0.87755,-0.0016166666666666588,-0.0029999999999999953,-0.0002166666666666502,-0.40821537855519086,0.03321975290591653,30
1000,random,0.0,none,0.0,0,post_failure,iss,B6,B4,0.9306057234605153,1.0,-0.06939427653948466,-0.07027439450224242,-0.0685427492360274,-28.6918869499715,4.691855539679182e-44,30
1000,random,0.0,none,0.0,0,post_failure,iss,B7,B2,0.9306057234605153,1.0,-0.06939427653948466,-0.07027439450224242,-0.0685427492360274,-28.6918869499715,4.691855539679182e-44,30
1000,random,0.0,none,0.0,0,post_failure,knowledge_survival,B7,B3Q,0.9443333333333332,0.9644833333333334,-0.020150000000000026,-0.021883333333333355,-0.0184666666666667,-4.17790853948433,4.141910137595761e-20,30
1000,random,0.0,none,0.0,0,post_failure,accuracy_macro,B7,B3Q,0.8052162883907025,0.8730098324753051,-0.06779354408460274,-0.07313159650942233,-0.06245516727743569,-4.446777994410673,7.401391418130134e-21,30
1000,random,0.1,none,0.0,0,post_failure,iss,B6,B2,0.8968077699343363,1.0,-0.10319223006566365,-0.10429254735509555,-0.10211693247159322,-33.37837177437085,5.857820674966195e-46,30
1000,random,0.1,none,0.0,0,post_failure,iss,B6,B4,0.8968077699343363,0.9997531374295553,-0.10294536749521892,-0.10405462955435117,-0.10188429300983748,-33.2071922162745,6.798893226767306e-46,30
1000,random,0.1,none,0.0,0,post_failure,iss,B7,B2,0.8974015653133393,1.0,-0.10259843468666077,-0.10368802413344383,-0.10158757756153743,-34.452612190478234,2.3394144289984672e-46,30
1000,random,0.1,none,0.0,0,post_failure,knowledge_survival,B7,B3Q,0.9432666666666668,0.9635166666666666,-0.02025000000000001,-0.021750000000000002,-0.01881666666666669,-4.88479004819025,5.431923754352003e-22,30
1000,random,0.1,none,0.0,0,post_failure,accuracy_macro,B7,B3Q,0.8378529948098826,0.8936174650506085,-0.055764470240725936,-0.05976097392605817,-0.05187361159713127,-4.939248116737355,3.985899350276678e-22,30
1000,random,0.3,node_coordinated,0.01,0,post_failure,knowledge_survival,B6,B3,0.8651833333333333,0.86725,-0.0020666666666666724,-0.00396666666666667,-0.00011666666666667602,-0.3771321871986618,0.04790077091738641,30
1000,random,0.3,node_coordinated,0.01,0,post_failure,knowledge_survival,B6,B2,0.8651833333333333,0.8763666666666664,-0.011183333333333323,-0.012966666666666649,-0.009482916666666646,-2.202391275088444,7.97765136549563e-13,30
1000,random,0.3,node_coordinated,0.01,0,post_failure,iss,B6,B2,0.8117585043112437,1.0,-0.1882414956887563,-0.18975308110316597,-0.1867090510825316,-43.62075752822298,2.507913421213304e-49,30
1000,random,0.3,node_coordinated,0.01,0,post_failure,knowledge_survival,B6,B4,0.8651833333333333,0.8743500000000001,-0.009166666666666667,-0.01093333333333334,-0.007399583333333328,-1.804123192226024,8.641682982224569e-11,30
1000,random,0.3,node_coordinated,0.01,0,post_failure,iss,B6,B4,0.8117585043112437,0.9938315192858378,-0.1820730149745941,-0.18381213535865149,-0.1803420995672544,-37.29272375981856,2.3560107052886675e-47,30
1000,random,0.3,node_coordinated,0.01,0,post_failure,iss,B7,B2,0.8116470595200856,1.0,-0.18835294047991435,-0.190218559751908,-0.1864290429651737,-34.96025248462346,1.5311946147593464e-46,30
1000,random,0.3,node_coordinated,0.01,0,post_failure,knowledge_survival,B7,B3Q,0.9275333333333333,0.9450666666666667,-0.0175333333333333,-0.019883333333333312,-0.015283333333333309,-2.6960976243506014,5.025624692022189e-15,30
1000,random,0.3,node_coordinated,0.01,0,post_failure,accuracy_macro,B7,B3Q,0.8166195237330911,0.867196050472943,-0.05057652673985224,-0.05654628796444721,-0.044507775746525105,-3.0056175158708807,2.977449794495971e-16,30
1000,random,0.3,node_coordinated,0.05,0,post_failure,knowledge_survival,B6,B2,0.8506666666666668,0.8757,-0.02503333333333333,-0.027466666666666664,-0.022483333333333324,-3.5525603291706545,3.451555533072989e-18,30
1000,random,0.3,node_coordinated,0.05,0,post_failure,accuracy_macro,B6,B2,0.598611698809063,0.6034950627410854,-0.004883363932022466,-0.009172069632384178,-0.00029374788237184754,-0.3881404213971518,0.04214721164488455,30
1000,random,0.3,node_coordinated,0.05,0,post_failure,iss,B6,B2,0.811425918340683,1.0,-0.18857408165931702,-0.19056383222341539,-0.1866390321155389,-33.74533108607376,4.267195270293583e-46,30
1000,random,0.3,node_coordinated,0.05,0,post_failure,knowledge_survival,B6,B4,0.8506666666666668,0.8699499999999999,-0.019283333333333326,-0.021150000000000002,-0.017249999999999995,-3.4959298817359,5.3241771956984904e-18,30
1000,random,0.3,node_coordinated,0.05,0,post_failure,iss,B6,B4,0.811425918340683,0.9942857782046001,-0.18285985986391703,-0.18502485007047653,-0.18067590723435084,-29.815831974812117,1.5414397589014555e-44,30
1000,random,0.3,node_coordinated,0.05,0,post_failure,iss,B7,B2,0.8104675968488058,1.0,-0.18953240315119427,-0.19154164453347525,-0.1876223714649677,-33.703793876360905,4.42223652709974e-46,30
1000,random,0.3,node_coordinated,0.05,0,post_failure,knowledge_survival,B7,B3Q,0.8980333333333336,0.9077166666666666,-0.009683333333333332,-0.011966666666666662,-0.007416666666666664,-1.4765514196307763,6.425989789735053e-09,30
1000,random,0.3,node_coordinated,0.05,0,post_failure,accuracy_macro,B7,B3Q,0.7787816076307889,0.8163596228699952,-0.037578015239206335,-0.043252109230136754,-0.03248208927392029,-2.445388922044716,5.99954493438402e-14,30
1000,random,0.3,node_coordinated,0.1,0,post_failure,knowledge_survival,B6,B2,0.8228166666666664,0.8732166666666666,-0.05040000000000003,-0.05340000000000001,-0.047266666666666686,-5.899988706961566,2.7033087201333635e-24,30
1000,random,0.3,node_coordinated,0.1,0,post_failure,accuracy_macro,B6,B2,0.5720251911856654,0.6008039762140351,-0.028778785028369704,-0.03225806290781154,-0.025205766731677105,-2.896794319247945,7.823042461933883e-16,30
1000,random,0.3,node_coordinated,0.1,0,post_failure,iss,B6,B2,0.8109835306803386,1.0,-0.18901646931966146,-0.19057989105582235,-0.18743006681402524,-42.65353716570791,4.803712381668705e-49,30
1000,random,0.3,node_coordinated,0.1,0,post_failure,knowledge_survival,B6,B4,0.8228166666666664,0.8611833333333334,-0.0383666666666667,-0.04145000000000002,-0.03513333333333337,-4.313795135696306,1.7137506136586384e-20,30
1000,random,0.3,node_coordinated,0.1,0,post_failure,accuracy_macro,B6,B4,0.5720251911856654,0.5813782900135335,-0.009353098827867867,-0.013074547262975944,-0.005531705728655363,-0.8674768933269091,5.060881892273383e-05,30
1000,random,0.3,node_coordinated,0.1,0,post_failure,iss,B6,B4,0.8109835306803386,0.9936080714066823,-0.1826245407263438,-0.18424402932325998,-0.18104915981491407,-40.13997229623314,2.7933189889584384e-48,30
1000,random,0.3,node_coordinated,0.1,0,post_failure,knowledge_survival,B7,B2,0.8494333333333334,0.8732166666666666,-0.023783333333333323,-0.029483333333333313,-0.01814875000000001,-1.4927204593185603,5.143691626865146e-09,30
1000,random,0.3,node_coordinated,0.1,0,post_failure,iss,B7,B2,0.8109563410282135,1.0,-0.1890436589717865,-0.19117427080869676,-0.18684504906336466,-31.13194524646135,4.410156369784111e-45,30
1000,random,0.3,node_coordinated,0.1,0,post_failure,knowledge_survival,B7,B3Q,0.8494333333333334,0.8536166666666668,-0.004183333333333335,-0.007950000000000006,-0.0005662499999999961,-0.39680308117255797,0.03806083370859396,30
1000,random,0.3,node_coordinated,0.1,0,post_failure,accuracy_macro,B7,B3Q,0.7183418416624191,0.7512361464692053,-0.032894304806786116,-0.04067581890546994,-0.02521190359581263,-1.492182492859951,5.1818405243559445e-09,30
1000,random,0.3,node_coordinated,0.2,0,post_failure,knowledge_survival,B6,B2,0.7510833333333333,0.8486333333333335,-0.09755000000000001,-0.1004,-0.09485000000000003,-12.241081129598655,2.3310361276841508e-33,30
1000,random,0.3,node_coordinated,0.2,0,post_failure,accuracy_macro,B6,B2,0.508558689711657,0.5773143541476173,-0.06875566443596043,-0.07294494598974842,-0.06461228207073323,-5.714144563682231,6.66988916162661e-24,30
1000,random,0.3,node_coordinated,0.2,0,post_failure,iss,B6,B2,0.8102365374565125,1.0,-0.18976346254348755,-0.19134903694192568,-0.18826575244466465,-42.7929951290991,4.3700531787674115e-49,30
1000,random,0.3,node_coordinated,0.2,0,post_failure,knowledge_survival,B6,B4,0.7510833333333333,0.8197999999999998,-0.06871666666666663,-0.07219999999999996,-0.06503333333333332,-6.63577946769166,9.689572504184163e-26,30
1000,random,0.3,node_coordinated,0.2,0,post_failure,accuracy_macro,B6,B4,0.508558689711657,0.5386223362344457,-0.03006364652278882,-0.03546787600506072,-0.024780845961095997,-1.9419506480139839,1.59817282883296e-11,30
1000,random,0.3,node_coordinated,0.2,0,post_failure,iss,B6,B4,0.8102365374565125,0.9940904239813487,-0.18385388652483622,-0.18569771870970725,-0.18210783208409947,-35.5495935390379,9.432926744164213e-47,30
1000,random,0.3,node_coordinated,0.2,0,post_failure,knowledge_survival,B7,B6,0.7348833333333334,0.7510833333333333,-0.016200000000000006,-0.02196666666666665,-0.010265833333333347,-0.9801715137255418,9.108209867581001e-06,30
1000,random,0.3,node_coordinated,0.2,0,post_failure,knowledge_survival,B7,B2,0.7348833333333334,0.8486333333333335,-0.11375000000000002,-0.12003375000000004,-0.10745000000000003,-6.339421551963152,3.541752240032409e-25,30
1000,random,0.3,node_coordinated,0.2,0,post_failure,iss,B7,B2,0.811248912413915,1.0,-0.188751087586085,-0.19064746702710786,-0.18680651371677717,-34.78381304200087,1.7729855974701814e-46,30
1000,random,0.3,node_coordinated,0.2,0,post_failure,accuracy_macro,B7,B3Q,0.5886144952150444,0.602728864523569,-0.014114369308524714,-0.020872076129533585,-0.007415670924598346,-0.7406677890163716,0.00034280523607489944,30
1000,random,0.3,node_uncoordinated,0.01,0,post_failure,knowledge_survival,B6,B2,0.8661333333333333,0.8774000000000001,-0.011266666666666647,-0.013449999999999978,-0.009166666666666653,-1.8110359213094545,7.926488151111816e-11,30
1000,random,0.3,node_uncoordinated,0.01,0,post_failure,iss,B6,B2,0.8101114809513092,1.0,-0.1898885190486908,-0.19168831447760265,-0.18809165572126704,-36.513037722208885,4.3461285669334044e-47,30
1000,random,0.3,node_uncoordinated,0.01,0,post_failure,knowledge_survival,B6,B4,0.8661333333333333,0.8738666666666667,-0.007733333333333318,-0.009799999999999991,-0.005666666666666642,-1.284365488253969,9.759104079324018e-08,30
1000,random,0.3,node_uncoordinated,0.01,0,post_failure,iss,B6,B4,0.8101114809513092,0.9942573209603628,-0.18414584000905354,-0.18608791703979174,-0.18222466051578523,-33.428964230537446,5.606303906777772e-46,30
1000,random,0.3,node_uncoordinated,0.01,0,post_failure,iss,B7,B2,0.8097451448440551,1.0,-0.1902548551559448,-0.19216954146822293,-0.18827817673484484,-34.58999142823707,2.084614778047594e-46,30
1000,random,0.3,node_uncoordinated,0.01,0,post_failure,knowledge_survival,B7,B3Q,0.9279333333333333,0.9462166666666666,-0.01828333333333331,-0.020166666666666642,-0.016483333333333308,-3.5393891976783745,3.81560553751765e-18,30
1000,random,0.3,node_uncoordinated,0.01,0,post_failure,accuracy_macro,B7,B3Q,0.8164459575354246,0.8686810398007107,-0.05223508226528604,-0.05652950482490515,-0.047851108025340476,-4.286846490406626,2.037412091824651e-20,30
1000,random,0.3,node_uncoordinated,0.05,0,post_failure,knowledge_survival,B6,B2,0.8511833333333333,0.8760833333333334,-0.024899999999999978,-0.027616666666666644,-0.0221995833333333,-3.2396218032312096,4.0943659981784024e-17,30
1000,random,0.3,node_uncoordinated,0.05,0,post_failure,iss,B6,B2,0.8097258706887563,1.0,-0.19027412931124368,-0.19202845732371013,-0.18859420279661815,-39.32898635401351,5.047001386539382e-48,30
1000,random,0.3,node_uncoordinated,0.05,0,post_failure,knowledge_survival,B6,B4,0.8511833333333333,0.8703666666666664,-0.019183333333333327,-0.021483333333333333,-0.016783333333333334,-2.882140628209114,8.929608462466439e-16,30
1000,random,0.3,node_uncoordinated,0.05,0,post_failure,iss,B6,B4,0.8097258706887563,0.9938609838485718,-0.18413511315981548,-0.18592194929718972,-0.18241353780031205,-37.38395134242153,2.194957096199825e-47,30
1000,random,0.3,node_uncoordinated,0.05,0,post_failure,iss,B7,B2,0.8088398118813832,1.0,-0.19116018811861674,-0.1930291511118412,-0.1893839412430922,-36.852864073121616,3.3228330448604216e-47,30
1000,random,0.3,node_uncoordinated,0.05,0,post_failure,knowledge_survival,B7,B3Q,0.8985499999999998,0.9074833333333335,-0.008933333333333333,-0.011750000000000009,-0.006183333333333337,-1.1276978516533291,9.821417724921244e-07,30
1000,random,0.3,node_uncoordinated,0.05,0,post_failure,accuracy_macro,B7,B3Q,0.7785062747902334,0.8156558487233644,-0.03714957393313091,-0.04393152203219995,-0.030790087934803697,-1.991321595937381,8.884978391284381e-12,30
1000,random,0.3,node_uncoordinated,0.1,0,post_failure,knowledge_survival,B6,B2,0.8303166666666668,0.8753,-0.04498333333333335,-0.04770000000000001,-0.04228333333333333,-5.823676603245834,3.9040673973830205e-24,30
1000,random,0.3,node_uncoordinated,0.1,0,post_failure,accuracy_macro,B6,B2,0.5788876091844583,0.603053575067481,-0.024165965883022677,-0.02770644001543716,-0.020477061896857635,-2.3255368064243673,2.098917907843248e-13,30
1000,random,0.3,node_uncoordinated,0.1,0,post_failure,iss,B6,B2,0.8115737160046895,1.0,-0.18842628399531047,-0.18978100766738254,-0.18703812311093013,-48.03808910470888,1.5309902142068184e-50,30
1000,random,0.3,node_uncoordinated,0.1,0,post_failure,knowledge_survival,B6,B4,0.8303166666666668,0.8653666666666666,-0.035050000000000026,-0.037450416666666694,-0.03264958333333336,-5.135841242782743,1.337896413176424e-22,30
1000,random,0.3,node_uncoordinated,0.1,0,post_failure,accuracy_macro,B6,B4,0.5788876091844583,0.5845680579018478,-0.005680448717389378,-0.00941497375620644,-0.0021482603946090324,-0.5461635486429504,0.005617555935652927,30
1000,random,0.3,node_uncoordinated,0.1,0,post_failure,iss,B6,B4,0.8115737160046895,0.993788892030716,-0.1822151760260264,-0.1837756562232971,-0.18065954004724818,-40.75508109729198,1.797603470081356e-48,30
1000,random,0.3,node_uncoordinated,0.1,0,post_failure,knowledge_survival,B7,B2,0.85875,0.8753,-0.01655,-0.020350000000000004,-0.012483333333333343,-1.4902435729581243,5.321747660627573e-09,30
1000,random,0.3,node_uncoordinated,0.1,0,post_failure,iss,B7,B2,0.8110433181126913,1.0,-0.18895668188730877,-0.1910264790058136,-0.18701830287774404,-33.68666659559785,4.4878517300092374e-46,30
1000,random,0.3,node_uncoordinated,0.1,0,post_failure,accuracy_macro,B7,B3Q,0.7300193681011063,0.7590197599987225,-0.02900039189761621,-0.033864172443973994,-0.023854260597114613,-2.011579030383437,7.001241896856925e-12,30
1000,random,0.3,node_uncoordinated,0.2,0,post_failure,knowledge_survival,B6,B2,0.7698333333333333,0.8721500000000001,-0.10231666666666665,-0.10571666666666668,-0.09898333333333335,-10.664768537204838,1.234078418732623e-31,30
1000,random,0.3,node_uncoordinated,0.2,0,post_failure,accuracy_macro,B6,B2,0.5247903653832154,0.6013491111435391,-0.07655874576032348,-0.08147923309560344,-0.07167262291730503,-5.527735925715092,1.6975636250284735e-23,30
1000,random,0.3,node_uncoordinated,0.2,0,post_failure,iss,B6,B2,0.811377094189326,1.0,-0.18862290581067404,-0.19074067056179048,-0.18652742971976596,-32.02728840596943,1.939479919411517e-45,30
1000,random,0.3,node_uncoordinated,0.2,0,post_failure,knowledge_survival,B6,B4,0.7698333333333333,0.8470166666666668,-0.07718333333333334,-0.08136666666666668,-0.0732,-6.636748419647153,9.649480419573942e-26,30
1000,random,0.3,node_uncoordinated,0.2,0,post_failure,accuracy_macro,B6,B4,0.5247903653832154,0.5643955123482958,-0.039605146965080204,-0.04579845871183313,-0.03356353734586801,-2.268343138442432,3.8778599992263985e-13,30
1000,random,0.3,node_uncoordinated,0.2,0,post_failure,iss,B6,B4,0.811377094189326,0.9937531451384226,-0.18237605094909667,-0.18468908682465554,-0.18010148932536443,-28.249982026790295,7.355401607200812e-44,30
1000,random,0.3,node_uncoordinated,0.2,0,post_failure,knowledge_survival,B7,B6,0.7596666666666666,0.7698333333333333,-0.010166666666666654,-0.014566666666666643,-0.005449999999999988,-0.7810823697610139,0.00018710787329790144,30
1000,random,0.3,node_uncoordinated,0.2,0,post_failure,knowledge_survival,B7,B2,0.7596666666666666,0.8721500000000001,-0.11248333333333332,-0.1172333333333333,-0.10723333333333335,-7.832012106034218,8.627663227066231e-28,30
1000,random,0.3,node_uncoordinated,0.2,0,post_failure,iss,B7,B2,0.8108138144016266,1.0,-0.1891861855983734,-0.19076189239819843,-0.18761998802423477,-42.2342990043435,6.396104068870368e-49,30
1000,random,0.3,node_uncoordinated,0.2,0,post_failure,accuracy_macro,B7,B3Q,0.6155839623043715,0.6229262681673217,-0.007342305862950112,-0.013981201321158196,-0.0007264910163074495,-0.39024769129993264,0.041118719587169346,30
1000,random,0.3,none,0.0,0,post_failure,knowledge_survival,B6,B2,0.8689166666666667,0.8764833333333333,-0.007566666666666658,-0.00916666666666665,-0.005916666666666663,-1.669279483991194,4.838176855565452e-10,30
1000,random,0.3,none,0.0,0,post_failure,iss,B6,B2,0.8108271956443787,1.0,-0.18917280435562134,-0.19105115955074628,-0.18716926445563634,-34.23614745634453,2.8081804553057047e-46,30
1000,random,0.3,none,0.0,0,post_failure,knowledge_survival,B6,B4,0.8689166666666667,0.87515,-0.006233333333333324,-0.007816666666666654,-0.004650000000000002,-1.4186558234748456,1.4375807100021206e-08,30
1000,random,0.3,none,0.0,0,post_failure,iss,B6,B4,0.8108271956443787,0.99339333375295,-0.18256613810857136,-0.18458395207921663,-0.1804656681915124,-31.443253619106645,3.305660356197311e-45,30
1000,random,0.3,none,0.0,0,post_failure,iss,B7,B2,0.8112508614857992,1.0,-0.18874913851420086,-0.1907513764500618,-0.18668028647700946,-33.05998550609236,7.732964219253739e-46,30
1000,random,0.3,none,0.0,0,post_failure,knowledge_survival,B7,B3Q,0.9346333333333333,0.9533333333333331,-0.018699999999999984,-0.020683333333333317,-0.016766666666666655,-3.318623239916575,2.152646363922086e-17,30
1000,random,0.3,none,0.0,0,post_failure,accuracy_macro,B7,B3Q,0.826599756758262,0.8783981659979497,-0.051798409239687655,-0.05708741773475276,-0.046589073705869476,-3.4328604177502737,8.689579941198968e-18,30
1000,random,0.3,root,0.01,0,post_failure,knowledge_survival,B6,B2,0.8615166666666666,0.8692333333333333,-0.007716666666666657,-0.009533333333333322,-0.005883333333333322,-1.481443404383332,6.0068594075882624e-09,30
1000,random,0.3,root,0.01,0,post_failure,iss,B6,B2,0.8122353474299113,1.0,-0.1877646525700887,-0.18947838962078095,-0.18607044865687689,-39.49688495740718,4.4608031046783325e-48,30
1000,random,0.3,root,0.01,0,post_failure,knowledge_survival,B6,B4,0.8615166666666666,0.8670666666666667,-0.005549999999999985,-0.007449999999999975,-0.003649999999999979,-1.0250329284878432,4.610078618759497e-06,30
1000,random,0.3,root,0.01,0,post_failure,iss,B6,B4,0.8122353474299113,0.9936584015687306,-0.18142305413881937,-0.18347693219780922,-0.17936312779784205,-31.37476062395341,3.521250195337387e-45,30
1000,random,0.3,root,0.01,0,post_failure,iss,B7,B6,0.8102693935235341,0.8122353474299113,-0.0019659539063771564,-0.003629040469725927,-0.0003783498704433453,-0.43098646131367324,0.025182717009816776,30
1000,random,0.3,root,0.01,0,post_failure,iss,B7,B2,0.8102693935235341,1.0,-0.18973060647646586,-0.19128635987639428,-0.18820072775085767,-43.51616842685519,2.6886342315137076e-49,30
1000,random,0.3,root,0.01,0,post_failure,knowledge_survival,B7,B3Q,0.9274666666666664,0.9440999999999999,-0.016633333333333302,-0.018633333333333314,-0.01464999999999997,-2.9208320551882023,6.304151149582574e-16,30
1000,random,0.3,root,0.01,0,post_failure,accuracy_macro,B7,B3Q,0.8191778201106619,0.8661775810237202,-0.04699976091305828,-0.05206766406189079,-0.04188725424803849,-3.2586610131259044,3.5024964342654e-17,30
1000,random,0.3,root,0.05,0,post_failure,knowledge_survival,B6,B2,0.83325,0.8401666666666666,-0.006916666666666679,-0.008933333333333333,-0.004933333333333353,-1.221034494881338,2.46018438647067e-07,30
1000,random,0.3,root,0.05,0,post_failure,iss,B6,B2,0.8096694111824035,1.0,-0.19033058881759643,-0.19251315131783486,-0.18808123245835304,-30.50523356495907,7.949267866369865e-45,30
1000,random,0.3,root,0.05,0,post_failure,knowledge_survival,B6,B4,0.83325,0.8382666666666666,-0.005016666666666677,-0.007250416666666692,-0.0026999999999999984,-0.7882120277213407,0.00016806692374179603,30
1000,random,0.3,root,0.05,0,post_failure,iss,B6,B4,0.8096694111824035,0.9939724504947662,-0.18430303931236267,-0.1865723308424155,-0.18196229736010233,-28.601606745924702,5.140331832803662e-44,30
1000,random,0.3,root,0.05,0,post_failure,iss,B7,B2,0.8102092782656352,1.0,-0.18979072173436481,-0.1914150527616342,-0.18809591645995774,-39.8051832750416,3.560775431012726e-48,30
1000,random,0.3,root,0.05,0,post_failure,knowledge_survival,B7,B3Q,0.89745,0.9099166666666666,-0.012466666666666685,-0.014950000000000008,-0.009950000000000011,-1.7492540456273167,1.726868191716617e-10,30
1000,random,0.3,root,0.05,0,post_failure,accuracy_macro,B7,B3Q,0.7812298968942236,0.825009704428506,-0.043779807534282365,-0.04854950473547393,-0.03939231866082099,-3.3153507304043974,2.210176796848629e-17,30
1000,random,0.3,root,0.1,0,post_failure,knowledge_survival,B6,B2,0.7964166666666668,0.80035,-0.003933333333333336,-0.006566666666666676,-0.0012666666666666716,-0.5184225486918621,0.008172926173680524,30
1000,random,0.3,root,0.1,0,post_failure,iss,B6,B2,0.8104101777076721,1.0,-0.18958982229232788,-0.19113134910662968,-0.1879954487582048,-42.55437663906648,5.1389648523011085e-49,30
1000,random,0.3,root,0.1,0,post_failure,iss,B6,B4,0.8104101777076721,0.9932365496953328,-0.18282637198766072,-0.18452066550652185,-0.18114524016777675,-38.16735120798329,1.2033707367225459e-47,30
1000,random,0.3,root,0.1,0,post_failure,iss,B7,B2,0.810674254099528,1.0,-0.189325745900472,-0.19125651250282924,-0.18745710745453834,-34.87270195833262,1.6465923353185892e-46,30
1000,random,0.3,root,0.1,0,post_failure,knowledge_survival,B7,B3Q,0.8570333333333334,0.8626833333333332,-0.005649999999999996,-0.008816666666666665,-0.0025000000000000135,-0.6289738045027299,0.0017608161651233203,30
1000,random,0.3,root,0.1,0,post_failure,accuracy_macro,B7,B3Q,0.7364447539953178,0.7713574709290166,-0.034912716933698816,-0.03925149174869428,-0.03058559061318321,-2.7822744191752142,2.232115203998002e-15,30
1000,random,0.3,root,0.2,0,post_failure,iss,B6,B2,0.8119683583577474,1.0,-0.1880316416422526,-0.1897679225107034,-0.1863195996483167,-38.24975290003601,1.1304596675561274e-47,30
1000,random,0.3,root,0.2,0,post_failure,knowledge_survival,B6,B4,0.7162666666666666,0.7207,-0.004433333333333337,-0.00696666666666668,-0.001850000000000018,-0.6015040546778404,0.002603110334564621,30
1000,random,0.3,root,0.2,0,post_failure,iss,B6,B4,0.8119683583577474,0.9941185712814331,-0.18215021292368572,-0.18398669645190238,-0.18032881354292235,-34.982032282397014,1.5038086934948161e-46,30
1000,random,0.3,root,0.2,0,post_failure,iss,B7,B2,0.8102940658728282,1.0,-0.18970593412717182,-0.19167109340429306,-0.18771045794089636,-34.249286289152124,2.7771310585203278e-46,30
1000,random,0.3,root,0.2,0,post_failure,accuracy_macro,B7,B3Q,0.6401792449828227,0.6715706882892767,-0.031391443306453895,-0.03691466680536478,-0.026164033389424707,-2.051415701087747,4.40128243385769e-12,30
1000,random,0.5,none,0.0,0,post_failure,knowledge_survival,B6,B2,0.8203833333333335,0.8763666666666665,-0.055983333333333336,-0.05870000000000001,-0.053433333333333326,-7.475929726042542,3.256227170556125e-27,30
1000,random,0.5,none,0.0,0,post_failure,accuracy_macro,B6,B2,0.5726954125602597,0.6045781354156545,-0.03188272285539487,-0.03652748036773623,-0.027316507610933564,-2.4151854869454557,8.19090290341773e-14,30
1000,random,0.5,none,0.0,0,post_failure,iss,B6,B2,0.6870684842268626,0.9999726196130116,-0.3129041353861491,-0.31541926999886827,-0.3102885919312636,-42.72632154098044,4.572091296287504e-49,30
1000,random,0.5,none,0.0,0,post_failure,knowledge_survival,B6,B4,0.8203833333333335,0.8641000000000001,-0.043716666666666695,-0.04621666666666668,-0.04140000000000003,-6.377101621437489,2.994108796961522e-25,30
1000,random,0.5,none,0.0,0,post_failure,accuracy_macro,B6,B4,0.5726954125602597,0.5861943649772487,-0.013498952416989092,-0.01770278600900186,-0.00946944930249265,-1.1454489402483257,7.534551151478984e-07,30
1000,random,0.5,none,0.0,0,post_failure,iss,B6,B4,0.6870684842268626,0.960270102818807,-0.27320161859194436,-0.27605035305023196,-0.2702404197553794,-32.76821449535287,9.99761076938919e-46,30
1000,random,0.5,none,0.0,0,post_failure,iss,B7,B2,0.6875151892503103,0.9999726196130116,-0.3124574303627014,-0.3157249680658182,-0.3092716083923976,-34.38320111409369,2.480200077314766e-46,30
1000,random,0.5,none,0.0,0,post_failure,knowledge_survival,B7,B3Q,0.8808,0.8985333333333333,-0.01773333333333334,-0.020800000000000006,-0.014733333333333347,-2.08945978420513,2.8404187176360773e-12,30
1000,random,0.5,none,0.0,0,post_failure,accuracy_macro,B7,B3Q,0.7612871539434163,0.8082694948216324,-0.04698234087821606,-0.051809982059825975,-0.042091983737033996,-3.4222933601186427,9.43995617939059e-18,30
1000,random,0.7,none,0.0,0,post_failure,knowledge_survival,B6,B2,0.6676,0.8758999999999999,-0.20829999999999999,-0.21178375000000005,-0.20468333333333338,-20.431254431594294,8.726873657695224e-40,30
1000,random,0.7,none,0.0,0,post_failure,accuracy_macro,B6,B2,0.4434111186487638,0.6044177638452576,-0.16100664519649371,-0.16467290885128957,-0.15726522157913655,-15.247484777755087,4.1254933229008635e-36,30
1000,random,0.7,none,0.0,0,post_failure,iss,B6,B2,0.5002542734146118,0.9982982357343038,-0.498043962319692,-0.5011281789590916,-0.4948694291462501,-56.043983442682624,1.755070248762051e-52,30
1000,random,0.7,none,0.0,0,post_failure,knowledge_survival,B6,B4,0.6676,0.8256166666666667,-0.15801666666666667,-0.16253333333333328,-0.15349958333333333,-12.375849696084417,1.7001723119226534e-33,30
1000,random,0.7,none,0.0,0,post_failure,accuracy_macro,B6,B4,0.4434111186487638,0.551077448323943,-0.10766632967517922,-0.11290862210583451,-0.1025776512797021,-7.448118304721594,3.621430640742024e-27,30
1000,random,0.7,none,0.0,0,post_failure,iss,B6,B4,0.5002542734146118,0.8490929126739502,-0.3488386392593384,-0.35366066818435987,-0.34394477697710196,-25.1946329249447,2.0244365038605186e-42,30
1000,random,0.7,none,0.0,0,post_failure,knowledge_survival,B7,B2,0.7158,0.8758999999999999,-0.1601,-0.16361666666666666,-0.15653291666666663,-15.920492968552015,1.1846057720224057e-36,30
1000,random,0.7,none,0.0,0,post_failure,accuracy_macro,B7,B2,0.5876256037912396,0.6044177638452576,-0.016792160054018016,-0.023110290435615494,-0.010443531135261738,-0.9283666293031735,2.0035126689853812e-05,30
1000,random,0.7,none,0.0,0,post_failure,iss,B7,B2,0.4994924823443095,0.9982982357343038,-0.4988057533899943,-0.5010896407564481,-0.496573886970679,-77.60574269288571,1.3983332182521027e-56,30
1000,random,0.7,none,0.0,0,post_failure,knowledge_survival,B7,B3Q,0.7158,0.7286333333333332,-0.012833333333333356,-0.016316666666666695,-0.0093329166666667,-1.307762630220057,6.958280270250226e-08,30
1000,random,0.7,none,0.0,0,post_failure,accuracy_macro,B7,B3Q,0.5876256037912396,0.6208156746848232,-0.03319007089358374,-0.03908126178902948,-0.026817015823549832,-1.9128142521861717,2.2696173262059753e-11,30
1000,random,0.9,none,0.0,0,post_failure,knowledge_survival,B6,B2,0.3005666666666667,0.8427166666666667,-0.54215,-0.54715,-0.5372333333333333,-38.570676551779236,8.873433373362028e-48,30
1000,random,0.9,none,0.0,0,post_failure,accuracy_macro,B6,B2,0.17767392733888285,0.5743389914329532,-0.3966650640940705,-0.40025117931767734,-0.39310630221248616,-39.11342428905382,5.91850291876992e-48,30
1000,random,0.9,none,0.0,0,post_failure,iss,B6,B2,0.2035323813557625,0.8946823279062907,-0.6911499465505282,-0.6946766663342714,-0.6876020544891557,-68.87044147544813,4.4598026727615e-55,30
1000,random,0.9,none,0.0,0,post_failure,knowledge_survival,B6,B4,0.3005666666666667,0.6681333333333332,-0.36756666666666676,-0.3749837500000001,-0.3598666666666667,-17.13154986612873,1.4235357496486758e-37,30
1000,random,0.9,none,0.0,0,post_failure,accuracy_macro,B6,B4,0.17767392733888285,0.43051070637787847,-0.2528367790389956,-0.2583511302430177,-0.2470411844733326,-15.537261017898237,2.3949535943581413e-36,30
1000,random,0.9,none,0.0,0,post_failure,iss,B6,B4,0.2035323813557625,0.5265803039073944,-0.32304792255163195,-0.3294403002162774,-0.3163278237233559,-17.26935503886584,1.1292288482688694e-37,30
1000,random,0.9,none,0.0,0,post_failure,knowledge_survival,B7,B2,0.3221,0.8427166666666667,-0.5206166666666666,-0.5240166666666666,-0.5172166666666668,-54.55125859461768,3.838777144479308e-52,30
1000,random,0.9,none,0.0,0,post_failure,accuracy_macro,B7,B2,0.2393574049391002,0.5743389914329532,-0.33498158649385307,-0.3396208832180999,-0.33007377512207986,-25.191181805632027,2.0324829828836085e-42,30
1000,random,0.9,none,0.0,0,post_failure,iss,B7,B2,0.20350666741530102,0.8946823279062907,-0.6911756604909897,-0.6935518019273876,-0.6887910764291882,-101.1528758958044,6.435260505808893e-60,30
1000,random,0.9,none,0.0,0,post_failure,knowledge_survival,B7,B3Q,0.3221,0.33041666666666664,-0.008316666666666668,-0.013649999999999997,-0.0031000000000000047,-0.5533328883292719,0.005092536994305019,30
1000,random,0.9,none,0.0,0,post_failure,accuracy_macro,B7,B3Q,0.2393574049391002,0.25261103183636285,-0.013253626897262649,-0.01858113957727673,-0.007872393267012359,-0.8824008359568062,4.0333478173124335e-05,30
1000,targeted_whitebox,0.1,none,0.0,0,post_failure,knowledge_survival,B6,B3,0.86905,0.8713666666666667,-0.0023166666666666557,-0.004066666666666655,-0.0005166666666666579,-0.4679577677543942,0.01582559513377877,30
1000,targeted_whitebox,0.1,none,0.0,0,post_failure,knowledge_survival,B6,B2,0.86905,0.8769333333333335,-0.007883333333333308,-0.009466666666666634,-0.006216666666666645,-1.7261877829740289,2.3183651799971314e-10,30
1000,targeted_whitebox,0.1,none,0.0,0,post_failure,iss,B6,B2,0.8671992758909861,1.0,-0.13280072410901386,-0.1338971089820067,-0.1316462689638138,-41.15378648772873,1.355654856764837e-48,30
1000,targeted_whitebox,0.1,none,0.0,0,post_failure,iss,B6,B4,0.8671992758909861,0.9477295617262522,-0.08053028583526611,-0.08633393004536628,-0.07425597533583642,-4.720398089390608,1.4103021189590225e-21,30
1000,targeted_whitebox,0.1,none,0.0,0,post_failure,iss,B7,B2,0.8673550367355347,1.0,-0.13264496326446534,-0.13396835779150326,-0.13137757793068885,-36.92443180352327,3.1411639907937985e-47,30
1000,targeted_whitebox,0.1,none,0.0,0,post_failure,knowledge_survival,B7,B3Q,0.9361499999999999,0.9566666666666666,-0.020516666666666638,-0.022483333333333293,-0.01866624999999998,-3.7463699679438767,8.182201551916143e-19,30
1000,targeted_whitebox,0.1,none,0.0,0,post_failure,accuracy_macro,B7,B3Q,0.8305149804457154,0.8856176325613316,-0.05510265211561617,-0.06042233285191411,-0.049963673869639895,-3.6473972306995965,1.6924103685693352e-18,30
1000,targeted_whitebox,0.3,none,0.0,0,post_failure,knowledge_survival,B6,B2,0.8087833333333333,0.8756999999999999,-0.06691666666666665,-0.06856666666666665,-0.06521666666666666,-14.005242613093307,4.798684823554822e-35,30
1000,targeted_whitebox,0.3,none,0.0,0,post_failure,accuracy_macro,B6,B2,0.5626419574205509,0.6047956493700978,-0.0421536919495471,-0.04579524075136267,-0.03859658161747041,-4.143589522373437,5.19717214287379e-20,30
1000,targeted_whitebox,0.3,none,0.0,0,post_failure,iss,B6,B2,0.7253391106923421,0.9992666622002919,-0.27392755150794984,-0.27580821787317594,-0.27194240028659505,-50.24871453292749,4.1548395048282915e-51,30
1000,targeted_whitebox,0.3,none,0.0,0,post_failure,iss,B6,B4,0.7253391106923421,0.825555662314097,-0.10021655162175497,-0.10822385847568512,-0.09208566005031268,-4.3224475434792495,1.621493513296277e-20,30
1000,targeted_whitebox,0.3,none,0.0,0,post_failure,knowledge_survival,B7,B2,0.8701500000000001,0.8756999999999999,-0.005549999999999992,-0.008066666666666644,-0.00301666666666666,-0.7721660610590532,0.00021394217080185568,30
1000,targeted_whitebox,0.3,none,0.0,0,post_failure,iss,B7,B2,0.7246899664402008,0.9992666622002919,-0.27457669576009114,-0.2763497975965341,-0.27281906485557555,-55.676073139568295,2.124326297991866e-52,30
1000,targeted_whitebox,0.3,none,0.0,0,post_failure,knowledge_survival,B7,B3Q,0.8701500000000001,0.8877000000000002,-0.01754999999999998,-0.019733333333333315,-0.015399999999999992,-2.864356006093488,1.0492518377033552e-15,30
1000,targeted_whitebox,0.3,none,0.0,0,post_failure,accuracy_macro,B7,B3Q,0.7527264427063558,0.7965950434969662,-0.04386860079061033,-0.04926592467709402,-0.0382885010530316,-2.7494705070734673,3.0329883386027087e-15,30
1000,targeted_whitebox,0.5,none,0.0,0,post_failure,knowledge_survival,B6,B2,0.6789833333333333,0.8705833333333336,-0.19159999999999994,-0.1939,-0.1892166666666667,-28.440259874074798,6.05561924905972e-44,30
1000,targeted_whitebox,0.5,none,0.0,0,post_failure,accuracy_macro,B6,B2,0.4522911723038228,0.5966641395650831,-0.14437296726126028,-0.1484215491434548,-0.14046348547456144,-12.544266632955015,1.151529835343016e-33,30
1000,targeted_whitebox,0.5,none,0.0,0,post_failure,iss,B6,B2,0.5499495228131612,0.9932638883590699,-0.4433143655459086,-0.44563113957643513,-0.4410965973138809,-68.81507291494445,4.565024662228022e-55,30
1000,targeted_whitebox,0.5,none,0.0,0,post_failure,knowledge_survival,B6,B4,0.6789833333333333,0.7389333333333333,-0.05994999999999999,-0.06521666666666666,-0.05465,-4.023994659992686,1.1616150451657443e-19,30
1000,targeted_whitebox,0.5,none,0.0,0,post_failure,accuracy_macro,B6,B4,0.4522911723038228,0.46211514749502663,-0.009823975191203855,-0.01608333650506485,-0.0037575475308072926,-0.5612153425318946,0.0045692284047423246,30
1000,targeted_whitebox,0.5,none,0.0,0,post_failure,iss,B6,B4,0.5499495228131612,0.6769791940848032,-0.12702967127164205,-0.1361756208539009,-0.11781002377470336,-4.855731263484313,6.41582080459797e-22,30
1000,targeted_whitebox,0.5,none,0.0,0,post_failure,knowledge_survival,B7,B2,0.72635,0.8705833333333336,-0.14423333333333332,-0.14701666666666666,-0.1413666666666667,-17.86689383801344,4.223396364292662e-38,30
1000,targeted_whitebox,0.5,none,0.0,0,post_failure,iss,B7,B2,0.5498969316482544,0.9932638883590699,-0.44336695671081544,-0.4455501392483711,-0.4411742657919725,-70.83440141410479,1.9735769692071123e-55,30
1000,targeted_whitebox,0.5,none,0.0,0,post_failure,knowledge_survival,B7,B3Q,0.72635,0.7415666666666667,-0.015216666666666679,-0.017850000000000015,-0.012666666666666682,-2.060982665318381,3.940375326630529e-12,30
1000,targeted_whitebox,0.5,none,0.0,0,post_failure,accuracy_macro,B7,B3Q,0.5943356713917274,0.6316326824966504,-0.03729701110492275,-0.042635910461561344,-0.03193302614812654,-2.440535962440057,6.306107331636689e-14,30
1000,targeted_whitebox,0.7,none,0.0,0,post_failure,knowledge_survival,B6,B2,0.4611166666666666,0.8540666666666666,-0.39294999999999997,-0.39575,-0.39008333333333334,-49.04382777664768,8.396834150688834e-51,30
1000,targeted_whitebox,0.7,none,0.0,0,post_failure,accuracy_macro,B6,B2,0.2859558098982338,0.5802858839683598,-0.2943300740701259,-0.29885515543873575,-0.28987837048323273,-23.358972276955654,1.8095289471232902e-41,30
1000,targeted_whitebox,0.7,none,0.0,0,post_failure,iss,B6,B2,0.3402190109093984,0.9698882758617401,-0.6296692649523418,-0.6322451898703972,-0.6271094032128652,-86.35451270572713,6.3161819409299864e-58,30
1000,targeted_whitebox,0.7,none,0.0,0,post_failure,knowledge_survival,B6,B4,0.4611166666666666,0.6302333333333333,-0.1691166666666666,-0.17713333333333328,-0.16118291666666665,-7.425533889377113,3.9490432622183675e-27,30
1000,targeted_whitebox,0.7,none,0.0,0,post_failure,accuracy_macro,B6,B4,0.2859558098982338,0.38756823298157356,-0.10161242308333977,-0.10791236453899163,-0.09533999980375824,-5.6594975522784985,8.744723228922283e-24,30
1000,targeted_whitebox,0.7,none,0.0,0,post_failure,iss,B6,B4,0.3402190109093984,0.4905093719561895,-0.15029036104679108,-0.16126809830466907,-0.13891320889194805,-4.698073618601389,1.609177749692419e-21,30
1000,targeted_whitebox,0.7,none,0.0,0,post_failure,knowledge_survival,B7,B2,0.4878,0.8540666666666666,-0.3662666666666667,-0.36999999999999994,-0.36238333333333334,-33.79238359449333,4.098340575363679e-46,30
1000,targeted_whitebox,0.7,none,0.0,0,post_failure,accuracy_macro,B7,B2,0.3697285796786299,0.5802858839683598,-0.21055730428972985,-0.21591948668143604,-0.2049007482105216,-13.492392082091829,1.40817394793021e-34,30
1000,targeted_whitebox,0.7,none,0.0,0,post_failure,iss,B7,B2,0.3370965858300527,0.9698882758617401,-0.6327916900316874,-0.6349329640716314,-0.6305933512498935,-102.255154236687,4.6997661641423275e-60,30
1000,targeted_whitebox,0.7,none,0.0,0,post_failure,knowledge_survival,B7,B3Q,0.4878,0.5009166666666667,-0.013116666666666667,-0.01646708333333334,-0.009316666666666666,-1.2877240702058843,9.295493328212769e-08,30
1000,targeted_whitebox,0.7,none,0.0,0,post_failure,accuracy_macro,B7,B3Q,0.3697285796786299,0.3947422665431522,-0.02501368686452236,-0.030074006799405494,-0.019491523033937513,-1.6683160876184955,4.899348607648383e-10,30
1000,targeted_whitebox,0.9,none,0.0,0,post_failure,knowledge_survival,B6,B2,0.1519833333333333,0.7894666666666666,-0.6374833333333334,-0.6408833333333334,-0.63405,-65.91186719331158,1.592978733965485e-54,30
1000,targeted_whitebox,0.9,none,0.0,0,post_failure,accuracy_macro,B6,B2,0.08624749147019009,0.5285734689014149,-0.44232597743122465,-0.44648832513131387,-0.43803683680329497,-36.82615395350546,3.3933900119958113e-47,30
1000,targeted_whitebox,0.9,none,0.0,0,post_failure,iss,B6,B2,0.1023019661506017,0.8117469469706218,-0.70944498082002,-0.711585574777176,-0.70716885920614,-114.17273514553702,1.9219806207879417e-61,30
1000,targeted_whitebox,0.9,none,0.0,0,post_failure,knowledge_survival,B6,B4,0.1519833333333333,0.41806666666666664,-0.26608333333333334,-0.2753,-0.2569666666666667,-10.168942738051111,4.85073699667128e-31,30
1000,targeted_whitebox,0.9,none,0.0,0,post_failure,accuracy_macro,B6,B4,0.08624749147019009,0.24607970759653747,-0.15983221612634735,-0.16543076222724792,-0.15435520440676814,-9.99452935474302,7.97464012726623e-31,30
1000,targeted_whitebox,0.9,none,0.0,0,post_failure,iss,B6,B4,0.1023019661506017,0.25226908971865974,-0.14996712356805803,-0.15789197536185384,-0.14214587687204283,-6.648421240883085,9.179755044242995e-26,30
1000,targeted_whitebox,0.9,none,0.0,0,post_failure,knowledge_survival,B7,B2,0.15805,0.7894666666666666,-0.6314166666666665,-0.6346666666666666,-0.6280166666666667,-66.4485174487187,1.2592241387570526e-54,30
1000,targeted_whitebox,0.9,none,0.0,0,post_failure,accuracy_macro,B7,B2,0.10933842118735486,0.5285734689014149,-0.41923504771405995,-0.42365468866814926,-0.4142298729749457,-31.912953993615947,2.1512251736456142e-45,30
1000,targeted_whitebox,0.9,none,0.0,0,post_failure,iss,B7,B2,0.1003247839709123,0.8117469469706218,-0.7114221629997094,-0.7138545705129703,-0.7090726831182838,-102.83713432314283,3.986618057405856e-60,30
1000,targeted_whitebox,0.9,none,0.0,0,post_failure,knowledge_survival,B7,B3Q,0.15805,0.16391666666666665,-0.005866666666666671,-0.008650000000000001,-0.0029833333333333352,-0.7226151251168351,0.0004484319248374242,30
1000,targeted_whitebox,0.9,none,0.0,0,post_failure,accuracy_macro,B7,B3Q,0.10933842118735486,0.11850664104294924,-0.009168219855594384,-0.012592034066600168,-0.005522204773409482,-0.9205432405450439,2.2569645987002375e-05,30
1000,targeted_world,0.1,none,0.0,0,post_failure,knowledge_survival,B6,B3,0.87525,0.8771833333333333,-0.0019333333333333388,-0.0037333333333333476,-0.00016666666666667414,-0.3767011607005597,0.04813955710880112,30
1000,targeted_world,0.1,none,0.0,0,post_failure,iss,B6,B2,0.8953937908013662,1.0,-0.10460620919863382,-0.10572963496049245,-0.10354636813203494,-34.15433867613137,3.0097619531428795e-46,30
1000,targeted_world,0.1,none,0.0,0,post_failure,iss,B6,B4,0.8953937908013662,0.9810306668281555,-0.08563687602678935,-0.08887768780191739,-0.0819439789156119,-8.703251179353657,4.2214859981379155e-29,30
1000,targeted_world,0.1,none,0.0,0,post_failure,iss,B7,B2,0.8956081489721934,1.0,-0.1043918510278066,-0.10578333243727683,-0.10301371132334074,-26.40277358367483,5.214694536709377e-43,30
1000,targeted_world,0.1,none,0.0,0,post_failure,knowledge_survival,B7,B3Q,0.9441333333333333,0.9639833333333333,-0.019850000000000017,-0.021733333333333344,-0.01810000000000001,-3.8126550816649654,5.076139061040335e-19,30
1000,targeted_world,0.1,none,0.0,0,post_failure,accuracy_macro,B7,B3Q,0.8403065771809156,0.8944402901692878,-0.05413371298837258,-0.05897559052462201,-0.04949146348115087,-3.9956480658102067,1.4099703713392176e-19,30
1000,targeted_world,0.3,none,0.0,0,post_failure,knowledge_survival,B6,B2,0.8680166666666669,0.8766166666666667,-0.008599999999999981,-0.01001666666666664,-0.007183333333333323,-2.127873263942496,1.8349040730409024e-12,30
1000,targeted_world,0.3,none,0.0,0,post_failure,iss,B6,B2,0.8071678260962168,1.0,-0.19283217390378316,-0.19485436752438545,-0.19079971313476562,-33.192479608095205,6.886757597086674e-46,30
1000,targeted_world,0.3,none,0.0,0,post_failure,iss,B6,B4,0.8071678260962168,0.924840138355891,-0.11767231225967408,-0.12427845944960912,-0.1108723963300387,-6.210539675855382,6.33733484472803e-25,30
1000,targeted_world,0.3,none,0.0,0,post_failure,iss,B7,B2,0.8080745716889699,1.0,-0.19192542831103007,-0.19390321001410482,-0.18994139080246292,-33.933811939368404,3.631199228292827e-46,30
1000,targeted_world,0.3,none,0.0,0,post_failure,knowledge_survival,B7,B3Q,0.9363333333333332,0.9539166666666667,-0.017583333333333326,-0.019616666666666654,-0.015533333333333343,-3.0363099289065714,2.279020800154606e-16,30
1000,targeted_world,0.3,none,0.0,0,post_failure,accuracy_macro,B7,B3Q,0.8273020635659758,0.8779356883702595,-0.050633624804283454,-0.056160118734257525,-0.04530353139268467,-3.283585828433886,2.858298593256248e-17,30
1000,targeted_world,0.5,none,0.0,0,post_failure,knowledge_survival,B6,B2,0.82165,0.8768666666666666,-0.05521666666666668,-0.057516666666666674,-0.05291666666666666,-8.314972084795212,1.559305511558287e-28,30
1000,targeted_world,0.5,none,0.0,0,post_failure,accuracy_macro,B6,B2,0.5736980193606399,0.6065294041469222,-0.032831384786282426,-0.03619614225318712,-0.029569316683668228,-3.44401634010064,7.963893826566526e-18,30
1000,targeted_world,0.5,none,0.0,0,post_failure,iss,B6,B2,0.6822531600793202,0.9999958316485087,-0.31774267156918845,-0.3197981379429499,-0.3155934174358845,-52.79751733773181,9.89933866667282e-52,30
1000,targeted_world,0.5,none,0.0,0,post_failure,iss,B6,B4,0.6822531600793202,0.8252524514993032,-0.1429992914199829,-0.15189288998643558,-0.1343028332789739,-5.7289746268458215,6.1998359273136964e-24,30
1000,targeted_world,0.5,none,0.0,0,post_failure,iss,B7,B2,0.6839015642801921,0.9999958316485087,-0.31609426736831664,-0.3186542181173961,-0.31366141135493913,-44.77266460400772,1.1781410978439018e-49,30
1000,targeted_world,0.5,none,0.0,0,post_failure,knowledge_survival,B7,B3Q,0.88405,0.8987833333333332,-0.014733333333333331,-0.01711666666666666,-0.012483333333333324,-2.237975920070576,5.395754644167361e-13,30
1000,targeted_world,0.5,none,0.0,0,post_failure,accuracy_macro,B7,B3Q,0.7636442321485359,0.8089487418363515,-0.045304509687815624,-0.04979472338553234,-0.04115109459334805,-3.742214020616172,8.432894252494375e-19,30
1000,targeted_world,0.7,none,0.0,0,post_failure,knowledge_survival,B6,B2,0.6673333333333333,0.8768499999999999,-0.20951666666666666,-0.21261708333333337,-0.2063,-23.295792208802293,1.9571232262493187e-41,30
1000,targeted_world,0.7,none,0.0,0,post_failure,accuracy_macro,B6,B2,0.4430494144405715,0.6063648507511119,-0.1633154363105403,-0.16791763871246806,-0.15887726628949259,-12.7079515646719,7.924094965640797e-34,30
1000,targeted_world,0.7,none,0.0,0,post_failure,iss,B6,B2,0.49477669497330984,0.9984388132890065,-0.5036621183156967,-0.5067106693983078,-0.5005639936526616,-57.00685703180106,1.0710564569241594e-52,30
1000,targeted_world,0.7,none,0.0,0,post_failure,knowledge_survival,B6,B4,0.6673333333333333,0.7463333333333334,-0.07899999999999999,-0.08580000000000002,-0.07214958333333331,-4.067776946775503,8.632284288942528e-20,30
1000,targeted_world,0.7,none,0.0,0,post_failure,accuracy_macro,B6,B4,0.4430494144405715,0.4892287739439844,-0.04617935950341285,-0.052427149088527275,-0.03989732641232021,-2.5918897551478954,1.3779520119287189e-14,30
1000,targeted_world,0.7,none,0.0,0,post_failure,iss,B6,B4,0.49477669497330984,0.6640833139419555,-0.16930661896864574,-0.18009159413476786,-0.1584708887586991,-5.566526504383234,1.39427830205285e-23,30
1000,targeted_world,0.7,none,0.0,0,post_failure,knowledge_survival,B7,B2,0.7158833333333334,0.8768499999999999,-0.16096666666666667,-0.16399999999999998,-0.15786666666666668,-18.762480814169287,1.0265536611310474e-38,30
1000,targeted_world,0.7,none,0.0,0,post_failure,accuracy_macro,B7,B2,0.5866080350567328,0.6063648507511119,-0.019756815694378926,-0.02406478801208695,-0.015468519226895443,-1.619308294374912,9.32864061726223e-10,30
1000,targeted_world,0.7,none,0.0,0,post_failure,iss,B7,B2,0.4946088274319967,0.9984388132890065,-0.5038299858570099,-0.5061677126834789,-0.5015222265323004,-76.30924522818594,2.279090151566801e-56,30
1000,targeted_world,0.7,none,0.0,0,post_failure,knowledge_survival,B7,B3Q,0.7158833333333334,0.7270000000000001,-0.011116666666666674,-0.015400000000000006,-0.006666666666666665,-0.8952712829714279,3.3159870915643475e-05,30
1000,targeted_world,0.7,none,0.0,0,post_failure,accuracy_macro,B7,B3Q,0.5866080350567328,0.6180375427916975,-0.03142950773496489,-0.03867038620068052,-0.02445490130244172,-1.5553010496400774,2.1943555618042885e-09,30
1000,targeted_world,0.9,none,0.0,0,post_failure,knowledge_survival,B6,B2,0.29483333333333334,0.8436166666666666,-0.5487833333333334,-0.5524837499999999,-0.5452666666666668,-53.78730002564302,5.777795568440363e-52,30
1000,targeted_world,0.9,none,0.0,0,post_failure,accuracy_macro,B6,B2,0.17332271606744182,0.5749724197640336,-0.4016497036965917,-0.40607213255161706,-0.39729215706999105,-32.53352445139926,1.2312467578555314e-45,30
1000,targeted_world,0.9,none,0.0,0,post_failure,iss,B6,B2,0.19907889217138292,0.8963345726331075,-0.6972556804617246,-0.6997245284294088,-0.6946602365622918,-96.79818091834409,2.305331037283125e-59,30
1000,targeted_world,0.9,none,0.0,0,post_failure,knowledge_survival,B6,B4,0.29483333333333334,0.5498833333333334,-0.25505,-0.26355,-0.24605,-10.28773119264158,3.474028612848301e-31,30
1000,targeted_world,0.9,none,0.0,0,post_failure,accuracy_macro,B6,B4,0.17332271606744182,0.34302303161426245,-0.1697003155468207,-0.17616349878834678,-0.1629208423834276,-9.050915238336072,1.3738395517209664e-29,30
1000,targeted_world,0.9,none,0.0,0,post_failure,iss,B6,B4,0.19907889217138292,0.3717900007963181,-0.17271110862493516,-0.18175559134533006,-0.16373984812448422,-6.7653278479913235,5.594512232383216e-26,30
1000,targeted_world,0.9,none,0.0,0,post_failure,knowledge_survival,B7,B2,0.3180833333333334,0.8436166666666666,-0.5255333333333333,-0.5292666666666667,-0.5218333333333333,-50.033452456050675,4.7054828294376557e-51,30
1000,targeted_world,0.9,none,0.0,0,post_failure,accuracy_macro,B7,B2,0.23160843336483364,0.5749724197640336,-0.34336398639919985,-0.3484187073731114,-0.33846451618096784,-24.047884578409967,7.800149617667626e-42,30
1000,targeted_world,0.9,none,0.0,0,post_failure,iss,B7,B2,0.20028420786062875,0.8963345726331075,-0.6960503647724787,-0.6985624624664585,-0.6935373097533981,-97.2144034852131,2.035633062489579e-59,30
1000,targeted_world,0.9,none,0.0,0,post_failure,knowledge_survival,B7,B3Q,0.3180833333333334,0.32815,-0.010066666666666672,-0.014550000000000002,-0.005683333333333338,-0.7926122272707752,0.0001572850705326722,30
1000,targeted_world,0.9,none,0.0,0,post_failure,accuracy_macro,B7,B3Q,0.23160843336483364,0.25122855391456106,-0.01962012054972739,-0.0245501448224659,-0.014870165328318743,-1.4142162786841357,1.529942034857412e-08,30
10000,correlated_domain,0.1,none,0.0,0,post_failure,knowledge_survival,B6,B2,0.8759049999999998,0.8764016666666666,-0.0004966666666666638,-0.0008983333333333343,-7.833333333333572e-05,-0.42473383681983007,0.0271922869431177,30
10000,correlated_domain,0.1,none,0.0,0,post_failure,iss,B6,B2,0.8959404110908509,1.0,-0.10405958890914917,-0.10459980001052221,-0.10352721750736237,-68.32841595647996,5.608022890108711e-55,30
10000,correlated_domain,0.1,none,0.0,0,post_failure,iss,B6,B4,0.8959404110908509,0.9907386104265848,-0.09479819933573405,-0.09543099229534467,-0.09417036905884743,-52.98373156487284,8.938792124323906e-52,30
10000,correlated_domain,0.1,none,0.0,0,post_failure,iss,B7,B2,0.8959841112295787,1.0,-0.10401588877042135,-0.10449679151177407,-0.10351759766538937,-74.77248778202754,4.110967075171063e-56,30
10000,correlated_domain,0.1,none,0.0,0,post_failure,knowledge_survival,B7,B3Q,0.9442300000000002,0.9625883333333333,-0.018358333333333348,-0.018883333333333346,-0.017818333333333342,-12.155767134184652,2.8515666142682198e-33,30
10000,correlated_domain,0.1,none,0.0,0,post_failure,accuracy_macro,B7,B3Q,0.8387866701644847,0.8899519763498208,-0.051165306185335976,-0.05260073042217861,-0.049711943625635864,-12.519793815066294,1.2182165204803259e-33,30
10000,correlated_domain,0.3,none,0.0,0,post_failure,knowledge_survival,B6,B2,0.8690783333333333,0.8763299999999999,-0.007251666666666656,-0.007796666666666659,-0.006709999999999994,-4.738209756817905,1.2699307645712325e-21,30
10000,correlated_domain,0.3,none,0.0,0,post_failure,iss,B6,B2,0.8105856279532114,1.0,-0.18941437204678854,-0.18997200379769005,-0.18887333596746128,-120.1248101837258,4.403050938452491e-62,30
10000,correlated_domain,0.3,none,0.0,0,post_failure,iss,B6,B4,0.8105856279532114,0.9501188019911448,-0.13953317403793336,-0.1411703710258007,-0.1377786811689536,-29.479082132488116,2.142055616521927e-44,30
10000,correlated_domain,0.3,none,0.0,0,post_failure,iss,B7,B2,0.8102992733319601,1.0,-0.18970072666803997,-0.19041745175917943,-0.1889574990669886,-91.47975523917472,1.186812010717507e-58,30
10000,correlated_domain,0.3,none,0.0,0,post_failure,knowledge_survival,B7,B3Q,0.9350533333333334,0.9527599999999999,-0.017706666666666662,-0.018278374999999993,-0.017163291666666646,-11.248150652924043,2.6654665847958073e-32,30
10000,correlated_domain,0.3,none,0.0,0,post_failure,accuracy_macro,B7,B3Q,0.8256365082713754,0.8741351704523705,-0.048498662180994974,-0.050043878816978964,-0.04690810575110722,-10.945640976373856,5.841738789220664e-32,30
10000,correlated_domain,0.5,none,0.0,0,post_failure,knowledge_survival,B6,B2,0.82269,0.8763433333333335,-0.05365333333333333,-0.054375041666666665,-0.05293329166666665,-26.23084042244914,6.30087580817383e-43,30
10000,correlated_domain,0.5,none,0.0,0,post_failure,accuracy_macro,B6,B2,0.5750181049200344,0.6049383088073211,-0.029920203887286747,-0.031125710273218865,-0.028749328944654564,-8.990190313921396,1.6663162830916275e-29,30
10000,correlated_domain,0.5,none,0.0,0,post_failure,iss,B6,B2,0.6878671785195668,0.9999927600224813,-0.3121255815029144,-0.3129381896555424,-0.31127923071384433,-130.50361986755823,3.982085588954365e-63,30
10000,correlated_domain,0.5,none,0.0,0,post_failure,knowledge_survival,B6,B4,0.82269,0.8310933333333334,-0.008403333333333325,-0.009790041666666664,-0.006993291666666674,-2.11982164310359,2.0100275349247e-12,30
10000,correlated_domain,0.5,none,0.0,0,post_failure,iss,B6,B4,0.6878671785195668,0.8612369855244955,-0.1733698070049286,-0.17619336659709614,-0.1707226642469565,-22.269368459590694,7.212972325195226e-41,30
10000,correlated_domain,0.5,none,0.0,0,post_failure,iss,B7,B2,0.6871212641398112,0.9999927600224813,-0.3128714958826701,-0.3138502031564713,-0.31189200878143314,-112.18267912728527,3.2003255780433445e-61,30
10000,correlated_domain,0.5,none,0.0,0,post_failure,knowledge_survival,B7,B3Q,0.8829483333333334,0.8985283333333333,-0.015580000000000002,-0.016363333333333323,-0.014754958333333327,-6.813377129948321,4.5750965293390976e-26,30
10000,correlated_domain,0.5,none,0.0,0,post_failure,accuracy_macro,B7,B3Q,0.7628145139052198,0.8062184961890736,-0.043403982283853906,-0.04487535368448917,-0.041855339873024075,-9.979285557719232,8.332139747142995e-31,30
10000,correlated_domain,0.7,none,0.0,0,post_failure,knowledge_survival,B6,B2,0.66687,0.8757499999999999,-0.20888000000000004,-0.20995333333333333,-0.20783499999999996,-69.20463852292254,3.875786242948933e-55,30
10000,correlated_domain,0.7,none,0.0,0,post_failure,accuracy_macro,B6,B2,0.4421086484929409,0.6042352877724554,-0.16212663927951473,-0.163383717581964,-0.16085363607079167,-44.99883358603417,1.0180418457384414e-49,30
10000,correlated_domain,0.7,none,0.0,0,post_failure,iss,B6,B2,0.4988520075877508,0.9982350111007691,-0.4993830035130183,-0.5007250691950321,-0.4980734996745984,-132.3029928800721,2.6770330333475277e-63,30
10000,correlated_domain,0.7,none,0.0,0,post_failure,knowledge_survival,B6,B4,0.66687,0.7628266666666665,-0.09595666666666668,-0.09815508333333335,-0.09379829166666667,-15.676624584196013,1.8503869150975806e-36,30
10000,correlated_domain,0.7,none,0.0,0,post_failure,accuracy_macro,B6,B4,0.4421086484929409,0.4896260649728414,-0.047517416479900564,-0.049986671389950735,-0.04499087839696157,-6.751318815700065,5.933968912211353e-26,30
10000,correlated_domain,0.7,none,0.0,0,post_failure,iss,B6,B4,0.4988520075877508,0.6959349652131398,-0.1970829576253891,-0.2004284334431092,-0.1937569578488668,-20.972081132749228,4.097577066299524e-40,30
10000,correlated_domain,0.7,none,0.0,0,post_failure,knowledge_survival,B7,B2,0.7161666666666666,0.8757499999999999,-0.15958333333333335,-0.16080670833333333,-0.1583316666666667,-45.438715864707056,7.678964649982464e-50,30
10000,correlated_domain,0.7,none,0.0,0,post_failure,accuracy_macro,B7,B2,0.5860768820121879,0.6042352877724554,-0.018158405760267792,-0.019917471198744503,-0.016393227312057713,-3.638187183853859,1.812406902076291e-18,30
10000,correlated_domain,0.7,none,0.0,0,post_failure,iss,B7,B2,0.4992884129285812,0.9982350111007691,-0.4989465981721878,-0.4998603448023399,-0.49799257077276704,-184.7669177299639,1.6643164206565676e-67,30
10000,correlated_domain,0.7,none,0.0,0,post_failure,knowledge_survival,B7,B3Q,0.7161666666666666,0.7271416666666667,-0.010975000000000006,-0.012440041666666655,-0.009530000000000002,-2.657012634799586,7.31037865587247e-15,30
10000,correlated_domain,0.7,none,0.0,0,post_failure,accuracy_macro,B7,B3Q,0.5860768820121879,0.6173199444961054,-0.03124306248391779,-0.033375609073982966,-0.029133767174003244,-5.217107131421071,8.617065844581599e-23,30
10000,correlated_domain,0.9,none,0.0,0,post_failure,knowledge_survival,B6,B2,0.3025,0.8426550000000002,-0.540155,-0.5416333333333334,-0.5386966666666666,-129.04906895348145,5.51144583662191e-63,30
10000,correlated_domain,0.9,none,0.0,0,post_failure,accuracy_macro,B6,B2,0.17875592890857947,0.5743579690462106,-0.39560204013763134,-0.3971704970021347,-0.3940225914978789,-87.64280693345768,4.111229396176735e-58,30
10000,correlated_domain,0.9,none,0.0,0,post_failure,iss,B6,B2,0.20385694255431494,0.8948751926422119,-0.691018250087897,-0.6920862861598531,-0.689892120671769,-220.57606538686343,9.776792588252774e-70,30
10000,correlated_domain,0.9,none,0.0,0,post_failure,knowledge_survival,B6,B4,0.3025,0.5408583333333333,-0.2383583333333333,-0.24295004166666664,-0.2333365416666667,-17.509820877032215,7.571067260570229e-38,30
10000,correlated_domain,0.9,none,0.0,0,post_failure,accuracy_macro,B6,B4,0.17875592890857947,0.3269615942006121,-0.14820566529203263,-0.1515241202575604,-0.14467120949626847,-15.296392078143398,3.761004397952522e-36,30
10000,correlated_domain,0.9,none,0.0,0,post_failure,iss,B6,B4,0.20385694255431494,0.3615642100572586,-0.15770726750294367,-0.16272166501730678,-0.1522787617892027,-10.636316173834963,1.3326413774330261e-31,30
10000,correlated_domain,0.9,none,0.0,0,post_failure,knowledge_survival,B7,B2,0.32370666666666664,0.8426550000000002,-0.5189483333333333,-0.5202566666666667,-0.5176099583333332,-135.82983764694828,1.2483348765282948e-63,30
10000,correlated_domain,0.9,none,0.0,0,post_failure,accuracy_macro,B7,B2,0.23818351701829318,0.5743579690462106,-0.33617445202791757,-0.33770883906474364,-0.3346158988736004,-75.5517885769421,3.043553571336797e-56,30
10000,correlated_domain,0.9,none,0.0,0,post_failure,iss,B7,B2,0.20422336210807165,0.8948751926422119,-0.6906518305341403,-0.6918253363917272,-0.6894965583706896,-206.74299926356602,6.395570333778989e-69,30
10000,correlated_domain,0.9,none,0.0,0,post_failure,knowledge_survival,B7,B3Q,0.32370666666666664,0.32881166666666667,-0.005104999999999998,-0.006653374999999998,-0.0035083333333333394,-1.1399642381425712,8.176922102925706e-07,30
10000,correlated_domain,0.9,none,0.0,0,post_failure,accuracy_macro,B7,B3Q,0.23818351701829318,0.25158657986164684,-0.013403062843353604,-0.015385916305467687,-0.011401775924622446,-2.355387533082899,1.52998479839858e-13,30
10000,correlated_org,0.1,none,0.0,0,post_failure,iss,B6,B2,0.8959692100683848,1.0,-0.1040307899316152,-0.10458064739902814,-0.10346942633390427,-66.22332672656698,1.389468516929327e-54,30
10000,correlated_org,0.1,none,0.0,0,post_failure,iss,B6,B4,0.8959692100683848,0.9682357728481292,-0.07226656277974447,-0.07444496636589368,-0.07005568265914917,-11.477020839646785,1.492467141921437e-32,30
10000,correlated_org,0.1,none,0.0,0,post_failure,iss,B7,B2,0.895775032043457,1.0,-0.10422496795654297,-0.10473723883430164,-0.10368752852082253,-68.53244080621758,5.143594412877354e-55,30
10000,correlated_org,0.1,none,0.0,0,post_failure,knowledge_survival,B7,B3Q,0.9440616666666666,0.9626433333333332,-0.018581666666666687,-0.019066666666666676,-0.018085000000000028,-13.444928825968224,1.558875955780609e-34,30
10000,correlated_org,0.1,none,0.0,0,post_failure,accuracy_macro,B7,B3Q,0.8378327450745323,0.8898573342429578,-0.05202458916842527,-0.05334538732397152,-0.05065784263052138,-13.588243334159923,1.1480276290365275e-34,30
10000,correlated_org,0.3,none,0.0,0,post_failure,knowledge_survival,B6,B2,0.8693533333333334,0.8763749999999998,-0.007021666666666674,-0.0075567083333333545,-0.006506666666666672,-4.715806263190084,1.4490250749732785e-21,30
10000,correlated_org,0.3,none,0.0,0,post_failure,iss,B6,B2,0.8107093354066213,1.0,-0.1892906645933787,-0.18998154456416766,-0.188623671233654,-97.03228650196228,2.149380540060931e-59,30
10000,correlated_org,0.3,none,0.0,0,post_failure,iss,B6,B4,0.8107093354066213,0.8761051853497823,-0.06539584994316101,-0.06883881444732348,-0.06181285962462425,-6.532191069226974,1.5145368370945814e-25,30
10000,correlated_org,0.3,none,0.0,0,post_failure,iss,B7,B2,0.8104889829953511,1.0,-0.18951101700464884,-0.19022324363390605,-0.18880504697561265,-92.66705927326412,8.165609813740983e-59,30
10000,correlated_org,0.3,none,0.0,0,post_failure,knowledge_survival,B7,B3Q,0.9354300000000001,0.9525483333333333,-0.01711833333333333,-0.01768999999999998,-0.016513333333333356,-10.105093034878323,5.813281164463428e-31,30
10000,correlated_org,0.3,none,0.0,0,post_failure,accuracy_macro,B7,B3Q,0.8257158578148857,0.8730996806615265,-0.047383822846641076,-0.04882561248224508,-0.0458724317789506,-11.142817622308991,3.494560060624637e-32,30
10000,correlated_org,0.5,none,0.0,0,post_failure,knowledge_survival,B6,B2,0.82226,0.8765416666666668,-0.05428166666666668,-0.05511837500000004,-0.05343833333333335,-22.60231842670004,4.694111891284769e-41,30
10000,correlated_org,0.5,none,0.0,0,post_failure,accuracy_macro,B6,B2,0.5750429681379015,0.6051349968606016,-0.030092028722700413,-0.031281001909003486,-0.02886971622686534,-8.871631716449391,2.437899520649493e-29,30
10000,correlated_org,0.5,none,0.0,0,post_failure,iss,B6,B2,0.68690984249115,0.9999942978223165,-0.3130844553311666,-0.3140335665643215,-0.3121283958852291,-116.31067151110031,1.1222972169184829e-61,30
10000,correlated_org,0.5,none,0.0,0,post_failure,iss,B6,B4,0.68690984249115,0.7495012601216634,-0.06259141763051351,-0.06762059728304545,-0.057736912916104,-4.460730813198598,6.786274251176294e-21,30
10000,correlated_org,0.5,none,0.0,0,post_failure,iss,B7,B2,0.6874769926071167,0.9999942978223165,-0.31251730521519977,-0.31341506252686185,-0.3116652652621269,-128.24579922255637,6.605431412490734e-63,30
10000,correlated_org,0.5,none,0.0,0,post_failure,knowledge_survival,B7,B3Q,0.8830899999999999,0.8984349999999999,-0.015345000000000013,-0.016191708333333346,-0.014516666666666681,-6.461771126160844,2.059841640982711e-25,30
10000,correlated_org,0.5,none,0.0,0,post_failure,accuracy_macro,B7,B3Q,0.7636863844491971,0.8055254980474393,-0.04183911359824208,-0.04344939353907518,-0.04022858615626599,-9.171223549321759,9.407627846379394e-30,30
10000,correlated_org,0.7,none,0.0,0,post_failure,knowledge_survival,B6,B2,0.6667866666666666,0.8759100000000001,-0.20912333333333333,-0.21013837499999996,-0.208125,-72.83195985539108,8.811752547117969e-56,30
10000,correlated_org,0.7,none,0.0,0,post_failure,accuracy_macro,B6,B2,0.44142215226663145,0.60435561127353,-0.16293345900689854,-0.16434990569976307,-0.16151745290258399,-40.75399839249836,1.7989881476015175e-48,30
10000,correlated_org,0.7,none,0.0,0,post_failure,iss,B6,B2,0.4988526741663615,0.9982564349969228,-0.4994037608305613,-0.5004583317538102,-0.49830430395901204,-162.35274057681085,7.078774398066822e-66,30
10000,correlated_org,0.7,none,0.0,0,post_failure,knowledge_survival,B6,B4,0.6667866666666666,0.6922183333333334,-0.02543166666666667,-0.028141708333333335,-0.022876625000000022,-3.389193504207896,1.2253515320975171e-17,30
10000,correlated_org,0.7,none,0.0,0,post_failure,iss,B6,B4,0.4988526741663615,0.5643423716227214,-0.06548969745635987,-0.07002998260160287,-0.06125223318735759,-5.223869605258397,8.309705931148988e-23,30
10000,correlated_org,0.7,none,0.0,0,post_failure,knowledge_survival,B7,B2,0.7152666666666665,0.8759100000000001,-0.16064333333333333,-0.16177499999999997,-0.15946829166666668,-49.39557695092803,6.825632624664592e-51,30
10000,correlated_org,0.7,none,0.0,0,post_failure,accuracy_macro,B7,B2,0.5851944670428509,0.60435561127353,-0.01916114423067897,-0.021014830833386754,-0.017357491438192575,-3.650249660541319,1.6569335052490352e-18,30
10000,correlated_org,0.7,none,0.0,0,post_failure,iss,B7,B2,0.49907876253128053,0.9982564349969228,-0.4991776724656423,-0.5001264213025569,-0.49820134239892166,-182.6920819499461,2.3092031259048174e-67,30
10000,correlated_org,0.7,none,0.0,0,post_failure,knowledge_survival,B7,B3Q,0.7152666666666665,0.7267533333333334,-0.011486666666666675,-0.013016750000000013,-0.00996500000000002,-2.6497862186083396,7.838485112694556e-15,30
10000,correlated_org,0.7,none,0.0,0,post_failure,accuracy_macro,B7,B3Q,0.5851944670428509,0.6158640518903663,-0.03066958484751531,-0.032883272911861765,-0.028421535644315505,-4.9065379152685935,4.798488654663187e-22,30
10000,correlated_org,0.9,none,0.0,0,post_failure,knowledge_survival,B6,B2,0.30153500000000005,0.8427833333333334,-0.5412483333333333,-0.5427883333333334,-0.53969325,-122.77640904213882,2.3376903661311186e-62,30
10000,correlated_org,0.9,none,0.0,0,post_failure,accuracy_macro,B6,B2,0.17784123717259656,0.5746532291501827,-0.39681199197758615,-0.39849558450150385,-0.3951833743683166,-84.16439432750794,1.3303178359052838e-57,30
10000,correlated_org,0.9,none,0.0,0,post_failure,iss,B6,B2,0.2036782850821813,0.8952625890572866,-0.6915843039751053,-0.6926769336437185,-0.6905046080425382,-223.15799936644245,6.976394802281639e-70,30
10000,correlated_org,0.9,none,0.0,0,post_failure,knowledge_survival,B6,B4,0.30153500000000005,0.4610233333333333,-0.15948833333333332,-0.166195125,-0.15286491666666663,-8.365969922937055,1.3090103640371116e-28,30
10000,correlated_org,0.9,none,0.0,0,post_failure,accuracy_macro,B6,B4,0.17784123717259656,0.26878760894000125,-0.09094637176740475,-0.09584082509032898,-0.08613247830237528,-6.546806376627672,1.421458200696446e-25,30
10000,correlated_org,0.9,none,0.0,0,post_failure,iss,B6,B4,0.2036782850821813,0.2836035345991453,-0.07992524951696396,-0.08610037454714378,-0.07384756098190945,-4.532316488310048,4.364906498469236e-21,30
10000,correlated_org,0.9,none,0.0,0,post_failure,knowledge_survival,B7,B2,0.3224866666666666,0.8427833333333334,-0.5202966666666666,-0.52165,-0.5187600000000001,-127.35113995121196,8.092173289137549e-63,30
10000,correlated_org,0.9,none,0.0,0,post_failure,accuracy_macro,B7,B2,0.23702573132186713,0.5746532291501827,-0.3376274978283155,-0.3390656228124912,-0.3361373760042092,-81.3366273000152,3.583617282089117e-57,30
10000,correlated_org,0.9,none,0.0,0,post_failure,iss,B7,B2,0.20358577420314153,0.8952625890572866,-0.691676814854145,-0.6926044648264845,-0.690633971815308,-247.51088346671412,3.460826210076701e-71,30
10000,correlated_org,0.9,none,0.0,0,post_failure,knowledge_survival,B7,B3Q,0.3224866666666666,0.3281716666666667,-0.005685000000000007,-0.007228333333333342,-0.0040333333333333445,-1.2676897664340703,1.2433712822437228e-07,30
10000,correlated_org,0.9,none,0.0,0,post_failure,accuracy_macro,B7,B3Q,0.23702573132186713,0.25098012087733396,-0.013954389555466866,-0.01569649901170835,-0.012204664791211522,-2.8269558417718206,1.4768027259607657e-15,30
10000,correlated_region,0.1,none,0.0,0,post_failure,iss,B6,B2,0.8959537963072459,1.0,-0.10404620369275411,-0.10455872635046641,-0.10347444877028465,-67.27016976781654,8.817710073353508e-55,30
10000,correlated_region,0.1,none,0.0,0,post_failure,iss,B6,B4,0.8959537963072459,0.9921171983083089,-0.09616340200106303,-0.09773782263199489,-0.09451504717270533,-21.098026393540245,3.445699932196375e-40,30
10000,correlated_region,0.1,none,0.0,0,post_failure,iss,B7,B2,0.8958518942197163,1.0,-0.1041481057802836,-0.10459732259313266,-0.10367592404286068,-78.92986279869086,8.561819138542994e-57,30
10000,correlated_region,0.1,none,0.0,0,post_failure,knowledge_survival,B7,B3Q,0.9441416666666668,0.9626333333333335,-0.01849166666666667,-0.019038375,-0.017958333333333337,-12.044494778013968,3.716790372475363e-33,30
10000,correlated_region,0.1,none,0.0,0,post_failure,accuracy_macro,B7,B3Q,0.8392968823555425,0.8901473286983914,-0.05085044634284911,-0.052357112626009304,-0.049280754484926415,-11.716867588487034,8.226515119194454e-33,30
10000,correlated_region,0.3,none,0.0,0,post_failure,knowledge_survival,B6,B2,0.8691800000000001,0.876475,-0.0072949999999999925,-0.007851708333333337,-0.006748333333333338,-4.633561955163536,2.3636240766779016e-21,30
10000,correlated_region,0.3,none,0.0,0,post_failure,iss,B6,B2,0.8103181660175324,1.0,-0.18968183398246766,-0.19030026555061338,-0.18906508619586626,-108.33281801328447,8.80983046958802e-61,30
10000,correlated_region,0.3,none,0.0,0,post_failure,iss,B6,B4,0.8103181660175324,0.9562545597553254,-0.14593639373779296,-0.14891384532054266,-0.14281321848432224,-16.95528156942725,1.9195881353388137e-37,30
10000,correlated_region,0.3,none,0.0,0,post_failure,iss,B7,B2,0.810015614827474,1.0,-0.18998438517252605,-0.19082265521089234,-0.18908737485607463,-78.37988383710918,1.0486196075460508e-56,30
10000,correlated_region,0.3,none,0.0,0,post_failure,knowledge_survival,B7,B3Q,0.9351050000000001,0.9526749999999999,-0.01757000000000001,-0.018166666666666678,-0.01691829166666666,-10.098126703934122,5.92963511094149e-31,30
10000,correlated_region,0.3,none,0.0,0,post_failure,accuracy_macro,B7,B3Q,0.8265680558820904,0.8742018459207069,-0.04763379003861646,-0.049182018519858206,-0.04599999305871805,-10.726969145915419,1.043985225629733e-31,30
10000,correlated_region,0.5,none,0.0,0,post_failure,knowledge_survival,B6,B2,0.8221516666666667,0.8766250000000001,-0.054473333333333346,-0.055196708333333344,-0.05376333333333337,-26.80864162998755,3.352354916244914e-43,30
10000,correlated_region,0.5,none,0.0,0,post_failure,accuracy_macro,B6,B2,0.574386036084547,0.6056982240455687,-0.0313121879610219,-0.032543311071606906,-0.030061801316353748,-8.84744273497827,2.636316442403975e-29,30
10000,correlated_region,0.5,none,0.0,0,post_failure,iss,B6,B2,0.6872295161088308,0.9999899367491404,-0.3127604206403097,-0.31367883761723836,-0.31179636682073275,-119.25002083119935,5.4425317738724065e-62,30
10000,correlated_region,0.5,none,0.0,0,post_failure,knowledge_survival,B6,B4,0.8221516666666667,0.8328099999999999,-0.01065833333333334,-0.01434666666666667,-0.00678154166666667,-0.9729241748938439,1.0169245973307371e-05,30
10000,correlated_region,0.5,none,0.0,0,post_failure,iss,B6,B4,0.6872295161088308,0.8674272358417511,-0.18019771973292034,-0.18983760446310044,-0.17009067863225935,-6.286494035168465,4.491492772444813e-25,30
10000,correlated_region,0.5,none,0.0,0,post_failure,iss,B7,B2,0.6866873244444529,0.9999899367491404,-0.3133026123046875,-0.31420035993059475,-0.3123440808057785,-118.51354264953252,6.513581039874185e-62,30
10000,correlated_region,0.5,none,0.0,0,post_failure,knowledge_survival,B7,B3Q,0.882865,0.8984799999999998,-0.015615000000000013,-0.01658170833333334,-0.014701666666666672,-5.849408972300105,3.447250309885671e-24,30
10000,correlated_region,0.5,none,0.0,0,post_failure,accuracy_macro,B7,B3Q,0.7637340684386585,0.80647371713848,-0.04273964869982138,-0.044837630471464926,-0.04062958614185783,-7.033548518541445,1.851469407472759e-26,30
10000,correlated_region,0.7,none,0.0,0,post_failure,knowledge_survival,B6,B2,0.66665,0.8759633333333333,-0.20931333333333332,-0.21052504166666666,-0.20811329166666664,-60.6804501185374,1.751846144623631e-53,30
10000,correlated_region,0.7,none,0.0,0,post_failure,accuracy_macro,B6,B2,0.44118212481152813,0.6049257344532047,-0.16374360964167647,-0.16504215894165078,-0.16250606516482072,-45.304393059314926,8.367042661384624e-50,30
10000,correlated_region,0.7,none,0.0,0,post_failure,iss,B6,B2,0.49830032090346016,0.9982868591944377,-0.4999865382909775,-0.5011628392835458,-0.49874882164100803,-146.50736896524083,1.3909502821483838e-64,30
10000,correlated_region,0.7,none,0.0,0,post_failure,knowledge_survival,B6,B4,0.66665,0.7675600000000001,-0.10091000000000001,-0.10759170833333337,-0.09401812500000001,-5.215939613549496,8.671308325792762e-23,30
10000,correlated_region,0.7,none,0.0,0,post_failure,accuracy_macro,B6,B4,0.44118212481152813,0.49480621601695063,-0.05362409120542248,-0.06009865848403809,-0.04695113999599106,-2.860357665282926,1.0881167750158835e-15,30
10000,correlated_region,0.7,none,0.0,0,post_failure,iss,B6,B4,0.49830032090346016,0.7088158468405406,-0.2105155259370804,-0.2250044442464908,-0.19590804281334082,-5.049025871447493,2.1561043768488637e-22,30
10000,correlated_region,0.7,none,0.0,0,post_failure,knowledge_survival,B7,B2,0.7166183333333332,0.8759633333333333,-0.15934500000000004,-0.16075,-0.1578716666666667,-38.786075807905746,7.550862324939842e-48,30
10000,correlated_region,0.7,none,0.0,0,post_failure,accuracy_macro,B7,B2,0.5861874974784469,0.6049257344532047,-0.018738236974757884,-0.02050120222056249,-0.016845814113620468,-3.5999856661342986,2.41187739616419e-18,30
10000,correlated_region,0.7,none,0.0,0,post_failure,iss,B7,B2,0.4995798220237096,0.9982868591944377,-0.49870703717072806,-0.49979317675034207,-0.49755340357621514,-155.6032234533701,2.4250922567052175e-65,30
10000,correlated_region,0.7,none,0.0,0,post_failure,knowledge_survival,B7,B3Q,0.7166183333333332,0.7282200000000001,-0.011601666666666677,-0.012913333333333336,-0.010221625000000003,-3.059772626068733,1.8605596357971273e-16,30
10000,correlated_region,0.7,none,0.0,0,post_failure,accuracy_macro,B7,B3Q,0.5861874974784469,0.6170866766967132,-0.030899179218266307,-0.03280421143756095,-0.028913424248656335,-5.534917823328266,1.6366581299732807e-23,30
10000,correlated_region,0.9,none,0.0,0,post_failure,knowledge_survival,B6,B2,0.3011,0.8428166666666667,-0.5417166666666666,-0.5430983333333332,-0.54035,-139.9186298801574,5.282250454530162e-64,30
10000,correlated_region,0.9,none,0.0,0,post_failure,accuracy_macro,B6,B2,0.17810027755369987,0.5747057535066991,-0.3966054759529994,-0.39798548497035996,-0.39525731542917747,-101.58240462485863,5.691196958601863e-60,30
10000,correlated_region,0.9,none,0.0,0,post_failure,iss,B6,B2,0.20375731239716213,0.8949477195739746,-0.6911904071768125,-0.6921687238539258,-0.690174400197963,-249.14566780648897,2.8593604090455776e-71,30
10000,correlated_region,0.9,none,0.0,0,post_failure,knowledge_survival,B6,B4,0.3011,0.6487433333333334,-0.34764333333333336,-0.36373862500000004,-0.3275763333333334,-6.662870604214716,8.63084940518881e-26,30
10000,correlated_region,0.9,none,0.0,0,post_failure,accuracy_macro,B6,B4,0.17810027755369987,0.4144090013192665,-0.2363087237655667,-0.24904386260684397,-0.22047061880139207,-5.718747999953766,6.5201606625678724e-24,30
10000,correlated_region,0.9,none,0.0,0,post_failure,iss,B6,B4,0.20375731239716213,0.5024472067753474,-0.29868989437818527,-0.3184575773899754,-0.2740611614411076,-4.635907216799541,2.330617223706948e-21,30
10000,correlated_region,0.9,none,0.0,0,post_failure,knowledge_survival,B7,B2,0.32304166666666667,0.8428166666666667,-0.519775,-0.521308375,-0.5182699166666667,-120.14203022200252,4.384787121584699e-62,30
10000,correlated_region,0.9,none,0.0,0,post_failure,accuracy_macro,B7,B2,0.23828905064821823,0.5747057535066991,-0.33641670285848085,-0.3381836879802385,-0.334663609135659,-67.25717866783977,8.867226114781087e-55,30
10000,correlated_region,0.9,none,0.0,0,post_failure,iss,B7,B2,0.20414000401894253,0.8949477195739746,-0.6908077155550321,-0.6918963573003809,-0.6896620281785726,-218.64059417886344,1.262392079269449e-69,30
10000,correlated_region,0.9,none,0.0,0,post_failure,knowledge_survival,B7,B3Q,0.32304166666666667,0.3283416666666667,-0.005300000000000003,-0.006686666666666666,-0.003864958333333323,-1.309974873266245,6.739899125740406e-08,30
10000,correlated_region,0.9,none,0.0,0,post_failure,accuracy_macro,B7,B3Q,0.23828905064821823,0.2504535159708744,-0.012164465322656111,-0.013859679155167308,-0.010514081274579121,-2.5300231675772067,2.5448377779429897e-14,30
10000,partition,0.0,none,0.0,2,after_reconnect,knowledge_survival,B6,B3,0.7601316666666666,0.7633083333333334,-0.003176666666666661,-0.0039567500000000045,-0.0024099999999999937,-1.4304802765289735,1.2183234051383395e-08,30
10000,partition,0.0,none,0.0,2,after_reconnect,knowledge_survival,B6,B5,0.7601316666666666,0.7634766666666665,-0.0033449999999999795,-0.0041767083333333135,-0.002518333333333304,-1.4103250440339559,1.6158615522232396e-08,30
10000,partition,0.0,none,0.0,2,after_reconnect,knowledge_survival,B6,B2,0.7601316666666666,0.7669216666666667,-0.006789999999999996,-0.007754999999999979,-0.005818291666666666,-2.4734679352034807,4.503053366208595e-14,30
10000,partition,0.0,none,0.0,2,after_reconnect,iss,B6,B2,0.9296731789906819,1.0,-0.07032682100931803,-0.07071653376022974,-0.06992222358783086,-62.02553697931617,9.277568011507241e-54,30
10000,partition,0.0,none,0.0,2,after_reconnect,knowledge_survival,B6,B4,0.7601316666666666,0.8149200000000001,-0.05478833333333332,-0.05800004166666665,-0.05099833333333333,-5.445614610451752,2.5861906980684315e-23,30
10000,partition,0.0,none,0.0,2,after_reconnect,accuracy_macro,B6,B4,0.4475464803916615,0.47742456498300967,-0.029878084591348116,-0.03258076838010528,-0.026825899580565575,-3.6165876740456335,2.129527031778004e-18,30
10000,partition,0.0,none,0.0,2,after_reconnect,iss,B6,B4,0.9296731789906819,1.0,-0.07032682100931803,-0.07071653376022974,-0.06992222358783086,-62.02553697931617,9.277568011507241e-54,30
10000,partition,0.0,none,0.0,2,after_reconnect,iss,B7,B2,0.9296731789906819,1.0,-0.07032682100931803,-0.07071653376022974,-0.06992222358783086,-62.02553697931617,9.277568011507241e-54,30
10000,partition,0.0,none,0.0,2,after_reconnect,knowledge_survival,B7,B3Q,0.87835,0.9178666666666666,-0.03951666666666666,-0.04078175,-0.038124958333333334,-10.464212219724729,2.1303820379891763e-31,30
10000,partition,0.0,none,0.0,2,after_reconnect,accuracy_macro,B7,B3Q,0.7405741199698592,0.8261073329952651,-0.08553321302540565,-0.08735069624350063,-0.08365512422303151,-16.220741407208322,6.9041726370818836e-37,30
10000,partition,0.0,none,0.0,2,during_partition,knowledge_survival,B6,B2,0.7330883333333333,0.7861650000000001,-0.05307666666666669,-0.05479004166666669,-0.051479875000000036,-11.408324010895807,1.774111312792547e-32,30
10000,partition,0.0,none,0.0,2,during_partition,accuracy_macro,B6,B2,0.4348184205881462,0.4587733863405556,-0.023954965752409386,-0.025919160997874745,-0.02210424833804596,-4.468444816578077,6.4691088939006184e-21,30
10000,partition,0.0,none,0.0,2,during_partition,iss,B6,B2,0.7047471225261688,0.9993256847063701,-0.29457856218020123,-0.3041418326397737,-0.2824967546761036,-9.529575078435624,3.13220822236195e-30,30
10000,partition,0.0,none,0.0,2,during_partition,knowledge_survival,B6,B4,0.7330883333333333,0.7646916666666667,-0.031603333333333344,-0.03349675000000001,-0.029818208333333346,-6.130784820660258,9.136726904045787e-25,30
10000,partition,0.0,none,0.0,2,during_partition,accuracy_macro,B6,B4,0.4348184205881462,0.4440331606650435,-0.009214740076897347,-0.011186363197668763,-0.00725081986333636,-1.6576879751822953,5.629125694038767e-10,30
10000,partition,0.0,none,0.0,2,during_partition,iss,B6,B4,0.7047471225261688,0.8721895476182302,-0.16744242509206136,-0.17250809331734976,-0.16141053453087806,-10.696285085702144,1.1336538092168666e-31,30
10000,partition,0.0,none,0.0,2,during_partition,iss,B7,B2,0.706154078245163,0.9993256847063701,-0.29317160646120705,-0.3026288697620233,-0.28123673821489015,-9.640173413792315,2.2489881064187495e-30,30
10000,partition,0.0,none,0.0,2,during_partition,knowledge_survival,B7,B3Q,0.7898899999999999,0.8030433333333334,-0.013153333333333324,-0.014073374999999997,-0.012221624999999972,-4.976831971738078,3.2251543408390354e-22,30
10000,partition,0.0,none,0.0,2,during_partition,accuracy_macro,B7,B3Q,0.6309211100400977,0.6737644140760708,-0.04284330403597294,-0.04493893504708441,-0.04060764781566928,-6.891465068618012,3.308852835489059e-26,30
10000,partition,0.0,none,0.0,4,after_reconnect,knowledge_survival,B6,B3,0.6744633333333332,0.6766466666666668,-0.002183333333333326,-0.0028499999999999784,-0.001504999999999997,-1.1488119342690903,7.16616261544593e-07,30
10000,partition,0.0,none,0.0,4,after_reconnect,knowledge_survival,B6,B5,0.6744633333333332,0.67637,-0.0019066666666666566,-0.002824999999999981,-0.0010099999999999888,-0.7465234117385665,0.0003141193547321914,30
10000,partition,0.0,none,0.0,4,after_reconnect,iss,B6,B2,0.9296731789906819,1.0,-0.07032682100931803,-0.07071653376022974,-0.06992222358783086,-62.02553697931617,9.277568011507241e-54,30
10000,partition,0.0,none,0.0,4,after_reconnect,knowledge_survival,B6,B4,0.6744633333333332,0.7590983333333335,-0.08463499999999997,-0.08699666666666667,-0.08185324999999999,-11.725180357211201,8.060166554588577e-33,30
10000,partition,0.0,none,0.0,4,after_reconnect,accuracy_macro,B6,B4,0.3817508200597516,0.4314020786978638,-0.04965125863811205,-0.051826722723598506,-0.047226381079747734,-7.599741148665263,2.037934038199052e-27,30
10000,partition,0.0,none,0.0,4,after_reconnect,iss,B6,B4,0.9296731789906819,1.0,-0.07032682100931803,-0.07071653376022974,-0.06992222358783086,-62.02553697931617,9.277568011507241e-54,30
10000,partition,0.0,none,0.0,4,after_reconnect,iss,B7,B2,0.9296731789906819,1.0,-0.07032682100931803,-0.07071653376022974,-0.06992222358783086,-62.02553697931617,9.277568011507241e-54,30
10000,partition,0.0,none,0.0,4,after_reconnect,knowledge_survival,B7,B3Q,0.8285950000000001,0.88188,-0.053285,-0.05449999999999999,-0.05194495833333333,-15.04316946047814,6.091058428756931e-36,30
10000,partition,0.0,none,0.0,4,after_reconnect,accuracy_macro,B7,B3Q,0.6954600528757262,0.7917876567275535,-0.09632760385182713,-0.09810015774364113,-0.0945286565152188,-19.264542630858568,4.7825050262667754e-39,30
10000,partition,0.0,none,0.0,4,during_partition,knowledge_survival,B6,B2,0.5298350000000001,0.7317166666666668,-0.20188166666666663,-0.20749675000000004,-0.19635808333333335,-12.776656745273417,6.783127946842601e-34,30
10000,partition,0.0,none,0.0,4,during_partition,accuracy_macro,B6,B2,0.28550391132663766,0.41397729203588224,-0.12847338070924458,-0.13224974774004922,-0.12473896312838724,-12.178844847892735,2.6998860664928477e-33,30
10000,partition,0.0,none,0.0,4,during_partition,iss,B6,B2,0.4746641874313354,0.9879528701305389,-0.5132886826992035,-0.5232273542384307,-0.5029997982581457,-17.946557971528442,3.7135874287149383e-38,30
10000,partition,0.0,none,0.0,4,during_partition,knowledge_survival,B6,B4,0.5298350000000001,0.6736416666666666,-0.14380666666666667,-0.14829666666666666,-0.13935304166666668,-11.394805617390078,1.8357226040299698e-32,30
10000,partition,0.0,none,0.0,4,during_partition,accuracy_macro,B6,B4,0.28550391132663766,0.3764194569521285,-0.09091554562549088,-0.09393792990350898,-0.08787959292933405,-10.505932185293725,1.9000570433167782e-31,30
10000,partition,0.0,none,0.0,4,during_partition,iss,B6,B4,0.4746641874313354,0.7020497798919678,-0.22738559246063234,-0.23065330629547437,-0.22383145133654278,-23.348806851818964,1.8324758921692445e-41,30
10000,partition,0.0,none,0.0,4,during_partition,knowledge_survival,B7,B2,0.56915,0.7317166666666668,-0.16256666666666666,-0.16842845833333334,-0.15672991666666666,-9.846088214733328,1.2257361844132764e-30,30
10000,partition,0.0,none,0.0,4,during_partition,iss,B7,B2,0.4739685942729314,0.9879528701305389,-0.5139842758576075,-0.5238936148583888,-0.503712198411425,-18.09580130049843,2.922740709972456e-38,30
10000,partition,0.0,none,0.0,4,during_partition,knowledge_survival,B7,B3Q,0.56915,0.5786983333333333,-0.009548333333333332,-0.010588375000000006,-0.008526666666666667,-3.2393560695857584,4.1033205335349683e-17,30
10000,partition,0.0,none,0.0,4,during_partition,accuracy_macro,B7,B3Q,0.41622642797230985,0.44522684083663083,-0.029000412864320955,-0.031050723938941108,-0.026916765001292968,-4.9120790726580905,4.649641773327393e-22,30
10000,random,0.0,none,0.0,0,post_failure,iss,B6,B2,0.9296731789906819,1.0,-0.07032682100931803,-0.07071653376022974,-0.06992222358783086,-62.02553697931617,9.277568011507241e-54,30
10000,random,0.0,none,0.0,0,post_failure,iss,B6,B4,0.9296731789906819,1.0,-0.07032682100931803,-0.07071653376022974,-0.06992222358783086,-62.02553697931617,9.277568011507241e-54,30
10000,random,0.0,none,0.0,0,post_failure,iss,B7,B2,0.9296731789906819,1.0,-0.07032682100931803,-0.07071653376022974,-0.06992222358783086,-62.02553697931617,9.277568011507241e-54,30
10000,random,0.0,none,0.0,0,post_failure,knowledge_survival,B7,B3Q,0.9447783333333333,0.9633166666666665,-0.018538333333333323,-0.019046749999999998,-0.01803166666666665,-12.794932863185187,6.509231005029357e-34,30
10000,random,0.0,none,0.0,0,post_failure,accuracy_macro,B7,B3Q,0.8057827722451496,0.8682079686289724,-0.06242519638382286,-0.06398501013626881,-0.06086457968393538,-14.090751678315655,4.0255168252166927e-35,30
10000,random,0.1,none,0.0,0,post_failure,knowledge_survival,B6,B2,0.8757916666666666,0.8764449999999999,-0.0006533333333333317,-0.0010499999999999954,-0.0002716666666666775,-0.5838787701742629,0.0033351332299158057,30
10000,random,0.1,none,0.0,0,post_failure,iss,B6,B2,0.8960836430390676,1.0,-0.10391635696093242,-0.10440031756957373,-0.1034096677104632,-73.72656612267608,6.1848729620994555e-56,30
10000,random,0.1,none,0.0,0,post_failure,knowledge_survival,B6,B4,0.8757916666666666,0.8765333333333333,-0.0007416666666666701,-0.0012366666666666784,-0.0002633333333333302,-0.5446985907223796,0.005730978720449829,30
10000,random,0.1,none,0.0,0,post_failure,iss,B6,B4,0.8960836430390676,0.9997773547967275,-0.10369371175765991,-0.10417895024021467,-0.10318702841798465,-73.30175530989582,7.313032804908403e-56,30
10000,random,0.1,none,0.0,0,post_failure,iss,B7,B2,0.8959430197874705,1.0,-0.1040569802125295,-0.10459705591201783,-0.10350279748439788,-67.2968568299782,8.716886664508233e-55,30
10000,random,0.1,none,0.0,0,post_failure,knowledge_survival,B7,B3Q,0.9442416666666666,0.9625650000000001,-0.018323333333333323,-0.018799999999999976,-0.017869999999999997,-13.737423420516505,8.377624230301578e-35,30
10000,random,0.1,none,0.0,0,post_failure,accuracy_macro,B7,B3Q,0.8393007030189613,0.8901657673964359,-0.0508650643774747,-0.05207444070727826,-0.04966856624741448,-14.786583861382217,1.0010570518810357e-35,30
10000,random,0.3,node_coordinated,0.01,0,post_failure,knowledge_survival,B6,B2,0.8659016666666666,0.8762416666666667,-0.01034,-0.010875000000000008,-0.009776666666666671,-6.537020980624756,1.483099519124166e-25,30
10000,random,0.3,node_coordinated,0.01,0,post_failure,iss,B6,B2,0.8099641978740693,1.0,-0.1900358021259308,-0.19073545679450035,-0.18932881732781728,-96.28496063052864,2.6895523449041065e-59,30
10000,random,0.3,node_coordinated,0.01,0,post_failure,knowledge_survival,B6,B4,0.8659016666666666,0.8736116666666667,-0.007709999999999998,-0.00828499999999999,-0.0071366666666666835,-4.726017907757027,1.3643604719347356e-21,30
10000,random,0.3,node_coordinated,0.01,0,post_failure,iss,B6,B4,0.8099641978740693,0.9936676104863484,-0.18370341261227927,-0.18439886753757795,-0.18300198828180633,-94.15934422417543,5.1381516501289135e-59,30
10000,random,0.3,node_coordinated,0.01,0,post_failure,iss,B7,B2,0.8096378525098165,1.0,-0.19036214749018351,-0.19103476479649542,-0.18963581179579098,-94.88734135673296,4.109758783544662e-59,30
10000,random,0.3,node_coordinated,0.01,0,post_failure,knowledge_survival,B7,B3Q,0.9280083333333332,0.9443416666666667,-0.016333333333333342,-0.017041666666666663,-0.01564,-8.083586436729489,3.495410128334244e-28,30
10000,random,0.3,node_coordinated,0.01,0,post_failure,accuracy_macro,B7,B3Q,0.8178449034010725,0.863553389611115,-0.045708486210042545,-0.04738758820857993,-0.04405219995261275,-9.471725116294985,3.7303816646197864e-30,30
10000,random,0.3,node_coordinated,0.05,0,post_failure,knowledge_survival,B6,B2,0.8495266666666665,0.8757983333333332,-0.02627166666666666,-0.026896666666666666,-0.02567162499999999,-15.049629251116901,6.016000540771857e-36,30
10000,random,0.3,node_coordinated,0.05,0,post_failure,accuracy_macro,B6,B2,0.5968842271350563,0.6036695438733609,-0.006785316738304566,-0.007874888814798382,-0.005734469982427588,-2.228587051096042,5.979688921252869e-13,30
10000,random,0.3,node_coordinated,0.05,0,post_failure,iss,B6,B2,0.8098494529724121,1.0,-0.19015054702758788,-0.19098577981193862,-0.18927641540765763,-79.33292863256983,7.386243169685348e-57,30
10000,random,0.3,node_coordinated,0.05,0,post_failure,knowledge_survival,B6,B4,0.8495266666666665,0.8699633333333333,-0.020436666666666655,-0.020960041666666665,-0.019931583333333325,-13.7130334240962,8.818425484885004e-35,30
10000,random,0.3,node_coordinated,0.05,0,post_failure,iss,B6,B4,0.8098494529724121,0.9938121418158213,-0.18396268884340922,-0.18483102877934773,-0.18306553562482197,-73.92782239863126,5.714830680078168e-56,30
10000,random,0.3,node_coordinated,0.05,0,post_failure,iss,B7,B2,0.8099003255367279,1.0,-0.19009967446327208,-0.1907784570256869,-0.18942160810033482,-97.99150141146117,1.6159698393035546e-59,30
10000,random,0.3,node_coordinated,0.05,0,post_failure,knowledge_survival,B7,B3Q,0.8966933333333332,0.9054316666666669,-0.008738333333333329,-0.009454999999999984,-0.008034999999999999,-4.271620434735577,2.2475901807449462e-20,30
10000,random,0.3,node_coordinated,0.05,0,post_failure,accuracy_macro,B7,B3Q,0.7777222502234529,0.8138596879656383,-0.03613743774218533,-0.037756386841976367,-0.03452745959921678,-7.878223514769095,7.292992269655264e-28,30
10000,random,0.3,node_coordinated,0.1,0,post_failure,knowledge_survival,B6,B2,0.823755,0.8735350000000001,-0.04978,-0.05072833333333334,-0.048844999999999986,-18.31879403962532,2.0510279261877086e-38,30
10000,random,0.3,node_coordinated,0.1,0,post_failure,accuracy_macro,B6,B2,0.5729829057962501,0.6012782684489769,-0.028295362652726662,-0.029483850001722323,-0.027022973217451868,-7.97681453510084,5.111725500824087e-28,30
10000,random,0.3,node_coordinated,0.1,0,post_failure,iss,B6,B2,0.8097725967566173,1.0,-0.19022740324338278,-0.19088574836651484,-0.18954191183050473,-98.22772748604817,1.5069933614922522e-59,30
10000,random,0.3,node_coordinated,0.1,0,post_failure,knowledge_survival,B6,B4,0.823755,0.8610833333333333,-0.03732833333333332,-0.03839333333333333,-0.03625499999999997,-12.242180956233057,2.325008204788381e-33,30
10000,random,0.3,node_coordinated,0.1,0,post_failure,accuracy_macro,B6,B4,0.5729829057962501,0.5816852852510853,-0.00870237945483526,-0.010055259729074176,-0.0073123489060626405,-2.209874984098389,7.345226104779527e-13,30
10000,random,0.3,node_coordinated,0.1,0,post_failure,iss,B6,B4,0.8097725967566173,0.9937493622303009,-0.18397676547368366,-0.18465111901362735,-0.18329606781403224,-94.68977239062109,4.365807322939145e-59,30
10000,random,0.3,node_coordinated,0.1,0,post_failure,knowledge_survival,B7,B2,0.8499533333333334,0.8735350000000001,-0.023581666666666664,-0.024965041666666684,-0.022161666666666656,-5.884220562350366,2.9155255982113064e-24,30
10000,random,0.3,node_coordinated,0.1,0,post_failure,iss,B7,B2,0.8097569823265076,1.0,-0.19024301767349244,-0.1909756253659725,-0.18950698773066205,-90.93185784577058,1.4126428776096232e-58,30
10000,random,0.3,node_coordinated,0.1,0,post_failure,knowledge_survival,B7,B3Q,0.8499533333333334,0.8514416666666667,-0.0014883333333333396,-0.002730083333333329,-0.0002982916666666714,-0.43039470134440644,0.02536694564040612,30
10000,random,0.3,node_coordinated,0.1,0,post_failure,accuracy_macro,B7,B3Q,0.7204493428029773,0.7467920107076115,-0.02634266790463406,-0.0285884058545214,-0.024277422686253238,-4.342377196119807,1.4279895644077718e-20,30
10000,random,0.3,node_coordinated,0.2,0,post_failure,knowledge_survival,B6,B5,0.7500849999999999,0.7522550000000001,-0.0021700000000000053,-0.0034383750000000096,-0.0007600000000000049,-0.5707984759264965,0.004001875306933174,30
10000,random,0.3,node_coordinated,0.2,0,post_failure,knowledge_survival,B6,B2,0.7500849999999999,0.8479116666666666,-0.09782666666666667,-0.09922833333333332,-0.09638662499999999,-24.41870858746079,5.0081910596477317e-42,30
10000,random,0.3,node_coordinated,0.2,0,post_failure,accuracy_macro,B6,B2,0.5068285310781202,0.5776025579953525,-0.07077402691723235,-0.07260211610584534,-0.06884132754344449,-13.513814202018171,1.3451711777571183e-34,30
10000,random,0.3,node_coordinated,0.2,0,post_failure,iss,B6,B2,0.8097862879435221,1.0,-0.19021371205647786,-0.19083374659220378,-0.18956586589415866,-103.84682613027842,3.0030379343012774e-60,30
10000,random,0.3,node_coordinated,0.2,0,post_failure,knowledge_survival,B6,B4,0.7500849999999999,0.8209666666666666,-0.07088166666666666,-0.072263375,-0.06945495833333334,-17.65702951211373,5.943371987973441e-38,30
10000,random,0.3,node_coordinated,0.2,0,post_failure,accuracy_macro,B6,B4,0.5068285310781202,0.5392089513876648,-0.032380420309544605,-0.034006385580297525,-0.03062689114927043,-6.776386597442482,5.340757189422982e-26,30
10000,random,0.3,node_coordinated,0.2,0,post_failure,iss,B6,B4,0.8097862879435221,0.993872739871343,-0.18408645192782083,-0.1847524103025595,-0.18339212507009506,-93.11480755374686,7.1004767351906665e-59,30
10000,random,0.3,node_coordinated,0.2,0,post_failure,knowledge_survival,B7,B6,0.73334,0.7500849999999999,-0.016745000000000003,-0.018649999999999983,-0.014979958333333328,-3.192292212321468,6.056314645899993e-17,30
10000,random,0.3,node_coordinated,0.2,0,post_failure,knowledge_survival,B7,B2,0.73334,0.8479116666666666,-0.11457166666666665,-0.11644833333333333,-0.11256995833333334,-20.737476912384917,5.674215627955634e-40,30
10000,random,0.3,node_coordinated,0.2,0,post_failure,iss,B7,B2,0.8099875072638194,1.0,-0.19001249273618062,-0.19074309766292571,-0.18929193456967672,-91.69174482828387,1.1097703862825224e-58,30
10000,random,0.3,node_coordinated,0.2,0,post_failure,accuracy_macro,B7,B3Q,0.5892061011778457,0.6002196681138883,-0.011013566936042562,-0.013106871056570319,-0.008908298294934688,-1.8444132848259966,5.236758428759757e-11,30
10000,random,0.3,node_uncoordinated,0.01,0,post_failure,knowledge_survival,B6,B2,0.8659433333333333,0.8763033333333333,-0.010359999999999987,-0.010784999999999986,-0.00992,-8.392414508883688,1.1959618507689677e-28,30
10000,random,0.3,node_uncoordinated,0.01,0,post_failure,iss,B6,B2,0.810239706436793,1.0,-0.18976029356320698,-0.1905075181523959,-0.18898279160261153,-86.19178543537761,6.671251410887939e-58,30
10000,random,0.3,node_uncoordinated,0.01,0,post_failure,knowledge_survival,B6,B4,0.8659433333333333,0.8739516666666666,-0.008008333333333317,-0.008443333333333318,-0.007574999999999991,-6.543259576538925,1.4434887434732974e-25,30
10000,random,0.3,node_uncoordinated,0.01,0,post_failure,iss,B6,B4,0.810239706436793,0.9938210546970367,-0.18358134826024372,-0.18441878229379655,-0.1827399425705274,-76.47962774385658,2.1363696099320615e-56,30
10000,random,0.3,node_uncoordinated,0.01,0,post_failure,iss,B7,B2,0.8100779374440511,1.0,-0.1899220625559489,-0.19058176477750144,-0.18921430120865504,-98.25626854121944,1.494351469415704e-59,30
10000,random,0.3,node_uncoordinated,0.01,0,post_failure,knowledge_survival,B7,B3Q,0.9283066666666667,0.9449533333333334,-0.01664666666666665,-0.01731666666666665,-0.015984999999999985,-8.738078012338852,3.7651190263482195e-29,30
10000,random,0.3,node_uncoordinated,0.01,0,post_failure,accuracy_macro,B7,B3Q,0.8179973685847536,0.8644157305309486,-0.046418361946195044,-0.04788319766718352,-0.04487084879606747,-10.70247999122518,1.114929351589646e-31,30
10000,random,0.3,node_uncoordinated,0.05,0,post_failure,knowledge_survival,B6,B2,0.8516400000000001,0.8760166666666667,-0.024376666666666665,-0.025243375000000012,-0.023501624999999988,-10.04706408585924,6.859499898893481e-31,30
10000,random,0.3,node_uncoordinated,0.05,0,post_failure,accuracy_macro,B6,B2,0.5992662397002548,0.6043445885863441,-0.005078348886089353,-0.006619545809496468,-0.003537756124711243,-1.173143457457547,4.990631338811902e-07,30
10000,random,0.3,node_uncoordinated,0.05,0,post_failure,iss,B6,B2,0.8099429766337077,1.0,-0.19005702336629232,-0.19071010321378706,-0.18938120717803636,-99.24656893184113,1.1172826783137291e-59,30
10000,random,0.3,node_uncoordinated,0.05,0,post_failure,knowledge_survival,B6,B4,0.8516400000000001,0.8704149999999998,-0.018774999999999986,-0.019816666666666653,-0.017709916666666662,-6.419895107744218,2.4769358465866233e-25,30
10000,random,0.3,node_uncoordinated,0.05,0,post_failure,iss,B6,B4,0.8099429766337077,0.9937987883885702,-0.18385581175486246,-0.18454937150081,-0.18314431890845298,-90.5175013844553,1.6126775879063316e-58,30
10000,random,0.3,node_uncoordinated,0.05,0,post_failure,iss,B7,B2,0.8098334809144337,1.0,-0.1901665190855662,-0.19090530782938003,-0.18940698156754177,-88.32417467135505,3.2843354996304874e-58,30
10000,random,0.3,node_uncoordinated,0.05,0,post_failure,knowledge_survival,B7,B3Q,0.899325,0.9084849999999999,-0.009159999999999995,-0.009945041666666668,-0.008373333333333337,-4.107510815894322,6.609676105656138e-20,30
10000,random,0.3,node_uncoordinated,0.05,0,post_failure,accuracy_macro,B7,B3Q,0.7814282574583978,0.8176729100615459,-0.03624465260314794,-0.037779234370852524,-0.034741351690267215,-8.32217208302422,1.5211623445190987e-28,30
10000,random,0.3,node_uncoordinated,0.1,0,post_failure,knowledge_survival,B6,B2,0.8294650000000001,0.8756716666666666,-0.04620666666666666,-0.04710170833333331,-0.04527333333333334,-17.73683036885754,5.216861603045519e-38,30
10000,random,0.3,node_uncoordinated,0.1,0,post_failure,accuracy_macro,B6,B2,0.5783657440888046,0.6040038416106737,-0.025638097521869036,-0.026878320547129114,-0.024361324489996596,-7.271228012731103,7.185671490828594e-27,30
10000,random,0.3,node_uncoordinated,0.1,0,post_failure,iss,B6,B2,0.8096953868865967,1.0,-0.19030461311340333,-0.1910132644077142,-0.18955806558330854,-92.63482316171076,8.248408745148672e-59,30
10000,random,0.3,node_uncoordinated,0.1,0,post_failure,knowledge_survival,B6,B4,0.8294650000000001,0.8651216666666666,-0.035656666666666656,-0.036523375,-0.03479166666666666,-14.327687335527012,2.4875631655749464e-35,30
10000,random,0.3,node_uncoordinated,0.1,0,post_failure,accuracy_macro,B6,B4,0.5783657440888046,0.5859872280153283,-0.007621483926523635,-0.009103981157204117,-0.0061991327311272425,-1.8170661091902065,7.352226729953025e-11,30
10000,random,0.3,node_uncoordinated,0.1,0,post_failure,iss,B6,B4,0.8096953868865967,0.993791009982427,-0.18409562309583027,-0.18483989069859186,-0.1833044678469499,-85.77927026118277,7.666939335960555e-58,30
10000,random,0.3,node_uncoordinated,0.1,0,post_failure,knowledge_survival,B7,B2,0.8576950000000001,0.8756716666666666,-0.017976666666666672,-0.019485083333333344,-0.016488291666666665,-4.167781349138769,4.428032217559695e-20,30
10000,random,0.3,node_uncoordinated,0.1,0,post_failure,iss,B7,B2,0.8097119987010956,1.0,-0.1902880012989044,-0.19101968442400297,-0.1895559212565422,-92.21779789536443,9.401351843469996e-59,30
10000,random,0.3,node_uncoordinated,0.1,0,post_failure,knowledge_survival,B7,B3Q,0.8576950000000001,0.8592866666666666,-0.0015916666666666726,-0.002860000000000018,-0.000344999999999999,-0.4499087909437803,0.019897883197748774,30
10000,random,0.3,node_uncoordinated,0.1,0,post_failure,accuracy_macro,B7,B3Q,0.7286644622194801,0.7550390102078863,-0.0263745479884064,-0.02855788954714874,-0.024196742295933143,-4.356576895030045,1.304795059985451e-20,30
10000,random,0.3,node_uncoordinated,0.2,0,post_failure,knowledge_survival,B6,B5,0.7721349999999999,0.7735866666666668,-0.001451666666666666,-0.002545000000000008,-0.00034333333333332885,-0.4614483811519734,0.01719612590535837,30
10000,random,0.3,node_uncoordinated,0.2,0,post_failure,knowledge_survival,B6,B2,0.7721349999999999,0.8725266666666666,-0.10039166666666667,-0.10205166666666668,-0.09870833333333334,-21.281005127600235,2.683766502801226e-40,30
10000,random,0.3,node_uncoordinated,0.2,0,post_failure,accuracy_macro,B6,B2,0.5259031256922937,0.6008169117334272,-0.07491378604113377,-0.07689466055932243,-0.0729368947462673,-13.231696232359726,2.4723219470953475e-34,30
10000,random,0.3,node_uncoordinated,0.2,0,post_failure,iss,B6,B2,0.8100579241911571,1.0,-0.18994207580884298,-0.19075495431820552,-0.18916792064905166,-85.10662038519527,9.632974125054296e-58,30
10000,random,0.3,node_uncoordinated,0.2,0,post_failure,knowledge_survival,B6,B4,0.7721349999999999,0.8473249999999999,-0.07518999999999999,-0.07660666666666667,-0.07387000000000002,-19.32000140223678,4.400896172548523e-39,30
10000,random,0.3,node_uncoordinated,0.2,0,post_failure,accuracy_macro,B6,B4,0.5259031256922937,0.5623146707464175,-0.03641154505412382,-0.03832168199147011,-0.034581383413904807,-6.860977750424857,3.753493077795199e-26,30
10000,random,0.3,node_uncoordinated,0.2,0,post_failure,iss,B6,B4,0.8100579241911571,0.9938849866390228,-0.1838270624478658,-0.18460101351141928,-0.1830788924296697,-85.27012167224207,9.111521677227697e-58,30
10000,random,0.3,node_uncoordinated,0.2,0,post_failure,knowledge_survival,B7,B6,0.7598433333333333,0.7721349999999999,-0.012291666666666668,-0.013738333333333326,-0.010843333333333342,-3.036694278653407,2.271436187450199e-16,30
10000,random,0.3,node_uncoordinated,0.2,0,post_failure,knowledge_survival,B7,B2,0.7598433333333333,0.8725266666666666,-0.11268333333333332,-0.11461666666666666,-0.11065329166666667,-19.93153201803806,1.7865699684125622e-39,30
10000,random,0.3,node_uncoordinated,0.2,0,post_failure,iss,B7,B2,0.809985774755478,1.0,-0.1900142252445221,-0.1907971747716268,-0.18922816336154938,-84.88422732258127,1.0392263153517545e-57,30
10000,random,0.3,node_uncoordinated,0.2,0,post_failure,accuracy_macro,B7,B3Q,0.6152045734930999,0.6265705540437969,-0.011365980550697149,-0.012966873393221834,-0.009903399990772055,-2.6365171809136196,8.9129114619478e-15,30
10000,random,0.3,none,0.0,0,post_failure,knowledge_survival,B6,B2,0.86888,0.8763483333333333,-0.00746833333333334,-0.00813337500000001,-0.006803333333333343,-3.980003144120618,1.5699297127863997e-19,30
10000,random,0.3,none,0.0,0,post_failure,iss,B6,B2,0.8097936113675436,1.0,-0.19020638863245645,-0.19089588691790899,-0.1895021316409111,-96.3659327538922,2.62478643455124e-59,30
10000,random,0.3,none,0.0,0,post_failure,knowledge_survival,B6,B4,0.86888,0.8745633333333334,-0.005683333333333341,-0.006416666666666678,-0.004956624999999999,-2.7905149687029573,2.067574598271734e-15,30
10000,random,0.3,none,0.0,0,post_failure,iss,B6,B4,0.8097936113675436,0.9936613857746124,-0.1838677744070689,-0.18453239277005196,-0.183207515279452,-98.49281819063009,1.3937056617394223e-59,30
10000,random,0.3,none,0.0,0,post_failure,iss,B7,B2,0.8100034177303315,1.0,-0.1899965822696686,-0.19078652958075204,-0.1891743731002013,-82.78266949128454,2.149847792597578e-57,30
10000,random,0.3,none,0.0,0,post_failure,knowledge_survival,B7,B3Q,0.9347933333333333,0.9525933333333332,-0.017799999999999983,-0.018449999999999998,-0.017151666666666645,-9.835387784500652,1.2646222714985614e-30,30
10000,random,0.3,none,0.0,0,post_failure,accuracy_macro,B7,B3Q,0.8268699968700396,0.8744645112283366,-0.04759451435829692,-0.04905899951415237,-0.04614552386260183,-11.432610467940505,1.6687387016870249e-32,30
10000,random,0.3,root,0.01,0,post_failure,knowledge_survival,B6,B2,0.8622033333333333,0.8692899999999999,-0.007086666666666663,-0.007676708333333324,-0.006516666666666663,-4.30334699615618,1.8324238254970186e-20,30
10000,random,0.3,root,0.01,0,post_failure,iss,B6,B2,0.8099954048792521,1.0,-0.19000459512074788,-0.19072014371554055,-0.18931421255071956,-94.83225245709893,4.1795519547145285e-59,30
10000,random,0.3,root,0.01,0,post_failure,knowledge_survival,B6,B4,0.8622033333333333,0.8676916666666669,-0.005488333333333332,-0.00601333333333333,-0.004938333333333337,-3.6342314499454202,1.8666095919798197e-18,30
10000,random,0.3,root,0.01,0,post_failure,iss,B6,B4,0.8099954048792521,0.9939972837766011,-0.18400187889734904,-0.18480155711372692,-0.18323034867644308,-81.92134468097076,2.911506938468204e-57,30
10000,random,0.3,root,0.01,0,post_failure,iss,B7,B2,0.809967835744222,1.0,-0.19003216425577799,-0.1907941844065984,-0.1892598222196102,-87.42137229446871,4.42414062662536e-58,30
10000,random,0.3,root,0.01,0,post_failure,knowledge_survival,B7,B3Q,0.9278516666666669,0.9438183333333333,-0.015966666666666678,-0.01654166666666667,-0.015395000000000015,-9.646625472685646,2.206198027219491e-30,30
10000,random,0.3,root,0.01,0,post_failure,accuracy_macro,B7,B3Q,0.8183489472208136,0.8635682255826203,-0.045219278361806656,-0.04660632687714669,-0.04383848434910056,-11.298888957358972,2.341550173119115e-32,30
10000,random,0.3,root,0.05,0,post_failure,knowledge_survival,B6,B2,0.8347866666666666,0.8400633333333333,-0.005276666666666655,-0.005848333333333311,-0.0047049999999999965,-3.2137680543855964,5.067594874768561e-17,30
10000,random,0.3,root,0.05,0,post_failure,iss,B6,B2,0.8100936849912007,1.0,-0.18990631500879923,-0.19054379055897394,-0.189287767658631,-106.89226223282533,1.298833013001675e-60,30
10000,random,0.3,root,0.05,0,post_failure,knowledge_survival,B6,B4,0.8347866666666666,0.838555,-0.003768333333333318,-0.00439166666666666,-0.00315166666666666,-2.1444789132494635,1.521521165609959e-12,30
10000,random,0.3,root,0.05,0,post_failure,iss,B6,B4,0.8100936849912007,0.993771880865097,-0.18367819587389628,-0.18430704543987908,-0.18307095741232235,-104.35387840816396,2.60747691835545e-60,30
10000,random,0.3,root,0.05,0,post_failure,iss,B7,B2,0.8098902920881907,1.0,-0.19010970791180928,-0.19091529433925947,-0.1893437192340692,-85.44767144548595,8.578219226835265e-58,30
10000,random,0.3,root,0.05,0,post_failure,knowledge_survival,B7,B3Q,0.8979366666666666,0.9081333333333333,-0.010196666666666668,-0.010891666666666681,-0.009518291666666663,-5.207097562524464,9.093733644183868e-23,30
10000,random,0.3,root,0.05,0,post_failure,accuracy_macro,B7,B3Q,0.7824448083153259,0.8207532182979153,-0.03830840998258939,-0.039878413698040384,-0.036744614716659976,-8.544504680475258,7.152044001838195e-29,30
10000,random,0.3,root,0.1,0,post_failure,knowledge_survival,B6,B2,0.7984349999999999,0.8019466666666665,-0.0035116666666666647,-0.004244999999999992,-0.002729999999999999,-1.6410892019365315,6.998557841504285e-10,30
10000,random,0.3,root,0.1,0,post_failure,iss,B6,B2,0.8100972890853881,1.0,-0.1899027109146118,-0.19045990760127704,-0.18929183805982272,-113.4538073301633,2.3083403572182218e-61,30
10000,random,0.3,root,0.1,0,post_failure,knowledge_survival,B6,B4,0.7984349999999999,0.801445,-0.003009999999999994,-0.003834999999999985,-0.0022099583333333238,-1.3090284766409783,6.832456784871917e-08,30
10000,random,0.3,root,0.1,0,post_failure,iss,B6,B4,0.8100972890853881,0.9940806170304616,-0.18398332794507344,-0.18462742815415065,-0.1833275054891904,-100.33073998562921,8.153405118474422e-60,30
10000,random,0.3,root,0.1,0,post_failure,iss,B7,B2,0.8100887676080067,1.0,-0.1899112323919932,-0.19054808780550958,-0.18927382960915565,-103.6961712772312,3.1321598082042525e-60,30
10000,random,0.3,root,0.1,0,post_failure,knowledge_survival,B7,B3Q,0.8586100000000001,0.8635933333333334,-0.004983333333333336,-0.005951666666666666,-0.004036624999999993,-1.8083972776863302,8.192039533640443e-11,30
10000,random,0.3,root,0.1,0,post_failure,accuracy_macro,B7,B3Q,0.7369703780540984,0.7700985182294109,-0.033128140175312515,-0.035015025728276514,-0.03125150980553668,-6.229719950124934,5.807463902904307e-25,30
10000,random,0.3,root,0.2,0,post_failure,knowledge_survival,B6,B2,0.7165133333333333,0.7194349999999999,-0.002921666666666663,-0.003978374999999995,-0.0018466666666666592,-0.9617440218778844,1.2054404503166783e-05,30
10000,random,0.3,root,0.2,0,post_failure,iss,B6,B2,0.8100534578164419,1.0,-0.18994654218355814,-0.19065860390663147,-0.18919461727142334,-91.73565658002359,1.0944694457318649e-58,30
10000,random,0.3,root,0.2,0,post_failure,knowledge_survival,B6,B4,0.7165133333333333,0.7190633333333335,-0.002550000000000004,-0.0036983750000000176,-0.0014416666666666816,-0.7919499608510069,0.00015886297936272466,30
10000,random,0.3,root,0.2,0,post_failure,iss,B6,B4,0.8100534578164419,0.9938342134157817,-0.1837807555993398,-0.18450677851835887,-0.18304615184664727,-88.54926122996353,3.0506759240967653e-58,30
10000,random,0.3,root,0.2,0,post_failure,iss,B7,B2,0.809688909848531,1.0,-0.1903110901514689,-0.1909886272251606,-0.18964992761611937,-101.06601579893528,6.597581064063422e-60,30
10000,random,0.3,root,0.2,0,post_failure,accuracy_macro,B7,B3Q,0.6400882716254465,0.6667806766758823,-0.026692405050435835,-0.028049853830871125,-0.025362736899365062,-6.903010253887776,3.155018842645581e-26,30
10000,random,0.5,none,0.0,0,post_failure,knowledge_survival,B6,B2,0.8209416666666667,0.8763216666666668,-0.05538,-0.05617166666666667,-0.054576666666666655,-24.18188762690764,6.640932344842106e-42,30
10000,random,0.5,none,0.0,0,post_failure,accuracy_macro,B6,B2,0.5737101341921693,0.6047934977846232,-0.031083363592453846,-0.03237211390621473,-0.029824043710612605,-8.500212088654353,8.299556927008958e-29,30
10000,random,0.5,none,0.0,0,post_failure,iss,B6,B2,0.6863037645816803,0.9999891221523285,-0.3136853575706482,-0.31470686758557953,-0.3125937488675118,-104.60596672601324,2.4312804451000842e-60,30
10000,random,0.5,none,0.0,0,post_failure,knowledge_survival,B6,B4,0.8209416666666667,0.8640083333333333,-0.043066666666666656,-0.04388333333333332,-0.042256666666666685,-18.647810865855437,1.225703825579893e-38,30
10000,random,0.5,none,0.0,0,post_failure,accuracy_macro,B6,B4,0.5737101341921693,0.5861531028838629,-0.012442968691693593,-0.013634884509712366,-0.011322281900574327,-3.7602265863815467,7.400529489861559e-19,30
10000,random,0.5,none,0.0,0,post_failure,iss,B6,B4,0.6863037645816803,0.9599518279234568,-0.27364806334177655,-0.2747258771955967,-0.2724891851345698,-86.88966778101098,5.280249732386322e-58,30
10000,random,0.5,none,0.0,0,post_failure,iss,B7,B2,0.686383706331253,0.9999891221523285,-0.31360541582107543,-0.31444854895273844,-0.31266694789131483,-122.49547418538174,2.4982553304442236e-62,30
10000,random,0.5,none,0.0,0,post_failure,knowledge_survival,B7,B3Q,0.88126,0.8985133333333334,-0.017253333333333346,-0.01813,-0.01638833333333335,-7.039605988521724,1.8066557268648583e-26,30
10000,random,0.5,none,0.0,0,post_failure,accuracy_macro,B7,B3Q,0.7630350097578542,0.8074983595203894,-0.04446334976253505,-0.04618755845115286,-0.0427918543311806,-9.08100452186798,1.2491247922088338e-29,30
10000,random,0.7,none,0.0,0,post_failure,knowledge_survival,B6,B2,0.6648933333333334,0.8760366666666665,-0.2111433333333333,-0.2121350416666667,-0.21011833333333338,-74.0569064982236,5.432943496960749e-56,30
10000,random,0.7,none,0.0,0,post_failure,accuracy_macro,B6,B2,0.43963511818887413,0.6048810519412988,-0.16524593375242472,-0.16650159780446808,-0.16395956925138572,-45.85137633060033,5.908677465435967e-50,30
10000,random,0.7,none,0.0,0,post_failure,iss,B6,B2,0.4981240431467692,0.9982763826847076,-0.5001523395379385,-0.5009192846963803,-0.4993415000289679,-224.9927949383356,5.501797222839561e-70,30
10000,random,0.7,none,0.0,0,post_failure,knowledge_survival,B6,B4,0.6648933333333334,0.826525,-0.1616316666666667,-0.16281670833333334,-0.16041829166666663,-48.24826488354262,1.3489979293933297e-50,30
10000,random,0.7,none,0.0,0,post_failure,accuracy_macro,B6,B4,0.43963511818887413,0.550953190006304,-0.11131807181742986,-0.11275884242644867,-0.10984081848075998,-27.208042428240965,2.1844214651411574e-43,30
10000,random,0.7,none,0.0,0,post_failure,iss,B6,B4,0.4981240431467692,0.8500013311704,-0.3518772880236308,-0.35295101361970105,-0.3508157455921173,-115.79668907518018,1.2760956393591522e-61,30
10000,random,0.7,none,0.0,0,post_failure,knowledge_survival,B7,B2,0.7140066666666666,0.8760366666666665,-0.16202999999999998,-0.163325,-0.16076500000000002,-44.16626810815368,1.749286628844702e-49,30
10000,random,0.7,none,0.0,0,post_failure,accuracy_macro,B7,B2,0.5846615315724774,0.6048810519412988,-0.02021952036882145,-0.022379783753456554,-0.01807779223927963,-3.317453404862433,2.173032446473141e-17,30
10000,random,0.7,none,0.0,0,post_failure,iss,B7,B2,0.498220631480217,0.9982763826847076,-0.5000557512044906,-0.5011749845991532,-0.4989562052239974,-159.3410474662723,1.2183618067625558e-65,30
10000,random,0.7,none,0.0,0,post_failure,knowledge_survival,B7,B3Q,0.7140066666666666,0.7277766666666668,-0.013770000000000001,-0.015279999999999997,-0.012213291666666655,-3.1348739756145108,9.801929456199445e-17,30
10000,random,0.7,none,0.0,0,post_failure,accuracy_macro,B7,B3Q,0.5846615315724774,0.6187120503819356,-0.03405051880945824,-0.03665791510963587,-0.03140527130168172,-4.536042206948391,4.266540327009535e-21,30
10000,random,0.9,none,0.0,0,post_failure,knowledge_survival,B6,B2,0.3000166666666667,0.8427316666666667,-0.542715,-0.5443000416666667,-0.5411583333333334,-121.78642646534261,2.95628132020991e-62,30
10000,random,0.9,none,0.0,0,post_failure,accuracy_macro,B6,B2,0.1768492429138609,0.5748000619922756,-0.3979508190784147,-0.39946856929012936,-0.39654720283217787,-94.36375656410038,4.825004232234473e-59,30
10000,random,0.9,none,0.0,0,post_failure,iss,B6,B2,0.202969957391421,0.8951780180136363,-0.6922080606222153,-0.6931755986188849,-0.6912717650085688,-254.30146949264673,1.5787099443339411e-71,30
10000,random,0.9,none,0.0,0,post_failure,knowledge_survival,B6,B4,0.3000166666666667,0.6692466666666667,-0.36923,-0.371505,-0.36709833333333336,-59.5689114945833,2.9941976514337286e-53,30
10000,random,0.9,none,0.0,0,post_failure,accuracy_macro,B6,B4,0.1768492429138609,0.4306379105993878,-0.2537886676855269,-0.2555388991273198,-0.25213707533160096,-51.9604064054474,1.573350455282209e-51,30
10000,random,0.9,none,0.0,0,post_failure,iss,B6,B4,0.202969957391421,0.5276547431945801,-0.32468478580315907,-0.3265886230766773,-0.32283425389478604,-60.794604240640446,1.6589410169430215e-53,30
10000,random,0.9,none,0.0,0,post_failure,knowledge_survival,B7,B2,0.32196333333333343,0.8427316666666667,-0.5207683333333333,-0.5219733333333332,-0.5196232916666667,-156.73593031813903,1.965090020656736e-65,30
10000,random,0.9,none,0.0,0,post_failure,accuracy_macro,B7,B2,0.236915526949426,0.5748000619922756,-0.3378845350428496,-0.33933833819697684,-0.3364219325139687,-82.15953831849681,2.6764324953610455e-57,30
10000,random,0.9,none,0.0,0,post_failure,iss,B7,B2,0.20316210985183716,0.8951780180136363,-0.6920159081617991,-0.6928648992752036,-0.6911773012205958,-288.75120534783275,3.9650588640755233e-73,30
10000,random,0.9,none,0.0,0,post_failure,knowledge_survival,B7,B3Q,0.32196333333333343,0.32782,-0.005856666666666662,-0.007358374999999998,-0.004381666666666665,-1.3871441524993628,2.2401186833754676e-08,30
10000,random,0.9,none,0.0,0,post_failure,accuracy_macro,B7,B3Q,0.236915526949426,0.2507352067270317,-0.013819679777605657,-0.01585483714671156,-0.011855092868187854,-2.433197859280064,6.800602159953331e-14,30
10000,targeted_whitebox,0.1,none,0.0,0,post_failure,knowledge_survival,B6,B2,0.8698816666666668,0.8764299999999997,-0.0065483333333333305,-0.007066666666666673,-0.006028291666666655,-4.409448966188194,9.34669519571395e-21,30
10000,targeted_whitebox,0.1,none,0.0,0,post_failure,iss,B6,B2,0.8663466274738312,1.0,-0.13365337252616882,-0.13414079611500104,-0.1331644524137179,-96.31851974980208,2.6625116267725582e-59,30
10000,targeted_whitebox,0.1,none,0.0,0,post_failure,iss,B6,B4,0.8663466274738312,0.9492525200049082,-0.08290589253107707,-0.0846870898703734,-0.08114373688896497,-16.38346235613883,5.174137476787399e-37,30
10000,targeted_whitebox,0.1,none,0.0,0,post_failure,iss,B7,B2,0.8661802490552266,1.0,-0.13381975094477336,-0.1343264298637708,-0.1332934098939101,-91.15781779640953,1.3145529740443526e-58,30
10000,targeted_whitebox,0.1,none,0.0,0,post_failure,knowledge_survival,B7,B3Q,0.93666,0.9556366666666667,-0.018976666666666673,-0.01959833333333334,-0.01834166666666669,-10.506388770369238,1.8976839941622307e-31,30
10000,targeted_whitebox,0.1,none,0.0,0,post_failure,accuracy_macro,B7,B3Q,0.8304011158655338,0.8811691409878991,-0.05076802512236534,-0.05219110813925613,-0.049215245639425226,-11.939008763612504,4.788961092317053e-33,30
10000,targeted_whitebox,0.3,none,0.0,0,post_failure,knowledge_survival,B6,B2,0.8097616666666668,0.8758583333333334,-0.06609666666666665,-0.06665166666666668,-0.06553999999999999,-41.595835815746646,9.946287933130762e-49,30
10000,targeted_whitebox,0.3,none,0.0,0,post_failure,accuracy_macro,B6,B2,0.5621393269596098,0.6038677972282486,-0.04172847026863888,-0.042972633094318646,-0.0404372026840679,-11.672378973582054,9.179152801526107e-33,30
10000,targeted_whitebox,0.3,none,0.0,0,post_failure,iss,B6,B2,0.7246508896350861,0.9994325041770935,-0.27478161454200745,-0.275456133633852,-0.2740975909928481,-142.35536327386603,3.201686367807532e-64,30
10000,targeted_whitebox,0.3,none,0.0,0,post_failure,knowledge_survival,B6,B4,0.8097616666666668,0.8142116666666668,-0.004449999999999995,-0.005754999999999999,-0.003168291666666655,-1.2061253342909448,3.064004956008269e-07,30
10000,targeted_whitebox,0.3,none,0.0,0,post_failure,iss,B6,B4,0.7246508896350861,0.8343072573343913,-0.10965636769930522,-0.11265056987603506,-0.1067618686457475,-13.117442103900709,3.17500333501342e-34,30
10000,targeted_whitebox,0.3,none,0.0,0,post_failure,knowledge_survival,B7,B2,0.8689033333333334,0.8758583333333334,-0.006955,-0.007785000000000005,-0.006188333333333333,-3.0802282429511623,1.560562868159219e-16,30
10000,targeted_whitebox,0.3,none,0.0,0,post_failure,iss,B7,B2,0.724436895052592,0.9994325041770935,-0.27499560912450155,-0.27558956896265346,-0.2744165993233522,-165.411598542966,4.1198609346462046e-66,30
10000,targeted_whitebox,0.3,none,0.0,0,post_failure,knowledge_survival,B7,B3Q,0.8689033333333334,0.886415,-0.017511666666666672,-0.01846333333333334,-0.016459958333333344,-6.182608738940302,7.199912062262287e-25,30
10000,targeted_whitebox,0.3,none,0.0,0,post_failure,accuracy_macro,B7,B3Q,0.7495107665975657,0.7943113001708364,-0.04480053357327072,-0.04674431221772272,-0.04277265211632185,-8.090905616895286,3.406123563960305e-28,30
10000,targeted_whitebox,0.5,none,0.0,0,post_failure,knowledge_survival,B6,B2,0.6787150000000001,0.8704216666666666,-0.19170666666666666,-0.19239333333333333,-0.19098500000000004,-96.57887377634734,2.4620516277307613e-59,30
10000,targeted_whitebox,0.5,none,0.0,0,post_failure,accuracy_macro,B6,B2,0.4511705321884398,0.5966950375202521,-0.14552450533181222,-0.14647477828274383,-0.14457279183105418,-54.50143309073804,3.941831147246883e-52,30
10000,targeted_whitebox,0.5,none,0.0,0,post_failure,iss,B6,B2,0.5500068585077922,0.992982131242752,-0.4429752727349599,-0.4437540899217129,-0.44215420722961424,-194.64401875574364,3.6759056186503175e-68,30
10000,targeted_whitebox,0.5,none,0.0,0,post_failure,knowledge_survival,B6,B4,0.6787150000000001,0.7485700000000002,-0.06985500000000001,-0.07159333333333333,-0.06818162500000001,-14.461732018981612,1.901161325289783e-35,30
10000,targeted_whitebox,0.5,none,0.0,0,post_failure,accuracy_macro,B6,B4,0.4511705321884398,0.4724964624277611,-0.021325930239321226,-0.02303059193282737,-0.019770274155547718,-4.635755549306542,2.3327372988800194e-21,30
10000,targeted_whitebox,0.5,none,0.0,0,post_failure,iss,B6,B4,0.5500068585077922,0.6911732693513234,-0.1411664108435313,-0.14456286177039146,-0.13790572370092075,-14.85098207294066,8.82995725296448e-36,30
10000,targeted_whitebox,0.5,none,0.0,0,post_failure,knowledge_survival,B7,B2,0.725675,0.8704216666666666,-0.14474666666666672,-0.14559004166666667,-0.1438916666666667,-59.33524737116137,3.3555805656985187e-53,30
10000,targeted_whitebox,0.5,none,0.0,0,post_failure,accuracy_macro,B7,B2,0.5938418416456368,0.5966950375202521,-0.0028531958746152515,-0.004347738452958867,-0.0013996954984985851,-0.6780686134707302,0.0008646993448426372,30
10000,targeted_whitebox,0.5,none,0.0,0,post_failure,iss,B7,B2,0.5497206608454387,0.992982131242752,-0.44326147039731345,-0.4439970556894938,-0.4425106151401996,-207.60961009382677,5.664973142210123e-69,30
10000,targeted_whitebox,0.5,none,0.0,0,post_failure,knowledge_survival,B7,B3Q,0.725675,0.7397600000000001,-0.014084999999999999,-0.015101708333333342,-0.013051666666666677,-4.76619608892283,1.077843140712314e-21,30
10000,targeted_whitebox,0.5,none,0.0,0,post_failure,accuracy_macro,B7,B3Q,0.5938418416456368,0.628200729886503,-0.03435888824086632,-0.036398480411802776,-0.032335819594177424,-5.931001643157125,2.3312262800300774e-24,30
10000,targeted_whitebox,0.7,none,0.0,0,post_failure,knowledge_survival,B6,B2,0.45929,0.8546333333333334,-0.39534333333333327,-0.3962533333333333,-0.39445,-156.4107398735139,2.087081102436362e-65,30
10000,targeted_whitebox,0.7,none,0.0,0,post_failure,accuracy_macro,B6,B2,0.2841172705915303,0.5809208281033972,-0.2968035575118668,-0.29814548896885823,-0.29545630966595976,-78.1097390890625,1.1590302033605416e-56,30
10000,targeted_whitebox,0.7,none,0.0,0,post_failure,iss,B6,B2,0.33885624408721926,0.9698185543219249,-0.6309623102347056,-0.6317993997285763,-0.630099265774091,-260.51202959103983,7.841843487754605e-72,30
10000,targeted_whitebox,0.7,none,0.0,0,post_failure,knowledge_survival,B6,B4,0.45929,0.6431133333333333,-0.1838233333333333,-0.18598020833333334,-0.18165833333333337,-29.90072682165413,1.4195624989080066e-44,30
10000,targeted_whitebox,0.7,none,0.0,0,post_failure,accuracy_macro,B6,B4,0.2841172705915303,0.39687732837653084,-0.11276005778500049,-0.11467138042906741,-0.11085218788886476,-20.813862140584344,5.1015246024639624e-40,30
10000,targeted_whitebox,0.7,none,0.0,0,post_failure,iss,B6,B4,0.33885624408721926,0.5083380788564682,-0.16948183476924897,-0.172696881617109,-0.1662547625352939,-18.538352142814773,1.4532173589169543e-38,30
10000,targeted_whitebox,0.7,none,0.0,0,post_failure,knowledge_survival,B7,B2,0.4892216666666666,0.8546333333333334,-0.3654116666666666,-0.36664679166666664,-0.36425,-107.04090560260465,1.2475359438159072e-60,30
10000,targeted_whitebox,0.7,none,0.0,0,post_failure,accuracy_macro,B7,B2,0.3711054201531336,0.5809208281033972,-0.20981540795026365,-0.21176200620740873,-0.20796343598898062,-39.37163750124895,4.890921053984128e-48,30
10000,targeted_whitebox,0.7,none,0.0,0,post_failure,iss,B7,B2,0.3383890191713969,0.9698185543219249,-0.6314295351505279,-0.632404380813241,-0.6304805950075388,-231.38566496434822,2.4414261552332227e-70,30
10000,targeted_whitebox,0.7,none,0.0,0,post_failure,knowledge_survival,B7,B3Q,0.4892216666666666,0.4985483333333334,-0.009326666666666658,-0.010513374999999995,-0.008123291666666655,-2.702027077312523,4.749623813703269e-15,30
10000,targeted_whitebox,0.7,none,0.0,0,post_failure,accuracy_macro,B7,B3Q,0.3711054201531336,0.3922099203240759,-0.021104500170942245,-0.022946684961584633,-0.019286920483481126,-4.043498840456407,1.0173482476314968e-19,30
10000,targeted_whitebox,0.9,none,0.0,0,post_failure,knowledge_survival,B6,B2,0.15052833333333335,0.7903483333333333,-0.63982,-0.6409800000000001,-0.6387132916666667,-204.3999040778662,8.900813854775425e-69,30
10000,targeted_whitebox,0.9,none,0.0,0,post_failure,accuracy_macro,B6,B2,0.08575273834210677,0.5280995481734349,-0.44234680983132807,-0.4436551840813084,-0.441085967141334,-121.52732333905398,3.144616948049425e-62,30
10000,targeted_whitebox,0.9,none,0.0,0,post_failure,iss,B6,B2,0.10182113821307819,0.8134787042935689,-0.7116575660804908,-0.712530891901503,-0.7107628964198132,-284.75854881681676,5.937609780950767e-73,30
10000,targeted_whitebox,0.9,none,0.0,0,post_failure,knowledge_survival,B6,B4,0.15052833333333335,0.41679666666666676,-0.26626833333333333,-0.268898375,-0.26358495833333334,-35.38304937086496,1.0807980756491906e-46,30
10000,targeted_whitebox,0.9,none,0.0,0,post_failure,accuracy_macro,B6,B4,0.08575273834210677,0.2453183761909529,-0.15956563784884611,-0.161336083000619,-0.15779377985283774,-31.71812277903103,2.5688635450067382e-45,30
10000,targeted_whitebox,0.9,none,0.0,0,post_failure,iss,B6,B4,0.10182113821307819,0.24998003045717876,-0.14815889224410056,-0.15033805487677454,-0.14591919044653576,-23.51287085309709,1.4962365792191305e-41,30
10000,targeted_whitebox,0.9,none,0.0,0,post_failure,knowledge_survival,B7,B2,0.159675,0.7903483333333333,-0.6306733333333333,-0.6320049999999998,-0.6294516666666666,-173.51491459750238,1.0293130645014223e-66,30
10000,targeted_whitebox,0.9,none,0.0,0,post_failure,accuracy_macro,B7,B2,0.11060227453260581,0.5280995481734349,-0.417497273640829,-0.4189864297476085,-0.41609429870238085,-101.43094686322144,5.942841986054936e-60,30
10000,targeted_whitebox,0.9,none,0.0,0,post_failure,iss,B7,B2,0.10153940121332804,0.8134787042935689,-0.7119393030802409,-0.7128997332106034,-0.7109811238385737,-265.1231353535514,4.71460885112074e-72,30
10000,targeted_whitebox,0.9,none,0.0,0,post_failure,knowledge_survival,B7,B3Q,0.159675,0.16252500000000003,-0.0028500000000000014,-0.003665041666666669,-0.0020482916666666674,-1.2379810283597303,1.918559615026879e-07,30
10000,targeted_whitebox,0.9,none,0.0,0,post_failure,accuracy_macro,B7,B3Q,0.11060227453260581,0.11626487861496891,-0.005662604082363132,-0.006473534134064563,-0.004845745299356312,-2.457728772868667,5.2872132873099576e-14,30
10000,targeted_world,0.1,none,0.0,0,post_failure,iss,B6,B2,0.8958181778589884,1.0,-0.10418182214101156,-0.10474177579085032,-0.10359070251385372,-64.30407333633809,3.259643660344501e-54,30
10000,targeted_world,0.1,none,0.0,0,post_failure,iss,B6,B4,0.8958181778589884,0.9807492772738139,-0.08493109941482543,-0.08635068004329999,-0.08349266787370047,-20.89540641749531,4.555744500719043e-40,30
10000,targeted_world,0.1,none,0.0,0,post_failure,iss,B7,B2,0.895831302801768,1.0,-0.10416869719823202,-0.10465270126859347,-0.10366118987401327,-73.49333590499229,6.779992762073819e-56,30
10000,targeted_world,0.1,none,0.0,0,post_failure,knowledge_survival,B7,B3Q,0.9441283333333332,0.96255,-0.018421666666666673,-0.019053375000000025,-0.01779333333333336,-10.178170813961746,4.72591563108859e-31,30
10000,targeted_world,0.1,none,0.0,0,post_failure,accuracy_macro,B7,B3Q,0.83849918180279,0.8896745831086806,-0.05117540130589059,-0.05268973017275536,-0.04968081201709899,-11.739366885382086,7.784265233491905e-33,30
10000,targeted_world,0.3,none,0.0,0,post_failure,knowledge_survival,B6,B2,0.8688483333333333,0.876295,-0.007446666666666657,-0.008079999999999999,-0.006841666666666657,-4.273509997774006,2.2203336497337943e-20,30
10000,targeted_world,0.3,none,0.0,0,post_failure,iss,B6,B2,0.8096747199694315,1.0,-0.19032528003056845,-0.19118955299258233,-0.18943204695979754,-76.02623203635372,2.538347076330346e-56,30
10000,targeted_world,0.3,none,0.0,0,post_failure,iss,B6,B4,0.8096747199694315,0.9224686443805694,-0.1127939244111379,-0.11546767969926199,-0.1102152581512928,-15.120309587126943,5.254578165215463e-36,30
10000,targeted_world,0.3,none,0.0,0,post_failure,iss,B7,B2,0.8099703788757324,1.0,-0.19002962112426758,-0.19085990866025287,-0.1891885809103648,-80.32152764939123,5.157874635442648e-57,30
10000,targeted_world,0.3,none,0.0,0,post_failure,knowledge_survival,B7,B3Q,0.9348916666666667,0.9528933333333334,-0.018001666666666652,-0.018678374999999997,-0.017341666666666648,-9.274409139287924,6.82499557308315e-30,30
10000,targeted_world,0.3,none,0.0,0,post_failure,accuracy_macro,B7,B3Q,0.8247363171258528,0.8740104372722646,-0.04927412014641167,-0.05110415162849311,-0.047460432849496484,-9.396072697339996,4.695715842218239e-30,30
10000,targeted_world,0.5,none,0.0,0,post_failure,knowledge_survival,B6,B2,0.8217400000000001,0.8764333333333333,-0.054693333333333344,-0.055600000000000004,-0.05382833333333335,-21.70829743823313,1.5096473890924578e-40,30
10000,targeted_world,0.5,none,0.0,0,post_failure,accuracy_macro,B6,B2,0.5744259946415285,0.6052773686191737,-0.030851373977645296,-0.03228119288992824,-0.029470968344591633,-7.7786294520751,1.0488873444633816e-27,30
10000,targeted_world,0.5,none,0.0,0,post_failure,iss,B6,B2,0.6865297436714173,0.9999883095423381,-0.3134585658709208,-0.3145717943708102,-0.3123343342542648,-98.36922648432646,1.4453847339512153e-59,30
10000,targeted_world,0.5,none,0.0,0,post_failure,iss,B6,B4,0.6865297436714173,0.8241952975591024,-0.13766555388768514,-0.14145101914803185,-0.13410730451345446,-13.193661744029065,2.6863768085047452e-34,30
10000,targeted_world,0.5,none,0.0,0,post_failure,iss,B7,B2,0.6860770444075267,0.9999883095423381,-0.3139112651348114,-0.3149862840771675,-0.3127647457023462,-100.65391195649755,7.427456554947491e-60,30
10000,targeted_world,0.5,none,0.0,0,post_failure,knowledge_survival,B7,B3Q,0.8819783333333333,0.8981616666666666,-0.01618333333333334,-0.017178375000000006,-0.015203333333333353,-5.737874237119237,5.9343208039586056e-24,30
10000,targeted_world,0.5,none,0.0,0,post_failure,accuracy_macro,B7,B3Q,0.7619939034568949,0.8053305898555644,-0.04333668639866948,-0.04522129657219457,-0.04146774778285327,-8.072804656708545,3.63136849644213e-28,30
10000,targeted_world,0.7,none,0.0,0,post_failure,knowledge_survival,B6,B2,0.66604,0.8760216666666666,-0.20998166666666668,-0.21132337500000006,-0.20853995833333336,-52.83455420864053,9.70012454985415e-52,30
10000,targeted_world,0.7,none,0.0,0,post_failure,accuracy_macro,B6,B2,0.44170817026451153,0.6050029923261443,-0.16329482206163276,-0.16487468483338918,-0.16171257290623706,-36.36817606494102,4.876791935237756e-47,30
10000,targeted_world,0.7,none,0.0,0,post_failure,iss,B6,B2,0.4979327470064163,0.9982146044572194,-0.5002818574508031,-0.5014734689642986,-0.4990125893304745,-142.64483911897602,3.018528685962587e-64,30
10000,targeted_world,0.7,none,0.0,0,post_failure,knowledge_survival,B6,B4,0.66604,0.7446633333333333,-0.07862333333333332,-0.08134170833333336,-0.07593320833333335,-10.261862562048504,3.7347709344227356e-31,30
10000,targeted_world,0.7,none,0.0,0,post_failure,accuracy_macro,B6,B4,0.44170817026451153,0.48593266920650685,-0.044224498941995226,-0.04648261002819282,-0.04193143531191164,-6.872522620169042,3.5782646244086557e-26,30
10000,targeted_world,0.7,none,0.0,0,post_failure,iss,B6,B4,0.4979327470064163,0.6608028988043467,-0.1628701517979304,-0.16745659867922466,-0.15836829575399558,-12.710146729159373,7.884729709657397e-34,30
10000,targeted_world,0.7,none,0.0,0,post_failure,knowledge_survival,B7,B2,0.7140133333333334,0.8760216666666666,-0.16200833333333334,-0.1633883333333333,-0.16060662500000003,-41.022569480451196,1.487127288505299e-48,30
10000,targeted_world,0.7,none,0.0,0,post_failure,accuracy_macro,B7,B2,0.583570529376187,0.6050029923261443,-0.021432462949957442,-0.023576600518059956,-0.019262004084750175,-3.516242076428573,4.55444794987191e-18,30
10000,targeted_world,0.7,none,0.0,0,post_failure,iss,B7,B2,0.4982440074284871,0.9982146044572194,-0.4999705970287323,-0.5011584596087535,-0.4988118038823207,-149.10499936024246,8.355486495751147e-65,30
10000,targeted_world,0.7,none,0.0,0,post_failure,knowledge_survival,B7,B3Q,0.7140133333333334,0.7273416666666666,-0.013328333333333341,-0.014928375000000008,-0.01171162500000001,-2.8975619464661184,7.769127659322466e-16,30
10000,targeted_world,0.7,none,0.0,0,post_failure,accuracy_macro,B7,B3Q,0.583570529376187,0.6173390400335987,-0.033768510657411814,-0.03581812604152632,-0.03172064377932266,-5.78225065334008,4.775280105756298e-24,30
10000,targeted_world,0.9,none,0.0,0,post_failure,knowledge_survival,B6,B2,0.30025999999999997,0.8430583333333334,-0.5427983333333334,-0.5441316666666668,-0.5414599166666667,-142.90013120461046,2.8659986706848735e-64,30
10000,targeted_world,0.9,none,0.0,0,post_failure,accuracy_macro,B6,B2,0.17792399981189969,0.5751583495943818,-0.39723434978248223,-0.39871973627853613,-0.3958186363113541,-95.4912323883715,3.4191897448408486e-59,30
10000,targeted_world,0.9,none,0.0,0,post_failure,iss,B6,B2,0.20320293953021368,0.8955747783184052,-0.6923718387881915,-0.6934657872840763,-0.6913033554827174,-224.89019976483826,5.5750505211148465e-70,30
10000,targeted_world,0.9,none,0.0,0,post_failure,knowledge_survival,B6,B4,0.30025999999999997,0.5399666666666667,-0.23970666666666668,-0.24289166666666664,-0.23628825,-25.6494925357626,1.2058086465209895e-42,30
10000,targeted_world,0.9,none,0.0,0,post_failure,accuracy_macro,B6,B4,0.17792399981189969,0.3340017443468225,-0.1560777445349228,-0.15843690169563376,-0.15357996431522264,-22.87244410948465,3.328094932332622e-41,30
10000,targeted_world,0.9,none,0.0,0,post_failure,iss,B6,B4,0.20320293953021368,0.36098716855049134,-0.15778422902027767,-0.1611859868715207,-0.15422194878260295,-16.01584018463139,9.968859466420117e-37,30
10000,targeted_world,0.9,none,0.0,0,post_failure,knowledge_survival,B7,B2,0.32288500000000003,0.8430583333333334,-0.5201733333333333,-0.521325,-0.5189932916666665,-155.06821838039454,2.6798134402586315e-65,30
10000,targeted_world,0.9,none,0.0,0,post_failure,accuracy_macro,B7,B2,0.23742955638154728,0.5751583495943818,-0.33772879321283455,-0.33919938410999034,-0.3362257068901416,-80.32847450345773,5.144956529838578e-57,30
10000,targeted_world,0.9,none,0.0,0,post_failure,iss,B7,B2,0.20370816191037497,0.8955747783184052,-0.6918666164080302,-0.6926380291581155,-0.691147346496582,-326.5757121352364,1.1166648147053562e-74,30
10000,targeted_world,0.9,none,0.0,0,post_failure,knowledge_survival,B7,B3Q,0.32288500000000003,0.32899500000000004,-0.0061099999999999965,-0.007553374999999993,-0.004649916666666661,-1.4523337257083757,8.98547464788394e-09,30
10000,targeted_world,0.9,none,0.0,0,post_failure,accuracy_macro,B7,B3Q,0.23742955638154728,0.25180388814539023,-0.01437433176384297,-0.01594888709591316,-0.01278054010704353,-3.2251022037223906,4.614487416137986e-17,30
100000,correlated_org,0.3,none,0.0,0,post_failure,knowledge_survival,B6,B2,0.8689215000000001,0.8763384999999999,-0.007417000000000007,-0.007668012500000008,-0.007149975000000012,-17.162882218092346,1.2306616378719296e-12,10
100000,correlated_org,0.3,none,0.0,0,post_failure,iss,B6,B2,0.8097482264041901,1.0,-0.19025177359580994,-0.19060436397790909,-0.1898575219511986,-299.5428300414447,8.293209812023902e-24,10
100000,correlated_org,0.3,none,0.0,0,post_failure,iss,B6,B4,0.8097482264041901,0.8712400078773499,-0.06149178147315979,-0.06300679445266724,-0.060023994296789174,-24.474995455923246,5.078084265075181e-14,10
100000,correlated_org,0.3,none,0.0,0,post_failure,iss,B7,B2,0.8098047196865081,1.0,-0.1901952803134918,-0.19049476057291032,-0.18994342178106308,-404.66341203030294,5.533700050960132e-25,10
100000,correlated_org,0.3,none,0.0,0,post_failure,knowledge_survival,B7,B3Q,0.9345770000000002,0.9530214999999999,-0.018444499999999975,-0.018848012499999976,-0.01805648750000002,-26.906700317058714,2.1673026634951014e-14,10
100000,correlated_org,0.3,none,0.0,0,post_failure,accuracy_macro,B7,B3Q,0.8242057044108394,0.8742552708443293,-0.0500495664334899,-0.05088224995974344,-0.04910619482372063,-32.88431715059435,3.568562625710224e-15,10
100000,correlated_org,0.5,none,0.0,0,post_failure,knowledge_survival,B6,B2,0.8210515,0.876379,-0.05532750000000001,-0.05573951250000003,-0.05487498749999999,-74.1568998231735,2.372553415183492e-18,10
100000,correlated_org,0.5,none,0.0,0,post_failure,accuracy_macro,B6,B2,0.5741069128878902,0.6050956617266343,-0.03098874883874414,-0.031696946508319834,-0.030309061078972164,-26.12232184490769,2.8276333544754052e-14,10
100000,correlated_org,0.5,none,0.0,0,post_failure,iss,B6,B2,0.6860573470592499,0.9999913513660431,-0.3139340043067932,-0.3144237692654133,-0.3134411802887917,-374.7177009238449,1.105405355817978e-24,10
100000,correlated_org,0.5,none,0.0,0,post_failure,iss,B6,B4,0.6860573470592499,0.7399519920349121,-0.05389464497566223,-0.056577170789241786,-0.05120525658130646,-11.868419033992529,3.357522220723849e-11,10
100000,correlated_org,0.5,none,0.0,0,post_failure,iss,B7,B2,0.6861715853214264,0.9999913513660431,-0.3138197660446167,-0.31426690027117726,-0.3133533835411072,-408.85240848637125,5.043850685884491e-25,10
100000,correlated_org,0.5,none,0.0,0,post_failure,knowledge_survival,B7,B3Q,0.881483,0.8987174999999998,-0.017234499999999976,-0.017693524999999963,-0.01680349999999997,-22.703690829652814,9.97477794711113e-14,10
100000,correlated_org,0.5,none,0.0,0,post_failure,accuracy_macro,B7,B3Q,0.7611763619391159,0.8060150070361083,-0.044838645096992515,-0.04554644653405105,-0.04414190284583566,-37.82534730174645,1.0132282118598189e-15,10
100000,correlated_org,0.7,none,0.0,0,post_failure,knowledge_survival,B6,B2,0.6656694999999999,0.8758665000000001,-0.21019699999999997,-0.21075551249999996,-0.209612975,-219.42581289852077,1.36536315152885e-22,10
100000,correlated_org,0.7,none,0.0,0,post_failure,accuracy_macro,B6,B2,0.44083982258121884,0.6047928166686505,-0.16395299408743166,-0.16456840228592107,-0.16335692782131137,-157.0410715096422,2.771320454988975e-21,10
100000,correlated_org,0.7,none,0.0,0,post_failure,iss,B6,B2,0.4982543170452118,0.9982322931289673,-0.4999779760837555,-0.5004314763098955,-0.4994925854355097,-629.8606523510816,1.0319686235643015e-26,10
100000,correlated_org,0.7,none,0.0,0,post_failure,knowledge_survival,B6,B4,0.6656694999999999,0.686427,-0.020757500000000005,-0.022280512500000026,-0.019319987499999983,-8.29649717285426,8.198529139995146e-10,10
100000,correlated_org,0.7,none,0.0,0,post_failure,iss,B6,B4,0.4982543170452118,0.5544241011142731,-0.05616978406906128,-0.05826244093477726,-0.05407349914312363,-15.816089784880552,2.5621106149132193e-12,10
100000,correlated_org,0.7,none,0.0,0,post_failure,knowledge_survival,B7,B2,0.714111,0.8758665000000001,-0.1617555,-0.162229025,-0.16120600000000002,-183.20655768903495,6.923952185723158e-22,10
100000,correlated_org,0.7,none,0.0,0,post_failure,accuracy_macro,B7,B2,0.5838079010529902,0.6047928166686505,-0.02098491561566045,-0.021844746950858585,-0.020074272383711622,-13.923826304728003,8.031832468178911e-12,10
100000,correlated_org,0.7,none,0.0,0,post_failure,iss,B7,B2,0.4981998562812805,0.9982322931289673,-0.5000324368476867,-0.5002787283062935,-0.4997670944780111,-1158.5324388057581,4.2824850294588226e-29,10
100000,correlated_org,0.7,none,0.0,0,post_failure,knowledge_survival,B7,B3Q,0.714111,0.7269344999999999,-0.01282350000000002,-0.013482037500000038,-0.012179987500000024,-11.331036465159515,5.081980323930239e-11,10
100000,correlated_org,0.7,none,0.0,0,post_failure,accuracy_macro,B7,B3Q,0.5838079010529902,0.6162769136779263,-0.032469012624936136,-0.03363650485964479,-0.03127489875152447,-16.062089481800857,2.2308235748131505e-12,10
100000,partition,0.0,none,0.0,4,after_reconnect,knowledge_survival,B6,B3,0.676325,0.6782965000000001,-0.0019715000000000036,-0.002610012500000001,-0.0013760000000000217,-1.8847027253034603,0.00021271528321830432,10
100000,partition,0.0,none,0.0,4,after_reconnect,knowledge_survival,B6,B5,0.676325,0.6785285,-0.0022035000000000136,-0.0029460000000000046,-0.0014854875000000073,-1.8142066074408865,0.00028085271013263184,10
100000,partition,0.0,none,0.0,4,after_reconnect,iss,B6,B2,0.9297027051448822,1.0,-0.07029729485511779,-0.07051619097590446,-0.07009916499257088,-196.92391601096975,3.6152923864631465e-22,10
100000,partition,0.0,none,0.0,4,after_reconnect,knowledge_survival,B6,B4,0.676325,0.7595795000000001,-0.08325450000000001,-0.08535303750000003,-0.08070945,-20.811730170999986,2.1797625976279287e-13,10
100000,partition,0.0,none,0.0,4,after_reconnect,accuracy_macro,B6,B4,0.38253499007994873,0.43177389728605425,-0.049238907206105534,-0.05058360080804707,-0.047653387015975365,-19.42578280218727,4.047918355492186e-13,10
100000,partition,0.0,none,0.0,4,after_reconnect,iss,B6,B4,0.9297027051448822,1.0,-0.07029729485511779,-0.07051619097590446,-0.07009916499257088,-196.92391601096975,3.6152923864631465e-22,10
100000,partition,0.0,none,0.0,4,after_reconnect,iss,B7,B2,0.9297027051448822,1.0,-0.07029729485511779,-0.07051619097590446,-0.07009916499257088,-196.92391601096975,3.6152923864631465e-22,10
100000,partition,0.0,none,0.0,4,after_reconnect,knowledge_survival,B7,B3Q,0.8301475,0.882633,-0.052485500000000004,-0.05332152500000001,-0.051581500000000016,-34.52929282012297,2.300599623410593e-15,10
100000,partition,0.0,none,0.0,4,after_reconnect,accuracy_macro,B7,B3Q,0.6955053629128819,0.7925626223958853,-0.09705725948300345,-0.0978900506307095,-0.09612985235797122,-64.45890320476171,8.374132495519382e-18,10
100000,partition,0.0,none,0.0,4,during_partition,knowledge_survival,B6,B2,0.5390604999999999,0.735125,-0.19606450000000003,-0.20632217500000002,-0.1864504375,-11.503117936890286,4.441062497570722e-11,10
100000,partition,0.0,none,0.0,4,during_partition,accuracy_macro,B6,B2,0.29159609853347473,0.4168667615614467,-0.125270663027972,-0.1319809733297721,-0.11897994975332958,-11.203094655052558,5.6251430807383826e-11,10
100000,partition,0.0,none,0.0,4,during_partition,iss,B6,B2,0.48543083369731904,0.986005038022995,-0.500574204325676,-0.5200724651664494,-0.4824219822138548,-15.660403335760474,2.7998593323397474e-12,10
100000,partition,0.0,none,0.0,4,during_partition,knowledge_survival,B6,B4,0.5390604999999999,0.6784924999999999,-0.139432,-0.1471578375,-0.1322748375,-10.979671970195312,6.735212819818153e-11,10
100000,partition,0.0,none,0.0,4,during_partition,accuracy_macro,B6,B4,0.29159609853347473,0.37929099603359967,-0.08769489750012495,-0.09268397181191142,-0.0830177434417927,-10.61947866325686,9.07441691560958e-11,10
100000,partition,0.0,none,0.0,4,during_partition,iss,B6,B4,0.48543083369731904,0.711213332414627,-0.22578249871730804,-0.2310738569498062,-0.22086261048913,-26.240144266241305,2.7155267335120136e-14,10
100000,partition,0.0,none,0.0,4,during_partition,knowledge_survival,B7,B2,0.57876,0.735125,-0.15636500000000003,-0.16757455000000002,-0.14565731249999997,-8.353140146684186,7.717043960458646e-10,10
100000,partition,0.0,none,0.0,4,during_partition,iss,B7,B2,0.48540045917034147,0.986005038022995,-0.5006045788526535,-0.520201415643096,-0.48241410441696647,-15.638852165843605,2.8346596097613736e-12,10
100000,partition,0.0,none,0.0,4,during_partition,knowledge_survival,B7,B3Q,0.57876,0.589421,-0.010660999999999986,-0.011821512499999975,-0.009519499999999992,-5.465395908754758,3.2773667039313243e-08,10
100000,partition,0.0,none,0.0,4,during_partition,accuracy_macro,B7,B3Q,0.4246665107869381,0.45523094082412613,-0.030564430037188034,-0.03255690150272287,-0.02860274889280227,-9.121626974640517,3.5245533230573253e-10,10
100000,random,0.0,none,0.0,0,post_failure,iss,B6,B2,0.9297027051448822,1.0,-0.07029729485511779,-0.07051619097590446,-0.07009916499257088,-196.92391601096975,3.6152923864631465e-22,10
100000,random,0.0,none,0.0,0,post_failure,knowledge_survival,B6,B4,0.87652,0.87684,-0.00031999999999997585,-0.0005534999999999849,-7.849999999997026e-05,-0.792752468633689,0.03348043447161,10
100000,random,0.0,none,0.0,0,post_failure,iss,B6,B4,0.9297027051448822,1.0,-0.07029729485511779,-0.07051619097590446,-0.07009916499257088,-196.92391601096975,3.6152923864631465e-22,10
100000,random,0.0,none,0.0,0,post_failure,iss,B7,B2,0.9297027051448822,1.0,-0.07029729485511779,-0.07051619097590446,-0.07009916499257088,-196.92391601096975,3.6152923864631465e-22,10
100000,random,0.0,none,0.0,0,post_failure,knowledge_survival,B7,B3Q,0.9444845000000001,0.9634729999999999,-0.01898850000000001,-0.01924600000000002,-0.018708000000000002,-41.174055555287225,4.724056380528849e-16,10
100000,random,0.0,none,0.0,0,post_failure,accuracy_macro,B7,B3Q,0.8050077776310106,0.8689286661616753,-0.0639208885306648,-0.06488523669038603,-0.06297091038875358,-38.954943887782036,7.775962909071341e-16,10
100000,random,0.3,node_coordinated,0.05,0,post_failure,knowledge_survival,B6,B2,0.8499545,0.8757885,-0.02583399999999999,-0.02615349999999996,-0.02548800000000002,-46.307704636452364,1.6415194599255215e-16,10
100000,random,0.3,node_coordinated,0.05,0,post_failure,accuracy_macro,B6,B2,0.5977521573324671,0.6037207307686693,-0.005968573436202174,-0.006380702845403829,-0.005524548977905942,-8.261343384322004,8.514069958027377e-10,10
100000,random,0.3,node_coordinated,0.05,0,post_failure,iss,B6,B2,0.8097243070602417,1.0,-0.1902756929397583,-0.19065979912877082,-0.189944885969162,-314.6982807860889,5.318698258475987e-24,10
100000,random,0.3,node_coordinated,0.05,0,post_failure,knowledge_survival,B6,B4,0.8499545,0.8697165,-0.019762000000000002,-0.02006301250000001,-0.019485487500000023,-39.8403488629183,6.352658686495356e-16,10
100000,random,0.3,node_coordinated,0.05,0,post_failure,iss,B6,B4,0.8097243070602417,0.993756377696991,-0.18403207063674926,-0.1844668221473694,-0.18365535482764245,-265.19883250470195,2.481439125485958e-23,10
100000,random,0.3,node_coordinated,0.05,0,post_failure,iss,B7,B2,0.8098931610584259,1.0,-0.1901068389415741,-0.19032117649912833,-0.18993977129459383,-576.9523342467689,2.2730375738978087e-26,10
100000,random,0.3,node_coordinated,0.05,0,post_failure,knowledge_survival,B7,B3Q,0.8965675000000001,0.9062735,-0.009705999999999982,-0.010140499999999943,-0.009288499999999988,-13.369771713035124,1.1556641961242406e-11,10
100000,random,0.3,node_coordinated,0.05,0,post_failure,accuracy_macro,B7,B3Q,0.7769656884909115,0.814503710714025,-0.03753802222311377,-0.03850803968179027,-0.03663170276183004,-23.639815956774466,6.937691964966923e-14,10
100000,random,0.3,node_coordinated,0.2,0,post_failure,knowledge_survival,B6,B5,0.7506855,0.752576,-0.0018905000000000172,-0.002300012500000013,-0.0014935000000000248,-2.7318741383369756,1.1919960307568671e-05,10
100000,random,0.3,node_coordinated,0.2,0,post_failure,knowledge_survival,B6,B2,0.7506855,0.8486984999999999,-0.09801300000000002,-0.098684025,-0.097404475,-91.08610148268313,3.729143400399398e-19,10
100000,random,0.3,node_coordinated,0.2,0,post_failure,accuracy_macro,B6,B2,0.5078460098525877,0.5776553750309816,-0.06980936517839392,-0.07085191857251946,-0.06874904662322436,-38.88794865039992,7.897297257056472e-16,10
100000,random,0.3,node_coordinated,0.2,0,post_failure,iss,B6,B2,0.8097872853279113,0.9999998331069946,-0.19021254777908325,-0.19048102155327798,-0.18994828894734384,-423.4567859896425,3.6777316885762234e-25,10
100000,random,0.3,node_coordinated,0.2,0,post_failure,knowledge_survival,B6,B4,0.7506855,0.8216249999999998,-0.07093950000000002,-0.07174250000000001,-0.07008895000000004,-50.534930105013295,7.480313293264387e-17,10
100000,random,0.3,node_coordinated,0.2,0,post_failure,accuracy_macro,B6,B4,0.5078460098525877,0.5390318822156729,-0.031185872363085166,-0.032400784125856334,-0.02992363529683855,-14.692835008332588,4.960537245532734e-12,10
100000,random,0.3,node_coordinated,0.2,0,post_failure,iss,B6,B4,0.8097872853279113,0.9938628733158111,-0.18407558798789977,-0.18436138093471527,-0.183769296258688,-366.6267708066862,1.345368864480029e-24,10
100000,random,0.3,node_coordinated,0.2,0,post_failure,knowledge_survival,B7,B6,0.734667,0.7506855,-0.01601849999999999,-0.016912037499999994,-0.015240474999999991,-11.173189426878755,5.761205382668431e-11,10
100000,random,0.3,node_coordinated,0.2,0,post_failure,knowledge_survival,B7,B2,0.734667,0.8486984999999999,-0.1140315,-0.11469053749999998,-0.11336698750000003,-100.96356974979506,1.476494043814215e-19,10
100000,random,0.3,node_coordinated,0.2,0,post_failure,iss,B7,B2,0.8099579095840455,0.9999998331069946,-0.1900419235229492,-0.19035176783800126,-0.18976740419864654,-384.431849828336,8.779822972493856e-25,10
100000,random,0.3,node_coordinated,0.2,0,post_failure,accuracy_macro,B7,B3Q,0.5903460116491152,0.6019794088821263,-0.01163339723301109,-0.012723147657782758,-0.01064029297500938,-6.561742097714513,6.560527612075736e-09,10
100000,random,0.3,none,0.0,0,post_failure,knowledge_survival,B6,B2,0.8687020000000001,0.8762644999999999,-0.007562499999999983,-0.007738999999999973,-0.007379987499999976,-24.80934686811718,4.495074150942689e-14,10
100000,random,0.3,none,0.0,0,post_failure,iss,B6,B2,0.809791773557663,1.0,-0.19020822644233704,-0.19060570552945136,-0.1898541556298733,-295.7229412001344,9.308664858566272e-24,10
100000,random,0.3,none,0.0,0,post_failure,knowledge_survival,B6,B4,0.8687020000000001,0.8743964999999999,-0.00569449999999998,-0.005940012500000011,-0.0054399875,-13.260276185481366,1.244018547406485e-11,10
100000,random,0.3,none,0.0,0,post_failure,iss,B6,B4,0.809791773557663,0.9938145399093627,-0.18402276635169984,-0.18440021812915802,-0.18367466792464257,-297.597370686787,8.794091260932549e-24,10
100000,random,0.3,none,0.0,0,post_failure,iss,B7,B2,0.8098975718021393,1.0,-0.19010242819786072,-0.19044471383094788,-0.18980997502803804,-351.6834042047287,1.956550362890976e-24,10
100000,random,0.3,none,0.0,0,post_failure,knowledge_survival,B7,B3Q,0.9345044999999998,0.9527935,-0.018289,-0.0185195,-0.018028999999999983,-43.93241826152746,2.6361891320642364e-16,10
100000,random,0.3,none,0.0,0,post_failure,accuracy_macro,B7,B3Q,0.8260565602896218,0.8753669589622854,-0.04931039867266357,-0.05003014593920384,-0.0484667908036537,-36.66791858386592,1.3400026136369653e-15,10
100000,random,0.3,root,0.05,0,post_failure,knowledge_survival,B6,B2,0.834691,0.8398795000000001,-0.005188499999999996,-0.005564999999999998,-0.004824499999999987,-8.245180522571705,8.663652058628162e-10,10
100000,random,0.3,root,0.05,0,post_failure,iss,B6,B2,0.8099940776824951,1.0,-0.19000592231750488,-0.19039715826511383,-0.18973523169755935,-330.98077162510504,3.377779986384714e-24,10
100000,random,0.3,root,0.05,0,post_failure,knowledge_survival,B6,B4,0.834691,0.8386965,-0.004005499999999995,-0.004430012500000001,-0.003610499999999994,-5.751086865005745,2.0961100751555685e-08,10
100000,random,0.3,root,0.05,0,post_failure,iss,B6,B4,0.8099940776824951,0.9938099443912506,-0.1838158667087555,-0.1842324598133564,-0.18350919649004938,-298.10262563318526,8.66085219003025e-24,10
100000,random,0.3,root,0.05,0,post_failure,iss,B7,B2,0.8099216341972351,1.0,-0.19007836580276488,-0.19035034790635108,-0.18986092016100883,-453.124448252973,1.9994271622415515e-25,10
100000,random,0.3,root,0.05,0,post_failure,knowledge_survival,B7,B3Q,0.8976855,0.908611,-0.010925499999999987,-0.011312512499999981,-0.01053099999999999,-16.153366412113698,2.1202438039625732e-12,10
100000,random,0.3,root,0.05,0,post_failure,accuracy_macro,B7,B3Q,0.7813742117435252,0.8218530684961882,-0.04047885675266318,-0.04159070195881807,-0.039329778312577855,-21.240091007170026,1.8151922370943487e-13,10
100000,random,0.3,root,0.2,0,post_failure,knowledge_survival,B6,B2,0.716695,0.7188675000000001,-0.0021724999999999995,-0.0024355124999999797,-0.0018809875000000112,-4.6040672933318705,1.4611620242497642e-07,10
100000,random,0.3,root,0.2,0,post_failure,iss,B6,B2,0.8098393499851226,1.0,-0.1901606500148773,-0.19056812271475793,-0.1897895196080208,-285.67904190469756,1.2704155849041992e-23,10
100000,random,0.3,root,0.2,0,post_failure,knowledge_survival,B6,B4,0.716695,0.718769,-0.002073999999999998,-0.0025695250000000126,-0.001634500000000005,-2.6168648586384538,1.6875930124709905e-05,10
100000,random,0.3,root,0.2,0,post_failure,iss,B6,B4,0.8098393499851226,0.993935614824295,-0.18409626483917235,-0.18456191584467888,-0.18366595223546028,-240.17287172294206,6.055186903484702e-23,10
100000,random,0.3,root,0.2,0,post_failure,iss,B7,B2,0.8096998155117034,1.0,-0.1903001844882965,-0.19062698036432266,-0.1900404419004917,-378.9365548454796,9.99450235333654e-25,10
100000,random,0.3,root,0.2,0,post_failure,accuracy_macro,B7,B3Q,0.639863197779167,0.6667528257048814,-0.026889627925714553,-0.02784597716210365,-0.02602488550349949,-17.263150265796007,1.167973236787828e-12,10
100000,random,0.5,none,0.0,0,post_failure,knowledge_survival,B6,B2,0.8211695000000001,0.8764559999999999,-0.05528649999999998,-0.0557125,-0.05490298749999996,-79.92878531512572,1.2086251955344888e-18,10
100000,random,0.5,none,0.0,0,post_failure,accuracy_macro,B6,B2,0.5741576540023793,0.6052738373326012,-0.031116183330221914,-0.031827572249296825,-0.030425551442820716,-26.013815204068237,2.935438993793402e-14,10
100000,random,0.5,none,0.0,0,post_failure,iss,B6,B2,0.6863403499126435,0.9999913930892944,-0.313651043176651,-0.31405190378427505,-0.3132842004299164,-475.25378920137877,1.3017676005916277e-25,10
100000,random,0.5,none,0.0,0,post_failure,knowledge_survival,B6,B4,0.8211695000000001,0.8641539999999999,-0.042984499999999995,-0.043393499999999995,-0.04258949999999998,-63.24082840695647,9.94244313046519e-18,10
100000,random,0.5,none,0.0,0,post_failure,accuracy_macro,B6,B4,0.5741576540023793,0.5864927788641106,-0.012335124861731318,-0.013100787336442049,-0.011573948296725471,-9.462882056790646,2.540336448155448e-10,10
100000,random,0.5,none,0.0,0,post_failure,iss,B6,B4,0.6863403499126435,0.9603301286697388,-0.27398977875709535,-0.27438421100378035,-0.2735879895091057,-397.4947740154915,6.499469381988057e-25,10
100000,random,0.5,none,0.0,0,post_failure,iss,B7,B2,0.6865203738212585,0.9999913930892944,-0.3134710192680359,-0.31381001576781276,-0.31315209180116654,-557.9434639108927,3.0729390446660693e-26,10
100000,random,0.5,none,0.0,0,post_failure,knowledge_survival,B7,B3Q,0.8815685,0.898274,-0.01670550000000002,-0.017270000000000008,-0.016145475000000013,-17.281682724310212,1.1567794571162584e-12,10
100000,random,0.5,none,0.0,0,post_failure,accuracy_macro,B7,B3Q,0.7632658309753845,0.8070455751160488,-0.043779744140664364,-0.04492359009285593,-0.04252981976103714,-21.312873484949456,1.7602568416176054e-13,10
100000,random,0.7,none,0.0,0,post_failure,knowledge_survival,B6,B2,0.6653085,0.8757760000000001,-0.21046749999999997,-0.210785525,-0.2101284875,-372.97405499874606,1.1527940773157e-24,10
100000,random,0.7,none,0.0,0,post_failure,accuracy_macro,B6,B2,0.43999926880724605,0.6044081140764618,-0.1644088452692157,-0.1649684022558456,-0.1638248534735933,-168.03493788239294,1.507363150349625e-21,10
100000,random,0.7,none,0.0,0,post_failure,iss,B6,B2,0.4975780487060547,0.9982118964195251,-0.5006338477134704,-0.5010172967612743,-0.5002254263311625,-739.7613038934579,2.4268527070047134e-27,10
100000,random,0.7,none,0.0,0,post_failure,knowledge_survival,B6,B4,0.6653085,0.8271659999999998,-0.16185750000000002,-0.16234350000000003,-0.1613505,-190.3099538015547,4.916693639012371e-22,10
100000,random,0.7,none,0.0,0,post_failure,accuracy_macro,B6,B4,0.43999926880724605,0.5518203984619181,-0.11182112965467199,-0.1125172009088804,-0.11109205890789897,-91.33805710021197,3.6375858598699363e-19,10
100000,random,0.7,none,0.0,0,post_failure,iss,B6,B4,0.4975780487060547,0.8503033578395843,-0.3527253091335297,-0.3535873980820179,-0.3519354179501534,-251.43130685024542,4.0093259398588974e-23,10
100000,random,0.7,none,0.0,0,post_failure,knowledge_survival,B7,B2,0.7134885,0.8757760000000001,-0.1622875,-0.1627405125,-0.16183398750000003,-211.7121177150523,1.8841857300744672e-22,10
100000,random,0.7,none,0.0,0,post_failure,accuracy_macro,B7,B2,0.5842962876783941,0.6044081140764618,-0.02011182639806759,-0.020803153317084176,-0.01936550322867596,-16.429742534144115,1.8208750061213124e-12,10
100000,random,0.7,none,0.0,0,post_failure,iss,B7,B2,0.4978170722723007,0.9982118964195251,-0.5003948241472245,-0.5008044455945492,-0.5000139129161835,-752.1572537073578,2.0897299720971115e-27,10
100000,random,0.7,none,0.0,0,post_failure,knowledge_survival,B7,B3Q,0.7134885,0.726869,-0.013380499999999984,-0.013980512499999995,-0.012790999999999986,-13.35332211824638,1.1684811528328552e-11,10
100000,random,0.7,none,0.0,0,post_failure,accuracy_macro,B7,B3Q,0.5842962876783941,0.6171394728396666,-0.03284318516127248,-0.033894074750477385,-0.03169242486824451,-17.574136701920985,9.95027326854899e-13,10
100000,random,0.9,none,0.0,0,post_failure,knowledge_survival,B6,B2,0.3007305,0.8428585,-0.542128,-0.5427030125000001,-0.5415270000000001,-548.1742059242987,3.602451516901573e-26,10
100000,random,0.9,none,0.0,0,post_failure,accuracy_macro,B6,B2,0.17766474520843026,0.5749201852750734,-0.39725544006664315,-0.39801873902966345,-0.39649570787574134,-309.9587128418498,6.097047092357096e-24,10
100000,random,0.9,none,0.0,0,post_failure,iss,B6,B2,0.20287393629550934,0.8951674640178681,-0.6922935277223587,-0.6928019106388092,-0.691758965626359,-777.2366879200381,1.5555663953447782e-27,10
100000,random,0.9,none,0.0,0,post_failure,knowledge_survival,B6,B4,0.3007305,0.667872,-0.36714150000000007,-0.36799952500000005,-0.36640648750000004,-267.3438990319917,2.3078945440423358e-23,10
100000,random,0.9,none,0.0,0,post_failure,accuracy_macro,B6,B4,0.17766474520843026,0.4296666871710372,-0.25200194196260683,-0.2527001105999939,-0.251260120087313,-206.25704607126693,2.383164947051187e-22,10
100000,random,0.9,none,0.0,0,post_failure,iss,B6,B4,0.20287393629550934,0.5263265132904053,-0.32345257699489594,-0.32452642802149057,-0.32256500180810693,-190.95864780560677,4.768403580407806e-22,10
100000,random,0.9,none,0.0,0,post_failure,knowledge_survival,B7,B2,0.32181150000000003,0.8428585,-0.521047,-0.521579,-0.5204874875,-557.5518020456956,3.0924214228378357e-26,10
100000,random,0.9,none,0.0,0,post_failure,accuracy_macro,B7,B2,0.23681021431143426,0.5749201852750734,-0.33810997096363915,-0.33891687755002864,-0.33729701916452015,-247.25013629939477,4.662467507481399e-23,10
100000,random,0.9,none,0.0,0,post_failure,iss,B7,B2,0.20291359722614288,0.8951674640178681,-0.6922538667917252,-0.6927187209203839,-0.6917797600850463,-858.0710784462764,6.38497618750715e-28,10
100000,random,0.9,none,0.0,0,post_failure,knowledge_survival,B7,B3Q,0.32181150000000003,0.32817799999999997,-0.006366499999999997,-0.007037512500000002,-0.0057064874999999925,-5.638868557321837,2.4919774522725394e-08,10
100000,random,0.9,none,0.0,0,post_failure,accuracy_macro,B7,B3Q,0.23681021431143426,0.25129717778706173,-0.014486963475627437,-0.01543945926266586,-0.013459493486162169,-8.581970052296167,6.067460841582713e-10,10
100000,targeted_whitebox,0.3,none,0.0,0,post_failure,knowledge_survival,B6,B2,0.8091229999999999,0.8757714999999999,-0.0666485,-0.06695201249999996,-0.06634450000000004,-129.12473940517577,1.6132059285659675e-20,10
100000,targeted_whitebox,0.3,none,0.0,0,post_failure,accuracy_macro,B6,B2,0.5614104162139629,0.604132442396147,-0.042722026182183945,-0.043562932439484406,-0.041931349218571876,-31.152339598276388,5.805076081541891e-15,10
100000,targeted_whitebox,0.3,none,0.0,0,post_failure,iss,B6,B2,0.7240790009498597,0.9993805885314941,-0.27530158758163453,-0.27565351739525795,-0.2749661962687969,-469.7338025679045,1.4460964566423926e-25,10
100000,targeted_whitebox,0.3,none,0.0,0,post_failure,knowledge_survival,B6,B4,0.8091229999999999,0.8143290000000001,-0.005206,-0.0057525125000000045,-0.004561474999999975,-5.106842984376711,5.932075230517008e-08,10
100000,targeted_whitebox,0.3,none,0.0,0,post_failure,iss,B6,B4,0.7240790009498597,0.8345853328704834,-0.11050633192062378,-0.11172245174646378,-0.10910079315304756,-49.90963128637914,8.367000149866515e-17,10
100000,targeted_whitebox,0.3,none,0.0,0,post_failure,knowledge_survival,B7,B2,0.868805,0.8757714999999999,-0.0069665000000000196,-0.007302000000000031,-0.006621500000000025,-11.890748480117278,3.3015230327421544e-11,10
100000,targeted_whitebox,0.3,none,0.0,0,post_failure,iss,B7,B2,0.7241335153579712,0.9993805885314941,-0.2752470731735229,-0.2755986340343952,-0.2749648571014404,-516.4824159653422,6.156940760997595e-26,10
100000,targeted_whitebox,0.3,none,0.0,0,post_failure,knowledge_survival,B7,B3Q,0.868805,0.886239,-0.017434000000000015,-0.017798500000000016,-0.017056487499999995,-27.617251630444702,1.7145552377636542e-14,10
100000,targeted_whitebox,0.3,none,0.0,0,post_failure,accuracy_macro,B7,B3Q,0.7495644282097337,0.7941800738221565,-0.04461564561242267,-0.045633783558806776,-0.04354794342096141,-25.037420604755937,4.140145664128533e-14,10
100000,targeted_whitebox,0.5,none,0.0,0,post_failure,knowledge_survival,B6,B2,0.67802,0.8705555,-0.1925355,-0.19293105000000002,-0.19210300000000002,-269.0510708206867,2.1793963464968434e-23,10
100000,targeted_whitebox,0.5,none,0.0,0,post_failure,accuracy_macro,B6,B2,0.44975178422651557,0.597137657497424,-0.1473858732709085,-0.14824973027374755,-0.14655321462145363,-101.1053063080524,1.45797095557847e-19,10
100000,targeted_whitebox,0.5,none,0.0,0,post_failure,iss,B6,B2,0.5494031965732574,0.9930796384811401,-0.4436764419078827,-0.44396621972322464,-0.4433716580271721,-856.4059083732583,6.497581828064588e-28,10
100000,targeted_whitebox,0.5,none,0.0,0,post_failure,knowledge_survival,B6,B4,0.67802,0.749824,-0.07180399999999999,-0.072487,-0.0710229375,-56.4224066930518,2.775263098267319e-17,10
100000,targeted_whitebox,0.5,none,0.0,0,post_failure,accuracy_macro,B6,B4,0.44975178422651557,0.4737609632929799,-0.02400917906646443,-0.024870319323064834,-0.023098061802816698,-15.911429514346858,2.427634397349336e-12,10
100000,targeted_whitebox,0.5,none,0.0,0,post_failure,iss,B6,B4,0.5494031965732574,0.6943845689296723,-0.14498137235641478,-0.14614429146051408,-0.1437697996199131,-71.95958994258075,3.1100254612511696e-18,10
100000,targeted_whitebox,0.5,none,0.0,0,post_failure,knowledge_survival,B7,B2,0.7258604999999999,0.8705555,-0.14469500000000002,-0.14511351249999999,-0.14426695000000003,-199.07025300086752,3.2792397296648126e-22,10
100000,targeted_whitebox,0.5,none,0.0,0,post_failure,accuracy_macro,B7,B2,0.5949720502232916,0.597137657497424,-0.0021656072741323418,-0.003265143528918124,-0.0011420859031377876,-1.1796890249449645,0.004693810445556878,10
100000,targeted_whitebox,0.5,none,0.0,0,post_failure,iss,B7,B2,0.5496068835258484,0.9930796384811401,-0.44347275495529176,-0.44376487135887144,-0.4431818163394928,-888.9016794722584,4.647134763809354e-28,10
100000,targeted_whitebox,0.5,none,0.0,0,post_failure,knowledge_survival,B7,B3Q,0.7258604999999999,0.7399319999999999,-0.014071500000000025,-0.014640500000000002,-0.013529000000000024,-14.755893324197904,4.773670969673333e-12,10
100000,targeted_whitebox,0.5,none,0.0,0,post_failure,accuracy_macro,B7,B3Q,0.5949720502232916,0.6292135335923168,-0.034241483369025064,-0.03529084961518379,-0.03320114426534296,-19.223316870223993,4.447275814707746e-13,10
100000,targeted_whitebox,0.7,none,0.0,0,post_failure,knowledge_survival,B6,B2,0.458896,0.854288,-0.395392,-0.395633,-0.3951765,-1006.0977328020116,1.5244308133832094e-28,10
100000,targeted_whitebox,0.7,none,0.0,0,post_failure,accuracy_macro,B6,B2,0.2836732941054508,0.5806768332605594,-0.2970035391551087,-0.2974342911449742,-0.29662648524625024,-434.3985980297262,2.923254474766049e-25,10
100000,targeted_whitebox,0.7,none,0.0,0,post_failure,iss,B6,B2,0.3382485657930374,0.969606465101242,-0.6313578993082046,-0.6316296434402466,-0.6311081620305776,-1416.550068334184,7.01104363435206e-30,10
100000,targeted_whitebox,0.7,none,0.0,0,post_failure,knowledge_survival,B6,B4,0.458896,0.6465205,-0.1876245,-0.18877351250000002,-0.186281425,-88.69785682348197,4.736411875039152e-19,10
100000,targeted_whitebox,0.7,none,0.0,0,post_failure,accuracy_macro,B6,B4,0.2836732941054508,0.4002709809216215,-0.11659768681617075,-0.11753769991448956,-0.11549677077959782,-66.97774524029766,5.93116107095668e-18,10
100000,targeted_whitebox,0.7,none,0.0,0,post_failure,iss,B6,B4,0.3382485657930374,0.5140780448913574,-0.17582947909832,-0.17756870105862618,-0.1738718129694462,-56.16685708958585,2.890965696897527e-17,10
100000,targeted_whitebox,0.7,none,0.0,0,post_failure,knowledge_survival,B7,B2,0.48902999999999996,0.854288,-0.36525799999999997,-0.3656445125,-0.36490199999999995,-581.7764225615547,2.1089246160279659e-26,10
100000,targeted_whitebox,0.7,none,0.0,0,post_failure,accuracy_macro,B7,B2,0.3705888472586062,0.5806768332605594,-0.2100879860019532,-0.21079400256444478,-0.20932700379299177,-167.28683882926117,1.5691256579573953e-21,10
100000,targeted_whitebox,0.7,none,0.0,0,post_failure,iss,B7,B2,0.3382518619298935,0.969606465101242,-0.6313546031713486,-0.631726433262229,-0.6309977021068335,-1022.7056384383477,1.3155684495878474e-28,10
100000,targeted_whitebox,0.7,none,0.0,0,post_failure,knowledge_survival,B7,B3Q,0.48902999999999996,0.4982385000000001,-0.009208499999999986,-0.009833999999999999,-0.008591999999999989,-8.669342637755692,5.544274200235051e-10,10
100000,targeted_whitebox,0.7,none,0.0,0,post_failure,accuracy_macro,B7,B3Q,0.3705888472586062,0.3917367438444664,-0.02114789658586009,-0.022208153814136638,-0.019944608133475105,-11.09505554952936,6.13426788741296e-11,10
100000,targeted_world,0.3,none,0.0,0,post_failure,knowledge_survival,B6,B2,0.8685835000000001,0.876292,-0.007708500000000007,-0.007987500000000003,-0.007424499999999989,-16.020012628296183,2.2839438326031044e-12,10
100000,targeted_world,0.3,none,0.0,0,post_failure,iss,B6,B2,0.809647125005722,1.0,-0.19035287499427794,-0.1907781808078289,-0.19003916531801224,-299.8636424918014,8.213698164495593e-24,10
100000,targeted_world,0.3,none,0.0,0,post_failure,iss,B6,B4,0.809647125005722,0.9230719745159149,-0.11342484951019287,-0.11464800983667374,-0.11215400025248529,-53.989734496634235,4.125927845821878e-17,10
100000,targeted_world,0.3,none,0.0,0,post_failure,iss,B7,B2,0.809802383184433,1.0,-0.19019761681556702,-0.19048370450735094,-0.18991308733820914,-398.14982361146343,6.403862457987925e-25,10
100000,targeted_world,0.3,none,0.0,0,post_failure,knowledge_survival,B7,B3Q,0.9344675,0.9528890000000001,-0.01842149999999999,-0.01866701249999999,-0.01815898749999998,-42.80017615722709,3.334173168771237e-16,10
100000,targeted_world,0.3,none,0.0,0,post_failure,accuracy_macro,B7,B3Q,0.8238690613875281,0.8739832838449637,-0.05011422245743567,-0.050719528261544695,-0.04946628717349412,-46.86209226196877,1.474849771388085e-16,10
100000,targeted_world,0.5,none,0.0,0,post_failure,knowledge_survival,B6,B2,0.8210345,0.8764025,-0.05536800000000001,-0.0558260125,-0.05490800000000001,-70.14379421270318,3.9141961547420885e-18,10
100000,targeted_world,0.5,none,0.0,0,post_failure,accuracy_macro,B6,B2,0.5739999449986404,0.6052100105306345,-0.031210065531994124,-0.031818103850178345,-0.03051871901465728,-28.176444474879595,1.431799418066375e-14,10
100000,targeted_world,0.5,none,0.0,0,post_failure,iss,B6,B2,0.6860547661781311,0.9999919831752777,-0.3139372169971466,-0.31444424718618397,-0.3134449996054173,-369.53681357137333,1.2529672944865072e-24,10
100000,targeted_world,0.5,none,0.0,0,post_failure,iss,B6,B4,0.6860547661781311,0.8239729225635528,-0.13791815638542176,-0.13936085179448127,-0.13651229545474053,-57.0772258083109,2.5015798599103823e-17,10
100000,targeted_world,0.5,none,0.0,0,post_failure,iss,B7,B2,0.6862511217594147,0.9999919831752777,-0.31374086141586305,-0.31425476521253587,-0.31320961460471153,-353.7024241286696,1.858299557583905e-24,10
100000,targeted_world,0.5,none,0.0,0,post_failure,knowledge_survival,B7,B3Q,0.8812675000000001,0.8988685000000001,-0.017601,-0.017981999999999998,-0.017220487499999992,-27.16705520945539,1.9875704468439433e-14,10
100000,targeted_world,0.5,none,0.0,0,post_failure,accuracy_macro,B7,B3Q,0.7608703586863629,0.8059712792829732,-0.045100920596610264,-0.045585764724907586,-0.04460930967855355,-53.62159209575695,4.3879074336022374e-17,10
100000,targeted_world,0.7,none,0.0,0,post_failure,knowledge_survival,B6,B2,0.6657354999999999,0.8757999999999999,-0.21006450000000002,-0.21083556250000005,-0.20947596250000006,-177.29208475513352,9.302846168971164e-22,10
100000,targeted_world,0.7,none,0.0,0,post_failure,accuracy_macro,B6,B2,0.44091043491187853,0.6046617993357415,-0.16375136442386293,-0.1644831058186535,-0.16307928374866087,-136.75663506730058,9.621652764167416e-21,10
100000,targeted_world,0.7,none,0.0,0,post_failure,iss,B6,B2,0.49765917360782624,0.9982285678386689,-0.5005693942308426,-0.501226255223155,-0.4999007338285446,-444.81767174261324,2.361698515762174e-25,10
100000,targeted_world,0.7,none,0.0,0,post_failure,knowledge_survival,B6,B4,0.6657354999999999,0.744788,-0.07905250000000001,-0.0806300125,-0.0778265,-33.26121403340434,3.2209441697950436e-15,10
100000,targeted_world,0.7,none,0.0,0,post_failure,accuracy_macro,B6,B4,0.44091043491187853,0.4864122900454749,-0.0455018551335963,-0.04685416345303871,-0.04448489458416414,-22.421282412277257,1.1162176164110427e-13,10
100000,targeted_world,0.7,none,0.0,0,post_failure,iss,B6,B4,0.49765917360782624,0.6602449238300323,-0.16258575022220612,-0.16471550039947033,-0.16072469353675842,-48.199955411675575,1.1448879198878126e-16,10
100000,targeted_world,0.7,none,0.0,0,post_failure,knowledge_survival,B7,B2,0.7128914999999999,0.8757999999999999,-0.16290849999999998,-0.163809525,-0.16198448749999997,-103.96578946460392,1.1342500381875355e-19,10
100000,targeted_world,0.7,none,0.0,0,post_failure,accuracy_macro,B7,B2,0.5824670236949778,0.6046617993357415,-0.02219477564076362,-0.023083173398789424,-0.0210897901576996,-13.033288320009955,1.4520985079965894e-11,10
100000,targeted_world,0.7,none,0.0,0,post_failure,iss,B7,B2,0.497566220164299,0.9982285678386689,-0.5006623476743698,-0.5012639462947845,-0.5000138938426971,-474.5925996255428,1.3181810828234152e-25,10
100000,targeted_world,0.7,none,0.0,0,post_failure,knowledge_survival,B7,B3Q,0.7128914999999999,0.727083,-0.014191499999999978,-0.015127550000000005,-0.01314099999999998,-8.363082625896325,7.635811008825122e-10,10
100000,targeted_world,0.7,none,0.0,0,post_failure,accuracy_macro,B7,B3Q,0.5824670236949778,0.6166107534511948,-0.03414372975621692,-0.03541885566402468,-0.032562978281960545,-14.091942869736608,7.2127168422196625e-12,10
