family,run_id,batch_id,status,system,kind,seed,tier,tag,condition,n_workers,n_interactions,n_rounds,n_teams,n_departments,n_regions,dataset_sha256,malicious_fraction,detector,layers,compression,sketch_order,cadence,profile,profile_kind,quote_policy,k_anonymity,questioning,failure_kind,failure_rate,runtime_s,world_gen_s,peak_rss_mb,timestamp,error,metrics.n_accepted,metrics.n_contested,metrics.contested_false,metrics.contested_true,metrics.categories.exact,metrics.categories.under_specified,metrics.categories.over_specified,metrics.categories.confounded_true,metrics.categories.false,metrics.categories.poison,metrics.precision_strict,metrics.precision_lenient,metrics.false_discovery_rate,metrics.false_association_rate,metrics.false_association_rate_strict,metrics.false_but_disputed,metrics.n_disputed,metrics.recall_local,metrics.recall_local_lenient,metrics.n_local,metrics.recall_cross_team,metrics.recall_cross_team_lenient,metrics.n_cross_team,metrics.ttd_cross_team_median,metrics.ttd_cross_team_mean,metrics.ttd_cross_team_rel_nmin_median,metrics.layers_beyond_min_cross_team,metrics.recall_global,metrics.recall_global_lenient,metrics.n_global,metrics.ttd_global_median,metrics.ttd_global_mean,metrics.ttd_global_rel_nmin_median,metrics.layers_beyond_min_global,metrics.recall_temporal,metrics.recall_temporal_lenient,metrics.n_temporal,metrics.recall_contradiction,metrics.recall_contradiction_lenient,metrics.n_contradiction,metrics.ece,metrics.mean_confidence,metrics.evidence_coverage,metrics.lineage_correctness,metrics.source_diversity,metrics.fidelity.executive.useful_fact_recall,metrics.fidelity.executive.precision_strict,metrics.fidelity.executive.false_promotion_rate,metrics.fidelity.executive.n_accepted,metrics.fidelity.executive.duplicated,metrics.fidelity.executive.distorted,metrics.fidelity.executive.survived,metrics.fidelity.executive.dropped,metrics.fidelity.executive.independent_support_preserved,metrics.fidelity.executive.lineage_retention,metrics.per_layer.executive.n_accepted,metrics.per_layer.executive.n_contested,metrics.per_layer.executive.contested_false,metrics.per_layer.executive.contested_true,metrics.per_layer.executive.categories.exact,metrics.per_layer.executive.categories.under_specified,metrics.per_layer.executive.categories.over_specified,metrics.per_layer.executive.categories.confounded_true,metrics.per_layer.executive.categories.false,metrics.per_layer.executive.categories.poison,metrics.per_layer.executive.precision_strict,metrics.per_layer.executive.precision_lenient,metrics.per_layer.executive.false_discovery_rate,metrics.per_layer.executive.false_association_rate,metrics.per_layer.executive.false_association_rate_strict,metrics.per_layer.executive.false_but_disputed,metrics.per_layer.executive.n_disputed,metrics.per_layer.executive.recall_local,metrics.per_layer.executive.recall_local_lenient,metrics.per_layer.executive.n_local,metrics.per_layer.executive.recall_cross_team,metrics.per_layer.executive.recall_cross_team_lenient,metrics.per_layer.executive.n_cross_team,metrics.per_layer.executive.ttd_cross_team_median,metrics.per_layer.executive.ttd_cross_team_mean,metrics.per_layer.executive.ttd_cross_team_rel_nmin_median,metrics.per_layer.executive.layers_beyond_min_cross_team,metrics.per_layer.executive.recall_global,metrics.per_layer.executive.recall_global_lenient,metrics.per_layer.executive.n_global,metrics.per_layer.executive.ttd_global_median,metrics.per_layer.executive.ttd_global_mean,metrics.per_layer.executive.ttd_global_rel_nmin_median,metrics.per_layer.executive.layers_beyond_min_global,metrics.per_layer.executive.recall_temporal,metrics.per_layer.executive.recall_temporal_lenient,metrics.per_layer.executive.n_temporal,metrics.per_layer.executive.recall_contradiction,metrics.per_layer.executive.recall_contradiction_lenient,metrics.per_layer.executive.n_contradiction,metrics.per_layer.executive.ece,metrics.per_layer.executive.mean_confidence,metrics.revision_accuracy,metrics.stale_persistence,metrics.revision_latency,metrics.old_evidence_retention,metrics.catastrophic_overwrite,metrics.contradiction_precision,metrics.contradiction_recall,metrics.contradiction_f1,metrics.correct_resolution_rate,metrics.incorrect_resolution_rate,metrics.unresolved_when_appropriate,metrics.time_to_detect_mean,metrics.n_conflicts_raised,metrics.n_scope_disagreements,metrics.n_other_conflicts,metrics.other_conflict_rate,metrics.per_shape.biased_null.n,metrics.per_shape.biased_null.correct,metrics.per_shape.biased_null.incorrect,metrics.per_shape.biased_null.detected,metrics.per_shape.biased_positive.n,metrics.per_shape.biased_positive.correct,metrics.per_shape.biased_positive.incorrect,metrics.per_shape.biased_positive.detected,metrics.raw_sensitive_leakage,metrics.n_canaries_exposed,metrics.n_canaries,metrics.bytes_off_device,metrics.raw_bytes,metrics.fraction_raw_exposed,metrics.reconstructability,metrics.bytes_transmitted,metrics.bytes_worker_to_team,metrics.bytes_above_team,metrics.compression_ratio,metrics.compression_ratio_total,metrics.raw_bytes_compact,metrics.bytes_off_device_compact,metrics.fraction_raw_exposed_compact,metrics.tokens,metrics.tokens_to_cloud,metrics.model_calls,metrics.latency_ms_est,metrics.energy_j_est,metrics.cost_usd_est,metrics.poison.attack_records,metrics.poison.attack_records_kept_at_team,metrics.poison.benign_records_dropped,metrics.poison.claims_quarantined,metrics.poison.attack_claims_quarantined,metrics.poison.poison_claims_at_root,metrics.poison.poison_promotion_rate,metrics.poison.poison_by_layer.worker,metrics.n_root_claims,metrics.stats.records_ingested,metrics.failure_reasons.statistical_power,metrics.runtime_s,metrics.system,metrics.poison.poison_by_layer.executive,metrics.stats.queries_used,metrics.stats.chunks,metrics.stats.records_received,metrics.stats.injected_claims_ingested,metrics.stats.injected_claims_seen,metrics.stats.text_bytes,metrics.stats.tokens_to_cloud_uncached,metrics.failure_reasons,metrics.failure_reasons.model_reasoning_failure,metrics.failure_reasons.retrieval_failure,metrics.failure_reasons.routing_failure,metrics.failure_reasons.compression_loss,metrics.failure_reasons.insufficient_independent_support,metrics.compression_ratio_leaf_transition,metrics.compression_ratio_vs_compact,metrics.stats.conflicts_opened,metrics.stats.questions_asked,metrics.stats.question_bytes,metrics.stats.question_hops,metrics.stats.artifacts_rejected_signature,metrics.stats.records_rejected,metrics.stats.records_deduped,metrics.stats.bytes_worker_to_team,metrics.per_layer_bytes.executive.bytes_in,metrics.per_layer_bytes.executive.bytes_out,metrics.per_layer_bytes.executive.claims_accepted,metrics.per_layer_bytes.executive.nodes,metrics.poison.poison_claims_contested_at_root,metrics.fidelity.team.useful_fact_recall,metrics.fidelity.team.precision_strict,metrics.fidelity.team.false_promotion_rate,metrics.fidelity.team.n_accepted,metrics.fidelity.team.duplicated,metrics.fidelity.team.distorted,metrics.fidelity.team.survived,metrics.fidelity.team.dropped,metrics.fidelity.team.independent_support_preserved,metrics.fidelity.team.lineage_retention,metrics.fidelity.department.useful_fact_recall,metrics.fidelity.department.precision_strict,metrics.fidelity.department.false_promotion_rate,metrics.fidelity.department.n_accepted,metrics.fidelity.department.duplicated,metrics.fidelity.department.distorted,metrics.fidelity.department.survived,metrics.fidelity.department.dropped,metrics.fidelity.department.independent_support_preserved,metrics.fidelity.department.lineage_retention,metrics.fidelity.region.useful_fact_recall,metrics.fidelity.region.precision_strict,metrics.fidelity.region.false_promotion_rate,metrics.fidelity.region.n_accepted,metrics.fidelity.region.duplicated,metrics.fidelity.region.distorted,metrics.fidelity.region.survived,metrics.fidelity.region.dropped,metrics.fidelity.region.independent_support_preserved,metrics.fidelity.region.lineage_retention,metrics.per_layer.team.n_accepted,metrics.per_layer.team.n_contested,metrics.per_layer.team.contested_false,metrics.per_layer.team.contested_true,metrics.per_layer.team.categories.exact,metrics.per_layer.team.categories.under_specified,metrics.per_layer.team.categories.over_specified,metrics.per_layer.team.categories.confounded_true,metrics.per_layer.team.categories.false,metrics.per_layer.team.categories.poison,metrics.per_layer.team.precision_strict,metrics.per_layer.team.precision_lenient,metrics.per_layer.team.false_discovery_rate,metrics.per_layer.team.false_association_rate,metrics.per_layer.team.false_association_rate_strict,metrics.per_layer.team.false_but_disputed,metrics.per_layer.team.n_disputed,metrics.per_layer.team.recall_local,metrics.per_layer.team.recall_local_lenient,metrics.per_layer.team.n_local,metrics.per_layer.team.recall_cross_team,metrics.per_layer.team.recall_cross_team_lenient,metrics.per_layer.team.n_cross_team,metrics.per_layer.team.ttd_cross_team_median,metrics.per_layer.team.ttd_cross_team_mean,metrics.per_layer.team.ttd_cross_team_rel_nmin_median,metrics.per_layer.team.layers_beyond_min_cross_team,metrics.per_layer.team.recall_global,metrics.per_layer.team.recall_global_lenient,metrics.per_layer.team.n_global,metrics.per_layer.team.ttd_global_median,metrics.per_layer.team.ttd_global_mean,metrics.per_layer.team.ttd_global_rel_nmin_median,metrics.per_layer.team.layers_beyond_min_global,metrics.per_layer.team.recall_temporal,metrics.per_layer.team.recall_temporal_lenient,metrics.per_layer.team.n_temporal,metrics.per_layer.team.recall_contradiction,metrics.per_layer.team.recall_contradiction_lenient,metrics.per_layer.team.n_contradiction,metrics.per_layer.team.ece,metrics.per_layer.team.mean_confidence,metrics.per_layer.department.n_accepted,metrics.per_layer.department.n_contested,metrics.per_layer.department.contested_false,metrics.per_layer.department.contested_true,metrics.per_layer.department.categories.exact,metrics.per_layer.department.categories.under_specified,metrics.per_layer.department.categories.over_specified,metrics.per_layer.department.categories.confounded_true,metrics.per_layer.department.categories.false,metrics.per_layer.department.categories.poison,metrics.per_layer.department.precision_strict,metrics.per_layer.department.precision_lenient,metrics.per_layer.department.false_discovery_rate,metrics.per_layer.department.false_association_rate,metrics.per_layer.department.false_association_rate_strict,metrics.per_layer.department.false_but_disputed,metrics.per_layer.department.n_disputed,metrics.per_layer.department.recall_local,metrics.per_layer.department.recall_local_lenient,metrics.per_layer.department.n_local,metrics.per_layer.department.recall_cross_team,metrics.per_layer.department.recall_cross_team_lenient,metrics.per_layer.department.n_cross_team,metrics.per_layer.department.ttd_cross_team_median,metrics.per_layer.department.ttd_cross_team_mean,metrics.per_layer.department.ttd_cross_team_rel_nmin_median,metrics.per_layer.department.layers_beyond_min_cross_team,metrics.per_layer.department.recall_global,metrics.per_layer.department.recall_global_lenient,metrics.per_layer.department.n_global,metrics.per_layer.department.ttd_global_median,metrics.per_layer.department.ttd_global_mean,metrics.per_layer.department.ttd_global_rel_nmin_median,metrics.per_layer.department.layers_beyond_min_global,metrics.per_layer.department.recall_temporal,metrics.per_layer.department.recall_temporal_lenient,metrics.per_layer.department.n_temporal,metrics.per_layer.department.recall_contradiction,metrics.per_layer.department.recall_contradiction_lenient,metrics.per_layer.department.n_contradiction,metrics.per_layer.department.ece,metrics.per_layer.department.mean_confidence,metrics.per_layer.region.n_accepted,metrics.per_layer.region.n_contested,metrics.per_layer.region.contested_false,metrics.per_layer.region.contested_true,metrics.per_layer.region.categories.exact,metrics.per_layer.region.categories.under_specified,metrics.per_layer.region.categories.over_specified,metrics.per_layer.region.categories.confounded_true,metrics.per_layer.region.categories.false,metrics.per_layer.region.categories.poison,metrics.per_layer.region.precision_strict,metrics.per_layer.region.precision_lenient,metrics.per_layer.region.false_discovery_rate,metrics.per_layer.region.false_association_rate,metrics.per_layer.region.false_association_rate_strict,metrics.per_layer.region.false_but_disputed,metrics.per_layer.region.n_disputed,metrics.per_layer.region.recall_local,metrics.per_layer.region.recall_local_lenient,metrics.per_layer.region.n_local,metrics.per_layer.region.recall_cross_team,metrics.per_layer.region.recall_cross_team_lenient,metrics.per_layer.region.n_cross_team,metrics.per_layer.region.ttd_cross_team_median,metrics.per_layer.region.ttd_cross_team_mean,metrics.per_layer.region.ttd_cross_team_rel_nmin_median,metrics.per_layer.region.layers_beyond_min_cross_team,metrics.per_layer.region.recall_global,metrics.per_layer.region.recall_global_lenient,metrics.per_layer.region.n_global,metrics.per_layer.region.ttd_global_median,metrics.per_layer.region.ttd_global_mean,metrics.per_layer.region.ttd_global_rel_nmin_median,metrics.per_layer.region.layers_beyond_min_global,metrics.per_layer.region.recall_temporal,metrics.per_layer.region.recall_temporal_lenient,metrics.per_layer.region.n_temporal,metrics.per_layer.region.recall_contradiction,metrics.per_layer.region.recall_contradiction_lenient,metrics.per_layer.region.n_contradiction,metrics.per_layer.region.ece,metrics.per_layer.region.mean_confidence,metrics.per_layer_bytes.team.bytes_in,metrics.per_layer_bytes.team.bytes_out,metrics.per_layer_bytes.team.claims_accepted,metrics.per_layer_bytes.team.nodes,metrics.per_layer_bytes.department.bytes_in,metrics.per_layer_bytes.department.bytes_out,metrics.per_layer_bytes.department.claims_accepted,metrics.per_layer_bytes.department.nodes,metrics.per_layer_bytes.region.bytes_in,metrics.per_layer_bytes.region.bytes_out,metrics.per_layer_bytes.region.claims_accepted,metrics.per_layer_bytes.region.nodes,metrics.poison.poison_by_layer.team,metrics.poison.poison_by_layer.department,metrics.poison.poison_by_layer.region,metrics.security.detector,metrics.security.capabilities.0,metrics.security.capabilities.1,metrics.security.capabilities.2,metrics.security.capabilities.3,metrics.security.capabilities.4,metrics.security.capabilities.5,metrics.security.capabilities.6,metrics.security.capabilities.7,metrics.security.capabilities.8,metrics.security.capabilities.9,metrics.security.classifier_profiles.local,metrics.security.classifier_profiles.central,metrics.security.classifier_profiles.cloud,metrics.security.classifier_profiles.note,metrics.security.records_seen,metrics.security.records_flagged,metrics.security.attack_records_seen,metrics.security.attack_records_flagged,metrics.security.benign_records_seen,metrics.security.benign_records_flagged,metrics.security.record_detection_precision,metrics.security.record_detection_recall,metrics.security.record_detection_f1,metrics.security.record_false_suppression,metrics.security.claims_seen,metrics.security.claims_flagged,metrics.security.attack_claims_seen,metrics.security.attack_claims_flagged,metrics.security.benign_claims_seen,metrics.security.benign_claims_flagged,metrics.security.claim_detection_precision,metrics.security.claim_detection_recall,metrics.security.claim_detection_f1,metrics.security.claim_false_suppression,metrics.security.per_attack_type.benign.claims,metrics.security.per_attack_type.benign.claims_flagged,metrics.security.reasons.content_classifier_local,metrics.security.reasons.duplicate_fingerprint,metrics.security.tokens_to_cloud,metrics.security.bytes_exposed,metrics.security.n_canaries_exposed,metrics.security.classifier_calls,metrics.security.classifier_tokens_edge,metrics.security.texts_read_locally,metrics.security.signatures_verified,metrics.stats.answers_suppressed_k_anonymity,metrics.failure_reasons.contradiction_mishandling
aggregation,20260917T190142-a6ef_B0_isolated_default_s2,20260917T190142-a6ef,ok,B0_isolated,baseline,2,tier1,,default,1000,10000,30,10,2,1,9df3bf594d527eb0,0.0,none,0,,,,sim-3b,synthetic,,,,,,7.497,2.871,106.6,2026-09-17T19:01:53Z,,0,0,0,0,0,0,0,0,0,0,0.0,0.0,0.0,0.0,0.0,0,0,0.0,0.0,100,0.0,0.0,25,,,,,0.0,0.0,10,,,,,0.0,0.0,20,0.0,0.0,4,,,,,,0.0,0.0,0.0,0,0.0,0.0,1.0,0.0,,,0,0,0,0,0,0,0,0,0,0,0.0,0.0,0.0,0.0,0.0,0,0,0.0,0.0,100,0.0,0.0,25,,,,,0.0,0.0,10,,,,,0.0,0.0,20,0.0,0.0,4,,,0.4833333333333333,0.0,,,,0.0,0.0,0.0,0.6,0.0,,,0,0,0,0.0,4,0,0,0,6,6,0,0,0.0,0,814,0,9005750,0.0,0.0,0,0,0,,,400000,0.0,0.0,1757340,0,9763,3866148.0,105440.4,0.087867,0,0,0,0,0,0,0.0,0.0,0,9763.0,35.0,7.494755268096924,B0_isolated,,,,,,,,,,,,,,,,,,,,,,,,,,,,,,,,,,,,,,,,,,,,,,,,,,,,,,,,,,,,,,,,,,,,,,,,,,,,,,,,,,,,,,,,,,,,,,,,,,,,,,,,,,,,,,,,,,,,,,,,,,,,,,,,,,,,,,,,,,,,,,,,,,,,,,,,,,,,,,,,,,,,,,,,,,,,,,,,,,,,,,,,,,,,,,,,,,,,,,,,,,,,,,,,,,,,,,,,,,,,,,,,,,,,,,,,,,,,,,,,,,,,,,,,
aggregation,20260917T190142-a6ef_B0_isolated_default_s1,20260917T190142-a6ef,ok,B0_isolated,baseline,1,tier1,,default,1000,10000,30,10,2,1,d4b3bd09fd427f49,0.0,none,0,,,,sim-3b,synthetic,,,,,,7.416,4.542,106.8,2026-09-17T19:01:55Z,,0,0,0,0,0,0,0,0,0,0,0.0,0.0,0.0,0.0,0.0,0,0,0.0,0.0,99,0.0,0.0,25,,,,,0.0,0.0,10,,,,,0.0,0.0,20,0.0,0.0,3,,,,,,0.0,0.0,0.0,0,0.0,0.0,1.0,0.0,,,0,0,0,0,0,0,0,0,0,0,0.0,0.0,0.0,0.0,0.0,0,0,0.0,0.0,99,0.0,0.0,25,,,,,0.0,0.0,10,,,,,0.0,0.0,20,0.0,0.0,3,,,0.48,0.0,,,,0.0,0.0,0.0,0.7,0.0,,,0,0,0,0.0,3,0,0,0,7,7,0,0,0.0,0,841,0,9153600,0.0,0.0,0,0,0,,,400000,0.0,0.0,1758240,0,9768,3868128.0,105494.4,0.087912,0,0,0,0,0,0,0.0,0.0,0,9768.0,35.0,7.41336727142334,B0_isolated,,,,,,,,,,,,,,,,,,,,,,,,,,,,,,,,,,,,,,,,,,,,,,,,,,,,,,,,,,,,,,,,,,,,,,,,,,,,,,,,,,,,,,,,,,,,,,,,,,,,,,,,,,,,,,,,,,,,,,,,,,,,,,,,,,,,,,,,,,,,,,,,,,,,,,,,,,,,,,,,,,,,,,,,,,,,,,,,,,,,,,,,,,,,,,,,,,,,,,,,,,,,,,,,,,,,,,,,,,,,,,,,,,,,,,,,,,,,,,,,,,,,,,,,
aggregation,20260917T190142-a6ef_B1_central_keyword_default_s2,20260917T190142-a6ef,ok,B1_central_keyword,baseline,2,tier1,,default,1000,10000,30,10,2,1,9df3bf594d527eb0,0.0,none,0,,,,sim-3b,synthetic,,,,,,98.888,2.871,398.4,2026-09-17T19:03:32Z,,902,0,0,0,386,278,112,89,37,0,0.4279379157427938,0.8348115299334812,0.1651884700665188,0.0443458980044345,0.0543237250554323,0,0,0.88,0.88,100,1.0,1.0,25,12.0,11.64,-5.0,2.0,1.0,1.0,10,18.0,16.5,2.5,2.0,0.65,0.65,20,1.0,1.0,4,0.0357123106346102,0.9913664126301756,0.8986632309748699,1.0,1.0,0.9111111111111112,0.4279379157427938,0.1651884700665188,902,0.6418918918918919,0.3031088082901554,1.0,0.0,0.0,1.0,902,0,0,0,386,278,112,89,37,0,0.4279379157427938,0.8348115299334812,0.1651884700665188,0.0443458980044345,0.0543237250554323,0,0,0.88,0.88,100,1.0,1.0,25,12.0,11.64,-5.0,2.0,1.0,1.0,10,18.0,16.5,2.5,2.0,0.65,0.65,20,1.0,1.0,4,0.0357123106346102,0.9913664126301756,0.4866666666666667,0.4333333333333333,6.833333333333333,0.4,0.6,0.0,0.0,0.0,0.5,0.5,,,0,0,0,0.0,4,4,0,0,6,1,5,0,1.0,814,814,9005737,9005750,0.999998556477806,0.0,9005737,9005737,0,1.000001443524278,1.000001443524278,400000,390520.0,0.0433634067123782,4064960,4064960,30,6097440.0,3658464.0,24.39057051633,0,0,0,0,0,0,0.0,,902,9763.0,,98.88705158233644,B1_central_keyword,0.0,102482.0,0.0,10000.0,0.0,0.0,0.0,4064960.0,,,,,,,,,,,,,,,,,,,,,,,,,,,,,,,,,,,,,,,,,,,,,,,,,,,,,,,,,,,,,,,,,,,,,,,,,,,,,,,,,,,,,,,,,,,,,,,,,,,,,,,,,,,,,,,,,,,,,,,,,,,,,,,,,,,,,,,,,,,,,,,,,,,,,,,,,,,,,,,,,,,,,,,,,,,,,,,,,,,,,,,,,,,,,,,,,,,,,,,,,,,,,,,,,,,,,,,,,,,,,,,,,,,,,,,,,,,,,,,,
aggregation,20260917T190142-a6ef_B1_central_keyword_default_s1,20260917T190142-a6ef,ok,B1_central_keyword,baseline,1,tier1,,default,1000,10000,30,10,2,1,d4b3bd09fd427f49,0.0,none,0,,,,sim-3b,synthetic,,,,,,98.304,4.542,375.8,2026-09-17T19:03:33Z,,1263,0,0,0,383,419,195,218,48,0,0.3032462391132224,0.8076009501187649,0.1923990498812351,0.0443388756927949,0.060965954077593,0,0,0.9090909090909092,0.9090909090909092,99,0.96,0.96,25,12.5,13.791666666666666,-6.0,2.0,0.8,0.8,10,15.5,16.125,1.0,2.0,0.6,0.6,20,1.0,1.0,3,0.0349925422522,0.9906536665594052,0.9047130083705331,1.0,1.0,0.9104477611940298,0.3032462391132224,0.1923990498812351,1263,0.6458333333333334,0.2924281984334204,1.0,0.0,0.0,1.0,1263,0,0,0,383,419,195,218,48,0,0.3032462391132224,0.8076009501187649,0.1923990498812351,0.0443388756927949,0.060965954077593,0,0,0.9090909090909092,0.9090909090909092,99,0.96,0.96,25,12.5,13.791666666666666,-6.0,2.0,0.8,0.8,10,15.5,16.125,1.0,2.0,0.6,0.6,20,1.0,1.0,3,0.0349925422522,0.9906536665594052,0.4833333333333333,0.4166666666666667,6.368421052631579,0.4375,0.5625,0.0,0.0,0.0,0.6,0.4,,,0,0,0,0.0,3,3,0,0,7,3,4,0,1.0,841,841,9153588,9153600,0.9999986890403776,0.0,9153588,9153588,0,1.000001310961341,1.000001310961341,400000,390720.0,0.0426848453067645,4274120,4274120,30,6411180.0,3846708.0,25.64554382292,0,0,0,0,0,0,0.0,,1263,9768.0,1.0,98.30354595184326,B1_central_keyword,0.0,108054.0,0.0,10000.0,0.0,0.0,0.0,4274120.0,,1.0,1.0,,,,,,,,,,,,,,,,,,,,,,,,,,,,,,,,,,,,,,,,,,,,,,,,,,,,,,,,,,,,,,,,,,,,,,,,,,,,,,,,,,,,,,,,,,,,,,,,,,,,,,,,,,,,,,,,,,,,,,,,,,,,,,,,,,,,,,,,,,,,,,,,,,,,,,,,,,,,,,,,,,,,,,,,,,,,,,,,,,,,,,,,,,,,,,,,,,,,,,,,,,,,,,,,,,,,,,,,,,,,,,,,,,,,,,,,,,,,,
aggregation,20260917T190142-a6ef_B2_central_rag_default_s2,20260917T190142-a6ef,ok,B2_central_rag,baseline,2,tier1,,default,1000,10000,30,10,2,1,9df3bf594d527eb0,0.0,none,0,,,,sim-3b,synthetic,,,,,,95.937,2.871,423.8,2026-09-17T19:05:08Z,,408,0,0,0,166,59,129,45,9,0,0.4068627450980392,0.6617647058823529,0.3382352941176471,0.0367647058823529,0.0661764705882353,0,0,0.24,0.24,100,0.96,0.96,25,13.0,11.291666666666666,-6.0,2.0,0.8,0.8,10,17.5,17.25,3.5,2.0,0.45,0.45,20,0.75,0.75,4,0.0206100931086756,0.9838453872263228,0.9589440959562194,1.0,1.0,0.4148148148148148,0.4068627450980392,0.3382352941176471,408,0.6714285714285714,0.3433734939759036,1.0,0.0,0.0238095238095238,1.0,408,0,0,0,166,59,129,45,9,0,0.4068627450980392,0.6617647058823529,0.3382352941176471,0.0367647058823529,0.0661764705882353,0,0,0.24,0.24,100,0.96,0.96,25,13.0,11.291666666666666,-6.0,2.0,0.8,0.8,10,17.5,17.25,3.5,2.0,0.45,0.45,20,0.75,0.75,4,0.0206100931086756,0.9838453872263228,0.47,0.4366666666666666,7.277777777777778,0.0,1.0,0.0,0.0,0.0,0.6,0.3,,,0,0,0,0.0,4,3,0,0,6,3,3,0,1.0,814,814,9005737,9005750,0.999998556477806,0.0,9005737,9005737,0,1.000001443524278,1.000001443524278,400000,2540636.0,0.2821126502512284,5620280,5620280,30,8430420.0,5058252.0,33.72249051633,0,0,0,0,0,0,0.0,,408,9763.0,,95.9358320236206,B2_central_rag,0.0,97027.0,0.0,10000.0,0.0,0.0,2150116.0,3588012000.0,,,3.0,,,,,,,,,,,,,,,,,,,,,,,,,,,,,,,,,,,,,,,,,,,,,,,,,,,,,,,,,,,,,,,,,,,,,,,,,,,,,,,,,,,,,,,,,,,,,,,,,,,,,,,,,,,,,,,,,,,,,,,,,,,,,,,,,,,,,,,,,,,,,,,,,,,,,,,,,,,,,,,,,,,,,,,,,,,,,,,,,,,,,,,,,,,,,,,,,,,,,,,,,,,,,,,,,,,,,,,,,,,,,,,,,,,,,,,,,,,,,
aggregation,20260917T190142-a6ef_B2_central_rag_default_s1,20260917T190142-a6ef,ok,B2_central_rag,baseline,1,tier1,,default,1000,10000,30,10,2,1,d4b3bd09fd427f49,0.0,none,0,,,,sim-3b,synthetic,,,,,,95.87,4.542,435.8,2026-09-17T19:05:09Z,,547,0,0,0,152,70,185,114,26,0,0.2778793418647166,0.6142595978062158,0.3857404021937843,0.0712979890310786,0.0840950639853747,0,0,0.2828282828282828,0.2828282828282828,99,0.72,0.72,25,11.5,10.666666666666666,-9.5,2.0,0.7,0.7,10,15.0,14.857142857142858,3.0,2.0,0.45,0.45,20,0.3333333333333333,0.3333333333333333,3,0.0509048492500653,0.9796068602189868,0.993938084142976,1.0,1.0,0.3955223880597014,0.2778793418647166,0.3857404021937843,547,0.71875,0.3421052631578947,1.0,0.0,0.1333333333333333,1.0,547,0,0,0,152,70,185,114,26,0,0.2778793418647166,0.6142595978062158,0.3857404021937843,0.0712979890310786,0.0840950639853747,0,0,0.2828282828282828,0.2828282828282828,99,0.72,0.72,25,11.5,10.666666666666666,-9.5,2.0,0.7,0.7,10,15.0,14.857142857142858,3.0,2.0,0.45,0.45,20,0.3333333333333333,0.3333333333333333,3,0.0509048492500653,0.9796068602189868,0.4433333333333333,0.4666666666666667,7.0,0.1319444444444444,0.8680555555555556,0.0,0.0,0.0,0.4,0.4,,,0,0,0,0.0,3,1,0,0,7,3,4,0,1.0,841,841,9153588,9153600,0.9999986890403776,0.0,9153588,9153588,0,1.000001310961341,1.000001310961341,400000,2592761.0,0.2832504151372138,5715540,5715540,30,8573310.0,5143986.0,34.294063822919995,0,0,0,0,0,0,0.0,,547,9768.0,,95.86925506591795,B2_central_rag,0.0,99462.0,0.0,10000.0,0.0,0.0,2202041.0,3586896000.0,,,7.0,3.0,,,,,,,,,,,,,,,,,,,,,,,,,,,,,,,,,,,,,,,,,,,,,,,,,,,,,,,,,,,,,,,,,,,,,,,,,,,,,,,,,,,,,,,,,,,,,,,,,,,,,,,,,,,,,,,,,,,,,,,,,,,,,,,,,,,,,,,,,,,,,,,,,,,,,,,,,,,,,,,,,,,,,,,,,,,,,,,,,,,,,,,,,,,,,,,,,,,,,,,,,,,,,,,,,,,,,,,,,,,,,,,,,,,,,,,,,,,,
aggregation,20260917T190142-a6ef_B3_central_llm_summary_default_s2,20260917T190142-a6ef,ok,B3_central_llm_summary,baseline,2,tier1,,default,1000,10000,30,10,2,1,9df3bf594d527eb0,0.0,none,0,,,,sim-3b,synthetic,,,,,,8.222,2.871,434.8,2026-09-17T19:05:17Z,,132,0,0,0,71,20,25,13,3,0,0.5378787878787878,0.7878787878787878,0.2121212121212121,0.0303030303030303,0.0303030303030303,0,0,0.28,0.28,100,0.92,0.92,25,13.0,14.565217391304348,-3.0,2.0,1.0,1.0,10,12.0,14.2,-1.0,2.0,0.35,0.35,20,0.5,0.5,4,0.0214912248735309,0.9911881945705008,1.0,1.0,1.0,0.4518518518518518,0.5378787878787878,0.2121212121212121,132,0.0,0.4225352112676056,1.0,0.0,0.0,1.0,132,0,0,0,71,20,25,13,3,0,0.5378787878787878,0.7878787878787878,0.2121212121212121,0.0303030303030303,0.0303030303030303,0,0,0.28,0.28,100,0.92,0.92,25,13.0,14.565217391304348,-3.0,2.0,1.0,1.0,10,12.0,14.2,-1.0,2.0,0.35,0.35,20,0.5,0.5,4,0.0214912248735309,0.9911881945705008,0.5933333333333334,0.3133333333333333,5.6,0.3517241379310344,0.6482758620689655,0.0,0.0,0.0,0.5,0.3,,,0,0,0,0.0,4,2,0,0,6,3,3,0,1.0,814,814,9005737,9005750,0.999998556477806,0.0,9005737,9005737,0,1.000001443524278,1.000001443524278,400000,2540636.0,0.2821126502512284,5795779,5795779,90,8693668.5,5216201.100000001,34.77548451633,0,0,0,0,0,0,0.0,,132,9763.0,,8.220773458480835,B3_central_llm_summary,0.0,0.0,60.0,10000.0,0.0,0.0,2150116.0,5795779.0,,,,2.0,,,,,,,,,,,,,,,,,,,,,,,,,,,,,,,,,,,,,,,,,,,,,,,,,,,,,,,,,,,,,,,,,,,,,,,,,,,,,,,,,,,,,,,,,,,,,,,,,,,,,,,,,,,,,,,,,,,,,,,,,,,,,,,,,,,,,,,,,,,,,,,,,,,,,,,,,,,,,,,,,,,,,,,,,,,,,,,,,,,,,,,,,,,,,,,,,,,,,,,,,,,,,,,,,,,,,,,,,,,,,,,,,,,,,,,,,,,,
aggregation,20260917T190142-a6ef_B3_central_llm_summary_default_s1,20260917T190142-a6ef,ok,B3_central_llm_summary,baseline,1,tier1,,default,1000,10000,30,10,2,1,d4b3bd09fd427f49,0.0,none,0,,,,sim-3b,synthetic,,,,,,7.724,4.542,375.6,2026-09-17T19:05:17Z,,254,0,0,0,78,56,47,61,12,0,0.3070866141732283,0.7677165354330708,0.2322834645669291,0.0511811023622047,0.0787401574803149,0,0,0.4141414141414141,0.4141414141414141,99,0.84,0.84,25,14.0,14.80952380952381,-4.0,2.0,0.6,0.6,10,10.5,12.166666666666666,-5.0,2.0,0.3,0.3,20,0.6666666666666666,0.6666666666666666,3,0.0417003641902494,0.9905192618280448,1.0,1.0,1.0,0.5074626865671642,0.3070866141732283,0.2322834645669291,254,0.0,0.4230769230769231,1.0,0.0,0.0,1.0,254,0,0,0,78,56,47,61,12,0,0.3070866141732283,0.7677165354330708,0.2322834645669291,0.0511811023622047,0.0787401574803149,0,0,0.4141414141414141,0.4141414141414141,99,0.84,0.84,25,14.0,14.80952380952381,-4.0,2.0,0.6,0.6,10,10.5,12.166666666666666,-5.0,2.0,0.3,0.3,20,0.6666666666666666,0.6666666666666666,3,0.0417003641902494,0.9905192618280448,0.5433333333333333,0.33,5.235294117647059,0.3125,0.6875,0.0,0.0,0.0,0.5,0.4,,,0,0,0,0.0,3,2,0,0,7,3,4,0,1.0,841,841,9153588,9153600,0.9999986890403776,0.0,9153588,9153588,0,1.000001310961341,1.000001310961341,400000,2592761.0,0.2832504151372138,5755778,5755778,90,8633667.0,5180200.2,34.53549182292,0,0,0,0,0,0,0.0,,254,9768.0,1.0,7.722966194152832,B3_central_llm_summary,0.0,0.0,60.0,10000.0,0.0,0.0,2202041.0,5755778.0,,1.0,,4.0,2.0,,,,,,,,,,,,,,,,,,,,,,,,,,,,,,,,,,,,,,,,,,,,,,,,,,,,,,,,,,,,,,,,,,,,,,,,,,,,,,,,,,,,,,,,,,,,,,,,,,,,,,,,,,,,,,,,,,,,,,,,,,,,,,,,,,,,,,,,,,,,,,,,,,,,,,,,,,,,,,,,,,,,,,,,,,,,,,,,,,,,,,,,,,,,,,,,,,,,,,,,,,,,,,,,,,,,,,,,,,,,,,,,,,,,,,,,,,,
aggregation,20260917T190142-a6ef_B3_central_llm_summary_scoped_default_s1,20260917T190142-a6ef,ok,B3_central_llm_summary_scoped,baseline,1,tier1,,default,1000,10000,30,10,2,1,d4b3bd09fd427f49,0.0,none,0,,,,sim-3b,synthetic,,,,,,65.304,4.542,416.6,2026-09-17T19:06:22Z,,1118,0,0,0,370,372,140,192,44,0,0.330948121645796,0.8354203935599285,0.1645796064400715,0.0438282647584973,0.0679785330948121,0,0,0.8282828282828283,0.8282828282828283,99,0.96,0.96,25,13.0,12.875,-6.5,2.0,0.6,0.6,10,10.5,12.0,-5.0,2.0,0.5,0.5,20,1.0,1.0,3,0.0342413566478482,0.9904130918893508,0.9260357657766451,1.0,1.0,0.835820895522388,0.330948121645796,0.1645796064400715,1118,0.6992481203007519,0.2837837837837837,1.0,0.0,0.0,1.0,1118,0,0,0,370,372,140,192,44,0,0.330948121645796,0.8354203935599285,0.1645796064400715,0.0438282647584973,0.0679785330948121,0,0,0.8282828282828283,0.8282828282828283,99,0.96,0.96,25,13.0,12.875,-6.5,2.0,0.6,0.6,10,10.5,12.0,-5.0,2.0,0.5,0.5,20,1.0,1.0,3,0.0342413566478482,0.9904130918893508,0.4833333333333333,0.39,6.166666666666667,0.4444444444444444,0.5555555555555556,0.0,0.0,0.0,0.6,0.4,,,0,0,0,0.0,3,3,0,0,7,3,4,0,1.0,841,841,9153588,9153600,0.9999986890403776,0.0,9153588,9153588,0,1.000001310961341,1.000001310961341,400000,2592761.0,0.2832504151372138,26342354,26342354,90,39513531.0,23708118.6,158.05494782292,0,0,0,0,0,0,0.0,,1118,9768.0,1.0,65.30287480354309,B3_central_llm_summary_scoped,0.0,0.0,60.0,10000.0,0.0,0.0,2202041.0,26342354.0,,2.0,,,2.0,,,,,,,,,,,,,,,,,,,,,,,,,,,,,,,,,,,,,,,,,,,,,,,,,,,,,,,,,,,,,,,,,,,,,,,,,,,,,,,,,,,,,,,,,,,,,,,,,,,,,,,,,,,,,,,,,,,,,,,,,,,,,,,,,,,,,,,,,,,,,,,,,,,,,,,,,,,,,,,,,,,,,,,,,,,,,,,,,,,,,,,,,,,,,,,,,,,,,,,,,,,,,,,,,,,,,,,,,,,,,,,,,,,,,,,,,,,
aggregation,20260917T190142-a6ef_B3_central_llm_summary_scoped_default_s2,20260917T190142-a6ef,ok,B3_central_llm_summary_scoped,baseline,2,tier1,,default,1000,10000,30,10,2,1,9df3bf594d527eb0,0.0,none,0,,,,sim-3b,synthetic,,,,,,66.401,2.871,422.1,2026-09-17T19:06:23Z,,745,0,0,0,359,239,70,46,31,0,0.4818791946308725,0.8644295302013423,0.1355704697986577,0.0442953020134228,0.0442953020134228,0,0,0.84,0.84,100,1.0,1.0,25,13.0,13.68,-4.0,2.0,1.0,1.0,10,12.0,14.2,-1.0,2.0,0.65,0.65,20,1.0,1.0,4,0.0359336676556499,0.9916383656422272,0.912755444759038,1.0,1.0,0.8814814814814815,0.4818791946308725,0.1355704697986577,745,0.6458333333333334,0.2924791086350975,1.0,0.0,0.0,1.0,745,0,0,0,359,239,70,46,31,0,0.4818791946308725,0.8644295302013423,0.1355704697986577,0.0442953020134228,0.0442953020134228,0,0,0.84,0.84,100,1.0,1.0,25,13.0,13.68,-4.0,2.0,1.0,1.0,10,12.0,14.2,-1.0,2.0,0.65,0.65,20,1.0,1.0,4,0.0359336676556499,0.9916383656422272,0.47,0.44,6.578947368421052,0.4275862068965517,0.5724137931034483,0.0,0.0,0.0,0.5,0.5,,,0,0,0,0.0,4,4,0,0,6,1,5,0,1.0,814,814,9005737,9005750,0.999998556477806,0.0,9005737,9005737,0,1.000001443524278,1.000001443524278,400000,2540636.0,0.2821126502512284,26907645,26907645,90,40361467.5,24216880.5,161.44668051633002,0,0,0,0,0,0,0.0,,745,9763.0,,66.40030264854431,B3_central_llm_summary_scoped,0.0,0.0,60.0,10000.0,0.0,0.0,2150116.0,26907645.0,,,,,,,,,,,,,,,,,,,,,,,,,,,,,,,,,,,,,,,,,,,,,,,,,,,,,,,,,,,,,,,,,,,,,,,,,,,,,,,,,,,,,,,,,,,,,,,,,,,,,,,,,,,,,,,,,,,,,,,,,,,,,,,,,,,,,,,,,,,,,,,,,,,,,,,,,,,,,,,,,,,,,,,,,,,,,,,,,,,,,,,,,,,,,,,,,,,,,,,,,,,,,,,,,,,,,,,,,,,,,,,,,,,,,,,,,,,,,,,,
aggregation,20260917T190142-a6ef_B4_majority_vote_default_s2,20260917T190142-a6ef,ok,B4_majority_vote,baseline,2,tier1,,default,1000,10000,30,10,2,1,9df3bf594d527eb0,0.0,none,0,,,,sim-3b,synthetic,,,,,,95.191,2.871,447.8,2026-09-17T19:07:58Z,,1058,0,0,0,232,116,506,123,81,0,0.219281663516068,0.4451795841209829,0.554820415879017,0.275992438563327,0.3364839319470699,0,0,0.81,0.81,100,0.52,0.52,25,25.0,23.53846153846154,9.0,2.0,0.2,0.2,10,18.5,18.5,7.5,2.0,0.6,0.6,20,0.25,0.25,4,0.1577665418820791,0.6434014805736586,0.93664836556845,1.0,1.0,0.7111111111111111,0.219281663516068,0.554820415879017,1058,0.4684684684684684,0.3275862068965517,1.0,0.0,0.1666666666666666,1.0,1058,0,0,0,232,116,506,123,81,0,0.219281663516068,0.4451795841209829,0.554820415879017,0.275992438563327,0.3364839319470699,0,0,0.81,0.81,100,0.52,0.52,25,25.0,23.53846153846154,9.0,2.0,0.2,0.2,10,18.5,18.5,7.5,2.0,0.6,0.6,20,0.25,0.25,4,0.1577665418820791,0.6434014805736586,0.38,0.3,7.625,0.0,1.0,0.0,0.0,0.0,0.6,0.1,,,0,0,0,0.0,4,1,0,0,6,5,1,0,1.0,814,814,9005737,9005750,0.999998556477806,0.0,9005737,9005737,0,1.000001443524278,1.000001443524278,400000,390520.0,0.0433634067123782,3999960,3999960,30,5999940.0,3599964.0,24.00057051633,0,0,0,0,0,0,0.0,,1058,9763.0,,95.19009375572205,B4_majority_vote,0.0,101011.0,0.0,10000.0,0.0,0.0,0.0,3999960.0,,,,,,20.0,,,,,,,,,,,,,,,,,,,,,,,,,,,,,,,,,,,,,,,,,,,,,,,,,,,,,,,,,,,,,,,,,,,,,,,,,,,,,,,,,,,,,,,,,,,,,,,,,,,,,,,,,,,,,,,,,,,,,,,,,,,,,,,,,,,,,,,,,,,,,,,,,,,,,,,,,,,,,,,,,,,,,,,,,,,,,,,,,,,,,,,,,,,,,,,,,,,,,,,,,,,,,,,,,,,,,,,,,,,,,,,,,,,,,,,,,,
aggregation,20260917T190142-a6ef_B4_majority_vote_default_s1,20260917T190142-a6ef,ok,B4_majority_vote,baseline,1,tier1,,default,1000,10000,30,10,2,1,d4b3bd09fd427f49,0.0,none,0,,,,sim-3b,synthetic,,,,,,99.671,4.542,458.9,2026-09-17T19:08:02Z,,1667,0,0,0,239,147,772,277,232,0,0.143371325734853,0.3977204559088182,0.6022795440911818,0.3611277744451109,0.4277144571085783,0,0,0.8787878787878788,0.8787878787878788,99,0.44,0.44,25,16.0,17.181818181818183,-3.0,2.0,0.3,0.3,10,24.0,25.666666666666668,7.0,2.0,0.75,0.75,20,0.6666666666666666,0.6666666666666666,3,0.1398697756814702,0.6500371414782966,0.8839926570791744,1.0,1.0,0.753731343283582,0.143371325734853,0.6022795440911818,1667,0.4166666666666667,0.1882845188284518,1.0,0.0,0.2211538461538461,1.0,1667,0,0,0,239,147,772,277,232,0,0.143371325734853,0.3977204559088182,0.6022795440911818,0.3611277744451109,0.4277144571085783,0,0,0.8787878787878788,0.8787878787878788,99,0.44,0.44,25,16.0,17.181818181818183,-3.0,2.0,0.3,0.3,10,24.0,25.666666666666668,7.0,2.0,0.75,0.75,20,0.6666666666666666,0.6666666666666666,3,0.1398697756814702,0.6500371414782966,0.3233333333333333,0.39,6.933333333333334,0.2644628099173554,0.7355371900826446,0.0,0.0,0.0,0.5,0.4,,,0,0,0,0.0,3,2,0,0,7,3,4,0,1.0,841,841,9153588,9153600,0.9999986890403776,0.0,9153588,9153588,0,1.000001310961341,1.000001310961341,400000,390720.0,0.0426848453067645,4308760,4308760,30,6463140.0,3877884.0,25.85338382292,0,0,0,0,0,0,0.0,,1667,9768.0,,99.66990065574646,B4_majority_vote,0.0,109336.0,0.0,10000.0,0.0,0.0,0.0,4308760.0,,,3.0,3.0,,15.0,,,,,,,,,,,,,,,,,,,,,,,,,,,,,,,,,,,,,,,,,,,,,,,,,,,,,,,,,,,,,,,,,,,,,,,,,,,,,,,,,,,,,,,,,,,,,,,,,,,,,,,,,,,,,,,,,,,,,,,,,,,,,,,,,,,,,,,,,,,,,,,,,,,,,,,,,,,,,,,,,,,,,,,,,,,,,,,,,,,,,,,,,,,,,,,,,,,,,,,,,,,,,,,,,,,,,,,,,,,,,,,,,,,,,,,,,,
aggregation,20260917T190142-a6ef_B5_flat_agents_default_s2,20260917T190142-a6ef,ok,B5_flat_agents,hierarchy,2,tier1,,default,1000,10000,30,10,2,1,9df3bf594d527eb0,0.0,none,1,order_capped,3.0,1.0,sim-3b,synthetic,none,3.0,none,,,16.692,2.871,351.4,2026-09-17T19:08:15Z,,85,0,0,0,47,19,10,7,2,0,0.5529411764705883,0.8588235294117647,0.1411764705882353,0.0352941176470588,0.0352941176470588,0,0,0.13,0.13,100,0.72,0.72,25,17.5,17.61111111111111,0.5,2.0,0.6,0.6,10,21.0,21.166666666666668,6.5,2.0,0.35,0.35,20,0.5,0.5,4,0.0208181977924325,0.9855240801453736,0.349871891989538,0.6690381205673759,63.91489361702128,0.2740740740740741,0.5529411764705883,0.1411764705882353,85,0.0,0.3404255319148936,1.0,0.0,0.0,1.0,85,0,0,0,47,19,10,7,2,0,0.5529411764705883,0.8588235294117647,0.1411764705882353,0.0352941176470588,0.0352941176470588,0,0,0.13,0.13,100,0.72,0.72,25,17.5,17.61111111111111,0.5,2.0,0.6,0.6,10,21.0,21.166666666666668,6.5,2.0,0.35,0.35,20,0.5,0.5,4,0.0208181977924325,0.9855240801453736,0.5133333333333333,0.25,5.357142857142857,0.3951612903225806,0.6048387096774194,0.0,0.0,0.0,0.8,0.0,,,0,0,0,0.0,4,2,0,0,6,6,0,0,0.0,0,814,404800,9005750,0.0449490603225716,0.0,404800,404800,0,22.24740612648221,22.24740612648221,400000,,,2793015,0,10030,6144633.0,167580.9,0.13965075,0,0,237,0,0,0,0.0,,85,,2.0,16.56906032562256,,0.0,,,,,,,,,9.0,,,,,,,0.0,0.0,0.0,0.0,0.0,237.0,0.0,404800.0,404800.0,0.0,85.0,1.0,0.0,,,,,,,,,,,,,,,,,,,,,,,,,,,,,,,,,,,,,,,,,,,,,,,,,,,,,,,,,,,,,,,,,,,,,,,,,,,,,,,,,,,,,,,,,,,,,,,,,,,,,,,,,,,,,,,,,,,,,,,,,,,,,,,,,,,,,,,,,,,,,,,,,,,,,,,,,,,,,,,,,,,,,,,,,,,,,,,,,,,,,,,,,,,,,,,,,,,,,,,,,,,,,,,,,,,,,,,,,,,
aggregation,20260917T190142-a6ef_B5_flat_agents_default_s1,20260917T190142-a6ef,ok,B5_flat_agents,hierarchy,1,tier1,,default,1000,10000,30,10,2,1,d4b3bd09fd427f49,0.0,none,1,order_capped,3.0,1.0,sim-3b,synthetic,none,3.0,none,,,16.403,4.542,346.6,2026-09-17T19:08:19Z,,165,0,0,0,50,56,20,30,9,0,0.303030303030303,0.8242424242424242,0.1757575757575757,0.0666666666666666,0.0848484848484848,0,0,0.1616161616161616,0.1616161616161616,99,0.72,0.72,25,17.5,17.61111111111111,-1.0,2.0,0.3,0.3,10,19.0,18.666666666666668,5.0,2.0,0.35,0.35,20,1.0,1.0,3,0.0531113504617778,0.9864446837951112,0.2915917972702107,0.6890625,64.0,0.2761194029850746,0.303030303030303,0.1757575757575757,165,0.0,0.26,1.0,0.0,0.0,1.0,165,0,0,0,50,56,20,30,9,0,0.303030303030303,0.8242424242424242,0.1757575757575757,0.0666666666666666,0.0848484848484848,0,0,0.1616161616161616,0.1616161616161616,99,0.72,0.72,25,17.5,17.61111111111111,-1.0,2.0,0.3,0.3,10,19.0,18.666666666666668,5.0,2.0,0.35,0.35,20,1.0,1.0,3,0.0531113504617778,0.9864446837951112,0.4366666666666666,0.27,5.4,0.3769230769230769,0.6230769230769231,0.0,0.0,0.0,0.7,0.3,,,0,0,0,0.0,3,3,0,0,7,4,3,0,0.0,0,841,404800,9153600,0.0442230379304317,0.0,404800,404800,0,22.612648221343875,22.612648221343875,400000,,,2783152,0,10030,6122934.4,166989.12,0.1391576,0,0,232,0,0,0,0.0,,165,,3.0,16.23507261276245,,0.0,,,,,,,,,9.0,,,2.0,,,,0.0,0.0,0.0,0.0,0.0,232.0,0.0,404800.0,404800.0,0.0,165.0,1.0,0.0,,,,,,,,,,,,,,,,,,,,,,,,,,,,,,,,,,,,,,,,,,,,,,,,,,,,,,,,,,,,,,,,,,,,,,,,,,,,,,,,,,,,,,,,,,,,,,,,,,,,,,,,,,,,,,,,,,,,,,,,,,,,,,,,,,,,,,,,,,,,,,,,,,,,,,,,,,,,,,,,,,,,,,,,,,,,,,,,,,,,,,,,,,,,,,,,,,,,,,,,,,,,,,,,,,,,,,,,,,,
aggregation,20260917T190142-a6ef_B5_flat_agents_lineage_default_s2,20260917T190142-a6ef,ok,B5_flat_agents_lineage,hierarchy,2,tier1,,default,1000,10000,30,10,2,1,9df3bf594d527eb0,0.0,none,1,order_capped,3.0,1.0,sim-3b,synthetic,none,3.0,none,,,16.517,2.871,351.4,2026-09-17T19:08:32Z,,85,0,0,0,47,19,10,7,2,0,0.5529411764705883,0.8588235294117647,0.1411764705882353,0.0352941176470588,0.0352941176470588,0,0,0.13,0.13,100,0.72,0.72,25,17.5,17.61111111111111,0.5,2.0,0.6,0.6,10,21.0,21.166666666666668,6.5,2.0,0.35,0.35,20,0.5,0.5,4,0.0206948128287279,0.9854006951816692,0.349871891989538,0.6690381205673759,63.91489361702128,0.2740740740740741,0.5529411764705883,0.1411764705882353,85,0.0,0.3404255319148936,1.0,0.0,1.0,1.0,85,0,0,0,47,19,10,7,2,0,0.5529411764705883,0.8588235294117647,0.1411764705882353,0.0352941176470588,0.0352941176470588,0,0,0.13,0.13,100,0.72,0.72,25,17.5,17.61111111111111,0.5,2.0,0.6,0.6,10,21.0,21.166666666666668,6.5,2.0,0.35,0.35,20,0.5,0.5,4,0.0206948128287279,0.9854006951816692,0.5133333333333333,0.25,5.357142857142857,0.3951612903225806,0.6048387096774194,0.0,0.0,0.0,0.8,0.0,,,0,0,0,0.0,4,2,0,0,6,6,0,0,0.0,0,814,404800,9005750,0.0449490603225716,0.0,404800,404800,0,22.24740612648221,22.24740612648221,400000,,,2793015,0,10030,6144633.0,167580.9,0.13965075,0,0,237,0,0,0,0.0,,85,,2.0,16.38620662689209,,0.0,,,,,,,,,9.0,,,,,,,0.0,0.0,0.0,0.0,0.0,237.0,0.0,404800.0,404800.0,0.0,85.0,1.0,0.0,,,,,,,,,,,,,,,,,,,,,,,,,,,,,,,,,,,,,,,,,,,,,,,,,,,,,,,,,,,,,,,,,,,,,,,,,,,,,,,,,,,,,,,,,,,,,,,,,,,,,,,,,,,,,,,,,,,,,,,,,,,,,,,,,,,,,,,,,,,,,,,,,,,,,,,,,,,,,,,,,,,,,,,,,,,,,,,,,,,,,,,,,,,,,,,,,,,,,,,,,,,,,,,,,,,,,,,,,,,
aggregation,20260917T190142-a6ef_B5_flat_agents_lineage_default_s1,20260917T190142-a6ef,ok,B5_flat_agents_lineage,hierarchy,1,tier1,,default,1000,10000,30,10,2,1,d4b3bd09fd427f49,0.0,none,1,order_capped,3.0,1.0,sim-3b,synthetic,none,3.0,none,,,16.572,4.542,346.6,2026-09-17T19:08:35Z,,165,0,0,0,50,56,20,30,9,0,0.303030303030303,0.8242424242424242,0.1757575757575757,0.0666666666666666,0.0848484848484848,0,0,0.1616161616161616,0.1616161616161616,99,0.72,0.72,25,17.5,17.61111111111111,-1.0,2.0,0.3,0.3,10,19.0,18.666666666666668,5.0,2.0,0.35,0.35,20,1.0,1.0,3,0.0534883185749391,0.9852995823989618,0.2915917972702107,0.6890625,64.0,0.2761194029850746,0.303030303030303,0.1757575757575757,165,0.0,0.26,1.0,0.0,0.8461538461538461,1.0,165,0,0,0,50,56,20,30,9,0,0.303030303030303,0.8242424242424242,0.1757575757575757,0.0666666666666666,0.0848484848484848,0,0,0.1616161616161616,0.1616161616161616,99,0.72,0.72,25,17.5,17.61111111111111,-1.0,2.0,0.3,0.3,10,19.0,18.666666666666668,5.0,2.0,0.35,0.35,20,1.0,1.0,3,0.0534883185749391,0.9852995823989618,0.4366666666666666,0.27,5.4,0.3769230769230769,0.6230769230769231,0.0,0.0,0.0,0.7,0.3,,,0,0,0,0.0,3,3,0,0,7,4,3,0,0.0,0,841,404800,9153600,0.0442230379304317,0.0,404800,404800,0,22.612648221343875,22.612648221343875,400000,,,2783152,0,10030,6122934.4,166989.12,0.1391576,0,0,232,0,0,0,0.0,,165,,3.0,16.394975662231445,,0.0,,,,,,,,,9.0,,,2.0,,,,0.0,0.0,0.0,0.0,0.0,232.0,0.0,404800.0,404800.0,0.0,165.0,1.0,0.0,,,,,,,,,,,,,,,,,,,,,,,,,,,,,,,,,,,,,,,,,,,,,,,,,,,,,,,,,,,,,,,,,,,,,,,,,,,,,,,,,,,,,,,,,,,,,,,,,,,,,,,,,,,,,,,,,,,,,,,,,,,,,,,,,,,,,,,,,,,,,,,,,,,,,,,,,,,,,,,,,,,,,,,,,,,,,,,,,,,,,,,,,,,,,,,,,,,,,,,,,,,,,,,,,,,,,,,,,,,
aggregation,20260917T190142-a6ef_B6_hier_no_lineage_default_s2,20260917T190142-a6ef,ok,B6_hier_no_lineage,hierarchy,2,tier1,,default,1000,10000,30,10,2,1,9df3bf594d527eb0,0.0,none,5,order_capped,3.0,1.0,sim-3b,synthetic,none,3.0,none,,,23.697,2.871,397.8,2026-09-17T19:08:55Z,,519,0,0,0,232,199,36,32,20,0,0.4470134874759152,0.8921001926782274,0.1078998073217726,0.0462427745664739,0.0500963391136801,0,0,0.58,0.58,100,0.88,0.88,25,15.5,15.454545454545457,-1.0,2.0,0.6,0.6,10,22.5,21.666666666666668,6.5,2.0,0.5,0.5,20,0.75,0.75,4,0.0210372577569943,0.9747944831905204,0.8355029266303229,0.9130746204754926,25.384615384615383,0.6370370370370371,0.4470134874759152,0.1078998073217726,519,0.5384615384615384,0.2543103448275862,1.0,0.0,0.0227272727272727,1.0,519,0,0,0,232,199,36,32,20,0,0.4470134874759152,0.8921001926782274,0.1078998073217726,0.0462427745664739,0.0500963391136801,0,0,0.58,0.58,100,0.88,0.88,25,15.5,15.454545454545457,-1.0,2.0,0.6,0.6,10,22.5,21.666666666666668,6.5,2.0,0.5,0.5,20,0.75,0.75,4,0.0210372577569943,0.9747944831905204,0.4533333333333333,0.3366666666666666,6.25,0.4193548387096774,0.5806451612903225,0.0,0.0,0.0,0.6,0.3,,,0,0,0,0.0,4,3,0,0,6,3,3,0,0.0,0,814,404800,9005750,0.0449490603225716,0.0,15630024,404800,15225224,0.5915019706770817,0.5761827365076343,400000,,,10821960,0,10810,1700593.714285714,649317.6,0.541098,0,0,237,0,0,0,0.0,,519,,3.0,23.04393982887268,,0.0,,,,,,,,,4.0,,,,,1.3723290194539055,0.0262721914633242,0.0,0.0,0.0,0.0,0.0,237.0,0.0,404800.0,4061552.0,0.0,519.0,1.0,0.0,0.4592592592592592,0.3554502369668246,0.0663507109004739,211.0,0.0273972602739726,0.0666666666666666,1.0,0.0,0.0188679245283018,1.0,0.6,0.4035608308605341,0.0830860534124629,337.0,0.3434343434343434,0.1985294117647058,1.0,0.0,0.0273972602739726,1.0,0.6370370370370371,0.4299065420560747,0.0981308411214953,428.0,0.4903846153846153,0.233695652173913,1.0,0.0,0.0227272727272727,1.0,211.0,0.0,0.0,0.0,75.0,115.0,2.0,7.0,12.0,0.0,0.3554502369668246,0.933649289099526,0.0663507109004739,0.0616113744075829,0.0710900473933649,0.0,0.0,0.53,0.53,100.0,0.32,0.32,25.0,23.0,20.5,5.0,-1.0,0.1,0.1,10.0,24.0,24.0,8.0,-1.0,0.3,0.3,20.0,0.5,0.5,4.0,0.0481358383154113,0.9865244639078284,337.0,0.0,0.0,0.0,136.0,161.0,10.0,12.0,18.0,0.0,0.4035608308605341,0.9169139465875372,0.0830860534124629,0.059347181008902,0.0652818991097922,0.0,0.0,0.57,0.57,100.0,0.8,0.8,25.0,15.5,16.45,0.0,0.0,0.4,0.4,10.0,26.0,25.75,12.0,0.0,0.5,0.5,20.0,0.75,0.75,4.0,0.0357890963181296,0.9764419153092276,428.0,0.0,0.0,0.0,184.0,180.0,23.0,22.0,19.0,0.0,0.4299065420560747,0.9018691588785048,0.0981308411214953,0.0514018691588785,0.0560747663551401,0.0,0.0,0.58,0.58,100.0,0.88,0.88,25.0,15.5,15.454545454545457,-1.0,1.0,0.6,0.6,10.0,22.5,21.666666666666668,6.5,1.0,0.5,0.5,20.0,0.75,0.75,4.0,0.0265461612876227,0.9751442921287444,404800.0,6562384.0,211.0,10.0,6562384.0,4601288.0,337.0,2.0,4601288.0,4061552.0,428.0,1.0,0.0,0.0,0.0,,,,,,,,,,,,,,,,,,,,,,,,,,,,,,,,,,,,,,,,,,,,,,,,
aggregation,20260917T190142-a6ef_B6_hier_no_lineage_default_s1,20260917T190142-a6ef,ok,B6_hier_no_lineage,hierarchy,1,tier1,,default,1000,10000,30,10,2,1,d4b3bd09fd427f49,0.0,none,5,order_capped,3.0,1.0,sim-3b,synthetic,none,3.0,none,,,23.15,4.542,380.3,2026-09-17T19:08:58Z,,741,0,0,0,227,310,54,109,41,0,0.3063427800269905,0.8717948717948718,0.1282051282051282,0.0607287449392712,0.0823211875843454,0,0,0.6060606060606061,0.6060606060606061,99,0.88,0.88,25,17.0,16.40909090909091,-2.0,2.0,0.4,0.4,10,18.0,18.0,3.0,2.0,0.55,0.55,20,1.0,1.0,3,0.0381147328204533,0.977385987881182,0.8446183506759029,0.9262799098656762,26.757009345794398,0.6417910447761194,0.3063427800269905,0.1282051282051282,741,0.5607476635514018,0.1894273127753304,1.0,0.0,0.0114942528735632,1.0,741,0,0,0,227,310,54,109,41,0,0.3063427800269905,0.8717948717948718,0.1282051282051282,0.0607287449392712,0.0823211875843454,0,0,0.6060606060606061,0.6060606060606061,99,0.88,0.88,25,17.0,16.40909090909091,-2.0,2.0,0.4,0.4,10,18.0,18.0,3.0,2.0,0.55,0.55,20,1.0,1.0,3,0.0381147328204533,0.977385987881182,0.3966666666666666,0.3533333333333333,6.235294117647059,0.4513888888888889,0.5486111111111112,0.0,0.0,0.0,0.6,0.4,,,0,0,0,0.0,3,3,0,0,7,3,4,0,0.0,0,841,404800,9153600,0.0442230379304317,1.0158884960786704e-05,16015644,404800,15610844,0.5863616342588523,0.5715411756155419,400000,,,10772036,0,10810,1692748.514285714,646322.16,0.5386018,0,0,232,0,0,0,0.0,,741,,2.0,22.26231336593628,,0.0,,,,,,,,,5.0,,,2.0,,1.3509624367621886,0.0256232142221138,0.0,0.0,0.0,0.0,0.0,232.0,0.0,404800.0,4181268.0,0.0,741.0,1.0,0.0,0.4402985074626865,0.3116279069767442,0.0744186046511627,215.0,0.0,0.0,1.0,0.0,0.0181818181818181,1.0,0.5970149253731343,0.3229974160206718,0.0904392764857881,387.0,0.3020833333333333,0.12,1.0,0.0,0.0136986301369863,1.0,0.6417910447761194,0.3120567375886525,0.1152482269503546,564.0,0.4579439252336448,0.1647727272727272,1.0,0.0,0.0114942528735632,1.0,215.0,0.0,0.0,0.0,67.0,124.0,1.0,8.0,15.0,0.0,0.3116279069767442,0.9255813953488372,0.0744186046511627,0.0697674418604651,0.0790697674418604,0.0,0.0,0.5555555555555556,0.5555555555555556,99.0,0.12,0.12,25.0,26.0,25.666666666666668,4.0,-1.0,0.1,0.1,10.0,19.0,19.0,2.0,-1.0,0.2,0.2,20.0,0.0,0.0,3.0,0.060123592392436,0.9903561505319708,387.0,0.0,0.0,0.0,125.0,194.0,14.0,33.0,21.0,0.0,0.3229974160206718,0.909560723514212,0.0904392764857881,0.0542635658914728,0.0749354005167958,0.0,0.0,0.5959595959595959,0.5959595959595959,99.0,0.72,0.72,25.0,18.0,17.333333333333332,1.5,0.0,0.3,0.3,10.0,19.0,18.33333333333333,5.0,0.0,0.35,0.35,20.0,0.6666666666666666,0.6666666666666666,3.0,0.0334634933307202,0.9791999274392474,564.0,0.0,0.0,0.0,176.0,252.0,34.0,71.0,31.0,0.0,0.3120567375886525,0.8847517730496454,0.1152482269503546,0.0585106382978723,0.0797872340425532,0.0,0.0,0.6060606060606061,0.6060606060606061,99.0,0.88,0.88,25.0,17.0,16.40909090909091,-2.0,1.0,0.4,0.4,10.0,18.0,18.0,3.0,1.0,0.55,0.55,20.0,1.0,1.0,3.0,0.0365693468502195,0.9780587085523472,404800.0,6775614.0,215.0,10.0,6775614.0,4653962.0,387.0,2.0,4653962.0,4181268.0,564.0,1.0,0.0,0.0,0.0,,,,,,,,,,,,,,,,,,,,,,,,,,,,,,,,,,,,,,,,,,,,,,,,
aggregation,20260917T190142-a6ef_B7_mycelic_default_s2,20260917T190142-a6ef,ok,B7_mycelic,hierarchy,2,tier1,,default,1000,10000,30,10,2,1,9df3bf594d527eb0,0.0,none,5,order_capped,3.0,1.0,sim-3b,synthetic,none,3.0,none,,,26.715,2.871,401.8,2026-09-17T19:09:22Z,,447,60,3,57,196,183,23,27,18,0,0.4384787472035794,0.9082774049217002,0.0917225950782997,0.046979865771812,0.0514541387024608,15,182,0.56,0.58,100,0.88,0.88,25,15.5,15.681818181818182,-1.0,2.0,0.6,0.6,10,22.5,21.666666666666668,6.5,2.0,0.5,0.5,20,0.75,0.75,4,0.0171003089821754,0.9701204432103632,0.822430650701429,0.906712087481526,26.923076923076923,0.6370370370370371,0.4384787472035794,0.0917225950782997,447,0.4803921568627451,0.1785714285714285,1.0,0.0,0.4886363636363636,1.0,447,60,3,57,196,183,23,27,18,0,0.4384787472035794,0.9082774049217002,0.0917225950782997,0.046979865771812,0.0514541387024608,15,182,0.56,0.58,100,0.88,0.88,25,15.5,15.681818181818182,-1.0,2.0,0.6,0.6,10,22.5,21.666666666666668,6.5,2.0,0.5,0.5,20,0.75,0.75,4,0.0171003089821754,0.9701204432103632,0.4533333333333333,0.3366666666666666,6.25,0.4193548387096774,0.5806451612903225,0.0340136054421768,0.5,0.0636942675159235,0.7,0.2,,15.8,212,65,142,0.6698113207547169,4,3,0,2,6,4,2,3,0.0,0,814,404800,9005750,0.0449490603225716,0.0,15713790,404800,15308990,0.5882654570941649,0.5731112608734112,400000,,,10842905,0,10810,1703885.0714285714,650574.3,0.54214525,0,0,237,0,0,0,0.0,,447,,2.0,26.089062690734863,,0.0,,,,,,,,,4.0,,,,1.0,1.3723290194539055,0.0261284382575205,379.0,0.0,0.0,0.0,0.0,237.0,0.0,404800.0,4112162.0,0.0,447.0,1.0,0.0,0.4592592592592592,0.3554502369668246,0.0663507109004739,211.0,0.0273972602739726,0.0666666666666666,1.0,0.0,0.8867924528301887,1.0,0.6,0.4046052631578947,0.0789473684210526,304.0,0.2371134020618556,0.1219512195121951,1.0,0.0,0.6164383561643836,1.0,0.6370370370370371,0.420911528150134,0.0831099195710455,373.0,0.3627450980392157,0.1592356687898089,1.0,0.0,0.5176470588235295,1.0,211.0,0.0,0.0,0.0,75.0,115.0,2.0,7.0,12.0,0.0,0.3554502369668246,0.933649289099526,0.0663507109004739,0.0616113744075829,0.0710900473933649,0.0,0.0,0.53,0.53,100.0,0.32,0.32,25.0,23.0,20.5,5.0,-1.0,0.1,0.1,10.0,24.0,24.0,8.0,-1.0,0.3,0.3,20.0,0.5,0.5,4.0,0.0455530943468745,0.9817340129812672,304.0,31.0,2.0,29.0,123.0,147.0,8.0,10.0,16.0,0.0,0.4046052631578947,0.9210526315789472,0.0789473684210526,0.0592105263157894,0.0657894736842105,11.0,137.0,0.55,0.57,100.0,0.8,0.8,25.0,15.5,16.45,0.0,0.0,0.4,0.4,10.0,26.0,25.75,12.0,0.0,0.5,0.5,20.0,0.75,0.75,4.0,0.0285631522680925,0.9693526259523032,373.0,43.0,3.0,40.0,157.0,167.0,14.0,18.0,17.0,0.0,0.420911528150134,0.9168900804289544,0.0831099195710455,0.0509383378016085,0.0563002680965147,15.0,180.0,0.56,0.58,100.0,0.88,0.88,25.0,15.5,15.727272727272728,-1.0,1.0,0.6,0.6,10.0,22.5,21.666666666666668,6.5,1.0,0.5,0.5,20.0,0.75,0.75,4.0,0.0204634305572581,0.9695250927556496,404800.0,6562384.0,211.0,10.0,6562384.0,4634444.0,304.0,2.0,4634444.0,4112162.0,373.0,1.0,0.0,0.0,0.0,,,,,,,,,,,,,,,,,,,,,,,,,,,,,,,,,,,,,,,,,,,,,,,,
aggregation,20260917T190142-a6ef_B7_mycelic_default_s1,20260917T190142-a6ef,ok,B7_mycelic,hierarchy,1,tier1,,default,1000,10000,30,10,2,1,d4b3bd09fd427f49,0.0,none,5,order_capped,3.0,1.0,sim-3b,synthetic,none,3.0,none,,,27.97,4.542,387.8,2026-09-17T19:09:26Z,,594,116,5,111,190,246,37,84,37,0,0.3198653198653198,0.8754208754208754,0.1245791245791245,0.0656565656565656,0.0858585858585858,13,190,0.5858585858585859,0.6060606060606061,99,0.88,0.88,25,17.0,16.5,-2.0,2.0,0.4,0.4,10,18.0,18.0,3.0,2.0,0.6,0.6,20,1.0,1.0,3,0.0404097993401745,0.9745061714697676,0.8307855327401207,0.9505736144039568,30.25,0.6417910447761194,0.3198653198653198,0.1245791245791245,594,0.4528301886792453,0.1736842105263158,1.0,0.0,0.5113636363636364,1.0,594,116,5,111,190,246,37,84,37,0,0.3198653198653198,0.8754208754208754,0.1245791245791245,0.0656565656565656,0.0858585858585858,13,190,0.5858585858585859,0.6060606060606061,99,0.88,0.88,25,17.0,16.5,-2.0,2.0,0.4,0.4,10,18.0,18.0,3.0,2.0,0.6,0.6,20,1.0,1.0,3,0.0404097993401745,0.9745061714697676,0.3966666666666666,0.3533333333333333,6.235294117647059,0.4513888888888889,0.5486111111111112,0.0334928229665071,0.7,0.0639269406392694,0.6,0.4,,11.571428571428571,273,64,202,0.73992673992674,3,3,0,1,7,3,4,6,0.0,0,841,404800,9153600,0.0442230379304317,1.0158884960786704e-05,16191188,404800,15786388,0.5798413164556705,0.5653445565575547,400000,,,10815917,0,10810,1699644.1,648955.02,0.54079585,0,0,232,0,0,0,0.0,,594,,2.0,27.12536692619324,,0.0,,,,,,,,,5.0,,,2.0,,1.3509624367621886,0.0253382851099314,508.0,0.0,0.0,0.0,0.0,232.0,0.0,404800.0,4283434.0,0.0,594.0,1.0,0.0,0.4402985074626865,0.3116279069767442,0.0744186046511627,215.0,0.0,0.0,1.0,0.0,0.9454545454545454,1.0,0.5970149253731343,0.3385579937304075,0.0909090909090909,319.0,0.1739130434782608,0.0555555555555555,1.0,0.0,0.6575342465753424,1.0,0.6268656716417911,0.3288288288288288,0.1058558558558558,444.0,0.3137254901960784,0.1438356164383561,1.0,0.0,0.5465116279069767,1.0,215.0,0.0,0.0,0.0,67.0,124.0,1.0,8.0,15.0,0.0,0.3116279069767442,0.9255813953488372,0.0744186046511627,0.0697674418604651,0.0790697674418604,0.0,0.0,0.5555555555555556,0.5555555555555556,99.0,0.12,0.12,25.0,26.0,25.666666666666668,4.0,-1.0,0.1,0.1,10.0,19.0,19.0,2.0,-1.0,0.2,0.2,20.0,0.0,0.0,3.0,0.0565706878264465,0.9868032459659816,319.0,68.0,0.0,68.0,108.0,158.0,8.0,24.0,21.0,0.0,0.3385579937304075,0.9090909090909092,0.0909090909090909,0.0658307210031347,0.0721003134796238,7.0,150.0,0.5555555555555556,0.5959595959595959,99.0,0.72,0.72,25.0,18.0,17.333333333333332,1.5,0.0,0.3,0.3,10.0,19.0,18.33333333333333,5.0,0.0,0.35,0.35,20.0,0.6666666666666666,0.6666666666666666,3.0,0.0388993464487891,0.9730686254456544,444.0,85.0,3.0,82.0,146.0,202.0,18.0,49.0,29.0,0.0,0.3288288288288288,0.8941441441441441,0.1058558558558558,0.0675675675675675,0.0855855855855855,13.0,178.0,0.5656565656565656,0.5959595959595959,99.0,0.84,0.84,25.0,17.0,17.0,-1.0,1.0,0.4,0.4,10.0,18.5,18.25,3.5,1.0,0.55,0.55,20.0,1.0,1.0,3.0,0.0408358487714641,0.9732682812038966,404800.0,6775614.0,215.0,10.0,6775614.0,4727340.0,319.0,2.0,4727340.0,4283434.0,444.0,1.0,0.0,0.0,0.0,,,,,,,,,,,,,,,,,,,,,,,,,,,,,,,,,,,,,,,,,,,,,,,,
aggregation,20260917T190142-a6ef_B8_mycelic_security_default_s2,20260917T190142-a6ef,ok,B8_mycelic_security,hierarchy,2,tier1,,default,1000,10000,30,10,2,1,9df3bf594d527eb0,0.0,lineage_aware,5,order_capped,3.0,1.0,sim-3b,synthetic,none,3.0,none,,,24.672,2.871,401.8,2026-09-17T19:09:47Z,,420,53,5,48,184,172,28,20,16,0,0.4380952380952381,0.8952380952380953,0.1047619047619047,0.0595238095238095,0.0619047619047619,12,168,0.52,0.54,100,0.8,0.8,25,14.0,16.15,0.0,2.0,0.6,0.6,10,24.5,23.166666666666668,10.0,2.0,0.55,0.55,20,0.75,0.75,4,0.0313787941904332,0.9703208350319636,0.8341277058704861,0.9466641634816084,26.595959595959595,0.5925925925925926,0.4380952380952381,0.1047619047619047,420,0.4742268041237113,0.2010869565217391,1.0,0.0,0.4415584415584415,1.0,420,53,5,48,184,172,28,20,16,0,0.4380952380952381,0.8952380952380953,0.1047619047619047,0.0595238095238095,0.0619047619047619,12,168,0.52,0.54,100,0.8,0.8,25,14.0,16.15,0.0,2.0,0.6,0.6,10,24.5,23.166666666666668,10.0,2.0,0.55,0.55,20,0.75,0.75,4,0.0313787941904332,0.9703208350319636,0.4733333333333333,0.3033333333333333,6.5,0.4435483870967742,0.5564516129032258,0.037593984962406,0.5,0.0699300699300699,0.7,0.2,,17.6,193,60,128,0.6632124352331606,4,3,0,2,6,4,2,3,0.0,0,814,404800,9005750,0.0449490603225716,0.0,14698848,404800,14294048,0.6300349628040987,0.6126840688467559,400000,,,10376337,0,10810,1630567.2428571428,622580.22,0.51881685,0,0,999,0,0,0,0.0,,420,,1.0,24.122068405151367,,0.0,,,,,,,,,8.0,,,,,1.4774772794238762,0.0279836754430935,343.0,0.0,0.0,0.0,0.0,999.0,0.0,404800.0,3861562.0,0.0,420.0,1.0,0.0,0.4148148148148148,0.3617021276595745,0.0638297872340425,188.0,0.0,0.0441176470588235,1.0,0.0,0.9166666666666666,1.0,0.5333333333333333,0.4087591240875912,0.0693430656934306,274.0,0.2444444444444444,0.125,1.0,0.0,0.5873015873015873,1.0,0.5777777777777777,0.4202898550724637,0.0898550724637681,345.0,0.3684210526315789,0.1724137931034483,1.0,0.0,0.4594594594594595,1.0,188.0,0.0,0.0,0.0,68.0,104.0,2.0,4.0,10.0,0.0,0.3617021276595745,0.9361702127659576,0.0638297872340425,0.0585106382978723,0.0585106382978723,0.0,0.0,0.48,0.48,100.0,0.28,0.28,25.0,22.0,20.142857142857142,5.0,-1.0,0.1,0.1,10.0,26.0,26.0,10.0,-1.0,0.3,0.3,20.0,0.75,0.75,4.0,0.0403386498575452,0.980178866601538,274.0,29.0,2.0,27.0,112.0,134.0,5.0,9.0,14.0,0.0,0.4087591240875912,0.9306569343065694,0.0693430656934306,0.0547445255474452,0.0583941605839416,8.0,122.0,0.51,0.52,100.0,0.64,0.64,25.0,14.0,16.25,0.5,0.0,0.4,0.4,10.0,27.0,27.0,13.5,0.0,0.55,0.55,20.0,0.75,0.75,4.0,0.02585550174323,0.9687593599674738,345.0,39.0,4.0,35.0,145.0,155.0,16.0,14.0,15.0,0.0,0.4202898550724637,0.910144927536232,0.0898550724637681,0.0579710144927536,0.0608695652173913,12.0,166.0,0.52,0.54,100.0,0.72,0.72,25.0,14.0,15.88888888888889,0.0,1.0,0.6,0.6,10.0,25.0,23.666666666666668,11.0,1.0,0.55,0.55,20.0,0.75,0.75,4.0,0.0291848417836041,0.9693461668660468,404800.0,6095356.0,188.0,10.0,6095356.0,4337130.0,274.0,2.0,4337130.0,3861562.0,345.0,1.0,0.0,0.0,0.0,lineage_aware,backing,claim_rules,classifier_local,consistency,dedup,provenance,sanity,signature,signature_ok,support,sim-3b,,,"content classifiers are profile operating points (assumption), not measured detectors",10000.0,999.0,0.0,0.0,10000.0,999.0,0.0,0.0,0.0,0.0999,1877.0,0.0,0.0,0.0,1877.0,0.0,0.0,0.0,0.0,0.0,1877.0,0.0,780.0,237.0,0.0,0.0,0.0,10000.0,1800000.0,0.0,1877.0,,
aggregation,20260917T190142-a6ef_B8_mycelic_security_default_s1,20260917T190142-a6ef,ok,B8_mycelic_security,hierarchy,1,tier1,,default,1000,10000,30,10,2,1,d4b3bd09fd427f49,0.0,lineage_aware,5,order_capped,3.0,1.0,sim-3b,synthetic,none,3.0,none,,,25.614,4.542,385.4,2026-09-17T19:09:52Z,,531,106,7,99,167,233,31,70,30,0,0.3145009416195857,0.8851224105461394,0.1148775894538606,0.0602636534839924,0.0772128060263653,11,177,0.5353535353535354,0.5656565656565656,99,0.76,0.76,25,17.0,18.0,1.0,2.0,0.4,0.4,10,19.0,20.75,5.5,2.0,0.5,0.5,20,1.0,1.0,3,0.0343718643453011,0.9720606096944844,0.8531322585307468,0.9460921567379772,29.09183673469388,0.5895522388059702,0.3145009416195857,0.1148775894538606,531,0.4736842105263157,0.1736526946107784,1.0,0.0,0.4691358024691358,1.0,531,106,7,99,167,233,31,70,30,0,0.3145009416195857,0.8851224105461394,0.1148775894538606,0.0602636534839924,0.0772128060263653,11,177,0.5353535353535354,0.5656565656565656,99,0.76,0.76,25,17.0,18.0,1.0,2.0,0.4,0.4,10,19.0,20.75,5.5,2.0,0.5,0.5,20,1.0,1.0,3,0.0343718643453011,0.9720606096944844,0.4366666666666666,0.2833333333333333,5.714285714285714,0.4846153846153846,0.5153846153846153,0.0368421052631578,0.7,0.0699999999999999,0.7,0.3,,15.142857142857142,250,60,183,0.732,3,3,0,2,7,4,3,5,0.0,0,841,404800,9153600,0.0442230379304317,1.0519118497869878e-05,15114220,404800,14709420,0.6222951006905779,0.6056283420513927,400000,,,10330222,0,10810,1623320.6,619813.32,0.5165111,0,0,1028,0,0,0,0.0,,531,,5.0,24.822994470596317,,0.0,,,,,,,,,5.0,,,2.0,,1.4577286404119656,0.0271934583416613,473.0,0.0,0.0,0.0,0.0,1028.0,0.0,404800.0,4011018.0,0.0,531.0,1.0,0.0,0.3805970149253731,0.2772277227722772,0.0792079207920792,202.0,0.0,0.0,1.0,0.0,0.9183673469387756,1.0,0.5447761194029851,0.3074324324324324,0.0743243243243243,296.0,0.1375,0.0439560439560439,1.0,0.0,0.6,1.0,0.5746268656716418,0.3159203980099502,0.0945273631840796,402.0,0.2934782608695652,0.1496062992125984,1.0,0.0,0.4936708860759494,1.0,202.0,0.0,0.0,0.0,56.0,122.0,0.0,8.0,16.0,0.0,0.2772277227722772,0.9207920792079208,0.0792079207920792,0.0792079207920792,0.094059405940594,0.0,0.0,0.494949494949495,0.494949494949495,99.0,0.08,0.08,25.0,26.0,26.0,5.0,-1.0,0.0,0.0,10.0,,,,,0.1,0.1,20.0,0.0,0.0,3.0,0.0615544822184403,0.9823465614263612,296.0,62.0,1.0,61.0,91.0,157.0,2.0,26.0,20.0,0.0,0.3074324324324324,0.9256756756756755,0.0743243243243243,0.0675675675675675,0.0777027027027027,7.0,140.0,0.5050505050505051,0.5555555555555556,99.0,0.64,0.64,25.0,19.0,18.5625,2.0,0.0,0.2,0.2,10.0,19.0,19.0,6.0,0.0,0.25,0.25,20.0,0.6666666666666666,0.6666666666666666,3.0,0.0387417717459496,0.9689348638680548,402.0,77.0,4.0,73.0,127.0,194.0,13.0,43.0,25.0,0.0,0.3159203980099502,0.9054726368159204,0.0945273631840796,0.0646766169154228,0.0796019900497512,11.0,165.0,0.5151515151515151,0.5555555555555556,99.0,0.72,0.72,25.0,17.0,18.0,0.0,1.0,0.4,0.4,10.0,19.5,21.0,6.0,1.0,0.5,0.5,20.0,1.0,1.0,3.0,0.0362193581979892,0.9698938737903854,404800.0,6279358.0,202.0,10.0,6279358.0,4419044.0,296.0,2.0,4419044.0,4011018.0,402.0,1.0,0.0,0.0,0.0,lineage_aware,backing,claim_rules,classifier_local,consistency,dedup,provenance,sanity,signature,signature_ok,support,sim-3b,,,"content classifiers are profile operating points (assumption), not measured detectors",10000.0,1028.0,0.0,0.0,10000.0,1028.0,0.0,0.0,0.0,0.1028,2649.0,0.0,0.0,0.0,2649.0,0.0,0.0,0.0,0.0,0.0,2649.0,0.0,821.0,232.0,0.0,0.0,0.0,10000.0,1800000.0,0.0,2649.0,,
aggregation,20260917T190142-a6ef_B9_mycelic_questioning_default_s2,20260917T190142-a6ef,ok,B9_mycelic_questioning,hierarchy,2,tier1,,default,1000,10000,30,10,2,1,9df3bf594d527eb0,0.0,lineage_aware,5,order_capped,3.0,1.0,sim-3b,synthetic,none,3.0,eig,,,53.154,2.871,430.6,2026-09-17T19:10:40Z,,418,55,3,52,182,172,27,20,17,0,0.4354066985645933,0.8947368421052632,0.1052631578947368,0.062200956937799,0.0645933014354067,12,168,0.52,0.54,100,0.8,0.8,25,14.0,16.15,0.0,2.0,0.6,0.6,10,24.5,23.33333333333333,10.0,2.0,0.55,0.55,20,0.75,0.75,4,0.0337237319680203,0.9699812849666872,0.834127705870486,0.9416136584311032,26.616161616161616,0.5925925925925926,0.4354066985645933,0.1052631578947368,418,0.4639175257731959,0.1923076923076923,1.0,0.0,0.4285714285714285,1.0,418,55,3,52,182,172,27,20,17,0,0.4354066985645933,0.8947368421052632,0.1052631578947368,0.062200956937799,0.0645933014354067,12,168,0.52,0.54,100,0.8,0.8,25,14.0,16.15,0.0,2.0,0.6,0.6,10,24.5,23.33333333333333,10.0,2.0,0.55,0.55,20,0.75,0.75,4,0.0337237319680203,0.9699812849666872,0.47,0.3033333333333333,6.5,0.4435483870967742,0.5564516129032258,0.037593984962406,0.5,0.0699300699300699,0.6,0.3,,17.6,193,60,128,0.6632124352331606,4,3,0,2,6,3,3,3,0.0,0,814,404800,9005750,0.0449490603225716,0.0,14740224,404800,14335424,0.6282165075828939,0.6109642567168586,400000,,,12852174,0,10929,2019627.342857143,771130.4400000001,0.6426087,0,0,999,0,0,0,0.0,,418,,1.0,52.57456731796265,,0.0,,,,,,,,,8.0,,,,,1.4774772794238762,0.0279029068132201,343.0,1124.0,548770.0,2425.0,0.0,999.0,0.0,404800.0,3887586.0,0.0,418.0,1.0,0.0,0.4148148148148148,0.3617021276595745,0.0638297872340425,188.0,0.0,0.0441176470588235,1.0,0.0,0.9166666666666666,1.0,0.5333333333333333,0.4087591240875912,0.0693430656934306,274.0,0.2444444444444444,0.125,1.0,0.0,0.5873015873015873,1.0,0.5777777777777777,0.4186046511627907,0.0901162790697674,344.0,0.3578947368421052,0.1666666666666666,1.0,0.0,0.4594594594594595,1.0,188.0,0.0,0.0,0.0,68.0,104.0,2.0,4.0,10.0,0.0,0.3617021276595745,0.9361702127659576,0.0638297872340425,0.0585106382978723,0.0585106382978723,0.0,0.0,0.48,0.48,100.0,0.28,0.28,25.0,22.0,20.142857142857142,5.0,-1.0,0.1,0.1,10.0,26.0,26.0,10.0,-1.0,0.3,0.3,20.0,0.75,0.75,4.0,0.0403386498575452,0.980178866601538,274.0,29.0,2.0,27.0,112.0,134.0,5.0,9.0,14.0,0.0,0.4087591240875912,0.9306569343065694,0.0693430656934306,0.0547445255474452,0.0583941605839416,8.0,122.0,0.51,0.52,100.0,0.64,0.64,25.0,14.0,16.25,0.5,0.0,0.4,0.4,10.0,27.0,27.0,13.5,0.0,0.55,0.55,20.0,0.75,0.75,4.0,0.0257280925424128,0.9686319507666568,344.0,40.0,3.0,37.0,144.0,155.0,15.0,14.0,16.0,0.0,0.4186046511627907,0.9098837209302324,0.0901162790697674,0.0610465116279069,0.063953488372093,12.0,166.0,0.52,0.54,100.0,0.72,0.72,25.0,14.0,15.88888888888889,0.0,1.0,0.6,0.6,10.0,25.0,23.83333333333333,11.0,1.0,0.55,0.55,20.0,0.75,0.75,4.0,0.0319947936451261,0.9690751923469948,404800.0,6095356.0,188.0,10.0,6095356.0,4352482.0,274.0,2.0,4352482.0,3887586.0,344.0,1.0,0.0,0.0,0.0,lineage_aware,backing,claim_rules,classifier_local,consistency,dedup,provenance,sanity,signature,signature_ok,support,sim-3b,,,"content classifiers are profile operating points (assumption), not measured detectors",10000.0,999.0,0.0,0.0,10000.0,999.0,0.0,0.0,0.0,0.0999,1849.0,0.0,0.0,0.0,1849.0,0.0,0.0,0.0,0.0,0.0,1849.0,0.0,780.0,237.0,0.0,0.0,0.0,10000.0,1800000.0,0.0,1849.0,1821.0,
aggregation,20260917T190142-a6ef_B9_mycelic_questioning_default_s1,20260917T190142-a6ef,ok,B9_mycelic_questioning,hierarchy,1,tier1,,default,1000,10000,30,10,2,1,d4b3bd09fd427f49,0.0,lineage_aware,5,order_capped,3.0,1.0,sim-3b,synthetic,none,3.0,eig,,,55.278,4.542,427.2,2026-09-17T19:10:48Z,,524,111,7,104,165,229,32,68,30,0,0.3148854961832061,0.8816793893129771,0.1183206106870229,0.0610687022900763,0.0782442748091603,11,177,0.5353535353535354,0.5656565656565656,99,0.76,0.76,25,17.0,18.0,1.0,2.0,0.4,0.4,10,19.0,20.75,5.5,2.0,0.45,0.5,20,1.0,1.0,3,0.0349830002543972,0.971852266565066,0.8531322585307468,0.9460921567379772,29.09183673469388,0.5895522388059702,0.3148854961832061,0.1183206106870229,524,0.4680851063829787,0.1757575757575757,1.0,0.0,0.4691358024691358,1.0,524,111,7,104,165,229,32,68,30,0,0.3148854961832061,0.8816793893129771,0.1183206106870229,0.0610687022900763,0.0782442748091603,11,177,0.5353535353535354,0.5656565656565656,99,0.76,0.76,25,17.0,18.0,1.0,2.0,0.4,0.4,10,19.0,20.75,5.5,2.0,0.45,0.5,20,1.0,1.0,3,0.0349830002543972,0.971852266565066,0.4366666666666666,0.2833333333333333,5.714285714285714,0.4846153846153846,0.5153846153846153,0.0368421052631578,0.7,0.0699999999999999,0.7,0.3,,15.142857142857142,250,60,183,0.732,3,3,0,2,7,4,3,5,0.0,0,841,404800,9153600,0.0442230379304317,1.0275908133381288e-05,15153832,404800,14749032,0.6206237805979402,0.6040452342351427,400000,,,12719471,0,10928,1998774.014285714,763168.26,0.63597355,0,0,1028,0,0,0,0.0,,524,,5.0,54.51547861099243,,0.0,,,,,,,,,5.0,,,2.0,,1.4577286404119656,0.0271204239030737,471.0,1042.0,499610.0,2136.0,0.0,1028.0,0.0,404800.0,4036292.0,0.0,524.0,1.0,0.0,0.3805970149253731,0.2772277227722772,0.0792079207920792,202.0,0.0,0.0,1.0,0.0,0.9183673469387756,1.0,0.5447761194029851,0.3084745762711864,0.0745762711864406,295.0,0.1375,0.0439560439560439,1.0,0.0,0.6,1.0,0.5746268656716418,0.3165829145728643,0.0954773869346733,398.0,0.2967032967032967,0.1507936507936507,1.0,0.0,0.4936708860759494,1.0,202.0,0.0,0.0,0.0,56.0,122.0,0.0,8.0,16.0,0.0,0.2772277227722772,0.9207920792079208,0.0792079207920792,0.0792079207920792,0.094059405940594,0.0,0.0,0.494949494949495,0.494949494949495,99.0,0.08,0.08,25.0,26.0,26.0,5.0,-1.0,0.0,0.0,10.0,,,,,0.1,0.1,20.0,0.0,0.0,3.0,0.0615544822184403,0.9823465614263612,295.0,61.0,1.0,60.0,91.0,157.0,2.0,25.0,20.0,0.0,0.3084745762711864,0.9254237288135592,0.0745762711864406,0.0677966101694915,0.0779661016949152,7.0,140.0,0.5050505050505051,0.5555555555555556,99.0,0.64,0.64,25.0,19.0,18.5625,2.0,0.0,0.2,0.2,10.0,19.0,19.0,6.0,0.0,0.25,0.25,20.0,0.6666666666666666,0.6666666666666666,3.0,0.0391016927638906,0.9690581512999692,398.0,79.0,4.0,75.0,126.0,192.0,13.0,42.0,25.0,0.0,0.3165829145728643,0.9045226130653268,0.0954773869346733,0.0653266331658291,0.0804020100502512,11.0,165.0,0.5151515151515151,0.5555555555555556,99.0,0.72,0.72,25.0,17.0,18.0,0.0,1.0,0.4,0.4,10.0,19.5,21.0,6.0,1.0,0.45,0.5,20.0,1.0,1.0,3.0,0.0367486724231603,0.9697566002325652,404800.0,6279358.0,202.0,10.0,6279358.0,4433382.0,295.0,2.0,4433382.0,4036292.0,398.0,1.0,0.0,0.0,0.0,lineage_aware,backing,claim_rules,classifier_local,consistency,dedup,provenance,sanity,signature,signature_ok,support,sim-3b,,,"content classifiers are profile operating points (assumption), not measured detectors",10000.0,1028.0,0.0,0.0,10000.0,1028.0,0.0,0.0,0.0,0.1028,2625.0,0.0,0.0,0.0,2625.0,0.0,0.0,0.0,0.0,0.0,2625.0,0.0,821.0,232.0,0.0,0.0,0.0,10000.0,1800000.0,0.0,2625.0,1609.0,
aggregation,20260917T190142-a6ef_ORACLE_central_stats_default_s2,20260917T190142-a6ef,ok,ORACLE_central_stats,oracle,2,tier1,,default,1000,10000,30,10,2,1,9df3bf594d527eb0,0.0,none,0,,,,sim-3b,synthetic,,,,,,111.475,2.871,568.5,2026-09-17T19:12:32Z,,772,0,0,0,362,253,79,50,28,0,0.4689119170984456,0.8613989637305699,0.13860103626943,0.0414507772020725,0.0466321243523316,0,0,0.84,0.84,100,1.0,1.0,25,13.0,13.8,-3.0,2.0,1.0,1.0,10,11.0,13.8,-2.0,2.0,0.55,0.55,20,1.0,1.0,4,0.0326100930243561,0.989975533767383,0.9291343306859488,1.0,1.0,0.8814814814814815,0.4689119170984456,0.13860103626943,772,0.6357142857142857,0.292817679558011,1.0,0.0,1.0,1.0,772,0,0,0,362,253,79,50,28,0,0.4689119170984456,0.8613989637305699,0.13860103626943,0.0414507772020725,0.0466321243523316,0,0,0.84,0.84,100,1.0,1.0,25,13.0,13.8,-3.0,2.0,1.0,1.0,10,11.0,13.8,-2.0,2.0,0.55,0.55,20,1.0,1.0,4,0.0326100930243561,0.989975533767383,0.5033333333333333,0.4066666666666667,6.611111111111111,0.4068965517241379,0.5931034482758621,0.0,0.0,0.0,0.5,0.5,,,0,0,0,0.0,4,4,0,0,6,1,5,0,1.0,814,814,9005737,9005750,0.999998556477806,0.0,9005737,9005737,0,1.000001443524278,1.000001443524278,400000,390520.0,0.0433634067123782,0,0,30,0.0,0.0,0.0008105163299999,0,0,0,0,0,0,0.0,,772,9763.0,,111.47370839118958,ORACLE_central_stats,0.0,0.0,0.0,10000.0,0.0,0.0,0.0,0.0,,,,,,,,,,,,,,,,,,,,,,,,,,,,,,,,,,,,,,,,,,,,,,,,,,,,,,,,,,,,,,,,,,,,,,,,,,,,,,,,,,,,,,,,,,,,,,,,,,,,,,,,,,,,,,,,,,,,,,,,,,,,,,,,,,,,,,,,,,,,,,,,,,,,,,,,,,,,,,,,,,,,,,,,,,,,,,,,,,,,,,,,,,,,,,,,,,,,,,,,,,,,,,,,,,,,,,,,,,,,,,,,,,,,,,,,,,,,,,,,
aggregation,20260917T190142-a6ef_ORACLE_central_stats_default_s1,20260917T190142-a6ef,ok,ORACLE_central_stats,oracle,1,tier1,,default,1000,10000,30,10,2,1,d4b3bd09fd427f49,0.0,none,0,,,,sim-3b,synthetic,,,,,,110.681,4.542,521.7,2026-09-17T19:12:38Z,,1107,0,0,0,380,389,138,164,36,0,0.3432700993676603,0.8428184281842819,0.1571815718157181,0.037037037037037,0.048780487804878,0,0,0.8888888888888888,0.8888888888888888,99,0.96,0.96,25,11.5,12.875,-7.5,2.0,0.8,0.8,10,11.0,15.5,-2.0,2.0,0.65,0.65,20,1.0,1.0,3,0.0284483571618846,0.9911028705149786,0.9208992573328848,1.0,1.0,0.8955223880597015,0.3432700993676603,0.1571815718157181,1107,0.6619718309859155,0.2631578947368421,1.0,0.0,0.991869918699187,1.0,1107,0,0,0,380,389,138,164,36,0,0.3432700993676603,0.8428184281842819,0.1571815718157181,0.037037037037037,0.048780487804878,0,0,0.8888888888888888,0.8888888888888888,99,0.96,0.96,25,11.5,12.875,-7.5,2.0,0.8,0.8,10,11.0,15.5,-2.0,2.0,0.65,0.65,20,1.0,1.0,3,0.0284483571618846,0.9911028705149786,0.4433333333333333,0.4266666666666667,6.526315789473684,0.4652777777777778,0.5347222222222222,0.0,0.0,0.0,0.6,0.4,,,0,0,0,0.0,3,3,0,0,7,3,4,0,1.0,841,841,9153588,9153600,0.9999986890403776,0.0,9153588,9153588,0,1.000001310961341,1.000001310961341,400000,390720.0,0.0426848453067645,0,0,30,0.0,0.0,0.00082382292,0,0,0,0,0,0,0.0,,1107,9768.0,1.0,110.68035101890564,ORACLE_central_stats,0.0,0.0,0.0,10000.0,0.0,0.0,0.0,0.0,,2.0,,,,,,,,,,,,,,,,,,,,,,,,,,,,,,,,,,,,,,,,,,,,,,,,,,,,,,,,,,,,,,,,,,,,,,,,,,,,,,,,,,,,,,,,,,,,,,,,,,,,,,,,,,,,,,,,,,,,,,,,,,,,,,,,,,,,,,,,,,,,,,,,,,,,,,,,,,,,,,,,,,,,,,,,,,,,,,,,,,,,,,,,,,,,,,,,,,,,,,,,,,,,,,,,,,,,,,,,,,,,,,,,,,,,,,,,,,,,,,
aggregation,20260917T190142-a6ef_B0_isolated_default_s3,20260917T190142-a6ef,ok,B0_isolated,baseline,3,tier1,,default,1000,10000,30,10,2,1,c45ec7ed8069c397,0.0,none,0,,,,sim-3b,synthetic,,,,,,7.711,2.609,107.9,2026-09-17T19:12:43Z,,0,0,0,0,0,0,0,0,0,0,0.0,0.0,0.0,0.0,0.0,0,0,0.0,0.0,100,0.0,0.0,25,,,,,0.0,0.0,10,,,,,0.0,0.0,20,0.0,0.0,2,,,,,,0.0,0.0,0.0,0,0.0,0.0,1.0,0.0,,,0,0,0,0,0,0,0,0,0,0,0.0,0.0,0.0,0.0,0.0,0,0,0.0,0.0,100,0.0,0.0,25,,,,,0.0,0.0,10,,,,,0.0,0.0,20,0.0,0.0,2,,,0.48,0.0,,,,0.0,0.0,0.0,0.8,0.0,,,0,0,0,0.0,2,0,0,0,8,8,0,0,0.0,0,779,0,8941200,0.0,0.0,0,0,0,,,400000,0.0,0.0,1768140,0,9823,3889908.0,106088.4,0.088407,0,0,0,0,0,0,0.0,0.0,0,9823.0,35.0,7.708151578903198,B0_isolated,,,,,,,,,,,,,,,,,,,,,,,,,,,,,,,,,,,,,,,,,,,,,,,,,,,,,,,,,,,,,,,,,,,,,,,,,,,,,,,,,,,,,,,,,,,,,,,,,,,,,,,,,,,,,,,,,,,,,,,,,,,,,,,,,,,,,,,,,,,,,,,,,,,,,,,,,,,,,,,,,,,,,,,,,,,,,,,,,,,,,,,,,,,,,,,,,,,,,,,,,,,,,,,,,,,,,,,,,,,,,,,,,,,,,,,,,,,,,,,,,,,,,,,,
aggregation,20260917T190142-a6ef_B0_isolated_default_s4,20260917T190142-a6ef,ok,B0_isolated,baseline,4,tier1,,default,1000,10000,30,10,2,1,43d2c39c01e88b89,0.0,none,0,,,,sim-3b,synthetic,,,,,,7.396,2.708,107.4,2026-09-17T19:12:50Z,,0,0,0,0,0,0,0,0,0,0,0.0,0.0,0.0,0.0,0.0,0,0,0.0,0.0,100,0.0,0.0,25,,,,,0.0,0.0,10,,,,,0.0,0.0,16,0.0,0.0,3,,,,,,0.0,0.0,0.0,0,0.0,0.0,1.0,0.0,,,0,0,0,0,0,0,0,0,0,0,0.0,0.0,0.0,0.0,0.0,0,0,0.0,0.0,100,0.0,0.0,25,,,,,0.0,0.0,10,,,,,0.0,0.0,16,0.0,0.0,3,,,0.4875,0.0,,,,0.0,0.0,0.0,0.7,0.0,,,0,0,0,0.0,3,0,0,0,7,7,0,0,0.0,0,759,0,9271000,0.0,0.0,0,0,0,,,400000,0.0,0.0,1756080,0,9756,3863376.0,105364.8,0.087804,0,0,0,0,0,0,0.0,0.0,0,9756.0,35.0,7.392762422561645,B0_isolated,,,,,,,,,,,,,,,,,,,,,,,,,,,,,,,,,,,,,,,,,,,,,,,,,,,,,,,,,,,,,,,,,,,,,,,,,,,,,,,,,,,,,,,,,,,,,,,,,,,,,,,,,,,,,,,,,,,,,,,,,,,,,,,,,,,,,,,,,,,,,,,,,,,,,,,,,,,,,,,,,,,,,,,,,,,,,,,,,,,,,,,,,,,,,,,,,,,,,,,,,,,,,,,,,,,,,,,,,,,,,,,,,,,,,,,,,,,,,,,,,,,,,,,,
aggregation,20260917T190142-a6ef_B1_central_keyword_default_s3,20260917T190142-a6ef,ok,B1_central_keyword,baseline,3,tier1,,default,1000,10000,30,10,2,1,c45ec7ed8069c397,0.0,none,0,,,,sim-3b,synthetic,,,,,,98.132,2.609,393.3,2026-09-17T19:14:21Z,,1165,0,0,0,404,367,203,179,12,0,0.3467811158798283,0.8154506437768241,0.1845493562231759,0.0137339055793991,0.0291845493562231,0,0,0.86,0.86,100,1.0,1.0,25,10.0,11.4,-7.0,2.0,1.0,1.0,10,15.0,13.7,1.0,2.0,0.6,0.6,20,1.0,1.0,2,0.0043677647375,0.9906338591581008,0.9548109023440744,1.0,1.0,0.8962962962962963,0.3467811158798283,0.1845493562231759,1165,0.6971830985915493,0.3217821782178218,1.0,0.0,0.0,1.0,1165,0,0,0,404,367,203,179,12,0,0.3467811158798283,0.8154506437768241,0.1845493562231759,0.0137339055793991,0.0291845493562231,0,0,0.86,0.86,100,1.0,1.0,25,10.0,11.4,-7.0,2.0,1.0,1.0,10,15.0,13.7,1.0,2.0,0.6,0.6,20,1.0,1.0,2,0.0043677647375,0.9906338591581008,0.4933333333333333,0.42,6.5,0.4097222222222222,0.5902777777777778,0.0,0.0,0.0,0.8,0.2,,,0,0,0,0.0,2,2,0,0,8,6,2,0,1.0,779,779,8941188,8941200,0.9999986578982688,0.0,8941188,8941188,0,1.0000013421035323,1.0000013421035323,400000,392920.0,0.0439448843555674,4225520,4225520,30,6338280.000000001,3802968.000000001,25.353924706920004,0,0,0,0,0,0,0.0,,1165,9823.0,,98.13134288787842,B1_central_keyword,0.0,106763.0,0.0,10000.0,0.0,0.0,0.0,4225520.0,,,,,,,,,,,,,,,,,,,,,,,,,,,,,,,,,,,,,,,,,,,,,,,,,,,,,,,,,,,,,,,,,,,,,,,,,,,,,,,,,,,,,,,,,,,,,,,,,,,,,,,,,,,,,,,,,,,,,,,,,,,,,,,,,,,,,,,,,,,,,,,,,,,,,,,,,,,,,,,,,,,,,,,,,,,,,,,,,,,,,,,,,,,,,,,,,,,,,,,,,,,,,,,,,,,,,,,,,,,,,,,,,,,,,,,,,,,,,,,,
aggregation,20260917T190142-a6ef_B1_central_keyword_default_s4,20260917T190142-a6ef,ok,B1_central_keyword,baseline,4,tier1,,default,1000,10000,30,10,2,1,43d2c39c01e88b89,0.0,none,0,,,,sim-3b,synthetic,,,,,,100.098,2.708,383.9,2026-09-17T19:14:30Z,,1643,0,0,0,394,489,325,407,28,0,0.2398052343274498,0.7851491174680463,0.2148508825319537,0.024954351795496,0.0602556299452221,0,0,0.84,0.84,100,1.0,1.0,25,9.0,10.72,-9.0,2.0,0.9,0.9,10,10.0,11.77777777777778,-1.0,2.0,0.5,0.5,16,0.6666666666666666,0.6666666666666666,3,0.0155306310907598,0.9905762792952636,0.9673155881359448,1.0,1.0,0.8740740740740741,0.2398052343274498,0.2148508825319537,1643,0.7007299270072993,0.2791878172588832,1.0,0.0,0.0,1.0,1643,0,0,0,394,489,325,407,28,0,0.2398052343274498,0.7851491174680463,0.2148508825319537,0.024954351795496,0.0602556299452221,0,0,0.84,0.84,100,1.0,1.0,25,9.0,10.72,-9.0,2.0,0.9,0.9,10,10.0,11.77777777777778,-1.0,2.0,0.5,0.5,16,0.6666666666666666,0.6666666666666666,3,0.0155306310907598,0.9905762792952636,0.5333333333333333,0.4166666666666667,6.666666666666667,0.4102564102564102,0.5897435897435898,0.0,0.0,0.0,0.5,0.4,,,0,0,0,0.0,3,2,0,0,7,3,4,0,1.0,759,759,9270985,9271000,0.9999983820515588,0.0,9270985,9270985,0,1.0000016179510591,1.0000016179510591,400000,390240.0,0.0420925466508467,4590760,4590760,30,6886140.0,4131684.0,27.54539438865,0,0,0,0,0,0,0.0,,1643,9756.0,,100.09625172615053,B1_central_keyword,0.0,116375.0,0.0,10000.0,0.0,0.0,0.0,4590760.0,,,1.0,,,,,,,,,,,,,,,,,,,,,,,,,,,,,,,,,,,,,,,,,,,,,,,,,,,,,,,,,,,,,,,,,,,,,,,,,,,,,,,,,,,,,,,,,,,,,,,,,,,,,,,,,,,,,,,,,,,,,,,,,,,,,,,,,,,,,,,,,,,,,,,,,,,,,,,,,,,,,,,,,,,,,,,,,,,,,,,,,,,,,,,,,,,,,,,,,,,,,,,,,,,,,,,,,,,,,,,,,,,,,,,,,,,,,,,,,,,,,
aggregation,20260917T190142-a6ef_B2_central_rag_default_s3,20260917T190142-a6ef,ok,B2_central_rag,baseline,3,tier1,,default,1000,10000,30,10,2,1,c45ec7ed8069c397,0.0,none,0,,,,sim-3b,synthetic,,,,,,96.482,2.609,421.0,2026-09-17T19:15:58Z,,564,0,0,0,168,67,236,86,7,0,0.2978723404255319,0.5691489361702128,0.4308510638297872,0.0496453900709219,0.0780141843971631,0,0,0.28,0.28,100,0.84,0.84,25,9.0,10.142857142857142,-8.0,2.0,1.0,1.0,10,15.5,15.4,2.0,2.0,0.55,0.55,20,0.5,0.5,2,0.0294199330617435,0.9797745429908216,0.9630030283268752,1.0,1.0,0.437037037037037,0.2978723404255319,0.4308510638297872,564,0.6388888888888888,0.375,1.0,0.0,0.0256410256410256,1.0,564,0,0,0,168,67,236,86,7,0,0.2978723404255319,0.5691489361702128,0.4308510638297872,0.0496453900709219,0.0780141843971631,0,0,0.28,0.28,100,0.84,0.84,25,9.0,10.142857142857142,-8.0,2.0,1.0,1.0,10,15.5,15.4,2.0,2.0,0.55,0.55,20,0.5,0.5,2,0.0294199330617435,0.9797745429908216,0.46,0.48,7.2,0.0,1.0,0.0,0.0,0.0,0.8,0.1,,,0,0,0,0.0,2,1,0,0,8,7,1,0,1.0,779,779,8941188,8941200,0.9999986578982688,0.0,8941188,8941188,0,1.0000013421035323,1.0000013421035323,400000,2570901.0,0.2875342235941484,5742720,5742720,30,8614080.0,5168448.0,34.457124706920006,0,0,0,0,0,0,0.0,,564,9823.0,2.0,96.48067617416382,B2_central_rag,0.0,99924.0,0.0,10000.0,0.0,0.0,2177981.0,3584088000.0,,,2.0,,,,,,,,,,,,,,,,,,,,,,,,,,,,,,,,,,,,,,,,,,,,,,,,,,,,,,,,,,,,,,,,,,,,,,,,,,,,,,,,,,,,,,,,,,,,,,,,,,,,,,,,,,,,,,,,,,,,,,,,,,,,,,,,,,,,,,,,,,,,,,,,,,,,,,,,,,,,,,,,,,,,,,,,,,,,,,,,,,,,,,,,,,,,,,,,,,,,,,,,,,,,,,,,,,,,,,,,,,,,,,,,,,,,,,,,,,,,,
aggregation,20260917T190142-a6ef_B3_central_llm_summary_default_s3,20260917T190142-a6ef,ok,B3_central_llm_summary,baseline,3,tier1,,default,1000,10000,30,10,2,1,c45ec7ed8069c397,0.0,none,0,,,,sim-3b,synthetic,,,,,,8.36,2.609,436.0,2026-09-17T19:16:06Z,,223,0,0,0,83,37,52,46,5,0,0.3721973094170404,0.7443946188340808,0.2556053811659193,0.0269058295964125,0.0313901345291479,0,0,0.39,0.39,100,0.84,0.84,25,17.0,16.61904761904762,-2.0,2.0,0.8,0.8,10,14.0,13.75,3.0,2.0,0.4,0.4,20,1.0,1.0,2,0.0182861543669119,0.9913803247704994,1.0,1.0,1.0,0.5037037037037037,0.3721973094170404,0.2556053811659193,223,0.0,0.4337349397590361,1.0,0.0,0.0,1.0,223,0,0,0,83,37,52,46,5,0,0.3721973094170404,0.7443946188340808,0.2556053811659193,0.0269058295964125,0.0313901345291479,0,0,0.39,0.39,100,0.84,0.84,25,17.0,16.61904761904762,-2.0,2.0,0.8,0.8,10,14.0,13.75,3.0,2.0,0.4,0.4,20,1.0,1.0,2,0.0182861543669119,0.9913803247704994,0.5233333333333333,0.3633333333333333,5.823529411764706,0.2430555555555555,0.7569444444444444,0.0,0.0,0.0,1.0,0.0,,,0,0,0,0.0,2,2,0,0,8,8,0,0,1.0,779,779,8941188,8941200,0.9999986578982688,0.0,8941188,8941188,0,1.0000013421035323,1.0000013421035323,400000,2570901.0,0.2875342235941484,5786289,5786289,90,8679433.5,5207660.1,34.71853870692,0,0,0,0,0,0,0.0,,223,9823.0,,8.358503341674805,B3_central_llm_summary,0.0,0.0,60.0,10000.0,0.0,0.0,2177981.0,5786289.0,,,,4.0,2.0,,,,,,,,,,,,,,,,,,,,,,,,,,,,,,,,,,,,,,,,,,,,,,,,,,,,,,,,,,,,,,,,,,,,,,,,,,,,,,,,,,,,,,,,,,,,,,,,,,,,,,,,,,,,,,,,,,,,,,,,,,,,,,,,,,,,,,,,,,,,,,,,,,,,,,,,,,,,,,,,,,,,,,,,,,,,,,,,,,,,,,,,,,,,,,,,,,,,,,,,,,,,,,,,,,,,,,,,,,,,,,,,,,,,,,,,,,,
aggregation,20260917T190142-a6ef_B2_central_rag_default_s4,20260917T190142-a6ef,ok,B2_central_rag,baseline,4,tier1,,default,1000,10000,30,10,2,1,43d2c39c01e88b89,0.0,none,0,,,,sim-3b,synthetic,,,,,,97.724,2.708,424.5,2026-09-17T19:16:08Z,,809,0,0,0,145,81,334,235,14,0,0.1792336217552534,0.5698393077873919,0.4301606922126081,0.0543881334981458,0.0889987639060568,0,0,0.21,0.21,100,0.84,0.84,25,5.0,8.047619047619047,-12.0,2.0,0.7,0.7,10,9.0,9.571428571428571,-2.0,2.0,0.5,0.5,16,1.0,1.0,3,0.0360628667249498,0.981674733226804,0.9954792211825718,1.0,1.0,0.362962962962963,0.1792336217552534,0.4301606922126081,809,0.7666666666666667,0.3103448275862069,1.0,0.0,0.0277777777777777,1.0,809,0,0,0,145,81,334,235,14,0,0.1792336217552534,0.5698393077873919,0.4301606922126081,0.0543881334981458,0.0889987639060568,0,0,0.21,0.21,100,0.84,0.84,25,5.0,8.047619047619047,-12.0,2.0,0.7,0.7,10,9.0,9.571428571428571,-2.0,2.0,0.5,0.5,16,1.0,1.0,3,0.0360628667249498,0.981674733226804,0.475,0.4875,7.3125,0.017094017094017,0.9829059829059827,0.0,0.0,0.0,0.6,0.4,,,0,0,0,0.0,3,3,0,0,7,3,4,0,1.0,759,759,9270985,9271000,0.9999983820515588,0.0,9270985,9270985,0,1.0000016179510591,1.0000016179510591,400000,2607881.0,0.2812944666163305,5952620,5952620,30,8928930.0,5357358.0,35.71655438865,0,0,0,0,0,0,0.0,,809,9756.0,,97.72315907478333,B2_central_rag,0.0,105770.0,0.0,10000.0,0.0,0.0,2217641.0,3599244000.0,,,6.0,1.0,,,,,,,,,,,,,,,,,,,,,,,,,,,,,,,,,,,,,,,,,,,,,,,,,,,,,,,,,,,,,,,,,,,,,,,,,,,,,,,,,,,,,,,,,,,,,,,,,,,,,,,,,,,,,,,,,,,,,,,,,,,,,,,,,,,,,,,,,,,,,,,,,,,,,,,,,,,,,,,,,,,,,,,,,,,,,,,,,,,,,,,,,,,,,,,,,,,,,,,,,,,,,,,,,,,,,,,,,,,,,,,,,,,,,,,,,,,,
aggregation,20260917T190142-a6ef_B3_central_llm_summary_default_s4,20260917T190142-a6ef,ok,B3_central_llm_summary,baseline,4,tier1,,default,1000,10000,30,10,2,1,43d2c39c01e88b89,0.0,none,0,,,,sim-3b,synthetic,,,,,,8.145,2.708,423.9,2026-09-17T19:16:16Z,,356,0,0,0,84,71,69,128,4,0,0.2359550561797752,0.7949438202247191,0.2050561797752809,0.0168539325842696,0.0533707865168539,0,0,0.39,0.39,100,0.96,0.96,25,11.0,11.083333333333334,-8.5,2.0,0.7,0.7,10,11.0,13.0,1.0,2.0,0.3125,0.3125,16,0.6666666666666666,0.6666666666666666,3,0.0071223878311562,0.9902684552468866,1.0,1.0,1.0,0.5185185185185185,0.2359550561797752,0.2050561797752809,356,0.0,0.4285714285714285,1.0,0.0,0.0,1.0,356,0,0,0,84,71,69,128,4,0,0.2359550561797752,0.7949438202247191,0.2050561797752809,0.0168539325842696,0.0533707865168539,0,0,0.39,0.39,100,0.96,0.96,25,11.0,11.083333333333334,-8.5,2.0,0.7,0.7,10,11.0,13.0,1.0,2.0,0.3125,0.3125,16,0.6666666666666666,0.6666666666666666,3,0.0071223878311562,0.9902684552468866,0.5666666666666667,0.3333333333333333,5.714285714285714,0.3162393162393162,0.6837606837606838,0.0,0.0,0.0,0.5,0.4,,,0,0,0,0.0,3,2,0,0,7,3,4,0,1.0,759,759,9270985,9271000,0.9999983820515588,0.0,9270985,9270985,0,1.0000016179510591,1.0000016179510591,400000,2607881.0,0.2812944666163305,5553956,5553956,90,8330934.0,4998560.4,33.32457038865,0,0,0,0,0,0,0.0,,356,9756.0,1.0,8.143845319747925,B3_central_llm_summary,0.0,0.0,60.0,10000.0,0.0,0.0,2217641.0,5553956.0,,,,1.0,2.0,,,,,,,,,,,,,,,,,,,,,,,,,,,,,,,,,,,,,,,,,,,,,,,,,,,,,,,,,,,,,,,,,,,,,,,,,,,,,,,,,,,,,,,,,,,,,,,,,,,,,,,,,,,,,,,,,,,,,,,,,,,,,,,,,,,,,,,,,,,,,,,,,,,,,,,,,,,,,,,,,,,,,,,,,,,,,,,,,,,,,,,,,,,,,,,,,,,,,,,,,,,,,,,,,,,,,,,,,,,,,,,,,,,,,,,,,,,
aggregation,20260917T190142-a6ef_B3_central_llm_summary_scoped_default_s3,20260917T190142-a6ef,ok,B3_central_llm_summary_scoped,baseline,3,tier1,,default,1000,10000,30,10,2,1,c45ec7ed8069c397,0.0,none,0,,,,sim-3b,synthetic,,,,,,66.689,2.609,418.9,2026-09-17T19:17:13Z,,1016,0,0,0,370,337,141,142,26,0,0.3641732283464567,0.8356299212598425,0.1643700787401575,0.030511811023622,0.0413385826771653,0,0,0.83,0.83,100,1.0,1.0,25,13.0,14.04,-4.0,2.0,0.8,0.8,10,12.5,13.0,3.0,2.0,0.55,0.55,20,1.0,1.0,2,0.0218950309337712,0.9913832199101492,0.9644127189377688,1.0,1.0,0.8592592592592593,0.3641732283464567,0.1643700787401575,1016,0.7058823529411765,0.3081081081081081,1.0,0.0,0.0,1.0,1016,0,0,0,370,337,141,142,26,0,0.3641732283464567,0.8356299212598425,0.1643700787401575,0.030511811023622,0.0413385826771653,0,0,0.83,0.83,100,1.0,1.0,25,13.0,14.04,-4.0,2.0,0.8,0.8,10,12.5,13.0,3.0,2.0,0.55,0.55,20,1.0,1.0,2,0.0218950309337712,0.9913832199101492,0.4766666666666667,0.4133333333333333,6.105263157894737,0.4513888888888889,0.5486111111111112,0.0,0.0,0.0,0.9,0.1,,,0,0,0,0.0,2,2,0,0,8,7,1,0,1.0,779,779,8941188,8941200,0.9999986578982688,0.0,8941188,8941188,0,1.0000013421035323,1.0000013421035323,400000,2570901.0,0.2875342235941484,27111504,27111504,90,40667256.0,24400353.6,162.66982870692,0,0,0,0,0,0,0.0,,1016,9823.0,,66.68793439865112,B3_central_llm_summary_scoped,0.0,0.0,60.0,10000.0,0.0,0.0,2177981.0,27111504.0,,,,,2.0,,,,,,,,,,,,,,,,,,,,,,,,,,,,,,,,,,,,,,,,,,,,,,,,,,,,,,,,,,,,,,,,,,,,,,,,,,,,,,,,,,,,,,,,,,,,,,,,,,,,,,,,,,,,,,,,,,,,,,,,,,,,,,,,,,,,,,,,,,,,,,,,,,,,,,,,,,,,,,,,,,,,,,,,,,,,,,,,,,,,,,,,,,,,,,,,,,,,,,,,,,,,,,,,,,,,,,,,,,,,,,,,,,,,,,,,,,,
aggregation,20260917T190142-a6ef_B3_central_llm_summary_scoped_default_s4,20260917T190142-a6ef,ok,B3_central_llm_summary_scoped,baseline,4,tier1,,default,1000,10000,30,10,2,1,43d2c39c01e88b89,0.0,none,0,,,,sim-3b,synthetic,,,,,,66.344,2.708,422.3,2026-09-17T19:17:22Z,,1387,0,0,0,384,456,193,337,17,0,0.2768565248738284,0.8485940879596251,0.1514059120403749,0.0173035328046142,0.0475847152126892,0,0,0.83,0.83,100,1.0,1.0,25,8.0,10.28,-9.0,2.0,0.7,0.7,10,11.0,11.714285714285714,0.0,2.0,0.4375,0.4375,16,0.6666666666666666,0.6666666666666666,3,0.0082713974194261,0.990967864614812,0.9766432315596892,1.0,1.0,0.8518518518518519,0.2768565248738284,0.1514059120403749,1387,0.706766917293233,0.2786458333333333,1.0,0.0,0.0,1.0,1387,0,0,0,384,456,193,337,17,0,0.2768565248738284,0.8485940879596251,0.1514059120403749,0.0173035328046142,0.0475847152126892,0,0,0.83,0.83,100,1.0,1.0,25,8.0,10.28,-9.0,2.0,0.7,0.7,10,11.0,11.714285714285714,0.0,2.0,0.4375,0.4375,16,0.6666666666666666,0.6666666666666666,3,0.0082713974194261,0.990967864614812,0.5166666666666667,0.4083333333333333,6.466666666666667,0.3675213675213675,0.6324786324786325,0.0,0.0,0.0,0.5,0.4,,,0,0,0,0.0,3,2,0,0,7,3,4,0,1.0,759,759,9270985,9271000,0.9999983820515588,0.0,9270985,9270985,0,1.0000016179510591,1.0000016179510591,400000,2607881.0,0.2812944666163305,25652540,25652540,90,38478810.0,23087286.0,153.91607438865,0,0,0,0,0,0,0.0,,1387,9756.0,1.0,66.34226417541504,B3_central_llm_summary_scoped,0.0,0.0,60.0,10000.0,0.0,0.0,2217641.0,25652540.0,,,,,2.0,,,,,,,,,,,,,,,,,,,,,,,,,,,,,,,,,,,,,,,,,,,,,,,,,,,,,,,,,,,,,,,,,,,,,,,,,,,,,,,,,,,,,,,,,,,,,,,,,,,,,,,,,,,,,,,,,,,,,,,,,,,,,,,,,,,,,,,,,,,,,,,,,,,,,,,,,,,,,,,,,,,,,,,,,,,,,,,,,,,,,,,,,,,,,,,,,,,,,,,,,,,,,,,,,,,,,,,,,,,,,,,,,,,,,,,,,,,
aggregation,20260917T190142-a6ef_B4_majority_vote_default_s3,20260917T190142-a6ef,ok,B4_majority_vote,baseline,3,tier1,,default,1000,10000,30,10,2,1,c45ec7ed8069c397,0.0,none,0,,,,sim-3b,synthetic,,,,,,101.614,2.609,469.3,2026-09-17T19:18:55Z,,1727,0,0,0,250,140,1018,182,137,0,0.1447596988998263,0.3312101910828025,0.6687898089171974,0.3613202084539664,0.4354371742906774,0,0,0.85,0.85,100,0.56,0.56,25,18.5,18.285714285714285,0.0,2.0,0.3,0.3,10,24.0,23.33333333333333,12.0,2.0,0.5,0.5,20,0.5,0.5,2,0.1546601423040716,0.6474775435476595,0.9362763474636708,1.0,1.0,0.7555555555555555,0.1447596988998263,0.6687898089171974,1727,0.4782608695652174,0.276,1.0,0.0,0.1775700934579439,1.0,1727,0,0,0,250,140,1018,182,137,0,0.1447596988998263,0.3312101910828025,0.6687898089171974,0.3613202084539664,0.4354371742906774,0,0,0.85,0.85,100,0.56,0.56,25,18.5,18.285714285714285,0.0,2.0,0.3,0.3,10,24.0,23.33333333333333,12.0,2.0,0.5,0.5,20,0.5,0.5,2,0.1546601423040716,0.6474775435476595,0.4666666666666667,0.1766666666666666,7.333333333333333,0.0377358490566037,0.9622641509433962,0.0,0.0,0.0,0.8,0.1,,,0,0,0,0.0,2,1,0,0,8,7,1,0,1.0,779,779,8941188,8941200,0.9999986578982688,0.0,8941188,8941188,0,1.0000013421035323,1.0000013421035323,400000,392920.0,0.0439448843555674,4371120,4371120,30,6556680.0,3934008.0,26.22752470692,0,0,0,0,0,0,0.0,,1727,9823.0,,101.61261820793152,B4_majority_vote,0.0,110946.0,0.0,10000.0,0.0,0.0,0.0,4371120.0,,,1.0,,,17.0,,,,,,,,,,,,,,,,,,,,,,,,,,,,,,,,,,,,,,,,,,,,,,,,,,,,,,,,,,,,,,,,,,,,,,,,,,,,,,,,,,,,,,,,,,,,,,,,,,,,,,,,,,,,,,,,,,,,,,,,,,,,,,,,,,,,,,,,,,,,,,,,,,,,,,,,,,,,,,,,,,,,,,,,,,,,,,,,,,,,,,,,,,,,,,,,,,,,,,,,,,,,,,,,,,,,,,,,,,,,,,,,,,,,,,,,,,
aggregation,20260917T190142-a6ef_B4_majority_vote_default_s4,20260917T190142-a6ef,ok,B4_majority_vote,baseline,4,tier1,,default,1000,10000,30,10,2,1,43d2c39c01e88b89,0.0,none,0,,,,sim-3b,synthetic,,,,,,104.381,2.708,461.3,2026-09-17T19:19:07Z,,1924,0,0,0,249,182,1012,313,168,0,0.1294178794178794,0.3866943866943867,0.6133056133056133,0.3196465696465696,0.3903326403326403,0,0,0.91,0.91,100,0.56,0.56,25,19.0,19.142857142857142,4.0,2.0,0.4,0.4,10,18.0,19.0,10.0,2.0,0.8125,0.8125,16,1.0,1.0,3,0.1400605624987398,0.642348067074675,0.8893724181746393,1.0,1.0,0.8074074074074075,0.1294178794178794,0.6133056133056133,1924,0.3937007874015748,0.2088353413654618,1.0,0.0,0.1531531531531531,1.0,1924,0,0,0,249,182,1012,313,168,0,0.1294178794178794,0.3866943866943867,0.6133056133056133,0.3196465696465696,0.3903326403326403,0,0,0.91,0.91,100,0.56,0.56,25,19.0,19.142857142857142,4.0,2.0,0.4,0.4,10,18.0,19.0,10.0,2.0,0.8125,0.8125,16,1.0,1.0,3,0.1400605624987398,0.642348067074675,0.325,0.4208333333333333,7.333333333333333,0.2647058823529412,0.7352941176470589,0.0,0.0,0.0,0.7,0.3,,,0,0,0,0.0,3,3,0,0,7,4,3,0,1.0,759,759,9270985,9271000,0.9999983820515588,0.0,9270985,9270985,0,1.0000016179510591,1.0000016179510591,400000,390240.0,0.0420925466508467,4543120,4543120,30,6814680.0,4088808.0,27.25955438865,0,0,0,0,0,0,0.0,,1924,9756.0,,104.3801941871643,B4_majority_vote,0.0,115485.0,0.0,10000.0,0.0,0.0,0.0,4543120.0,,,2.0,2.0,,13.0,,,,,,,,,,,,,,,,,,,,,,,,,,,,,,,,,,,,,,,,,,,,,,,,,,,,,,,,,,,,,,,,,,,,,,,,,,,,,,,,,,,,,,,,,,,,,,,,,,,,,,,,,,,,,,,,,,,,,,,,,,,,,,,,,,,,,,,,,,,,,,,,,,,,,,,,,,,,,,,,,,,,,,,,,,,,,,,,,,,,,,,,,,,,,,,,,,,,,,,,,,,,,,,,,,,,,,,,,,,,,,,,,,,,,,,,,,
aggregation,20260917T190142-a6ef_B5_flat_agents_default_s3,20260917T190142-a6ef,ok,B5_flat_agents,hierarchy,3,tier1,,default,1000,10000,30,10,2,1,c45ec7ed8069c397,0.0,none,1,order_capped,3.0,1.0,sim-3b,synthetic,none,3.0,none,,,16.974,2.609,357.7,2026-09-17T19:19:12Z,,146,0,0,0,64,42,17,22,1,0,0.4383561643835616,0.8767123287671232,0.1232876712328767,0.0068493150684931,0.0273972602739726,0,0,0.29,0.29,100,0.72,0.72,25,18.5,17.944444444444443,1.0,2.0,0.7,0.7,10,17.0,17.428571428571427,6.0,2.0,0.25,0.25,20,1.0,1.0,2,0.0040159329886468,0.98913475194286,0.2709397619624593,0.59619140625,64.0,0.4,0.4383561643835616,0.1232876712328767,146,0.0,0.40625,1.0,0.0,0.0,1.0,146,0,0,0,64,42,17,22,1,0,0.4383561643835616,0.8767123287671232,0.1232876712328767,0.0068493150684931,0.0273972602739726,0,0,0.29,0.29,100,0.72,0.72,25,18.5,17.944444444444443,1.0,2.0,0.7,0.7,10,17.0,17.428571428571427,6.0,2.0,0.25,0.25,20,1.0,1.0,2,0.0040159329886468,0.98913475194286,0.4533333333333333,0.2966666666666667,5.266666666666667,0.3642857142857142,0.6357142857142857,0.0,0.0,0.0,1.0,0.0,,,0,0,0,0.0,2,2,0,0,8,8,0,0,0.0,0,779,404800,8941200,0.0452735650695656,0.0,404800,404800,0,22.08794466403162,22.08794466403162,400000,,,2786828,0,10030,6131021.6,167209.68,0.1393414,0,0,177,0,0,0,0.0,,146,,,16.773172855377197,,0.0,,,,,,,,,8.0,,,2.0,,,,0.0,0.0,0.0,0.0,0.0,177.0,0.0,404800.0,404800.0,0.0,146.0,1.0,0.0,,,,,,,,,,,,,,,,,,,,,,,,,,,,,,,,,,,,,,,,,,,,,,,,,,,,,,,,,,,,,,,,,,,,,,,,,,,,,,,,,,,,,,,,,,,,,,,,,,,,,,,,,,,,,,,,,,,,,,,,,,,,,,,,,,,,,,,,,,,,,,,,,,,,,,,,,,,,,,,,,,,,,,,,,,,,,,,,,,,,,,,,,,,,,,,,,,,,,,,,,,,,,,,,,,,,,,,,,,,
aggregation,20260917T190142-a6ef_B5_flat_agents_default_s4,20260917T190142-a6ef,ok,B5_flat_agents,hierarchy,4,tier1,,default,1000,10000,30,10,2,1,43d2c39c01e88b89,0.0,none,1,order_capped,3.0,1.0,sim-3b,synthetic,none,3.0,none,,,17.271,2.708,367.0,2026-09-17T19:19:24Z,,248,0,0,0,74,68,24,70,12,0,0.2983870967741935,0.8548387096774194,0.1451612903225806,0.0524193548387096,0.0887096774193548,0,0,0.33,0.33,100,0.8,0.8,25,12.0,13.35,-5.5,2.0,0.7,0.7,10,15.0,14.0,0.0,2.0,0.25,0.25,16,0.6666666666666666,0.6666666666666666,3,0.0397686168039029,0.9873492619651932,0.1697504059368877,0.4910124118683901,63.75675675675676,0.4444444444444444,0.2983870967741935,0.1451612903225806,248,0.0,0.3918918918918919,1.0,0.0,0.0,1.0,248,0,0,0,74,68,24,70,12,0,0.2983870967741935,0.8548387096774194,0.1451612903225806,0.0524193548387096,0.0887096774193548,0,0,0.33,0.33,100,0.8,0.8,25,12.0,13.35,-5.5,2.0,0.7,0.7,10,15.0,14.0,0.0,2.0,0.25,0.25,16,0.6666666666666666,0.6666666666666666,3,0.0397686168039029,0.9873492619651932,0.4833333333333333,0.2458333333333333,5.363636363636363,0.4215686274509804,0.5784313725490196,0.0,0.0,0.0,0.6,0.3,,,0,0,0,0.0,3,2,0,0,7,4,3,0,0.0,0,759,404800,9271000,0.043663035271276,0.0,404800,404800,0,22.902667984189723,22.902667984189723,400000,,,2744599,0,10030,6038117.800000001,164675.94,0.13722995,0,0,244,0,0,0,0.0,,248,,,17.00167155265808,,0.0,,,,,,,,,6.0,,,2.0,,,,0.0,0.0,0.0,0.0,0.0,244.0,0.0,404800.0,404800.0,0.0,248.0,1.0,0.0,,,,,,,,,,,,,,,,,,,,,,,,,,,,,,,,,,,,,,,,,,,,,,,,,,,,,,,,,,,,,,,,,,,,,,,,,,,,,,,,,,,,,,,,,,,,,,,,,,,,,,,,,,,,,,,,,,,,,,,,,,,,,,,,,,,,,,,,,,,,,,,,,,,,,,,,,,,,,,,,,,,,,,,,,,,,,,,,,,,,,,,,,,,,,,,,,,,,,,,,,,,,,,,,,,,,,,,,,,,
aggregation,20260917T190142-a6ef_B5_flat_agents_lineage_default_s3,20260917T190142-a6ef,ok,B5_flat_agents_lineage,hierarchy,3,tier1,,default,1000,10000,30,10,2,1,c45ec7ed8069c397,0.0,none,1,order_capped,3.0,1.0,sim-3b,synthetic,none,3.0,none,,,16.927,2.609,357.7,2026-09-17T19:19:29Z,,146,0,0,0,64,42,17,22,1,0,0.4383561643835616,0.8767123287671232,0.1232876712328767,0.0068493150684931,0.0273972602739726,0,0,0.29,0.29,100,0.72,0.72,25,18.5,17.944444444444443,1.0,2.0,0.7,0.7,10,17.0,17.428571428571427,6.0,2.0,0.25,0.25,20,1.0,1.0,2,0.0046358760014313,0.9885148089300756,0.2709397619624593,0.59619140625,64.0,0.4,0.4383561643835616,0.1232876712328767,146,0.0,0.40625,1.0,0.0,1.0,1.0,146,0,0,0,64,42,17,22,1,0,0.4383561643835616,0.8767123287671232,0.1232876712328767,0.0068493150684931,0.0273972602739726,0,0,0.29,0.29,100,0.72,0.72,25,18.5,17.944444444444443,1.0,2.0,0.7,0.7,10,17.0,17.428571428571427,6.0,2.0,0.25,0.25,20,1.0,1.0,2,0.0046358760014313,0.9885148089300756,0.4533333333333333,0.2966666666666667,5.266666666666667,0.3642857142857142,0.6357142857142857,0.0,0.0,0.0,1.0,0.0,,,0,0,0,0.0,2,2,0,0,8,8,0,0,0.0,0,779,404800,8941200,0.0452735650695656,0.0,404800,404800,0,22.08794466403162,22.08794466403162,400000,,,2786828,0,10030,6131021.6,167209.68,0.1393414,0,0,177,0,0,0,0.0,,146,,,16.720779418945312,,0.0,,,,,,,,,8.0,,,2.0,,,,0.0,0.0,0.0,0.0,0.0,177.0,0.0,404800.0,404800.0,0.0,146.0,1.0,0.0,,,,,,,,,,,,,,,,,,,,,,,,,,,,,,,,,,,,,,,,,,,,,,,,,,,,,,,,,,,,,,,,,,,,,,,,,,,,,,,,,,,,,,,,,,,,,,,,,,,,,,,,,,,,,,,,,,,,,,,,,,,,,,,,,,,,,,,,,,,,,,,,,,,,,,,,,,,,,,,,,,,,,,,,,,,,,,,,,,,,,,,,,,,,,,,,,,,,,,,,,,,,,,,,,,,,,,,,,,,
aggregation,20260917T190142-a6ef_B5_flat_agents_lineage_default_s4,20260917T190142-a6ef,ok,B5_flat_agents_lineage,hierarchy,4,tier1,,default,1000,10000,30,10,2,1,43d2c39c01e88b89,0.0,none,1,order_capped,3.0,1.0,sim-3b,synthetic,none,3.0,none,,,17.453,2.708,367.0,2026-09-17T19:19:42Z,,248,0,0,0,74,68,24,70,12,0,0.2983870967741935,0.8548387096774194,0.1451612903225806,0.0524193548387096,0.0887096774193548,0,0,0.33,0.33,100,0.8,0.8,25,12.0,13.35,-5.5,2.0,0.7,0.7,10,15.0,14.0,0.0,2.0,0.25,0.25,16,0.6666666666666666,0.6666666666666666,3,0.0401565411613931,0.9868349897696052,0.1697504059368877,0.4910124118683901,63.75675675675676,0.4444444444444444,0.2983870967741935,0.1451612903225806,248,0.0,0.3918918918918919,1.0,0.0,1.0,1.0,248,0,0,0,74,68,24,70,12,0,0.2983870967741935,0.8548387096774194,0.1451612903225806,0.0524193548387096,0.0887096774193548,0,0,0.33,0.33,100,0.8,0.8,25,12.0,13.35,-5.5,2.0,0.7,0.7,10,15.0,14.0,0.0,2.0,0.25,0.25,16,0.6666666666666666,0.6666666666666666,3,0.0401565411613931,0.9868349897696052,0.4833333333333333,0.2458333333333333,5.363636363636363,0.4215686274509804,0.5784313725490196,0.0,0.0,0.0,0.6,0.3,,,0,0,0,0.0,3,2,0,0,7,4,3,0,0.0,0,759,404800,9271000,0.043663035271276,0.0,404800,404800,0,22.902667984189723,22.902667984189723,400000,,,2744599,0,10030,6038117.800000001,164675.94,0.13722995,0,0,244,0,0,0,0.0,,248,,,17.180683612823486,,0.0,,,,,,,,,6.0,,,2.0,,,,0.0,0.0,0.0,0.0,0.0,244.0,0.0,404800.0,404800.0,0.0,248.0,1.0,0.0,,,,,,,,,,,,,,,,,,,,,,,,,,,,,,,,,,,,,,,,,,,,,,,,,,,,,,,,,,,,,,,,,,,,,,,,,,,,,,,,,,,,,,,,,,,,,,,,,,,,,,,,,,,,,,,,,,,,,,,,,,,,,,,,,,,,,,,,,,,,,,,,,,,,,,,,,,,,,,,,,,,,,,,,,,,,,,,,,,,,,,,,,,,,,,,,,,,,,,,,,,,,,,,,,,,,,,,,,,,
aggregation,20260917T190142-a6ef_B6_hier_no_lineage_default_s3,20260917T190142-a6ef,ok,B6_hier_no_lineage,hierarchy,3,tier1,,default,1000,10000,30,10,2,1,c45ec7ed8069c397,0.0,none,5,order_capped,3.0,1.0,sim-3b,synthetic,none,3.0,none,,,23.822,2.609,401.6,2026-09-17T19:19:53Z,,722,0,0,0,274,297,52,83,16,0,0.3795013850415512,0.9058171745152356,0.0941828254847645,0.0249307479224376,0.0457063711911357,0,0,0.64,0.64,100,0.84,0.84,25,14.0,14.142857142857142,-5.0,2.0,0.7,0.7,10,14.0,16.428571428571427,5.0,2.0,0.35,0.35,20,1.0,1.0,2,0.002597860747649,0.9776671128252112,0.8681311513878965,0.938469614929651,24.99056603773585,0.6814814814814815,0.3795013850415512,0.0941828254847645,722,0.660377358490566,0.291970802919708,1.0,0.0,0.0337078651685393,1.0,722,0,0,0,274,297,52,83,16,0,0.3795013850415512,0.9058171745152356,0.0941828254847645,0.0249307479224376,0.0457063711911357,0,0,0.64,0.64,100,0.84,0.84,25,14.0,14.142857142857142,-5.0,2.0,0.7,0.7,10,14.0,16.428571428571427,5.0,2.0,0.35,0.35,20,1.0,1.0,2,0.002597860747649,0.9776671128252112,0.4333333333333333,0.3266666666666666,5.666666666666667,0.4125874125874126,0.5874125874125874,0.0,0.0,0.0,0.9,0.1,,,0,0,0,0.0,2,2,0,0,8,7,1,0,0.0,0,779,404800,8941200,0.0452735650695656,9.621768288576074e-06,16105480,404800,15700680,0.5694785194017075,0.55516507424802,400000,,,10930010,0,10810,1717573.0,655800.6,0.5465005000000001,0,0,177,0,0,0,0.0,,722,,,22.97424626350403,,0.0,,,,,,,,,5.0,,,2.0,,1.3149051704132513,0.0254766035611196,0.0,0.0,0.0,0.0,0.0,177.0,0.0,404800.0,4172858.0,0.0,722.0,1.0,0.0,0.4666666666666667,0.3362445414847161,0.0480349344978165,229.0,0.088235294117647,0.0129870129870129,1.0,0.0,0.0363636363636363,1.0,0.6518518518518519,0.3509615384615384,0.0576923076923076,416.0,0.3775510204081632,0.1917808219178082,1.0,0.0,0.0266666666666666,1.0,0.6814814814814815,0.3690685413005272,0.0808435852372583,569.0,0.5849056603773585,0.2571428571428571,1.0,0.0,0.0337078651685393,1.0,229.0,0.0,0.0,0.0,77.0,137.0,1.0,4.0,10.0,0.0,0.3362445414847161,0.9519650655021834,0.0480349344978165,0.0436681222707423,0.0524017467248908,0.0,0.0,0.55,0.55,100.0,0.28,0.28,25.0,17.0,17.571428571428573,-4.0,-1.0,0.1,0.1,10.0,28.0,28.0,13.0,-1.0,0.05,0.05,20.0,0.5,0.5,2.0,0.0328635495789503,0.989195427308208,416.0,0.0,0.0,0.0,146.0,215.0,12.0,31.0,12.0,0.0,0.3509615384615384,0.9423076923076924,0.0576923076923076,0.0288461538461538,0.0456730769230769,0.0,0.0,0.61,0.61,100.0,0.84,0.84,25.0,17.0,15.904761904761903,-4.0,0.0,0.6,0.6,10.0,19.0,20.0,11.0,0.0,0.25,0.25,20.0,0.5,0.5,2.0,0.0088187211623403,0.9799725673161864,569.0,0.0,0.0,0.0,210.0,256.0,32.0,57.0,14.0,0.0,0.3690685413005272,0.9191564147627416,0.0808435852372583,0.0263620386643233,0.0456942003514938,0.0,0.0,0.64,0.64,100.0,0.84,0.84,25.0,14.0,14.142857142857142,-5.0,1.0,0.7,0.7,10.0,14.0,16.428571428571427,5.0,1.0,0.35,0.35,20.0,1.0,1.0,2.0,0.0047661331948342,0.9784040945305108,404800.0,6799882.0,229.0,10.0,6799882.0,4727940.0,416.0,2.0,4727940.0,4172858.0,569.0,1.0,0.0,0.0,0.0,,,,,,,,,,,,,,,,,,,,,,,,,,,,,,,,,,,,,,,,,,,,,,,,
aggregation,20260917T190142-a6ef_B6_hier_no_lineage_default_s4,20260917T190142-a6ef,ok,B6_hier_no_lineage,hierarchy,4,tier1,,default,1000,10000,30,10,2,1,43d2c39c01e88b89,0.0,none,5,order_capped,3.0,1.0,sim-3b,synthetic,none,3.0,none,,,24.101,2.708,399.4,2026-09-17T19:20:06Z,,1050,0,0,0,307,403,89,201,50,0,0.2923809523809524,0.8676190476190476,0.1323809523809523,0.0542857142857142,0.0828571428571428,0,0,0.64,0.64,100,0.8,0.8,25,11.5,11.55,-5.0,2.0,0.7,0.7,10,15.0,14.714285714285714,2.0,2.0,0.3125,0.3125,16,0.6666666666666666,0.6666666666666666,3,0.032384950178471,0.9780992358927568,0.8635608953247064,0.978251248861368,24.51851851851852,0.674074074074074,0.2923809523809524,0.1323809523809523,1050,0.7037037037037037,0.260586319218241,1.0,0.0,0.021505376344086,1.0,1050,0,0,0,307,403,89,201,50,0,0.2923809523809524,0.8676190476190476,0.1323809523809523,0.0542857142857142,0.0828571428571428,0,0,0.64,0.64,100,0.8,0.8,25,11.5,11.55,-5.0,2.0,0.7,0.7,10,15.0,14.714285714285714,2.0,2.0,0.3125,0.3125,16,0.6666666666666666,0.6666666666666666,3,0.032384950178471,0.9780992358927568,0.4458333333333333,0.3,5.538461538461538,0.5272727272727272,0.4727272727272728,0.0,0.0,0.0,0.5,0.4,,,0,0,0,0.0,3,2,0,0,7,3,4,0,0.0,0,759,404800,9271000,0.043663035271276,3.0966143682906686e-05,15738352,404800,15333552,0.6046218123498065,0.5890705710483537,400000,,,10574439,0,10810,1661697.5571428572,634466.34,0.52872195,0,0,244,0,0,0,0.0,,1050,,,22.91335606575012,,0.0,,,,,,,,,6.0,,,2.0,,1.387993519203596,0.0260865845043601,0.0,0.0,0.0,0.0,0.0,244.0,0.0,404800.0,4092498.0,0.0,1050.0,1.0,0.0,0.5481481481481482,0.3181818181818182,0.0384615384615384,286.0,0.072289156626506,0.0109890109890109,1.0,0.0,0.0,1.0,0.6518518518518519,0.3093385214007782,0.0875486381322957,514.0,0.4705882352941176,0.1383647798742138,1.0,0.0,0.0,1.0,0.674074074074074,0.2979539641943734,0.1176470588235294,782.0,0.6481481481481481,0.2188841201716738,1.0,0.0,0.021505376344086,1.0,286.0,0.0,0.0,0.0,91.0,174.0,5.0,10.0,6.0,0.0,0.3181818181818182,0.9615384615384616,0.0384615384615384,0.0314685314685314,0.0524475524475524,0.0,0.0,0.62,0.62,100.0,0.4,0.4,25.0,21.0,21.3,2.5,-1.0,0.2,0.2,10.0,24.0,24.0,11.5,-1.0,0.125,0.125,16.0,0.6666666666666666,0.6666666666666666,3.0,0.0212879943370789,0.9898194628685476,514.0,0.0,0.0,0.0,159.0,263.0,25.0,47.0,20.0,0.0,0.3093385214007782,0.9124513618677044,0.0875486381322957,0.0486381322957198,0.0680933852140077,0.0,0.0,0.64,0.64,100.0,0.72,0.72,25.0,11.5,11.77777777777778,-5.5,0.0,0.6,0.6,10.0,17.0,16.166666666666668,3.5,0.0,0.25,0.25,16.0,0.6666666666666666,0.6666666666666666,3.0,0.0278492564209498,0.97921112412523,782.0,0.0,0.0,0.0,233.0,333.0,57.0,124.0,35.0,0.0,0.2979539641943734,0.8823529411764706,0.1176470588235294,0.0524296675191815,0.078005115089514,0.0,0.0,0.64,0.64,100.0,0.8,0.8,25.0,11.5,11.55,-5.0,1.0,0.7,0.7,10.0,15.0,14.714285714285714,2.0,1.0,0.3125,0.3125,16.0,0.6666666666666666,0.6666666666666666,3.0,0.0309457790529983,0.9785161115338168,404800.0,6679426.0,286.0,10.0,6679426.0,4561628.0,514.0,2.0,4561628.0,4092498.0,782.0,1.0,0.0,0.0,0.0,,,,,,,,,,,,,,,,,,,,,,,,,,,,,,,,,,,,,,,,,,,,,,,,
aggregation,20260917T190142-a6ef_B7_mycelic_default_s3,20260917T190142-a6ef,ok,B7_mycelic,hierarchy,3,tier1,,default,1000,10000,30,10,2,1,c45ec7ed8069c397,0.0,none,5,order_capped,3.0,1.0,sim-3b,synthetic,none,3.0,none,,,29.052,2.609,401.7,2026-09-17T19:20:22Z,,605,107,4,103,235,254,40,61,15,0,0.3884297520661157,0.9090909090909092,0.0909090909090909,0.028099173553719,0.0479338842975206,7,159,0.63,0.64,100,0.84,0.84,25,14.0,14.19047619047619,-5.0,2.0,0.7,0.7,10,14.0,16.428571428571427,5.0,2.0,0.3,0.35,20,1.0,1.0,2,0.0054770293985259,0.9735424750833772,0.8511911458272267,0.9606394262504058,28.245283018867923,0.6814814814814815,0.3884297520661157,0.0909090909090909,605,0.5480769230769231,0.2425531914893617,1.0,0.0,0.4943820224719101,1.0,605,107,4,103,235,254,40,61,15,0,0.3884297520661157,0.9090909090909092,0.0909090909090909,0.028099173553719,0.0479338842975206,7,159,0.63,0.64,100,0.84,0.84,25,14.0,14.19047619047619,-5.0,2.0,0.7,0.7,10,14.0,16.428571428571427,5.0,2.0,0.3,0.35,20,1.0,1.0,2,0.0054770293985259,0.9735424750833772,0.4266666666666667,0.3266666666666666,5.666666666666667,0.4125874125874126,0.5874125874125874,0.0309278350515463,0.6,0.0588235294117647,1.0,0.0,,17.666666666666668,264,70,188,0.7121212121212122,2,2,0,1,8,8,0,5,0.0,0,779,404800,8941200,0.0452735650695656,9.621768288576074e-06,16328642,404800,15923842,0.5614976586680526,0.5475776858847172,400000,,,10985804,0,10810,1726340.6285714286,659148.24,0.5492902000000001,0,0,177,0,0,0,0.0,,605,,,28.182190418243408,,0.0,,,,,,,,,5.0,,,2.0,,1.3149051704132513,0.0251195659941865,540.0,0.0,0.0,0.0,0.0,177.0,0.0,404800.0,4305974.0,0.0,605.0,1.0,0.0,0.4666666666666667,0.3362445414847161,0.0480349344978165,229.0,0.088235294117647,0.0129870129870129,1.0,0.0,0.9272727272727272,1.0,0.6518518518518519,0.3753846153846153,0.0492307692307692,325.0,0.1935483870967742,0.0573770491803278,1.0,0.0,0.72,1.0,0.674074074074074,0.3826638477801268,0.0718816067653276,473.0,0.4563106796116505,0.2044198895027624,1.0,0.0,0.5681818181818182,1.0,229.0,0.0,0.0,0.0,77.0,137.0,1.0,4.0,10.0,0.0,0.3362445414847161,0.9519650655021834,0.0480349344978165,0.0436681222707423,0.0524017467248908,0.0,0.0,0.55,0.55,100.0,0.28,0.28,25.0,17.0,17.571428571428573,-4.0,-1.0,0.1,0.1,10.0,28.0,28.0,13.0,-1.0,0.05,0.05,20.0,0.5,0.5,2.0,0.0311389112849727,0.9856841802400658,325.0,95.0,3.0,92.0,122.0,172.0,6.0,15.0,10.0,0.0,0.3753846153846153,0.9507692307692308,0.0492307692307692,0.0307692307692307,0.04,7.0,144.0,0.57,0.61,100.0,0.84,0.84,25.0,17.0,15.904761904761903,-4.0,0.0,0.6,0.6,10.0,19.0,20.0,11.0,0.0,0.2,0.25,20.0,0.5,0.5,2.0,0.0066284266955086,0.9746003238977128,473.0,85.0,3.0,82.0,181.0,219.0,21.0,39.0,13.0,0.0,0.3826638477801268,0.9281183932346724,0.0718816067653276,0.0295983086680761,0.0465116279069767,7.0,148.0,0.62,0.63,100.0,0.84,0.84,25.0,14.0,14.571428571428571,-4.0,1.0,0.7,0.7,10.0,14.0,16.571428571428573,5.0,1.0,0.3,0.35,20.0,1.0,1.0,2.0,0.0066605134532759,0.973002948541446,404800.0,6799882.0,229.0,10.0,6799882.0,4817986.0,325.0,2.0,4817986.0,4305974.0,473.0,1.0,0.0,0.0,0.0,,,,,,,,,,,,,,,,,,,,,,,,,,,,,,,,,,,,,,,,,,,,,,,,
aggregation,20260917T190142-a6ef_B7_mycelic_default_s4,20260917T190142-a6ef,ok,B7_mycelic,hierarchy,4,tier1,,default,1000,10000,30,10,2,1,43d2c39c01e88b89,0.0,none,5,order_capped,3.0,1.0,sim-3b,synthetic,none,3.0,none,,,31.816,2.708,401.3,2026-09-17T19:20:38Z,,793,194,12,182,231,309,60,156,37,0,0.2912988650693568,0.8776796973518285,0.1223203026481715,0.0529634300126103,0.0781841109709962,7,234,0.63,0.64,100,0.76,0.8,25,11.0,11.578947368421051,-5.0,2.0,0.7,0.7,10,15.0,14.714285714285714,2.0,2.0,0.3125,0.3125,16,0.6666666666666666,0.6666666666666666,3,0.0279442293187344,0.973161409550454,0.833434479322879,0.9930660636761828,28.296296296296298,0.674074074074074,0.2912988650693568,0.1223203026481715,793,0.5849056603773585,0.1688311688311688,1.0,0.0,0.4946236559139785,1.0,793,194,12,182,231,309,60,156,37,0,0.2912988650693568,0.8776796973518285,0.1223203026481715,0.0529634300126103,0.0781841109709962,7,234,0.63,0.64,100,0.76,0.8,25,11.0,11.578947368421051,-5.0,2.0,0.7,0.7,10,15.0,14.714285714285714,2.0,2.0,0.3125,0.3125,16,0.6666666666666666,0.6666666666666666,3,0.0279442293187344,0.973161409550454,0.4458333333333333,0.3,5.538461538461538,0.5272727272727272,0.4727272727272728,0.022140221402214,0.6,0.0427046263345195,0.7,0.2,,11.833333333333334,343,72,265,0.7725947521865889,3,2,0,2,7,5,2,4,0.0,0,759,404800,9271000,0.043663035271276,3.0966143682906686e-05,16066100,404800,15661300,0.5919687382273502,0.5770535475317594,400000,,,10656371,0,10810,1674572.5857142855,639382.26,0.53281855,0,0,244,0,0,0,0.0,,793,,,30.570266008377075,,0.0,,,,,,,,,6.0,,,2.0,,1.387993519203596,0.0255406639295588,669.0,0.0,0.0,0.0,0.0,244.0,0.0,404800.0,4282588.0,0.0,793.0,1.0,0.0,0.5481481481481482,0.3181818181818182,0.0384615384615384,286.0,0.072289156626506,0.0109890109890109,1.0,0.0,0.9838709677419356,1.0,0.6518518518518519,0.3265822784810127,0.070886075949367,395.0,0.21,0.0077519379844961,1.0,0.0,0.6625,1.0,0.6518518518518519,0.2998236331569665,0.0934744268077601,567.0,0.3980582524271844,0.1,1.0,0.0,0.5168539325842697,1.0,286.0,0.0,0.0,0.0,91.0,174.0,5.0,10.0,6.0,0.0,0.3181818181818182,0.9615384615384616,0.0384615384615384,0.0314685314685314,0.0524475524475524,0.0,0.0,0.62,0.62,100.0,0.4,0.4,25.0,21.0,21.3,2.5,-1.0,0.2,0.2,10.0,24.0,24.0,11.5,-1.0,0.125,0.125,16.0,0.6666666666666666,0.6666666666666666,3.0,0.0179188455741875,0.986450314105656,395.0,125.0,6.0,119.0,129.0,208.0,14.0,30.0,14.0,0.0,0.3265822784810127,0.9291139240506328,0.070886075949367,0.0430379746835443,0.060759493670886,7.0,206.0,0.63,0.64,100.0,0.68,0.72,25.0,11.0,11.705882352941176,-6.0,0.0,0.6,0.6,10.0,17.0,16.166666666666668,3.5,0.0,0.25,0.25,16.0,0.6666666666666666,0.6666666666666666,3.0,0.0156383718339293,0.9705132436757942,567.0,149.0,8.0,141.0,170.0,257.0,29.0,87.0,24.0,0.0,0.2998236331569665,0.9065255731922398,0.0934744268077601,0.0493827160493827,0.0723104056437389,7.0,225.0,0.63,0.64,100.0,0.68,0.72,25.0,11.0,11.647058823529411,-7.0,1.0,0.6,0.6,10.0,14.5,14.166666666666666,1.0,1.0,0.3125,0.3125,16.0,0.6666666666666666,0.6666666666666666,3.0,0.0226976682895701,0.9718609387966894,404800.0,6679426.0,286.0,10.0,6679426.0,4699286.0,395.0,2.0,4699286.0,4282588.0,567.0,1.0,0.0,0.0,0.0,,,,,,,,,,,,,,,,,,,,,,,,,,,,,,,,,,,,,,,,,,,,,,,,1.0
aggregation,20260917T190142-a6ef_B8_mycelic_security_default_s3,20260917T190142-a6ef,ok,B8_mycelic_security,hierarchy,3,tier1,,default,1000,10000,30,10,2,1,c45ec7ed8069c397,0.0,lineage_aware,5,order_capped,3.0,1.0,sim-3b,synthetic,none,3.0,none,,,26.408,2.609,401.7,2026-09-17T19:20:48Z,,557,117,4,113,220,231,36,51,19,0,0.3949730700179533,0.9012567324955116,0.0987432675044883,0.0359066427289048,0.0574506283662477,8,143,0.58,0.6,100,0.84,0.84,25,18.0,17.428571428571427,1.0,2.0,0.7,0.7,10,17.0,17.571428571428573,6.0,2.0,0.3,0.3,20,1.0,1.0,2,0.0086622628424971,0.9710966034800252,0.8478515677732781,0.9665275179386804,27.69607843137255,0.6518518518518519,0.3949730700179533,0.0987432675044883,557,0.57,0.2409090909090909,1.0,0.0,0.4096385542168674,1.0,557,117,4,113,220,231,36,51,19,0,0.3949730700179533,0.9012567324955116,0.0987432675044883,0.0359066427289048,0.0574506283662477,8,143,0.58,0.6,100,0.84,0.84,25,18.0,17.428571428571427,1.0,2.0,0.7,0.7,10,17.0,17.571428571428573,6.0,2.0,0.3,0.3,20,1.0,1.0,2,0.0086622628424971,0.9710966034800252,0.4633333333333333,0.2933333333333333,6.0,0.4094488188976378,0.5905511811023623,0.034090909090909,0.6,0.064516129032258,1.0,0.0,,20.166666666666668,240,64,170,0.7083333333333334,2,2,0,1,8,8,0,5,0.0,0,779,404800,8941200,0.0452735650695656,9.987116619560769e-06,15204822,404800,14800022,0.6041342370977557,0.5880502908879828,400000,,,10466366,0,10810,1644714.657142857,627981.96,0.5233183,0,0,989,0,0,0,0.0,,557,,1.0,25.62777328491211,,0.0,,,,,,,,,4.0,,,2.0,,1.4229852898346598,0.0270269868517763,499.0,0.0,0.0,0.0,0.0,989.0,0.0,404800.0,4027034.0,0.0,557.0,1.0,0.0,0.4148148148148148,0.3265306122448979,0.0510204081632653,196.0,0.05,0.015625,1.0,0.0,0.9,1.0,0.6148148148148148,0.3771626297577855,0.0622837370242214,289.0,0.1839080459770115,0.0642201834862385,1.0,0.0,0.6571428571428571,1.0,0.6444444444444445,0.388235294117647,0.08,425.0,0.4343434343434343,0.2,1.0,0.0,0.4878048780487805,1.0,196.0,0.0,0.0,0.0,64.0,117.0,1.0,5.0,9.0,0.0,0.3265306122448979,0.9489795918367347,0.0510204081632653,0.0459183673469387,0.0561224489795918,0.0,0.0,0.5,0.5,100.0,0.24,0.24,25.0,22.0,21.83333333333333,4.0,-1.0,0.0,0.0,10.0,,,,,0.05,0.05,20.0,0.5,0.5,2.0,0.0343266531488152,0.9836174957365288,289.0,86.0,2.0,84.0,109.0,147.0,6.0,15.0,12.0,0.0,0.3771626297577855,0.9377162629757786,0.0622837370242214,0.0449826989619377,0.0553633217993079,7.0,134.0,0.52,0.57,100.0,0.8,0.8,25.0,17.5,17.4,0.5,0.0,0.6,0.6,10.0,22.0,22.0,12.5,0.0,0.2,0.2,20.0,0.5,0.5,2.0,0.0165636987867489,0.969269102945004,425.0,90.0,3.0,87.0,165.0,194.0,18.0,32.0,16.0,0.0,0.388235294117647,0.92,0.08,0.04,0.0564705882352941,8.0,136.0,0.57,0.59,100.0,0.84,0.84,25.0,18.0,17.571428571428573,1.0,1.0,0.7,0.7,10.0,17.0,17.714285714285715,6.0,1.0,0.3,0.3,20.0,1.0,1.0,2.0,0.0115222966411012,0.9699502067628324,404800.0,6283410.0,196.0,10.0,6283410.0,4489578.0,289.0,2.0,4489578.0,4027034.0,425.0,1.0,0.0,0.0,0.0,lineage_aware,backing,claim_rules,classifier_local,consistency,dedup,provenance,sanity,signature,signature_ok,support,sim-3b,,,"content classifiers are profile operating points (assumption), not measured detectors",10000.0,989.0,0.0,0.0,10000.0,989.0,0.0,0.0,0.0,0.0989,3066.0,0.0,0.0,0.0,3066.0,0.0,0.0,0.0,0.0,0.0,3066.0,0.0,824.0,177.0,0.0,0.0,0.0,10000.0,1800000.0,0.0,3066.0,,
aggregation,20260917T190142-a6ef_B8_mycelic_security_default_s4,20260917T190142-a6ef,ok,B8_mycelic_security,hierarchy,4,tier1,,default,1000,10000,30,10,2,1,43d2c39c01e88b89,0.0,lineage_aware,5,order_capped,3.0,1.0,sim-3b,synthetic,none,3.0,none,,,28.714,2.708,401.3,2026-09-17T19:21:06Z,,684,185,9,176,221,280,47,107,29,0,0.3230994152046784,0.8888888888888888,0.1111111111111111,0.0497076023391812,0.0789473684210526,5,206,0.6,0.61,100,0.72,0.76,25,12.0,12.77777777777778,-6.0,2.0,0.7,0.7,10,17.0,18.714285714285715,7.0,2.0,0.1875,0.25,16,0.6666666666666666,0.6666666666666666,3,0.02307742505159,0.9726444734967994,0.8543837146699832,0.9810174976963768,27.40196078431373,0.6444444444444445,0.3230994152046784,0.1111111111111111,684,0.6262626262626263,0.171945701357466,1.0,0.0,0.4888888888888889,1.0,684,185,9,176,221,280,47,107,29,0,0.3230994152046784,0.8888888888888888,0.1111111111111111,0.0497076023391812,0.0789473684210526,5,206,0.6,0.61,100,0.72,0.76,25,12.0,12.77777777777778,-6.0,2.0,0.7,0.7,10,17.0,18.714285714285715,7.0,2.0,0.1875,0.25,16,0.6666666666666666,0.6666666666666666,3,0.02307742505159,0.9726444734967994,0.425,0.2791666666666667,5.583333333333333,0.4408602150537634,0.5591397849462365,0.0248962655601659,0.6,0.047808764940239,0.7,0.2,,14.333333333333334,309,68,235,0.7605177993527508,3,2,0,2,7,5,2,4,0.0,0,759,404800,9271000,0.043663035271276,3.212885814038169e-05,14962033,404800,14557233,0.6368655361908406,0.6196350455850484,400000,,,10172750,0,10810,1598575.0,610365.0,0.5086375000000001,0,0,1060,0,0,0,0.0,,684,,3.0,27.738410472869877,,0.0,,,,,,,,,4.0,,,2.0,,1.501149947894504,0.0274777493772339,595.0,0.0,0.0,0.0,0.0,1060.0,0.0,404800.0,3997857.0,0.0,684.0,1.0,0.0,0.5037037037037037,0.3294117647058823,0.0392156862745098,255.0,0.08,0.0119047619047619,1.0,0.0,1.0,1.0,0.6296296296296297,0.3426183844011142,0.0529247910863509,359.0,0.2,0.008130081300813,1.0,0.0,0.6493506493506493,1.0,0.6370370370370371,0.3246492985971944,0.0821643286573146,499.0,0.3775510204081632,0.0987654320987654,1.0,0.0,0.5294117647058824,1.0,255.0,0.0,0.0,0.0,84.0,157.0,4.0,4.0,6.0,0.0,0.3294117647058823,0.9607843137254902,0.0392156862745098,0.0352941176470588,0.0470588235294117,0.0,0.0,0.58,0.58,100.0,0.32,0.32,25.0,21.0,19.75,2.0,-1.0,0.2,0.2,10.0,25.5,25.5,13.0,-1.0,0.0625,0.0625,16.0,0.3333333333333333,0.3333333333333333,3.0,0.019847476136721,0.9845533584896622,359.0,113.0,5.0,108.0,123.0,195.0,9.0,22.0,10.0,0.0,0.3426183844011142,0.947075208913649,0.0529247910863509,0.0362116991643454,0.0501392757660167,4.0,180.0,0.59,0.6,100.0,0.72,0.76,25.0,13.0,14.166666666666666,-3.0,0.0,0.6,0.6,10.0,18.0,20.0,8.0,0.0,0.1875,0.25,16.0,0.6666666666666666,0.6666666666666666,3.0,0.0067638898953591,0.9693841816684332,499.0,140.0,6.0,134.0,162.0,237.0,23.0,59.0,18.0,0.0,0.3246492985971944,0.9178356713426854,0.0821643286573146,0.0440881763527054,0.0701402805611222,5.0,202.0,0.6,0.61,100.0,0.72,0.76,25.0,13.0,14.11111111111111,-3.0,1.0,0.6,0.6,10.0,16.5,18.166666666666668,6.5,1.0,0.1875,0.25,16.0,0.6666666666666666,0.6666666666666666,3.0,0.0152172158891975,0.9706140502759136,404800.0,6175932.0,255.0,10.0,6175932.0,4383444.0,359.0,2.0,4383444.0,3997857.0,499.0,1.0,0.0,0.0,0.0,lineage_aware,backing,claim_rules,classifier_local,consistency,dedup,provenance,sanity,signature,signature_ok,support,sim-3b,,,"content classifiers are profile operating points (assumption), not measured detectors",10000.0,1060.0,0.0,0.0,10000.0,1060.0,0.0,0.0,0.0,0.106,4307.0,0.0,0.0,0.0,4307.0,0.0,0.0,0.0,0.0,0.0,4307.0,0.0,836.0,244.0,0.0,0.0,0.0,10000.0,1800000.0,0.0,4307.0,,1.0
aggregation,20260917T190142-a6ef_B9_mycelic_questioning_default_s3,20260917T190142-a6ef,ok,B9_mycelic_questioning,hierarchy,3,tier1,,default,1000,10000,30,10,2,1,c45ec7ed8069c397,0.0,lineage_aware,5,order_capped,3.0,1.0,sim-3b,synthetic,none,3.0,eig,,,58.113,2.609,431.7,2026-09-17T19:21:47Z,,554,117,4,113,218,231,35,51,19,0,0.3935018050541516,0.9025270758122744,0.0974729241877256,0.0361010830324909,0.0577617328519855,8,143,0.58,0.6,100,0.84,0.84,25,18.0,17.666666666666668,1.0,2.0,0.7,0.7,10,17.0,17.571428571428573,6.0,2.0,0.3,0.3,20,1.0,1.0,2,0.0085032750216861,0.9711435148222,0.8478515677732781,0.9665275179386804,27.69607843137255,0.6518518518518519,0.3935018050541516,0.0974729241877256,554,0.56,0.2339449541284403,1.0,0.0,0.4216867469879518,1.0,554,117,4,113,218,231,35,51,19,0,0.3935018050541516,0.9025270758122744,0.0974729241877256,0.0361010830324909,0.0577617328519855,8,143,0.58,0.6,100,0.84,0.84,25,18.0,17.666666666666668,1.0,2.0,0.7,0.7,10,17.0,17.571428571428573,6.0,2.0,0.3,0.3,20,1.0,1.0,2,0.0085032750216861,0.9711435148222,0.4633333333333333,0.2933333333333333,6.0,0.4094488188976378,0.5905511811023623,0.034090909090909,0.6,0.064516129032258,1.0,0.0,,20.166666666666668,240,64,170,0.7083333333333334,2,2,0,1,8,8,0,5,0.0,0,779,404800,8941200,0.0452735650695656,9.751626083649448e-06,15246454,404800,14841654,0.6024395933229544,0.5864445595021636,400000,,,12892321,0,10930,2025936.157142857,773539.26,0.64461605,0,0,989,0,0,0,0.0,,554,,1.0,57.27607202529907,,0.0,,,,,,,,,4.0,,,2.0,,1.4229852898346598,0.0269511740403057,497.0,1063.0,512330.0,2088.0,0.0,989.0,0.0,404800.0,4052578.0,0.0,554.0,1.0,0.0,0.4148148148148148,0.3265306122448979,0.0510204081632653,196.0,0.05,0.015625,1.0,0.0,0.9,1.0,0.6148148148148148,0.3771626297577855,0.0622837370242214,289.0,0.1839080459770115,0.0642201834862385,1.0,0.0,0.6571428571428571,1.0,0.6444444444444445,0.3867924528301887,0.080188679245283,424.0,0.4242424242424242,0.1951219512195122,1.0,0.0,0.4878048780487805,1.0,196.0,0.0,0.0,0.0,64.0,117.0,1.0,5.0,9.0,0.0,0.3265306122448979,0.9489795918367347,0.0510204081632653,0.0459183673469387,0.0561224489795918,0.0,0.0,0.5,0.5,100.0,0.24,0.24,25.0,22.0,21.83333333333333,4.0,-1.0,0.0,0.0,10.0,,,,,0.05,0.05,20.0,0.5,0.5,2.0,0.0343266531488152,0.9836174957365288,289.0,86.0,2.0,84.0,109.0,147.0,6.0,15.0,12.0,0.0,0.3771626297577855,0.9377162629757786,0.0622837370242214,0.0449826989619377,0.0553633217993079,7.0,134.0,0.52,0.57,100.0,0.8,0.8,25.0,17.5,17.5,0.5,0.0,0.6,0.6,10.0,22.0,22.0,12.5,0.0,0.2,0.2,20.0,0.5,0.5,2.0,0.0166214916619945,0.9693268958202496,424.0,90.0,3.0,87.0,164.0,194.0,18.0,32.0,16.0,0.0,0.3867924528301887,0.9198113207547168,0.080188679245283,0.0400943396226415,0.0566037735849056,8.0,136.0,0.57,0.59,100.0,0.84,0.84,25.0,18.0,17.80952380952381,1.0,1.0,0.7,0.7,10.0,17.0,17.714285714285715,6.0,1.0,0.3,0.3,20.0,1.0,1.0,2.0,0.0117746580293684,0.9701045207693112,404800.0,6283410.0,196.0,10.0,6283410.0,4505666.0,289.0,2.0,4505666.0,4052578.0,424.0,1.0,0.0,0.0,0.0,lineage_aware,backing,claim_rules,classifier_local,consistency,dedup,provenance,sanity,signature,signature_ok,support,sim-3b,,,"content classifiers are profile operating points (assumption), not measured detectors",10000.0,989.0,0.0,0.0,10000.0,989.0,0.0,0.0,0.0,0.0989,3046.0,0.0,0.0,0.0,3046.0,0.0,0.0,0.0,0.0,0.0,3046.0,0.0,824.0,177.0,0.0,0.0,0.0,10000.0,1800000.0,0.0,3046.0,1817.0,
aggregation,20260917T190142-a6ef_B9_mycelic_questioning_default_s4,20260917T190142-a6ef,ok,B9_mycelic_questioning,hierarchy,4,tier1,,default,1000,10000,30,10,2,1,43d2c39c01e88b89,0.0,lineage_aware,5,order_capped,3.0,1.0,sim-3b,synthetic,none,3.0,eig,,,63.048,2.708,422.4,2026-09-17T19:22:10Z,,677,186,9,177,218,280,45,105,29,0,0.3220088626292466,0.8906942392909897,0.1093057607090103,0.0502215657311669,0.0797636632200886,5,206,0.6,0.61,100,0.68,0.72,25,11.0,12.0,-6.0,2.0,0.7,0.7,10,17.0,18.714285714285715,7.0,2.0,0.1875,0.25,16,0.6666666666666666,0.6666666666666666,3,0.023595137999451,0.9726407231346405,0.8529419692706761,0.9808295521290143,27.623762376237625,0.6370370370370371,0.3220088626292466,0.1093057607090103,677,0.6224489795918368,0.1651376146788991,1.0,0.0,0.4831460674157303,1.0,677,186,9,177,218,280,45,105,29,0,0.3220088626292466,0.8906942392909897,0.1093057607090103,0.0502215657311669,0.0797636632200886,5,206,0.6,0.61,100,0.68,0.72,25,11.0,12.0,-6.0,2.0,0.7,0.7,10,17.0,18.714285714285715,7.0,2.0,0.1875,0.25,16,0.6666666666666666,0.6666666666666666,3,0.023595137999451,0.9726407231346405,0.4291666666666666,0.275,5.5,0.4456521739130434,0.5543478260869565,0.0248962655601659,0.6,0.047808764940239,0.7,0.2,,14.333333333333334,309,68,235,0.7605177993527508,3,2,0,2,7,5,2,4,0.0,0,759,404800,9271000,0.043663035271276,3.1408021608718864e-05,14999341,404800,14594541,0.6352375179185149,0.6180938215885617,400000,,,12446448,0,10930,1955870.4,746786.88,0.6223224,0,0,1060,0,0,0,0.0,,677,,3.0,61.98206925392151,,0.0,,,,,,,,,5.0,,,2.0,,1.501149947894504,0.0274075080538675,595.0,965.0,475182.0,2100.0,0.0,1060.0,0.0,404800.0,4022025.0,0.0,677.0,1.0,0.0,0.5037037037037037,0.3294117647058823,0.0392156862745098,255.0,0.08,0.0119047619047619,1.0,0.0,1.0,1.0,0.6222222222222222,0.3407821229050279,0.053072625698324,358.0,0.202127659574468,0.0081967213114754,1.0,0.0,0.6447368421052632,1.0,0.6296296296296297,0.3232323232323232,0.0808080808080808,495.0,0.3711340206185567,0.09375,1.0,0.0,0.5238095238095238,1.0,255.0,0.0,0.0,0.0,84.0,157.0,4.0,4.0,6.0,0.0,0.3294117647058823,0.9607843137254902,0.0392156862745098,0.0352941176470588,0.0470588235294117,0.0,0.0,0.58,0.58,100.0,0.32,0.32,25.0,21.0,19.75,2.0,-1.0,0.2,0.2,10.0,25.5,25.5,13.0,-1.0,0.0625,0.0625,16.0,0.3333333333333333,0.3333333333333333,3.0,0.019847476136721,0.9845533584896622,358.0,112.0,5.0,107.0,122.0,195.0,9.0,22.0,10.0,0.0,0.3407821229050279,0.946927374301676,0.053072625698324,0.0363128491620111,0.0502793296089385,4.0,180.0,0.59,0.6,100.0,0.68,0.72,25.0,13.0,13.352941176470589,-3.0,0.0,0.6,0.6,10.0,18.0,20.0,8.0,0.0,0.1875,0.25,16.0,0.6666666666666666,0.6666666666666666,3.0,0.0066223022398566,0.9694591438255108,495.0,140.0,6.0,134.0,160.0,237.0,22.0,58.0,18.0,0.0,0.3232323232323232,0.9191919191919192,0.0808080808080808,0.0444444444444444,0.0707070707070707,5.0,202.0,0.6,0.61,100.0,0.68,0.72,25.0,13.0,13.352941176470589,-3.0,1.0,0.6,0.6,10.0,16.5,18.166666666666668,6.5,1.0,0.1875,0.25,16.0,0.6666666666666666,0.6666666666666666,3.0,0.0156529401914036,0.9706893449570024,404800.0,6175932.0,255.0,10.0,6175932.0,4396584.0,358.0,2.0,4396584.0,4022025.0,495.0,1.0,0.0,0.0,0.0,lineage_aware,backing,claim_rules,classifier_local,consistency,dedup,provenance,sanity,signature,signature_ok,support,sim-3b,,,"content classifiers are profile operating points (assumption), not measured detectors",10000.0,1060.0,0.0,0.0,10000.0,1060.0,0.0,0.0,0.0,0.106,4285.0,0.0,0.0,0.0,4285.0,0.0,0.0,0.0,0.0,0.0,4285.0,0.0,836.0,244.0,0.0,0.0,0.0,10000.0,1800000.0,0.0,4285.0,1551.0,1.0
aggregation,20260917T190142-a6ef_ORACLE_central_stats_default_s3,20260917T190142-a6ef,ok,ORACLE_central_stats,oracle,3,tier1,,default,1000,10000,30,10,2,1,c45ec7ed8069c397,0.0,none,0,,,,sim-3b,synthetic,,,,,,112.221,2.609,547.9,2026-09-17T19:23:39Z,,967,0,0,0,376,325,144,107,15,0,0.3888314374353671,0.8355739400206825,0.1644260599793174,0.0206825232678386,0.0341261633919338,0,0,0.81,0.81,100,1.0,1.0,25,11.0,13.0,-6.0,2.0,1.0,1.0,10,14.5,14.1,2.5,2.0,0.55,0.55,20,1.0,1.0,2,0.0137585728941433,0.9909812720570552,0.9627920774591112,1.0,1.0,0.8592592592592593,0.3888314374353671,0.1644260599793174,967,0.7164179104477612,0.3031914893617021,1.0,0.0,1.0,1.0,967,0,0,0,376,325,144,107,15,0,0.3888314374353671,0.8355739400206825,0.1644260599793174,0.0206825232678386,0.0341261633919338,0,0,0.81,0.81,100,1.0,1.0,25,11.0,13.0,-6.0,2.0,1.0,1.0,10,14.5,14.1,2.5,2.0,0.55,0.55,20,1.0,1.0,2,0.0137585728941433,0.9909812720570552,0.47,0.4166666666666667,6.444444444444445,0.4444444444444444,0.5555555555555556,0.0,0.0,0.0,0.8,0.2,,,0,0,0,0.0,2,2,0,0,8,6,2,0,1.0,779,779,8941188,8941200,0.9999986578982688,0.0,8941188,8941188,0,1.0000013421035323,1.0000013421035323,400000,392920.0,0.0439448843555674,0,0,30,0.0,0.0,0.0008047069199999,0,0,0,0,0,0,0.0,,967,9823.0,,112.21952557563782,ORACLE_central_stats,0.0,0.0,0.0,10000.0,0.0,0.0,0.0,0.0,,,,,,,,,,,,,,,,,,,,,,,,,,,,,,,,,,,,,,,,,,,,,,,,,,,,,,,,,,,,,,,,,,,,,,,,,,,,,,,,,,,,,,,,,,,,,,,,,,,,,,,,,,,,,,,,,,,,,,,,,,,,,,,,,,,,,,,,,,,,,,,,,,,,,,,,,,,,,,,,,,,,,,,,,,,,,,,,,,,,,,,,,,,,,,,,,,,,,,,,,,,,,,,,,,,,,,,,,,,,,,,,,,,,,,,,,,,,,,,,
aggregation,20260917T190142-a6ef_B0_isolated_default_s5,20260917T190142-a6ef,ok,B0_isolated,baseline,5,tier1,,default,1000,10000,30,10,2,1,038036e877508f4c,0.0,none,0,,,,sim-3b,synthetic,,,,,,7.702,4.096,109.1,2026-09-17T19:23:52Z,,0,0,0,0,0,0,0,0,0,0,0.0,0.0,0.0,0.0,0.0,0,0,0.0,0.0,100,0.0,0.0,24,,,,,0.0,0.0,9,,,,,0.0,0.0,20,0.0,0.0,2,,,,,,0.0,0.0,0.0,0,0.0,0.0,1.0,0.0,,,0,0,0,0,0,0,0,0,0,0,0.0,0.0,0.0,0.0,0.0,0,0,0.0,0.0,100,0.0,0.0,24,,,,,0.0,0.0,9,,,,,0.0,0.0,20,0.0,0.0,2,,,0.4733333333333333,0.0,,,,0.0,0.0,0.0,0.8,0.0,,,0,0,0,0.0,2,0,0,0,8,8,0,0,0.0,0,767,0,9239950,0.0,0.0,0,0,0,,,400000,0.0,0.0,1751760,0,9732,3853872.0,105105.6,0.087588,0,0,0,0,0,0,0.0,0.0,0,9732.0,33.0,7.698716163635254,B0_isolated,,,,,,,,,,,,,,,,,,,,,,,,,,,,,,,,,,,,,,,,,,,,,,,,,,,,,,,,,,,,,,,,,,,,,,,,,,,,,,,,,,,,,,,,,,,,,,,,,,,,,,,,,,,,,,,,,,,,,,,,,,,,,,,,,,,,,,,,,,,,,,,,,,,,,,,,,,,,,,,,,,,,,,,,,,,,,,,,,,,,,,,,,,,,,,,,,,,,,,,,,,,,,,,,,,,,,,,,,,,,,,,,,,,,,,,,,,,,,,,,,,,,,,,,
aggregation,20260917T190142-a6ef_ORACLE_central_stats_default_s4,20260917T190142-a6ef,ok,ORACLE_central_stats,oracle,4,tier1,,default,1000,10000,30,10,2,1,43d2c39c01e88b89,0.0,none,0,,,,sim-3b,synthetic,,,,,,113.559,2.708,555.9,2026-09-17T19:24:03Z,,1404,0,0,0,387,456,231,308,22,0,0.2756410256410256,0.8198005698005698,0.1801994301994302,0.0227920227920227,0.0512820512820512,0,0,0.82,0.82,100,1.0,1.0,25,9.0,11.2,-7.0,2.0,1.0,1.0,10,11.5,13.5,0.0,2.0,0.4375,0.4375,16,0.6666666666666666,0.6666666666666666,3,0.014342381408202,0.990825607072388,0.9716746203862406,1.0,1.0,0.8666666666666667,0.2756410256410256,0.1801994301994302,1404,0.7111111111111111,0.2739018087855297,1.0,0.0,0.9917355371900828,1.0,1404,0,0,0,387,456,231,308,22,0,0.2756410256410256,0.8198005698005698,0.1801994301994302,0.0227920227920227,0.0512820512820512,0,0,0.82,0.82,100,1.0,1.0,25,9.0,11.2,-7.0,2.0,1.0,1.0,10,11.5,13.5,0.0,2.0,0.4375,0.4375,16,0.6666666666666666,0.6666666666666666,3,0.014342381408202,0.990825607072388,0.5375,0.3958333333333333,6.266666666666667,0.4017094017094017,0.5982905982905983,0.0,0.0,0.0,0.5,0.4,,,0,0,0,0.0,3,2,0,0,7,3,4,0,1.0,759,759,9270985,9271000,0.9999983820515588,0.0,9270985,9270985,0,1.0000016179510591,1.0000016179510591,400000,390240.0,0.0420925466508467,0,0,30,0.0,0.0,0.00083438865,0,0,0,0,0,0,0.0,,1404,9756.0,,113.55807399749756,ORACLE_central_stats,0.0,0.0,0.0,10000.0,0.0,0.0,0.0,0.0,,,,,,,,,,,,,,,,,,,,,,,,,,,,,,,,,,,,,,,,,,,,,,,,,,,,,,,,,,,,,,,,,,,,,,,,,,,,,,,,,,,,,,,,,,,,,,,,,,,,,,,,,,,,,,,,,,,,,,,,,,,,,,,,,,,,,,,,,,,,,,,,,,,,,,,,,,,,,,,,,,,,,,,,,,,,,,,,,,,,,,,,,,,,,,,,,,,,,,,,,,,,,,,,,,,,,,,,,,,,,,,,,,,,,,,,,,,,,,,,
aggregation,20260917T190142-a6ef_B0_isolated_default_s6,20260917T190142-a6ef,ok,B0_isolated,baseline,6,tier1,,default,1000,10000,30,10,2,1,3fb6295959e38e80,0.0,none,0,,,,sim-3b,synthetic,,,,,,7.697,4.032,108.9,2026-09-17T19:24:16Z,,0,0,0,0,0,0,0,0,0,0,0.0,0.0,0.0,0.0,0.0,0,0,0.0,0.0,100,0.0,0.0,25,,,,,0.0,0.0,10,,,,,0.0,0.0,20,0.0,0.0,2,,,,,,0.0,0.0,0.0,0,0.0,0.0,1.0,0.0,,,0,0,0,0,0,0,0,0,0,0,0.0,0.0,0.0,0.0,0.0,0,0,0.0,0.0,100,0.0,0.0,25,,,,,0.0,0.0,10,,,,,0.0,0.0,20,0.0,0.0,2,,,0.49,0.0,,,,0.0,0.0,0.0,0.8,0.0,,,0,0,0,0.0,2,0,0,0,8,8,0,0,0.0,0,807,0,9200150,0.0,0.0,0,0,0,,,400000,0.0,0.0,1756980,0,9761,3865356.0,105418.8,0.087849,0,0,0,0,0,0,0.0,0.0,0,9761.0,35.0,7.694301128387451,B0_isolated,,,,,,,,,,,,,,,,,,,,,,,,,,,,,,,,,,,,,,,,,,,,,,,,,,,,,,,,,,,,,,,,,,,,,,,,,,,,,,,,,,,,,,,,,,,,,,,,,,,,,,,,,,,,,,,,,,,,,,,,,,,,,,,,,,,,,,,,,,,,,,,,,,,,,,,,,,,,,,,,,,,,,,,,,,,,,,,,,,,,,,,,,,,,,,,,,,,,,,,,,,,,,,,,,,,,,,,,,,,,,,,,,,,,,,,,,,,,,,,,,,,,,,,,
aggregation,20260917T190142-a6ef_B1_central_keyword_default_s5,20260917T190142-a6ef,ok,B1_central_keyword,baseline,5,tier1,,default,1000,10000,30,10,2,1,038036e877508f4c,0.0,none,0,,,,sim-3b,synthetic,,,,,,96.459,4.096,375.0,2026-09-17T19:25:29Z,,1204,0,0,0,380,370,239,160,55,0,0.3156146179401993,0.7558139534883721,0.2441860465116279,0.0647840531561461,0.0730897009966777,0,0,0.9,0.9,100,0.9166666666666666,0.9166666666666666,24,14.0,14.090909090909092,-6.5,2.0,1.0,1.0,9,12.0,12.555555555555555,-5.0,2.0,0.65,0.65,20,0.5,0.5,2,0.0560038694854561,0.99121981632931,0.9259855499611294,1.0,1.0,0.9097744360902256,0.3156146179401993,0.2441860465116279,1204,0.6068965517241379,0.2421052631578947,1.0,0.0,0.0,1.0,1204,0,0,0,380,370,239,160,55,0,0.3156146179401993,0.7558139534883721,0.2441860465116279,0.0647840531561461,0.0730897009966777,0,0,0.9,0.9,100,0.9166666666666666,0.9166666666666666,24,14.0,14.090909090909092,-6.5,2.0,1.0,1.0,9,12.0,12.555555555555555,-5.0,2.0,0.65,0.65,20,0.5,0.5,2,0.0560038694854561,0.99121981632931,0.5633333333333334,0.3266666666666666,6.333333333333333,0.609375,0.390625,0.0,0.0,0.0,0.7,0.2,,,0,0,0,0.0,2,1,0,0,8,6,2,0,1.0,767,767,9239940,9239950,0.9999989177430614,0.0,9239940,9239940,0,1.0000010822581098,1.0000010822581098,400000,389280.0,0.0421300981065914,4254640,4254640,30,6381960.000000001,3829176.000000001,25.5286715946,0,0,0,0,0,0,0.0,,1204,9732.0,,96.45762634277344,B1_central_keyword,0.0,107544.0,0.0,10000.0,0.0,0.0,0.0,4254640.0,,1.0,1.0,,,,,,,,,,,,,,,,,,,,,,,,,,,,,,,,,,,,,,,,,,,,,,,,,,,,,,,,,,,,,,,,,,,,,,,,,,,,,,,,,,,,,,,,,,,,,,,,,,,,,,,,,,,,,,,,,,,,,,,,,,,,,,,,,,,,,,,,,,,,,,,,,,,,,,,,,,,,,,,,,,,,,,,,,,,,,,,,,,,,,,,,,,,,,,,,,,,,,,,,,,,,,,,,,,,,,,,,,,,,,,,,,,,,,,,,,,,,,
aggregation,20260917T190142-a6ef_B1_central_keyword_default_s6,20260917T190142-a6ef,ok,B1_central_keyword,baseline,6,tier1,,default,1000,10000,30,10,2,1,3fb6295959e38e80,0.0,none,0,,,,sim-3b,synthetic,,,,,,97.173,4.032,387.3,2026-09-17T19:25:54Z,,1147,0,0,0,351,410,199,166,21,0,0.3060156931124673,0.8081952920662598,0.1918047079337402,0.021795989537925,0.042720139494333,0,0,0.87,0.87,100,0.92,0.92,25,14.0,15.217391304347826,-5.0,2.0,1.0,1.0,10,18.5,17.5,0.5,2.0,0.7,0.7,20,1.0,1.0,2,0.0119492921842853,0.9901533026463604,0.9341172924208084,1.0,1.0,0.8888888888888888,0.3060156931124673,0.1918047079337402,1147,0.6482758620689655,0.2763532763532763,1.0,0.0,0.0,1.0,1147,0,0,0,351,410,199,166,21,0,0.3060156931124673,0.8081952920662598,0.1918047079337402,0.021795989537925,0.042720139494333,0,0,0.87,0.87,100,0.92,0.92,25,14.0,15.217391304347826,-5.0,2.0,1.0,1.0,10,18.5,17.5,0.5,2.0,0.7,0.7,20,1.0,1.0,2,0.0119492921842853,0.9901533026463604,0.4833333333333333,0.4466666666666666,6.684210526315789,0.4353741496598639,0.564625850340136,0.0,0.0,0.0,0.8,0.2,,,0,0,0,0.0,2,2,0,0,8,6,2,0,1.0,807,807,9200133,9200150,0.9999981522040402,0.0,9200133,9200133,0,1.0000018477993742,1.0000018477993742,400000,390440.0,0.04243843850372,4235760,4235760,30,6353640.0,3812184.0,25.41538801197,0,0,0,0,0,0,0.0,,1147,9761.0,,97.17176127433775,B1_central_keyword,0.0,106992.0,0.0,10000.0,0.0,0.0,0.0,4235760.0,,,1.0,1.0,,,,,,,,,,,,,,,,,,,,,,,,,,,,,,,,,,,,,,,,,,,,,,,,,,,,,,,,,,,,,,,,,,,,,,,,,,,,,,,,,,,,,,,,,,,,,,,,,,,,,,,,,,,,,,,,,,,,,,,,,,,,,,,,,,,,,,,,,,,,,,,,,,,,,,,,,,,,,,,,,,,,,,,,,,,,,,,,,,,,,,,,,,,,,,,,,,,,,,,,,,,,,,,,,,,,,,,,,,,,,,,,,,,,,,,,,,,,
aggregation,20260917T190142-a6ef_B2_central_rag_default_s5,20260917T190142-a6ef,ok,B2_central_rag,baseline,5,tier1,,default,1000,10000,30,10,2,1,038036e877508f4c,0.0,none,0,,,,sim-3b,synthetic,,,,,,94.612,4.096,416.5,2026-09-17T19:27:03Z,,481,0,0,0,145,52,194,76,14,0,0.3014553014553014,0.5675675675675675,0.4324324324324324,0.0582120582120582,0.0623700623700623,0,0,0.21,0.21,100,0.75,0.75,24,16.5,14.333333333333334,-4.5,2.0,0.8888888888888888,0.8888888888888888,9,12.5,12.625,-3.0,2.0,0.45,0.45,20,0.0,0.0,2,0.0388737299532377,0.9806616717411796,0.9923936096708104,1.0,1.0,0.3533834586466165,0.3014553014553014,0.4324324324324324,481,0.711864406779661,0.2482758620689655,1.0,0.0,0.15625,1.0,481,0,0,0,145,52,194,76,14,0,0.3014553014553014,0.5675675675675675,0.4324324324324324,0.0582120582120582,0.0623700623700623,0,0,0.21,0.21,100,0.75,0.75,24,16.5,14.333333333333334,-4.5,2.0,0.8888888888888888,0.8888888888888888,9,12.5,12.625,-3.0,2.0,0.45,0.45,20,0.0,0.0,2,0.0388737299532377,0.9806616717411796,0.4833333333333333,0.4266666666666667,7.111111111111111,0.0,1.0,0.0,0.0,0.0,0.6,0.2,,,0,0,0,0.0,2,0,0,0,8,6,2,0,1.0,767,767,9239940,9239950,0.9999989177430614,0.0,9239940,9239940,0,1.0000010822581098,1.0000010822581098,400000,2626003.0,0.2842009967586404,5699140,5699140,30,8548710.0,5129226.0,34.1956715946,0,0,0,0,0,0,0.0,,481,9732.0,1.0,94.61132740974426,B2_central_rag,0.0,99191.0,0.0,10000.0,0.0,0.0,2236723.0,3566628000.0,,,5.0,1.0,,,,,,,,,,,,,,,,,,,,,,,,,,,,,,,,,,,,,,,,,,,,,,,,,,,,,,,,,,,,,,,,,,,,,,,,,,,,,,,,,,,,,,,,,,,,,,,,,,,,,,,,,,,,,,,,,,,,,,,,,,,,,,,,,,,,,,,,,,,,,,,,,,,,,,,,,,,,,,,,,,,,,,,,,,,,,,,,,,,,,,,,,,,,,,,,,,,,,,,,,,,,,,,,,,,,,,,,,,,,,,,,,,,,,,,,,,,,
aggregation,20260917T190142-a6ef_B3_central_llm_summary_default_s5,20260917T190142-a6ef,ok,B3_central_llm_summary,baseline,5,tier1,,default,1000,10000,30,10,2,1,038036e877508f4c,0.0,none,0,,,,sim-3b,synthetic,,,,,,7.812,4.096,406.3,2026-09-17T19:27:11Z,,237,0,0,0,80,42,58,48,9,0,0.3375527426160337,0.7172995780590717,0.2827004219409282,0.0464135021097046,0.0548523206751054,0,0,0.35,0.35,100,0.9166666666666666,0.9166666666666666,24,17.0,15.681818181818182,-3.0,2.0,1.0,1.0,9,15.0,15.555555555555555,-4.0,2.0,0.45,0.45,20,0.0,0.0,2,0.0384671017960935,0.992053599686389,1.0,1.0,1.0,0.4962406015037593,0.3375527426160337,0.2827004219409282,237,0.0,0.3625,1.0,0.0,0.0,1.0,237,0,0,0,80,42,58,48,9,0,0.3375527426160337,0.7172995780590717,0.2827004219409282,0.0464135021097046,0.0548523206751054,0,0,0.35,0.35,100,0.9166666666666666,0.9166666666666666,24,17.0,15.681818181818182,-3.0,2.0,1.0,1.0,9,15.0,15.555555555555555,-4.0,2.0,0.45,0.45,20,0.0,0.0,2,0.0384671017960935,0.992053599686389,0.6166666666666667,0.2566666666666666,5.357142857142857,0.3984375,0.6015625,0.0,0.0,0.0,0.6,0.2,,,0,0,0,0.0,2,0,0,0,8,6,2,0,1.0,767,767,9239940,9239950,0.9999989177430614,0.0,9239940,9239940,0,1.0000010822581098,1.0000010822581098,400000,2626003.0,0.2842009967586404,5476482,5476482,90,8214723.0,4928833.8,32.8597235946,0,0,0,0,0,0,0.0,,237,9732.0,,7.811094999313354,B3_central_llm_summary,0.0,0.0,60.0,10000.0,0.0,0.0,2236723.0,5476482.0,,,,2.0,,,,,,,,,,,,,,,,,,,,,,,,,,,,,,,,,,,,,,,,,,,,,,,,,,,,,,,,,,,,,,,,,,,,,,,,,,,,,,,,,,,,,,,,,,,,,,,,,,,,,,,,,,,,,,,,,,,,,,,,,,,,,,,,,,,,,,,,,,,,,,,,,,,,,,,,,,,,,,,,,,,,,,,,,,,,,,,,,,,,,,,,,,,,,,,,,,,,,,,,,,,,,,,,,,,,,,,,,,,,,,,,,,,,,,,,,,,,
aggregation,20260917T190142-a6ef_B2_central_rag_default_s6,20260917T190142-a6ef,ok,B2_central_rag,baseline,6,tier1,,default,1000,10000,30,10,2,1,3fb6295959e38e80,0.0,none,0,,,,sim-3b,synthetic,,,,,,93.913,4.032,423.5,2026-09-17T19:27:28Z,,401,0,0,0,109,65,146,74,7,0,0.2718204488778055,0.6184538653366584,0.3815461346633416,0.0249376558603491,0.0623441396508728,0,0,0.15,0.15,100,0.64,0.64,25,13.5,14.3125,-3.5,2.0,0.8,0.8,10,20.0,19.5,2.0,2.0,0.55,0.55,20,0.5,0.5,2,0.0057047795928149,0.9807671237324658,0.9783540997858524,1.0,1.0,0.2888888888888888,0.2718204488778055,0.3815461346633416,401,0.5490196078431373,0.3027522935779816,1.0,0.0,0.15625,1.0,401,0,0,0,109,65,146,74,7,0,0.2718204488778055,0.6184538653366584,0.3815461346633416,0.0249376558603491,0.0623441396508728,0,0,0.15,0.15,100,0.64,0.64,25,13.5,14.3125,-3.5,2.0,0.8,0.8,10,20.0,19.5,2.0,2.0,0.55,0.55,20,0.5,0.5,2,0.0057047795928149,0.9807671237324658,0.46,0.49,7.35,0.0,1.0,0.0,0.0,0.0,0.7,0.2,,,0,0,0,0.0,2,1,0,0,8,6,2,0,1.0,807,807,9200133,9200150,0.9999981522040402,0.0,9200133,9200133,0,1.0000018477993742,1.0000018477993742,400000,2608181.0,0.2834933126090335,5629700,5629700,30,8444550.0,5066730.0,33.77902801197,0,0,0,0,0,0,0.0,,401,9761.0,,93.9119040966034,B2_central_rag,0.0,97242.0,0.0,10000.0,0.0,0.0,2217741.0,3599460000.0,,,9.0,2.0,,,,,,,,,,,,,,,,,,,,,,,,,,,,,,,,,,,,,,,,,,,,,,,,,,,,,,,,,,,,,,,,,,,,,,,,,,,,,,,,,,,,,,,,,,,,,,,,,,,,,,,,,,,,,,,,,,,,,,,,,,,,,,,,,,,,,,,,,,,,,,,,,,,,,,,,,,,,,,,,,,,,,,,,,,,,,,,,,,,,,,,,,,,,,,,,,,,,,,,,,,,,,,,,,,,,,,,,,,,,,,,,,,,,,,,,,,,,
aggregation,20260917T190142-a6ef_B3_central_llm_summary_default_s6,20260917T190142-a6ef,ok,B3_central_llm_summary,baseline,6,tier1,,default,1000,10000,30,10,2,1,3fb6295959e38e80,0.0,none,0,,,,sim-3b,synthetic,,,,,,7.365,4.032,402.8,2026-09-17T19:27:35Z,,197,0,0,0,56,44,47,46,4,0,0.2842639593908629,0.7411167512690355,0.2588832487309644,0.0253807106598984,0.0456852791878172,0,0,0.23,0.23,100,0.6,0.6,25,18.0,17.8,-3.0,2.0,0.7,0.7,10,19.0,17.428571428571427,0.0,2.0,0.35,0.35,20,1.0,1.0,2,0.0144139294108944,0.989033218750996,1.0,1.0,1.0,0.3333333333333333,0.2842639593908629,0.2588832487309644,197,0.0,0.4107142857142857,1.0,0.0,0.0,1.0,197,0,0,0,56,44,47,46,4,0,0.2842639593908629,0.7411167512690355,0.2588832487309644,0.0253807106598984,0.0456852791878172,0,0,0.23,0.23,100,0.6,0.6,25,18.0,17.8,-3.0,2.0,0.7,0.7,10,19.0,17.428571428571427,0.0,2.0,0.35,0.35,20,1.0,1.0,2,0.0144139294108944,0.989033218750996,0.5066666666666667,0.3666666666666666,5.777777777777778,0.2517006802721088,0.7482993197278911,0.0,0.0,0.0,1.0,0.0,,,0,0,0,0.0,2,2,0,0,8,8,0,0,1.0,807,807,9200133,9200150,0.9999981522040402,0.0,9200133,9200133,0,1.0000018477993742,1.0000018477993742,400000,2608181.0,0.2834933126090335,5396648,5396648,90,8094972.0,4856983.2,32.38071601197,0,0,0,0,0,0,0.0,,197,9761.0,1.0,7.364119529724121,B3_central_llm_summary,0.0,0.0,60.0,10000.0,0.0,0.0,2217741.0,5396648.0,,,,10.0,2.0,,,,,,,,,,,,,,,,,,,,,,,,,,,,,,,,,,,,,,,,,,,,,,,,,,,,,,,,,,,,,,,,,,,,,,,,,,,,,,,,,,,,,,,,,,,,,,,,,,,,,,,,,,,,,,,,,,,,,,,,,,,,,,,,,,,,,,,,,,,,,,,,,,,,,,,,,,,,,,,,,,,,,,,,,,,,,,,,,,,,,,,,,,,,,,,,,,,,,,,,,,,,,,,,,,,,,,,,,,,,,,,,,,,,,,,,,,,
aggregation,20260917T190142-a6ef_B3_central_llm_summary_scoped_default_s5,20260917T190142-a6ef,ok,B3_central_llm_summary_scoped,baseline,5,tier1,,default,1000,10000,30,10,2,1,038036e877508f4c,0.0,none,0,,,,sim-3b,synthetic,,,,,,61.1,4.096,404.1,2026-09-17T19:28:12Z,,1112,0,0,0,373,348,187,165,39,0,0.335431654676259,0.7967625899280576,0.2032374100719424,0.0494604316546762,0.0575539568345323,0,0,0.87,0.87,100,0.9166666666666666,0.9166666666666666,24,14.5,14.0,-5.0,2.0,1.0,1.0,9,15.0,15.444444444444445,-4.0,2.0,0.65,0.65,20,0.5,0.5,2,0.0408692676703701,0.991408836015694,0.9427097244171528,1.0,1.0,0.8872180451127819,0.335431654676259,0.2032374100719424,1112,0.6453900709219859,0.257372654155496,1.0,0.0,0.0,1.0,1112,0,0,0,373,348,187,165,39,0,0.335431654676259,0.7967625899280576,0.2032374100719424,0.0494604316546762,0.0575539568345323,0,0,0.87,0.87,100,0.9166666666666666,0.9166666666666666,24,14.5,14.0,-5.0,2.0,1.0,1.0,9,15.0,15.444444444444445,-4.0,2.0,0.65,0.65,20,0.5,0.5,2,0.0408692676703701,0.991408836015694,0.5666666666666667,0.3166666666666666,6.133333333333334,0.5390625,0.4609375,0.0,0.0,0.0,0.7,0.2,,,0,0,0,0.0,2,1,0,0,8,6,2,0,1.0,767,767,9239940,9239950,0.9999989177430614,0.0,9239940,9239940,0,1.0000010822581098,1.0000010822581098,400000,2626003.0,0.2842009967586404,24792930,24792930,90,37189395.0,22313637.0,148.7584115946,0,0,0,0,0,0,0.0,,1112,9732.0,1.0,61.099337577819824,B3_central_llm_summary_scoped,0.0,0.0,60.0,10000.0,0.0,0.0,2236723.0,24792930.0,,1.0,,,,,,,,,,,,,,,,,,,,,,,,,,,,,,,,,,,,,,,,,,,,,,,,,,,,,,,,,,,,,,,,,,,,,,,,,,,,,,,,,,,,,,,,,,,,,,,,,,,,,,,,,,,,,,,,,,,,,,,,,,,,,,,,,,,,,,,,,,,,,,,,,,,,,,,,,,,,,,,,,,,,,,,,,,,,,,,,,,,,,,,,,,,,,,,,,,,,,,,,,,,,,,,,,,,,,,,,,,,,,,,,,,,,,,,,,,,,,,
aggregation,20260917T190142-a6ef_B3_central_llm_summary_scoped_default_s6,20260917T190142-a6ef,ok,B3_central_llm_summary_scoped,baseline,6,tier1,,default,1000,10000,30,10,2,1,3fb6295959e38e80,0.0,none,0,,,,sim-3b,synthetic,,,,,,60.921,4.032,401.6,2026-09-17T19:28:36Z,,994,0,0,0,314,374,135,147,24,0,0.3158953722334004,0.8400402414486922,0.1599597585513078,0.0271629778672032,0.0422535211267605,0,0,0.83,0.83,100,0.88,0.88,25,12.0,15.136363636363637,-5.5,2.0,0.7,0.7,10,19.0,17.285714285714285,0.0,2.0,0.75,0.75,20,1.0,1.0,2,0.0173425957687279,0.9901796179015248,0.92803852378923,1.0,1.0,0.8296296296296296,0.3158953722334004,0.1599597585513078,994,0.6058394160583942,0.2611464968152866,1.0,0.0,0.008695652173913,1.0,994,0,0,0,314,374,135,147,24,0,0.3158953722334004,0.8400402414486922,0.1599597585513078,0.0271629778672032,0.0422535211267605,0,0,0.83,0.83,100,0.88,0.88,25,12.0,15.136363636363637,-5.5,2.0,0.7,0.7,10,19.0,17.285714285714285,0.0,2.0,0.75,0.75,20,1.0,1.0,2,0.0173425957687279,0.9901796179015248,0.45,0.47,6.8,0.3129251700680272,0.6870748299319728,0.0,0.0,0.0,0.7,0.3,,,0,0,0,0.0,2,2,0,0,8,5,3,0,1.0,807,807,9200133,9200150,0.9999981522040402,0.0,9200133,9200133,0,1.0000018477993742,1.0000018477993742,400000,2608181.0,0.2834933126090335,24719095,24719095,90,37078642.5,22247185.5,148.31539801197,0,0,0,0,0,0,0.0,,994,9761.0,3.0,60.91974592208862,B3_central_llm_summary_scoped,0.0,0.0,60.0,10000.0,0.0,0.0,2217741.0,24719095.0,,1.0,,,2.0,,,,,,,,,,,,,,,,,,,,,,,,,,,,,,,,,,,,,,,,,,,,,,,,,,,,,,,,,,,,,,,,,,,,,,,,,,,,,,,,,,,,,,,,,,,,,,,,,,,,,,,,,,,,,,,,,,,,,,,,,,,,,,,,,,,,,,,,,,,,,,,,,,,,,,,,,,,,,,,,,,,,,,,,,,,,,,,,,,,,,,,,,,,,,,,,,,,,,,,,,,,,,,,,,,,,,,,,,,,,,,,,,,,,,,,,,,,
aggregation,20260917T190142-a6ef_B4_majority_vote_default_s5,20260917T190142-a6ef,ok,B4_majority_vote,baseline,5,tier1,,default,1000,10000,30,10,2,1,038036e877508f4c,0.0,none,0,,,,sim-3b,synthetic,,,,,,93.982,4.096,449.3,2026-09-17T19:29:46Z,,1621,0,0,0,241,123,918,154,185,0,0.148673658235657,0.3195558297347316,0.6804441702652684,0.3942011104256632,0.4626773596545342,0,0,0.89,0.89,100,0.2916666666666667,0.2916666666666667,24,19.0,20.0,3.0,2.0,0.5555555555555556,0.5555555555555556,9,16.0,18.0,4.0,2.0,0.65,0.65,20,0.5,0.5,2,0.1438608039469323,0.6321963824232063,0.9218601540934528,1.0,1.0,0.7593984962406015,0.148673658235657,0.6804441702652684,1621,0.3416666666666667,0.1950207468879668,1.0,0.0,0.2547169811320754,1.0,1621,0,0,0,241,123,918,154,185,0,0.148673658235657,0.3195558297347316,0.6804441702652684,0.3942011104256632,0.4626773596545342,0,0,0.89,0.89,100,0.2916666666666667,0.2916666666666667,24,19.0,20.0,3.0,2.0,0.5555555555555556,0.5555555555555556,9,16.0,18.0,4.0,2.0,0.65,0.65,20,0.5,0.5,2,0.1438608039469323,0.6321963824232063,0.3833333333333333,0.3566666666666667,7.166666666666667,0.2149532710280373,0.7850467289719626,0.0,0.0,0.0,0.7,0.2,,,0,0,0,0.0,2,1,0,0,8,6,2,0,1.0,767,767,9239940,9239950,0.9999989177430614,0.0,9239940,9239940,0,1.0000010822581098,1.0000010822581098,400000,389280.0,0.0421300981065914,4281760,4281760,30,6422640.0,3853584.0,25.6913915946,0,0,0,0,0,0,0.0,,1621,9732.0,,93.98102641105652,B4_majority_vote,0.0,108601.0,0.0,10000.0,0.0,0.0,0.0,4281760.0,,,1.0,2.0,,18.0,,,,,,,,,,,,,,,,,,,,,,,,,,,,,,,,,,,,,,,,,,,,,,,,,,,,,,,,,,,,,,,,,,,,,,,,,,,,,,,,,,,,,,,,,,,,,,,,,,,,,,,,,,,,,,,,,,,,,,,,,,,,,,,,,,,,,,,,,,,,,,,,,,,,,,,,,,,,,,,,,,,,,,,,,,,,,,,,,,,,,,,,,,,,,,,,,,,,,,,,,,,,,,,,,,,,,,,,,,,,,,,,,,,,,,,,,,
aggregation,20260917T190142-a6ef_B5_flat_agents_default_s5,20260917T190142-a6ef,ok,B5_flat_agents,hierarchy,5,tier1,,default,1000,10000,30,10,2,1,038036e877508f4c,0.0,none,1,order_capped,3.0,1.0,sim-3b,synthetic,none,3.0,none,,,14.89,4.096,344.5,2026-09-17T19:30:01Z,,162,0,0,0,59,44,22,30,7,0,0.3641975308641975,0.8209876543209876,0.1790123456790123,0.0493827160493827,0.0679012345679012,0,0,0.24,0.24,100,0.5833333333333334,0.5833333333333334,24,16.5,16.142857142857142,-2.5,2.0,0.7777777777777778,0.7777777777777778,9,24.0,21.0,5.0,2.0,0.45,0.45,20,0.0,0.0,2,0.0378126090597933,0.9884298930104106,0.2797279896792645,0.5950741525423728,64.0,0.3383458646616541,0.3641975308641975,0.1790123456790123,162,0.0,0.3220338983050847,1.0,0.0,0.0,1.0,162,0,0,0,59,44,22,30,7,0,0.3641975308641975,0.8209876543209876,0.1790123456790123,0.0493827160493827,0.0679012345679012,0,0,0.24,0.24,100,0.5833333333333334,0.5833333333333334,24,16.5,16.142857142857142,-2.5,2.0,0.7777777777777778,0.7777777777777778,9,24.0,21.0,5.0,2.0,0.45,0.45,20,0.0,0.0,2,0.0378126090597933,0.9884298930104106,0.54,0.2233333333333333,5.153846153846154,0.4765625,0.5234375,0.0,0.0,0.0,0.7,0.1,,,0,0,0,0.0,2,0,0,0,8,7,1,0,0.0,0,767,404800,9239950,0.0438097608753294,0.0,404800,404800,0,22.82596343873518,22.82596343873518,400000,,,2718982,0,10030,5981760.4,163138.91999999998,0.1359491,0,0,268,0,0,0,0.0,,162,,4.0,14.712204456329346,,0.0,,,,,,,,,8.0,,,,,,,0.0,0.0,0.0,0.0,0.0,268.0,0.0,404800.0,404800.0,0.0,162.0,1.0,0.0,,,,,,,,,,,,,,,,,,,,,,,,,,,,,,,,,,,,,,,,,,,,,,,,,,,,,,,,,,,,,,,,,,,,,,,,,,,,,,,,,,,,,,,,,,,,,,,,,,,,,,,,,,,,,,,,,,,,,,,,,,,,,,,,,,,,,,,,,,,,,,,,,,,,,,,,,,,,,,,,,,,,,,,,,,,,,,,,,,,,,,,,,,,,,,,,,,,,,,,,,,,,,,,,,,,,,,,,,,,
aggregation,20260917T190142-a6ef_B4_majority_vote_default_s6,20260917T190142-a6ef,ok,B4_majority_vote,baseline,6,tier1,,default,1000,10000,30,10,2,1,3fb6295959e38e80,0.0,none,0,,,,sim-3b,synthetic,,,,,,94.975,4.032,450.7,2026-09-17T19:30:11Z,,1625,0,0,0,235,182,816,259,133,0,0.1446153846153846,0.416,0.584,0.3113846153846153,0.3876923076923076,0,0,0.86,0.86,100,0.2,0.2,25,20.0,17.2,2.0,2.0,0.6,0.6,10,19.5,20.0,4.5,2.0,0.9,0.9,20,1.0,1.0,2,0.1443888126825991,0.6408384461879159,0.9077022175196012,1.0,1.0,0.7185185185185186,0.1446153846153846,0.584,1625,0.4,0.2680851063829787,1.0,0.0,0.2857142857142857,1.0,1625,0,0,0,235,182,816,259,133,0,0.1446153846153846,0.416,0.584,0.3113846153846153,0.3876923076923076,0,0,0.86,0.86,100,0.2,0.2,25,20.0,17.2,2.0,2.0,0.6,0.6,10,19.5,20.0,4.5,2.0,0.9,0.9,20,1.0,1.0,2,0.1443888126825991,0.6408384461879159,0.29,0.4566666666666666,7.538461538461538,0.0875912408759124,0.9124087591240876,0.0,0.0,0.0,0.9,0.1,,,0,0,0,0.0,2,2,0,0,8,7,1,0,1.0,807,807,9200133,9200150,0.9999981522040402,0.0,9200133,9200133,0,1.0000018477993742,1.0000018477993742,400000,390440.0,0.04243843850372,4291160,4291160,30,6436740.0,3862044.0,25.74778801197,0,0,0,0,0,0,0.0,,1625,9761.0,,94.97356534004211,B4_majority_vote,0.0,108846.0,0.0,10000.0,0.0,0.0,0.0,4291160.0,,,1.0,2.0,,21.0,,,,,,,,,,,,,,,,,,,,,,,,,,,,,,,,,,,,,,,,,,,,,,,,,,,,,,,,,,,,,,,,,,,,,,,,,,,,,,,,,,,,,,,,,,,,,,,,,,,,,,,,,,,,,,,,,,,,,,,,,,,,,,,,,,,,,,,,,,,,,,,,,,,,,,,,,,,,,,,,,,,,,,,,,,,,,,,,,,,,,,,,,,,,,,,,,,,,,,,,,,,,,,,,,,,,,,,,,,,,,,,,,,,,,,,,,,
aggregation,20260917T190142-a6ef_B5_flat_agents_lineage_default_s5,20260917T190142-a6ef,ok,B5_flat_agents_lineage,hierarchy,5,tier1,,default,1000,10000,30,10,2,1,038036e877508f4c,0.0,none,1,order_capped,3.0,1.0,sim-3b,synthetic,none,3.0,none,,,15.182,4.096,344.6,2026-09-17T19:30:16Z,,162,0,0,0,59,44,22,30,7,0,0.3641975308641975,0.8209876543209876,0.1790123456790123,0.0493827160493827,0.0679012345679012,0,0,0.24,0.24,100,0.5833333333333334,0.5833333333333334,24,16.5,16.142857142857142,-2.5,2.0,0.7777777777777778,0.7777777777777778,9,24.0,21.0,5.0,2.0,0.45,0.45,20,0.0,0.0,2,0.0374436381306452,0.9880609220812624,0.2797279896792645,0.5950741525423728,64.0,0.3383458646616541,0.3641975308641975,0.1790123456790123,162,0.0,0.3220338983050847,1.0,0.0,0.9375,1.0,162,0,0,0,59,44,22,30,7,0,0.3641975308641975,0.8209876543209876,0.1790123456790123,0.0493827160493827,0.0679012345679012,0,0,0.24,0.24,100,0.5833333333333334,0.5833333333333334,24,16.5,16.142857142857142,-2.5,2.0,0.7777777777777778,0.7777777777777778,9,24.0,21.0,5.0,2.0,0.45,0.45,20,0.0,0.0,2,0.0374436381306452,0.9880609220812624,0.54,0.2233333333333333,5.153846153846154,0.4765625,0.5234375,0.0,0.0,0.0,0.7,0.1,,,0,0,0,0.0,2,0,0,0,8,7,1,0,0.0,0,767,404800,9239950,0.0438097608753294,0.0,404800,404800,0,22.82596343873518,22.82596343873518,400000,,,2718982,0,10030,5981760.4,163138.91999999998,0.1359491,0,0,268,0,0,0,0.0,,162,,4.0,15.01072072982788,,0.0,,,,,,,,,8.0,,,,,,,0.0,0.0,0.0,0.0,0.0,268.0,0.0,404800.0,404800.0,0.0,162.0,1.0,0.0,,,,,,,,,,,,,,,,,,,,,,,,,,,,,,,,,,,,,,,,,,,,,,,,,,,,,,,,,,,,,,,,,,,,,,,,,,,,,,,,,,,,,,,,,,,,,,,,,,,,,,,,,,,,,,,,,,,,,,,,,,,,,,,,,,,,,,,,,,,,,,,,,,,,,,,,,,,,,,,,,,,,,,,,,,,,,,,,,,,,,,,,,,,,,,,,,,,,,,,,,,,,,,,,,,,,,,,,,,,
aggregation,20260917T190142-a6ef_B5_flat_agents_default_s6,20260917T190142-a6ef,ok,B5_flat_agents,hierarchy,6,tier1,,default,1000,10000,30,10,2,1,3fb6295959e38e80,0.0,none,1,order_capped,3.0,1.0,sim-3b,synthetic,none,3.0,none,,,15.544,4.032,339.2,2026-09-17T19:30:27Z,,137,0,0,0,41,38,20,34,4,0,0.2992700729927007,0.8248175182481752,0.1751824817518248,0.0291970802919708,0.0510948905109489,0,0,0.15,0.15,100,0.48,0.48,25,22.5,20.416666666666668,0.5,2.0,0.4,0.4,10,21.0,18.0,2.5,2.0,0.3,0.3,20,0.5,0.5,2,0.0163516549938513,0.9871545747018806,0.3250483614434942,0.6360518292682927,64.0,0.2296296296296296,0.2992700729927007,0.1751824817518248,137,0.0,0.3658536585365853,1.0,0.0,0.0909090909090909,1.0,137,0,0,0,41,38,20,34,4,0,0.2992700729927007,0.8248175182481752,0.1751824817518248,0.0291970802919708,0.0510948905109489,0,0,0.15,0.15,100,0.48,0.48,25,22.5,20.416666666666668,0.5,2.0,0.4,0.4,10,21.0,18.0,2.5,2.0,0.3,0.3,20,0.5,0.5,2,0.0163516549938513,0.9871545747018806,0.4833333333333333,0.3066666666666666,5.75,0.3428571428571428,0.6571428571428571,0.0,0.0,0.0,0.9,0.0,,,0,0,0,0.0,2,1,0,0,8,8,0,0,0.0,0,807,404800,9200150,0.043999282620392,0.0,404800,404800,0,22.72764328063241,22.72764328063241,400000,,,2702919,0,10030,5946421.8,162175.13999999998,0.13514595,0,0,239,0,0,0,0.0,,137,,5.0,15.401471376419067,,0.0,,,,,,,,,12.0,,,2.0,,,,0.0,0.0,0.0,0.0,0.0,239.0,0.0,404800.0,404800.0,0.0,137.0,1.0,0.0,,,,,,,,,,,,,,,,,,,,,,,,,,,,,,,,,,,,,,,,,,,,,,,,,,,,,,,,,,,,,,,,,,,,,,,,,,,,,,,,,,,,,,,,,,,,,,,,,,,,,,,,,,,,,,,,,,,,,,,,,,,,,,,,,,,,,,,,,,,,,,,,,,,,,,,,,,,,,,,,,,,,,,,,,,,,,,,,,,,,,,,,,,,,,,,,,,,,,,,,,,,,,,,,,,,,,,,,,,,
aggregation,20260917T190142-a6ef_B6_hier_no_lineage_default_s5,20260917T190142-a6ef,ok,B6_hier_no_lineage,hierarchy,5,tier1,,default,1000,10000,30,10,2,1,038036e877508f4c,0.0,none,5,order_capped,3.0,1.0,sim-3b,synthetic,none,3.0,none,,,21.21,4.096,377.5,2026-09-17T19:30:38Z,,804,0,0,0,265,311,84,103,41,0,0.3296019900497512,0.8445273631840796,0.1554726368159203,0.0621890547263681,0.0845771144278607,0,0,0.64,0.64,100,0.6666666666666666,0.6666666666666666,24,16.0,15.9375,-2.0,2.0,0.7777777777777778,0.7777777777777778,9,19.0,20.428571428571427,2.0,2.0,0.65,0.65,20,0.5,0.5,2,0.0395035052992084,0.9773144505728404,0.8301031705624791,0.9374157069350912,25.40909090909091,0.6541353383458647,0.3296019900497512,0.1554726368159203,804,0.5818181818181818,0.2339622641509434,1.0,0.0,0.0229885057471264,1.0,804,0,0,0,265,311,84,103,41,0,0.3296019900497512,0.8445273631840796,0.1554726368159203,0.0621890547263681,0.0845771144278607,0,0,0.64,0.64,100,0.6666666666666666,0.6666666666666666,24,16.0,15.9375,-2.0,2.0,0.7777777777777778,0.7777777777777778,9,19.0,20.428571428571427,2.0,2.0,0.65,0.65,20,0.5,0.5,2,0.0395035052992084,0.9773144505728404,0.5333333333333333,0.2866666666666667,6.142857142857143,0.5625,0.4375,0.0,0.0,0.0,0.7,0.2,,,0,0,0,0.0,2,1,0,0,8,6,2,0,0.0,0,767,404800,9239950,0.0438097608753294,3.218366142788178e-05,15401862,404800,14997062,0.6161173435170169,0.5999242169550668,400000,,,10319972,0,10810,1621709.8857142855,619198.32,0.5159986,0,0,268,0,0,0,0.0,,804,,4.0,20.330835103988647,,0.0,,,,,,,,,6.0,,,,,1.405232664597131,0.0266718908010115,0.0,0.0,0.0,0.0,0.0,268.0,0.0,404800.0,3964842.0,0.0,804.0,1.0,0.0,0.4511278195488721,0.3097014925373134,0.085820895522388,268.0,0.0933333333333333,0.0481927710843373,1.0,0.0,0.0,1.0,0.6090225563909775,0.3197424892703863,0.1266094420600858,466.0,0.3173076923076923,0.174496644295302,1.0,0.0,0.0,1.0,0.6541353383458647,0.3259842519685039,0.1448818897637795,635.0,0.5272727272727272,0.2125603864734299,1.0,0.0,0.0229885057471264,1.0,268.0,0.0,0.0,0.0,83.0,152.0,7.0,10.0,16.0,0.0,0.3097014925373134,0.914179104477612,0.085820895522388,0.0746268656716417,0.0932835820895522,0.0,0.0,0.56,0.56,100.0,0.1666666666666666,0.1666666666666666,24.0,23.0,19.25,2.5,-1.0,0.0,0.0,9.0,,,,,0.35,0.35,20.0,0.5,0.5,2.0,0.0622644904660907,0.9876376247944488,466.0,0.0,0.0,0.0,149.0,221.0,34.0,37.0,25.0,0.0,0.3197424892703863,0.8733905579399142,0.1266094420600858,0.0686695278969957,0.0858369098712446,0.0,0.0,0.61,0.61,100.0,0.625,0.625,24.0,14.0,15.733333333333333,-1.0,0.0,0.5555555555555556,0.5555555555555556,9.0,23.0,21.4,5.0,0.0,0.65,0.65,20.0,0.5,0.5,2.0,0.0470556742782146,0.9783861463812188,635.0,0.0,0.0,0.0,207.0,266.0,59.0,70.0,33.0,0.0,0.3259842519685039,0.8551181102362204,0.1448818897637795,0.0645669291338582,0.0850393700787401,0.0,0.0,0.64,0.64,100.0,0.6666666666666666,0.6666666666666666,24.0,16.0,15.9375,-2.0,1.0,0.7777777777777778,0.7777777777777778,9.0,19.0,20.428571428571427,2.0,1.0,0.65,0.65,20.0,0.5,0.5,2.0,0.0416362005568112,0.977069271422953,404800.0,6575388.0,268.0,10.0,6575388.0,4456832.0,466.0,2.0,4456832.0,3964842.0,635.0,1.0,0.0,0.0,0.0,,,,,,,,,,,,,,,,,,,,,,,,,,,,,,,,,,,,,,,,,,,,,,,,
aggregation,20260917T190142-a6ef_B5_flat_agents_lineage_default_s6,20260917T190142-a6ef,ok,B5_flat_agents_lineage,hierarchy,6,tier1,,default,1000,10000,30,10,2,1,3fb6295959e38e80,0.0,none,1,order_capped,3.0,1.0,sim-3b,synthetic,none,3.0,none,,,15.48,4.032,339.2,2026-09-17T19:30:42Z,,137,0,0,0,41,38,20,34,4,0,0.2992700729927007,0.8248175182481752,0.1751824817518248,0.0291970802919708,0.0510948905109489,0,0,0.15,0.15,100,0.48,0.48,25,22.5,20.416666666666668,0.5,2.0,0.4,0.4,10,21.0,18.0,2.5,2.0,0.3,0.3,20,0.5,0.5,2,0.0154988100213811,0.9863017297294104,0.3250483614434942,0.6360518292682927,64.0,0.2296296296296296,0.2992700729927007,0.1751824817518248,137,0.0,0.3658536585365853,1.0,0.0,0.7272727272727273,1.0,137,0,0,0,41,38,20,34,4,0,0.2992700729927007,0.8248175182481752,0.1751824817518248,0.0291970802919708,0.0510948905109489,0,0,0.15,0.15,100,0.48,0.48,25,22.5,20.416666666666668,0.5,2.0,0.4,0.4,10,21.0,18.0,2.5,2.0,0.3,0.3,20,0.5,0.5,2,0.0154988100213811,0.9863017297294104,0.4833333333333333,0.3066666666666666,5.75,0.3428571428571428,0.6571428571428571,0.0,0.0,0.0,0.9,0.0,,,0,0,0,0.0,2,1,0,0,8,8,0,0,0.0,0,807,404800,9200150,0.043999282620392,0.0,404800,404800,0,22.72764328063241,22.72764328063241,400000,,,2702919,0,10030,5946421.8,162175.13999999998,0.13514595,0,0,239,0,0,0,0.0,,137,,5.0,15.33637022972107,,0.0,,,,,,,,,12.0,,,2.0,,,,0.0,0.0,0.0,0.0,0.0,239.0,0.0,404800.0,404800.0,0.0,137.0,1.0,0.0,,,,,,,,,,,,,,,,,,,,,,,,,,,,,,,,,,,,,,,,,,,,,,,,,,,,,,,,,,,,,,,,,,,,,,,,,,,,,,,,,,,,,,,,,,,,,,,,,,,,,,,,,,,,,,,,,,,,,,,,,,,,,,,,,,,,,,,,,,,,,,,,,,,,,,,,,,,,,,,,,,,,,,,,,,,,,,,,,,,,,,,,,,,,,,,,,,,,,,,,,,,,,,,,,,,,,,,,,,,
aggregation,20260917T190142-a6ef_B7_mycelic_default_s5,20260917T190142-a6ef,ok,B7_mycelic,hierarchy,5,tier1,,default,1000,10000,30,10,2,1,038036e877508f4c,0.0,none,5,order_capped,3.0,1.0,sim-3b,synthetic,none,3.0,none,,,24.744,4.096,388.6,2026-09-17T19:31:03Z,,660,108,6,102,222,254,63,88,33,0,0.3363636363636363,0.8545454545454545,0.1454545454545454,0.0636363636363636,0.0893939393939394,20,218,0.62,0.65,100,0.6666666666666666,0.6666666666666666,24,16.0,15.9375,-2.0,2.0,0.7777777777777778,0.7777777777777778,9,19.0,20.428571428571427,2.0,2.0,0.7,0.7,20,0.5,0.5,2,0.0418129078939693,0.973132405344388,0.8168353298648819,0.9472721228826788,27.598214285714285,0.6616541353383458,0.3363636363636363,0.1454545454545454,660,0.5,0.1486486486486486,1.0,0.0,0.5632183908045977,1.0,660,108,6,102,222,254,63,88,33,0,0.3363636363636363,0.8545454545454545,0.1454545454545454,0.0636363636363636,0.0893939393939394,20,218,0.62,0.65,100,0.6666666666666666,0.6666666666666666,24,16.0,15.9375,-2.0,2.0,0.7777777777777778,0.7777777777777778,9,19.0,20.428571428571427,2.0,2.0,0.7,0.7,20,0.5,0.5,2,0.0418129078939693,0.973132405344388,0.5333333333333333,0.2833333333333333,6.071428571428571,0.5625,0.4375,0.0309278350515463,0.6,0.0588235294117647,0.8,0.1,,14.833333333333334,257,63,188,0.7315175097276264,2,1,0,1,8,7,1,5,0.0,0,767,404800,9239950,0.0438097608753294,3.218366142788178e-05,15573392,404800,15168592,0.6091501439289817,0.5933164720954819,400000,,,10362858,0,10810,1628449.1142857145,621771.48,0.5181429000000001,0,0,268,0,0,0,0.0,,660,,4.0,23.851518630981445,,0.0,,,,,,,,,6.0,,,,,1.405232664597131,0.0263702787971355,466.0,0.0,0.0,0.0,0.0,268.0,0.0,404800.0,4063532.0,0.0,660.0,1.0,0.0,0.4511278195488721,0.3097014925373134,0.085820895522388,268.0,0.0933333333333333,0.0481927710843373,1.0,0.0,0.9107142857142856,1.0,0.6165413533834586,0.3200992555831266,0.1215880893300248,403.0,0.1683168316831683,0.0930232558139534,1.0,0.0,0.676056338028169,1.0,0.6541353383458647,0.3333333333333333,0.1228070175438596,513.0,0.3644859813084112,0.1228070175438596,1.0,0.0,0.5930232558139535,1.0,268.0,0.0,0.0,0.0,83.0,152.0,7.0,10.0,16.0,0.0,0.3097014925373134,0.914179104477612,0.085820895522388,0.0746268656716417,0.0932835820895522,0.0,0.0,0.56,0.56,100.0,0.1666666666666666,0.1666666666666666,24.0,23.0,19.25,2.5,-1.0,0.0,0.0,9.0,,,,,0.35,0.35,20.0,0.5,0.5,2.0,0.0642442428552518,0.9840867279488266,403.0,65.0,5.0,60.0,129.0,190.0,28.0,35.0,21.0,0.0,0.3200992555831266,0.8784119106699751,0.1215880893300248,0.0694789081885856,0.0893300248138957,15.0,173.0,0.59,0.62,100.0,0.625,0.625,24.0,14.0,15.733333333333333,-1.0,0.0,0.4444444444444444,0.5555555555555556,9.0,23.5,22.0,5.5,0.0,0.7,0.7,20.0,0.5,0.5,2.0,0.0483037925730366,0.9717133214560054,513.0,83.0,6.0,77.0,171.0,222.0,38.0,57.0,25.0,0.0,0.3333333333333333,0.8771929824561403,0.1228070175438596,0.0643274853801169,0.087719298245614,19.0,208.0,0.61,0.64,100.0,0.6666666666666666,0.6666666666666666,24.0,16.0,16.3125,-1.0,1.0,0.7777777777777778,0.7777777777777778,9.0,19.0,20.714285714285715,2.0,1.0,0.7,0.7,20.0,0.5,0.5,2.0,0.0413111302020239,0.9709455439029137,404800.0,6575388.0,268.0,10.0,6575388.0,4529672.0,403.0,2.0,4529672.0,4063532.0,513.0,1.0,0.0,0.0,0.0,,,,,,,,,,,,,,,,,,,,,,,,,,,,,,,,,,,,,,,,,,,,,,,,
aggregation,20260917T190142-a6ef_B6_hier_no_lineage_default_s6,20260917T190142-a6ef,ok,B6_hier_no_lineage,hierarchy,6,tier1,,default,1000,10000,30,10,2,1,3fb6295959e38e80,0.0,none,5,order_capped,3.0,1.0,sim-3b,synthetic,none,3.0,none,,,21.004,4.032,380.2,2026-09-17T19:31:03Z,,702,0,0,0,223,292,56,104,27,0,0.3176638176638177,0.8817663817663818,0.1182336182336182,0.0441595441595441,0.0626780626780626,0,0,0.64,0.64,100,0.8,0.8,25,19.0,17.45,-1.5,2.0,0.5,0.5,10,22.0,21.8,4.0,2.0,0.5,0.5,20,0.5,0.5,2,0.0214202587852997,0.9772607146257556,0.8349623342720567,0.9440604969088392,29.61111111111111,0.6592592592592592,0.3176638176638177,0.1182336182336182,702,0.5462962962962963,0.2556053811659193,1.0,0.0,0.0229885057471264,1.0,702,0,0,0,223,292,56,104,27,0,0.3176638176638177,0.8817663817663818,0.1182336182336182,0.0441595441595441,0.0626780626780626,0,0,0.64,0.64,100,0.8,0.8,25,19.0,17.45,-1.5,2.0,0.5,0.5,10,22.0,21.8,4.0,2.0,0.5,0.5,20,0.5,0.5,2,0.0214202587852997,0.9772607146257556,0.4366666666666666,0.3766666666666666,6.277777777777778,0.4071428571428571,0.5928571428571429,0.0,0.0,0.0,0.8,0.1,,,0,0,0,0.0,2,1,0,0,8,7,1,0,0.0,0,807,404800,9200150,0.043999282620392,2.1064383287518295e-05,15268676,404800,14863876,0.6189603573119151,0.602550607531393,400000,,,10294333,0,10810,1617680.9,617659.98,0.51471665,0,0,239,0,0,0,0.0,,702,,4.0,20.21062660217285,,0.0,,,,,,,,,4.0,,,2.0,,1.4040722926722662,0.0269108811187606,0.0,0.0,0.0,0.0,0.0,239.0,0.0,404800.0,3880584.0,0.0,702.0,1.0,0.0,0.4518518518518518,0.3291666666666666,0.0666666666666666,240.0,0.0675675675675675,0.050632911392405,1.0,0.0,0.0175438596491228,1.0,0.6296296296296297,0.3341346153846153,0.0745192307692307,416.0,0.3009708737864077,0.1798561151079136,1.0,0.0,0.0131578947368421,1.0,0.6592592592592592,0.3237924865831842,0.1019677996422182,559.0,0.5,0.2265193370165746,1.0,0.0,0.0229885057471264,1.0,240.0,0.0,0.0,0.0,79.0,137.0,2.0,8.0,14.0,0.0,0.3291666666666666,0.9333333333333332,0.0666666666666666,0.0583333333333333,0.0666666666666666,0.0,0.0,0.57,0.57,100.0,0.16,0.16,25.0,26.0,23.25,9.0,-1.0,0.0,0.0,10.0,,,,,0.25,0.25,20.0,0.5,0.5,2.0,0.0461223083000611,0.9877889749667278,416.0,0.0,0.0,0.0,139.0,214.0,12.0,32.0,19.0,0.0,0.3341346153846153,0.9254807692307692,0.0745192307692307,0.0456730769230769,0.0625,0.0,0.0,0.61,0.61,100.0,0.8,0.8,25.0,21.5,19.2,0.0,0.0,0.4,0.4,10.0,23.0,23.25,4.5,0.0,0.45,0.45,20.0,0.5,0.5,2.0,0.0243060436623152,0.9786329667392384,559.0,0.0,0.0,0.0,181.0,253.0,34.0,68.0,23.0,0.0,0.3237924865831842,0.8980322003577818,0.1019677996422182,0.0447227191413237,0.0626118067978533,0.0,0.0,0.64,0.64,100.0,0.8,0.8,25.0,19.0,17.45,-1.5,1.0,0.5,0.5,10.0,22.0,21.8,4.0,1.0,0.5,0.5,20.0,0.5,0.5,2.0,0.02227002037827,0.9775473012369464,404800.0,6552476.0,240.0,10.0,6552476.0,4430816.0,416.0,2.0,4430816.0,3880584.0,559.0,1.0,0.0,0.0,0.0,,,,,,,,,,,,,,,,,,,,,,,,,,,,,,,,,,,,,,,,,,,,,,,,
aggregation,20260917T190142-a6ef_B8_mycelic_security_default_s5,20260917T190142-a6ef,ok,B8_mycelic_security,hierarchy,5,tier1,,default,1000,10000,30,10,2,1,038036e877508f4c,0.0,lineage_aware,5,order_capped,3.0,1.0,sim-3b,synthetic,none,3.0,none,,,23.154,4.096,396.1,2026-09-17T19:31:26Z,,583,84,5,79,191,233,64,70,25,0,0.3276157804459691,0.8473413379073756,0.1526586620926243,0.0634648370497427,0.0806174957118353,16,176,0.58,0.6,100,0.5833333333333334,0.5833333333333334,24,11.5,15.0,-4.5,2.0,0.5555555555555556,0.6666666666666666,9,22.0,21.4,5.0,2.0,0.55,0.55,20,0.5,0.5,2,0.0422899341537698,0.9734521705013294,0.8291271736684795,0.9511205583882534,27.43,0.6015037593984962,0.3276157804459691,0.1526586620926243,583,0.5,0.1832460732984293,1.0,0.0,0.4743589743589743,1.0,583,84,5,79,191,233,64,70,25,0,0.3276157804459691,0.8473413379073756,0.1526586620926243,0.0634648370497427,0.0806174957118353,16,176,0.58,0.6,100,0.5833333333333334,0.5833333333333334,24,11.5,15.0,-4.5,2.0,0.5555555555555556,0.6666666666666666,9,22.0,21.4,5.0,2.0,0.55,0.55,20,0.5,0.5,2,0.0422899341537698,0.9734521705013294,0.5166666666666667,0.2666666666666666,5.714285714285714,0.5625,0.4375,0.0377358490566037,0.6,0.0710059171597633,0.8,0.1,,18.0,216,57,153,0.7083333333333334,2,1,0,1,8,7,1,5,0.0,0,767,404800,9239950,0.0438097608753294,0.0,14547237,404800,14142437,0.6533492070708888,0.6351687265423668,400000,,,9907394,0,10810,1556876.2,594443.64,0.4953697,0,0,1009,0,0,0,0.0,,583,,6.0,22.43823504447937,,0.0,,,,,,,,,7.0,,,,,1.5121544160221156,0.0282836685077685,381.0,0.0,0.0,0.0,0.0,1009.0,0.0,404800.0,3802257.0,0.0,583.0,1.0,0.0,0.3984962406015037,0.3,0.0954545454545454,220.0,0.03125,0.0454545454545454,1.0,0.0,0.903846153846154,1.0,0.5413533834586466,0.3072289156626506,0.1234939759036144,332.0,0.1511627906976744,0.0980392156862745,1.0,0.0,0.609375,1.0,0.5789473684210527,0.3265306122448979,0.1269841269841269,441.0,0.3870967741935484,0.1527777777777778,1.0,0.0,0.5194805194805194,1.0,220.0,0.0,0.0,0.0,66.0,126.0,9.0,7.0,12.0,0.0,0.3,0.9045454545454544,0.0954545454545454,0.0818181818181818,0.0954545454545454,0.0,0.0,0.52,0.52,100.0,0.0416666666666666,0.0416666666666666,24.0,25.0,25.0,4.0,-1.0,0.0,0.0,9.0,,,,,0.2,0.2,20.0,0.5,0.5,2.0,0.0728272898885379,0.984205273282684,332.0,56.0,4.0,52.0,102.0,164.0,26.0,25.0,15.0,0.0,0.3072289156626506,0.8765060240963856,0.1234939759036144,0.0692771084337349,0.0843373493975903,13.0,143.0,0.53,0.56,100.0,0.5,0.5,24.0,11.5,14.25,-4.5,0.0,0.3333333333333333,0.4444444444444444,9.0,26.0,22.33333333333333,7.0,0.0,0.55,0.55,20.0,0.5,0.5,2.0,0.0430785862348509,0.9707074125791392,441.0,67.0,5.0,62.0,144.0,197.0,37.0,44.0,19.0,0.0,0.3265306122448979,0.873015873015873,0.1269841269841269,0.0657596371882086,0.0816326530612244,16.0,170.0,0.57,0.59,100.0,0.5416666666666666,0.5416666666666666,24.0,11.0,14.076923076923077,-5.0,1.0,0.4444444444444444,0.5555555555555556,9.0,21.0,20.5,3.0,1.0,0.55,0.55,20.0,0.5,0.5,2.0,0.0434804555359923,0.9717310042436944,404800.0,6110454.0,220.0,10.0,6110454.0,4229726.0,332.0,2.0,4229726.0,3802257.0,441.0,1.0,0.0,0.0,0.0,lineage_aware,backing,claim_rules,classifier_local,consistency,dedup,provenance,sanity,signature,signature_ok,support,sim-3b,,,"content classifiers are profile operating points (assumption), not measured detectors",10000.0,1009.0,0.0,0.0,10000.0,1009.0,0.0,0.0,0.0,0.1009,2839.0,0.0,0.0,0.0,2839.0,0.0,0.0,0.0,0.0,0.0,2839.0,0.0,762.0,268.0,0.0,0.0,0.0,10000.0,1800000.0,0.0,2839.0,,1.0
aggregation,20260917T190142-a6ef_B7_mycelic_default_s6,20260917T190142-a6ef,ok,B7_mycelic,hierarchy,6,tier1,,default,1000,10000,30,10,2,1,3fb6295959e38e80,0.0,none,5,order_capped,3.0,1.0,sim-3b,synthetic,none,3.0,none,,,25.279,4.032,395.0,2026-09-17T19:31:28Z,,560,137,2,135,186,227,46,76,25,0,0.3321428571428571,0.8732142857142857,0.1267857142857142,0.05,0.0714285714285714,12,211,0.6,0.64,100,0.8,0.8,25,19.0,17.5,-1.5,2.0,0.5,0.5,10,22.0,21.8,4.0,2.0,0.5,0.5,20,0.5,0.5,2,0.0228443888909639,0.972844388890964,0.8225603712304803,0.9662827191310616,32.32407407407408,0.6592592592592592,0.3321428571428571,0.1267857142857142,560,0.3942307692307692,0.1290322580645161,1.0,0.0,0.6436781609195402,1.0,560,137,2,135,186,227,46,76,25,0,0.3321428571428571,0.8732142857142857,0.1267857142857142,0.05,0.0714285714285714,12,211,0.6,0.64,100,0.8,0.8,25,19.0,17.5,-1.5,2.0,0.5,0.5,10,22.0,21.8,4.0,2.0,0.5,0.5,20,0.5,0.5,2,0.0228443888909639,0.972844388890964,0.4433333333333333,0.37,6.166666666666667,0.4071428571428571,0.5928571428571429,0.021505376344086,0.4,0.0408163265306122,0.9,0.0,,15.0,256,70,182,0.7109375,2,1,0,1,8,8,0,3,0.0,0,807,404800,9200150,0.043999282620392,2.1064383287518295e-05,15440570,404800,15035770,0.6118841934932497,0.5958426405242812,400000,,,10337308,0,10810,1624434.1142857145,620238.4800000001,0.5168654,0,0,239,0,0,0,0.0,,560,,4.0,24.49672555923462,,0.0,,,,,,,,,4.0,,,2.0,,1.4040722926722662,0.0266032268383993,478.0,0.0,0.0,0.0,0.0,239.0,0.0,404800.0,3978968.0,0.0,560.0,1.0,0.0,0.4518518518518518,0.3291666666666666,0.0666666666666666,240.0,0.0675675675675675,0.050632911392405,1.0,0.0,0.9298245614035088,1.0,0.6296296296296297,0.3527696793002915,0.0728862973760933,343.0,0.16,0.0743801652892562,1.0,0.0,0.8026315789473685,1.0,0.6518518518518519,0.3445945945945945,0.1036036036036036,444.0,0.3495145631067961,0.1111111111111111,1.0,0.0,0.6896551724137931,1.0,240.0,0.0,0.0,0.0,79.0,137.0,2.0,8.0,14.0,0.0,0.3291666666666666,0.9333333333333332,0.0666666666666666,0.0583333333333333,0.0666666666666666,0.0,0.0,0.57,0.57,100.0,0.16,0.16,25.0,26.0,23.25,9.0,-1.0,0.0,0.0,10.0,,,,,0.25,0.25,20.0,0.5,0.5,2.0,0.0483304760358211,0.9838066042653796,343.0,75.0,2.0,73.0,121.0,177.0,8.0,20.0,17.0,0.0,0.3527696793002915,0.9271137026239068,0.0728862973760933,0.0495626822157434,0.0670553935860058,9.0,162.0,0.58,0.61,100.0,0.8,0.8,25.0,21.5,19.2,0.0,0.0,0.4,0.4,10.0,23.0,23.25,4.5,0.0,0.45,0.45,20.0,0.5,0.5,2.0,0.023467135323397,0.9725592301946088,444.0,107.0,2.0,105.0,153.0,201.0,25.0,44.0,21.0,0.0,0.3445945945945945,0.8963963963963963,0.1036036036036036,0.0495495495495495,0.0698198198198198,11.0,206.0,0.59,0.63,100.0,0.8,0.8,25.0,19.0,17.5,-1.5,1.0,0.5,0.5,10.0,22.0,21.8,4.0,1.0,0.5,0.5,20.0,0.5,0.5,2.0,0.02315592780941,0.97256716326172,404800.0,6552476.0,240.0,10.0,6552476.0,4504326.0,343.0,2.0,4504326.0,3978968.0,444.0,1.0,0.0,0.0,0.0,,,,,,,,,,,,,,,,,,,,,,,,,,,,,,,,,,,,,,,,,,,,,,,,
aggregation,20260917T190142-a6ef_B8_mycelic_security_default_s6,20260917T190142-a6ef,ok,B8_mycelic_security,hierarchy,6,tier1,,default,1000,10000,30,10,2,1,3fb6295959e38e80,0.0,lineage_aware,5,order_capped,3.0,1.0,sim-3b,synthetic,none,3.0,none,,,22.832,4.032,395.0,2026-09-17T19:31:51Z,,481,109,1,108,159,211,32,68,11,0,0.3305613305613306,0.9106029106029108,0.0893970893970894,0.0291060291060291,0.0395010395010395,7,177,0.54,0.57,100,0.64,0.68,25,18.0,17.875,-0.5,2.0,0.4,0.4,10,21.5,21.75,3.0,2.0,0.5,0.5,20,0.5,0.5,2,0.0033053261373163,0.9741992970312872,0.8047897434622188,0.9692223991985416,33.5,0.5777777777777777,0.3305613305613306,0.0893970893970894,481,0.351063829787234,0.1194968553459119,1.0,0.0,0.5,1.0,481,109,1,108,159,211,32,68,11,0,0.3305613305613306,0.9106029106029108,0.0893970893970894,0.0291060291060291,0.0395010395010395,7,177,0.54,0.57,100,0.64,0.68,25,18.0,17.875,-0.5,2.0,0.4,0.4,10,21.5,21.75,3.0,2.0,0.5,0.5,20,0.5,0.5,2,0.0033053261373163,0.9741992970312872,0.4166666666666667,0.3933333333333333,6.2105263157894735,0.4,0.6,0.0254777070063694,0.4,0.0479041916167664,0.8,0.1,,16.0,217,60,153,0.7050691244239631,2,1,0,1,8,7,1,3,0.0,0,807,404800,9200150,0.043999282620392,2.1805732727133964e-05,14396728,404800,13991928,0.6575326859886643,0.6390445106693687,400000,,,9874142,0,10810,1551650.8857142855,592448.52,0.4937071,0,0,1033,0,0,0,0.0,,481,,7.0,22.1956045627594,,0.0,,,,,,,,,5.0,,,2.0,,1.5153069863077775,0.0285879115444276,398.0,0.0,0.0,0.0,0.0,1033.0,0.0,404800.0,3718326.0,0.0,481.0,1.0,0.0,0.3851851851851852,0.3365853658536585,0.024390243902439,205.0,0.0454545454545454,0.0579710144927536,1.0,0.0,0.94,1.0,0.5481481481481482,0.3554817275747508,0.0431893687707641,301.0,0.1704545454545454,0.0841121495327102,1.0,0.0,0.6666666666666666,1.0,0.5703703703703704,0.3428571428571428,0.0701298701298701,385.0,0.2903225806451613,0.106060606060606,1.0,0.0,0.5526315789473685,1.0,205.0,0.0,0.0,0.0,69.0,127.0,0.0,4.0,5.0,0.0,0.3365853658536585,0.975609756097561,0.024390243902439,0.024390243902439,0.0341463414634146,0.0,0.0,0.5,0.5,100.0,0.08,0.08,25.0,24.5,24.5,9.0,-1.0,0.0,0.0,10.0,,,,,0.25,0.25,20.0,0.5,0.5,2.0,0.0150408265133518,0.9850003832603568,301.0,58.0,1.0,57.0,107.0,160.0,4.0,21.0,9.0,0.0,0.3554817275747508,0.956810631229236,0.0431893687707641,0.0299003322259136,0.0431893687707641,3.0,135.0,0.51,0.54,100.0,0.64,0.64,25.0,21.0,19.5625,1.5,0.0,0.4,0.4,10.0,25.5,25.25,8.0,0.0,0.4,0.4,20.0,0.5,0.5,2.0,0.0083643243111389,0.9746158496703948,385.0,84.0,1.0,83.0,132.0,185.0,17.0,41.0,10.0,0.0,0.3428571428571428,0.9298701298701298,0.0701298701298701,0.0285714285714285,0.0389610389610389,6.0,173.0,0.53,0.56,100.0,0.64,0.68,25.0,20.0,19.1875,0.5,1.0,0.4,0.4,10.0,21.5,21.75,3.0,1.0,0.5,0.5,20.0,0.5,0.5,2.0,0.0052481132727429,0.9744084935973588,404800.0,6071476.0,205.0,10.0,6071476.0,4202126.0,301.0,2.0,4202126.0,3718326.0,385.0,1.0,0.0,0.0,0.0,lineage_aware,backing,claim_rules,classifier_local,consistency,dedup,provenance,sanity,signature,signature_ok,support,sim-3b,,,"content classifiers are profile operating points (assumption), not measured detectors",10000.0,1033.0,0.0,0.0,10000.0,1033.0,0.0,0.0,0.0,0.1033,2600.0,0.0,0.0,0.0,2600.0,0.0,0.0,0.0,0.0,0.0,2600.0,0.0,810.0,239.0,0.0,0.0,0.0,10000.0,1800000.0,0.0,2600.0,,1.0
aggregation,20260917T190142-a6ef_B9_mycelic_questioning_default_s5,20260917T190142-a6ef,ok,B9_mycelic_questioning,hierarchy,5,tier1,,default,1000,10000,30,10,2,1,038036e877508f4c,0.0,lineage_aware,5,order_capped,3.0,1.0,sim-3b,synthetic,none,3.0,eig,,,49.495,4.096,424.4,2026-09-17T19:32:15Z,,576,86,5,81,189,229,65,68,25,0,0.328125,0.84375,0.15625,0.0659722222222222,0.0798611111111111,16,176,0.56,0.59,100,0.5833333333333334,0.5833333333333334,24,11.5,15.0,-4.5,2.0,0.6666666666666666,0.6666666666666666,9,23.0,21.5,5.0,2.0,0.6,0.6,20,0.5,0.5,2,0.0449204217140724,0.9734915789601832,0.8291271736684795,0.9511205583882536,27.48,0.5939849624060151,0.328125,0.15625,576,0.4895833333333333,0.164021164021164,1.0,0.0,0.4936708860759494,1.0,576,86,5,81,189,229,65,68,25,0,0.328125,0.84375,0.15625,0.0659722222222222,0.0798611111111111,16,176,0.56,0.59,100,0.5833333333333334,0.5833333333333334,24,11.5,15.0,-4.5,2.0,0.6666666666666666,0.6666666666666666,9,23.0,21.5,5.0,2.0,0.6,0.6,20,0.5,0.5,2,0.0449204217140724,0.9734915789601832,0.5166666666666667,0.2666666666666666,5.714285714285714,0.5625,0.4375,0.0377358490566037,0.6,0.0710059171597633,0.8,0.1,,18.0,216,57,153,0.7083333333333334,2,1,0,1,8,7,1,5,0.0,0,767,404800,9239950,0.0438097608753294,0.0,14587969,404800,14183169,0.6514728831053201,0.6333952313718243,400000,,,12175109,0,10930,1913231.4142857145,730506.54,0.6087554500000001,0,0,1009,0,0,0,0.0,,576,,6.0,48.738279819488525,,0.0,,,,,,,,,7.0,,,,,1.5121544160221156,0.028202441922535,380.0,1153.0,558738.0,2437.0,0.0,1009.0,0.0,404800.0,3827801.0,0.0,576.0,1.0,0.0,0.3984962406015037,0.3,0.0954545454545454,220.0,0.03125,0.0454545454545454,1.0,0.0,0.903846153846154,1.0,0.5413533834586466,0.3072289156626506,0.1234939759036144,332.0,0.1511627906976744,0.0980392156862745,1.0,0.0,0.609375,1.0,0.5714285714285714,0.3264840182648402,0.1301369863013698,438.0,0.3763440860215054,0.1398601398601398,1.0,0.0,0.5194805194805194,1.0,220.0,0.0,0.0,0.0,66.0,126.0,9.0,7.0,12.0,0.0,0.3,0.9045454545454544,0.0954545454545454,0.0818181818181818,0.0954545454545454,0.0,0.0,0.52,0.52,100.0,0.0416666666666666,0.0416666666666666,24.0,25.0,25.0,4.0,-1.0,0.0,0.0,9.0,,,,,0.2,0.2,20.0,0.5,0.5,2.0,0.0728272898885379,0.984205273282684,332.0,56.0,4.0,52.0,102.0,164.0,26.0,25.0,15.0,0.0,0.3072289156626506,0.8765060240963856,0.1234939759036144,0.0692771084337349,0.0843373493975903,13.0,143.0,0.53,0.56,100.0,0.5,0.5,24.0,11.5,14.25,-4.5,0.0,0.3333333333333333,0.4444444444444444,9.0,26.0,22.33333333333333,7.0,0.0,0.55,0.55,20.0,0.5,0.5,2.0,0.0431383458521641,0.9707671721964524,438.0,68.0,5.0,63.0,143.0,195.0,38.0,43.0,19.0,0.0,0.3264840182648402,0.8698630136986302,0.1301369863013698,0.0662100456621004,0.0799086757990867,16.0,170.0,0.55,0.58,100.0,0.5416666666666666,0.5416666666666666,24.0,11.0,14.076923076923077,-5.0,1.0,0.5555555555555556,0.5555555555555556,9.0,22.0,20.4,5.0,1.0,0.6,0.6,20.0,0.5,0.5,2.0,0.0440439748796859,0.9717952888473248,404800.0,6110454.0,220.0,10.0,6110454.0,4244914.0,332.0,2.0,4244914.0,3827801.0,438.0,1.0,0.0,0.0,0.0,lineage_aware,backing,claim_rules,classifier_local,consistency,dedup,provenance,sanity,signature,signature_ok,support,sim-3b,,,"content classifiers are profile operating points (assumption), not measured detectors",10000.0,1009.0,0.0,0.0,10000.0,1009.0,0.0,0.0,0.0,0.1009,2797.0,0.0,0.0,0.0,2797.0,0.0,0.0,0.0,0.0,0.0,2797.0,0.0,762.0,268.0,0.0,0.0,0.0,10000.0,1800000.0,0.0,2797.0,1853.0,
aggregation,20260917T190142-a6ef_B9_mycelic_questioning_default_s6,20260917T190142-a6ef,ok,B9_mycelic_questioning,hierarchy,6,tier1,,default,1000,10000,30,10,2,1,3fb6295959e38e80,0.0,lineage_aware,5,order_capped,3.0,1.0,sim-3b,synthetic,none,3.0,eig,,,48.779,4.032,420.4,2026-09-17T19:32:40Z,,475,113,1,112,159,209,32,65,10,0,0.3347368421052631,0.911578947368421,0.0884210526315789,0.0273684210526315,0.0357894736842105,6,176,0.54,0.57,100,0.64,0.68,25,18.0,17.875,-0.5,2.0,0.4,0.4,10,21.5,21.75,3.0,2.0,0.5,0.5,20,0.5,0.5,2,0.0059878243417125,0.9745321802899454,0.8047897434622188,0.9692223991985416,33.5,0.5777777777777777,0.3347368421052631,0.0884210526315789,475,0.351063829787234,0.1194968553459119,1.0,0.0,0.4868421052631579,1.0,475,113,1,112,159,209,32,65,10,0,0.3347368421052631,0.911578947368421,0.0884210526315789,0.0273684210526315,0.0357894736842105,6,176,0.54,0.57,100,0.64,0.68,25,18.0,17.875,-0.5,2.0,0.4,0.4,10,21.5,21.75,3.0,2.0,0.5,0.5,20,0.5,0.5,2,0.0059878243417125,0.9745321802899454,0.4166666666666667,0.3933333333333333,6.2105263157894735,0.4,0.6,0.0254777070063694,0.4,0.0479041916167664,0.9,0.0,,16.0,217,60,153,0.7050691244239631,2,1,0,1,8,8,0,3,0.0,0,807,404800,9200150,0.043999282620392,2.120148834448178e-05,14442374,404800,14037574,0.6553945859875787,0.6370247716891974,400000,,,12105565,0,10930,1902303.0714285716,726333.9,0.60527825,0,0,1033,0,0,0,0.0,,475,,7.0,48.12168979644776,,0.0,,,,,,,,,5.0,,,2.0,,1.5153069863077775,0.0284949521904568,397.0,1168.0,567992.0,2446.0,0.0,1033.0,0.0,404800.0,3747012.0,0.0,475.0,1.0,0.0,0.3851851851851852,0.3365853658536585,0.024390243902439,205.0,0.0454545454545454,0.0579710144927536,1.0,0.0,0.94,1.0,0.5481481481481482,0.3566666666666667,0.04,300.0,0.1704545454545454,0.0841121495327102,1.0,0.0,0.6666666666666666,1.0,0.5703703703703704,0.3455497382198952,0.0680628272251308,382.0,0.2903225806451613,0.106060606060606,1.0,0.0,0.5526315789473685,1.0,205.0,0.0,0.0,0.0,69.0,127.0,0.0,4.0,5.0,0.0,0.3365853658536585,0.975609756097561,0.024390243902439,0.024390243902439,0.0341463414634146,0.0,0.0,0.5,0.5,100.0,0.08,0.08,25.0,24.5,24.5,9.0,-1.0,0.0,0.0,10.0,,,,,0.25,0.25,20.0,0.5,0.5,2.0,0.0150408265133518,0.9850003832603568,300.0,58.0,1.0,57.0,107.0,160.0,4.0,21.0,8.0,0.0,0.3566666666666667,0.96,0.04,0.0266666666666666,0.04,3.0,135.0,0.51,0.54,100.0,0.64,0.64,25.0,21.0,19.5625,1.5,0.0,0.4,0.4,10.0,25.5,25.25,8.0,0.0,0.4,0.4,20.0,0.5,0.5,2.0,0.0051937362636574,0.9746661000407774,382.0,86.0,1.0,85.0,132.0,184.0,17.0,40.0,9.0,0.0,0.3455497382198952,0.9319371727748692,0.0680628272251308,0.0261780104712041,0.0366492146596858,5.0,172.0,0.53,0.56,100.0,0.64,0.68,25.0,20.0,19.1875,0.5,1.0,0.4,0.4,10.0,21.5,21.75,3.0,1.0,0.5,0.5,20.0,0.5,0.5,2.0,0.0030106875406843,0.9744702699477718,404800.0,6071476.0,205.0,10.0,6071476.0,4219086.0,300.0,2.0,4219086.0,3747012.0,382.0,1.0,0.0,0.0,0.0,lineage_aware,backing,claim_rules,classifier_local,consistency,dedup,provenance,sanity,signature,signature_ok,support,sim-3b,,,"content classifiers are profile operating points (assumption), not measured detectors",10000.0,1033.0,0.0,0.0,10000.0,1033.0,0.0,0.0,0.0,0.1033,2582.0,0.0,0.0,0.0,2582.0,0.0,0.0,0.0,0.0,0.0,2582.0,0.0,810.0,239.0,0.0,0.0,0.0,10000.0,1800000.0,0.0,2582.0,2214.0,1.0
aggregation,20260917T190142-a6ef_ORACLE_central_stats_default_s5,20260917T190142-a6ef,ok,ORACLE_central_stats,oracle,5,tier1,,default,1000,10000,30,10,2,1,038036e877508f4c,0.0,none,0,,,,sim-3b,synthetic,,,,,,100.687,4.096,530.1,2026-09-17T19:33:56Z,,1091,0,0,0,377,352,190,135,37,0,0.3455545371219065,0.7919340054995417,0.2080659945004583,0.0559120073327222,0.0604949587534372,0,0,0.88,0.88,100,0.9166666666666666,0.9166666666666666,24,14.5,14.636363636363637,-6.0,2.0,1.0,1.0,9,14.0,15.11111111111111,-4.0,2.0,0.65,0.65,20,0.5,0.5,2,0.0473695534647664,0.99094064602496,0.9376599695758762,1.0,1.0,0.8947368421052632,0.3455545371219065,0.2080659945004583,1091,0.6267605633802817,0.246684350132626,1.0,0.0,0.984,1.0,1091,0,0,0,377,352,190,135,37,0,0.3455545371219065,0.7919340054995417,0.2080659945004583,0.0559120073327222,0.0604949587534372,0,0,0.88,0.88,100,0.9166666666666666,0.9166666666666666,24,14.5,14.636363636363637,-6.0,2.0,1.0,1.0,9,14.0,15.11111111111111,-4.0,2.0,0.65,0.65,20,0.5,0.5,2,0.0473695534647664,0.99094064602496,0.5633333333333334,0.3233333333333333,5.866666666666666,0.609375,0.390625,0.0,0.0,0.0,0.7,0.2,,,0,0,0,0.0,2,1,0,0,8,6,2,0,1.0,767,767,9239940,9239950,0.9999989177430614,0.0,9239940,9239940,0,1.0000010822581098,1.0000010822581098,400000,389280.0,0.0421300981065914,0,0,30,0.0,0.0,0.0008315946,0,0,0,0,0,0,0.0,,1091,9732.0,1.0,100.68597102165222,ORACLE_central_stats,0.0,0.0,0.0,10000.0,0.0,0.0,0.0,0.0,,1.0,,,,,,,,,,,,,,,,,,,,,,,,,,,,,,,,,,,,,,,,,,,,,,,,,,,,,,,,,,,,,,,,,,,,,,,,,,,,,,,,,,,,,,,,,,,,,,,,,,,,,,,,,,,,,,,,,,,,,,,,,,,,,,,,,,,,,,,,,,,,,,,,,,,,,,,,,,,,,,,,,,,,,,,,,,,,,,,,,,,,,,,,,,,,,,,,,,,,,,,,,,,,,,,,,,,,,,,,,,,,,,,,,,,,,,,,,,,,,,
aggregation,20260917T190142-a6ef_ORACLE_central_stats_default_s6,20260917T190142-a6ef,ok,ORACLE_central_stats,oracle,6,tier1,,default,1000,10000,30,10,2,1,3fb6295959e38e80,0.0,none,0,,,,sim-3b,synthetic,,,,,,102.292,4.032,518.2,2026-09-17T19:34:23Z,,972,0,0,0,325,365,140,122,20,0,0.3343621399176955,0.8353909465020576,0.1646090534979424,0.022633744855967,0.0390946502057613,0,0,0.85,0.85,100,0.88,0.88,25,12.5,15.727272727272728,-5.0,2.0,0.9,0.9,10,20.0,17.555555555555557,1.0,2.0,0.65,0.65,20,1.0,1.0,2,0.014242507309983,0.9908004820622052,0.950855521962954,1.0,1.0,0.8592592592592593,0.3343621399176955,0.1646090534979424,972,0.6014492753623188,0.2615384615384615,1.0,0.0,1.0,1.0,972,0,0,0,325,365,140,122,20,0,0.3343621399176955,0.8353909465020576,0.1646090534979424,0.022633744855967,0.0390946502057613,0,0,0.85,0.85,100,0.88,0.88,25,12.5,15.727272727272728,-5.0,2.0,0.9,0.9,10,20.0,17.555555555555557,1.0,2.0,0.65,0.65,20,1.0,1.0,2,0.014242507309983,0.9908004820622052,0.4766666666666667,0.4466666666666666,6.7,0.4353741496598639,0.564625850340136,0.0,0.0,0.0,0.7,0.3,,,0,0,0,0.0,2,2,0,0,8,5,3,0,1.0,807,807,9200133,9200150,0.9999981522040402,0.0,9200133,9200133,0,1.0000018477993742,1.0000018477993742,400000,390440.0,0.04243843850372,0,0,30,0.0,0.0,0.0008280119699999,0,0,0,0,0,0,0.0,,972,9761.0,3.0,102.29087543487547,ORACLE_central_stats,0.0,0.0,0.0,10000.0,0.0,0.0,0.0,0.0,,1.0,,,,,,,,,,,,,,,,,,,,,,,,,,,,,,,,,,,,,,,,,,,,,,,,,,,,,,,,,,,,,,,,,,,,,,,,,,,,,,,,,,,,,,,,,,,,,,,,,,,,,,,,,,,,,,,,,,,,,,,,,,,,,,,,,,,,,,,,,,,,,,,,,,,,,,,,,,,,,,,,,,,,,,,,,,,,,,,,,,,,,,,,,,,,,,,,,,,,,,,,,,,,,,,,,,,,,,,,,,,,,,,,,,,,,,,,,,,,,,
aggregation,20260917T194336-2a01_B0_isolated_default_s8,20260917T194336-2a01,ok,B0_isolated,baseline,8,tier1,,default,1000,10000,30,10,2,1,8cc3bd57cbeecc45,0.0,none,0,,,,sim-3b,synthetic,,,,,,12.009,6.322,106.8,2026-09-17T19:44:03Z,,0,0,0,0,0,0,0,0,0,0,0.0,0.0,0.0,0.0,0.0,0,0,0.0,0.0,100,0.0,0.0,25,,,,,0.0,0.0,10,,,,,0.0,0.0,20,0.0,0.0,3,,,,,,0.0,0.0,0.0,0,0.0,0.0,1.0,0.0,,,0,0,0,0,0,0,0,0,0,0,0.0,0.0,0.0,0.0,0.0,0,0,0.0,0.0,100,0.0,0.0,25,,,,,0.0,0.0,10,,,,,0.0,0.0,20,0.0,0.0,3,,,0.48333333333333334,0.0,,,,0.0,0.0,0.0,0.7,0.0,,,0,0,0,0.0,3,0,0,0,7,7,0,0,0.0,0,758,0,9060100,0.0,0.0,0,0,0,,,400000,0,0.0,1771560,0,9842,3897432.0,106293.59999999999,0.088578,0,0,0,0,0,0,0.0,0,0,9842,35,12.0035879611969,B0_isolated,,,,,,,,,,,,,,,,,,,,,,,,,,,,,,,,,,,,,,,,,,,,,,,,,,,,,,,,,,,,,,,,,,,,,,,,,,,,,,,,,,,,,,,,,,,,,,,,,,,,,,,,,,,,,,,,,,,,,,,,,,,,,,,,,,,,,,,,,,,,,,,,,,,,,,,,,,,,,,,,,,,,,,,,,,,,,,,,,,,,,,,,,,,,,,,,,,,,,,,,,,,,,,,,,,,,,,,,,,,,,,,,,,,,,,,,,,,,,,,,,,,,,,,,
aggregation,20260917T194336-2a01_B0_isolated_default_s7,20260917T194336-2a01,ok,B0_isolated,baseline,7,tier1,,default,1000,10000,30,10,2,1,b90769378a3fd9c5,0.0,none,0,,,,sim-3b,synthetic,,,,,,12.031,8.934,106.9,2026-09-17T19:44:05Z,,0,0,0,0,0,0,0,0,0,0,0.0,0.0,0.0,0.0,0.0,0,0,0.0,0.0,99,0.0,0.0,25,,,,,0.0,0.0,10,,,,,0.0,0.0,20,0.0,0.0,4,,,,,,0.0,0.0,0.0,0,0.0,0.0,1.0,0.0,,,0,0,0,0,0,0,0,0,0,0,0.0,0.0,0.0,0.0,0.0,0,0,0.0,0.0,99,0.0,0.0,25,,,,,0.0,0.0,10,,,,,0.0,0.0,20,0.0,0.0,4,,,0.47,0.0,,,,0.0,0.0,0.0,0.6,0.0,,,0,0,0,0.0,4,0,0,0,6,6,0,0,0.0,0,746,0,9001150,0.0,0.0,0,0,0,,,400000,0,0.0,1764900,0,9805,3882780.0,105894.0,0.088245,0,0,0,0,0,0,0.0,0,0,9805,35,12.026511192321777,B0_isolated,,,,,,,,,,,,,,,,,,,,,,,,,,,,,,,,,,,,,,,,,,,,,,,,,,,,,,,,,,,,,,,,,,,,,,,,,,,,,,,,,,,,,,,,,,,,,,,,,,,,,,,,,,,,,,,,,,,,,,,,,,,,,,,,,,,,,,,,,,,,,,,,,,,,,,,,,,,,,,,,,,,,,,,,,,,,,,,,,,,,,,,,,,,,,,,,,,,,,,,,,,,,,,,,,,,,,,,,,,,,,,,,,,,,,,,,,,,,,,,,,,,,,,,,
aggregation,20260917T194336-2a01_B1_central_keyword_default_s8,20260917T194336-2a01,ok,B1_central_keyword,baseline,8,tier1,,default,1000,10000,30,10,2,1,8cc3bd57cbeecc45,0.0,none,0,,,,sim-3b,synthetic,,,,,,149.777,6.322,398.0,2026-09-17T19:46:32Z,,1214,0,0,0,402,391,204,157,60,0,0.3311367380560132,0.7825370675453048,0.21746293245469522,0.06507413509060955,0.07907742998352553,0,0,0.93,0.93,100,0.96,0.96,25,15.5,14.583333333333334,-3.5,2.0,1.0,1.0,10,6.5,8.0,-5.0,2.0,0.55,0.55,20,1.0,1.0,3,0.05649151467982616,0.9914173795892166,0.9279701026261274,1.0,1.0,0.9407407407407408,0.3311367380560132,0.21746293245469522,1214,0.6486486486486487,0.2462686567164179,1.0,0.0,0.0,1.0,1214,0,0,0,402,391,204,157,60,0,0.3311367380560132,0.7825370675453048,0.21746293245469522,0.06507413509060955,0.07907742998352553,0,0,0.93,0.93,100,0.96,0.96,25,15.5,14.583333333333334,-3.5,2.0,1.0,1.0,10,6.5,8.0,-5.0,2.0,0.55,0.55,20,1.0,1.0,3,0.05649151467982616,0.9914173795892166,0.4866666666666667,0.4033333333333333,6.444444444444445,0.3724137931034483,0.6275862068965516,0.0,0.0,0.0,0.4,0.6,,,0,0,0,0.0,3,3,0,0,7,1,6,0,1.0,758,758,9060087,9060100,0.9999985651372502,0.0,9060087,9060087,0,1.0000014348648087,1.0000014348648087,400000,393680,0.043452059028046046,4313800,4313800,30,6470700.0,3882420.0,25.883615407830003,0,0,0,0,0,0,0.0,,1214,9842,,149.7759304046631,B1_central_keyword,0,109028,0,10000,0,0,0,4313800,,,,1,,,,,,,,,,,,,,,,,,,,,,,,,,,,,,,,,,,,,,,,,,,,,,,,,,,,,,,,,,,,,,,,,,,,,,,,,,,,,,,,,,,,,,,,,,,,,,,,,,,,,,,,,,,,,,,,,,,,,,,,,,,,,,,,,,,,,,,,,,,,,,,,,,,,,,,,,,,,,,,,,,,,,,,,,,,,,,,,,,,,,,,,,,,,,,,,,,,,,,,,,,,,,,,,,,,,,,,,,,,,,,,,,,,,,,,,,,,,
aggregation,20260917T194336-2a01_B1_central_keyword_default_s7,20260917T194336-2a01,ok,B1_central_keyword,baseline,7,tier1,,default,1000,10000,30,10,2,1,b90769378a3fd9c5,0.0,none,0,,,,sim-3b,synthetic,,,,,,154.945,8.934,374.1,2026-09-17T19:46:40Z,,1465,0,0,0,459,477,238,250,41,0,0.31331058020477814,0.8095563139931741,0.19044368600682593,0.03890784982935153,0.05802047781569966,0,0,0.9494949494949495,0.9494949494949495,99,1.0,1.0,25,9.0,10.32,-9.0,2.0,1.0,1.0,10,18.5,18.0,-2.0,2.0,0.55,0.55,20,1.0,1.0,4,0.029418809942772906,0.9905109601134213,0.9385809817854058,1.0,1.0,0.9626865671641791,0.31331058020477814,0.19044368600682593,1465,0.7152317880794702,0.25925925925925924,1.0,0.0,0.0,1.0,1465,0,0,0,459,477,238,250,41,0,0.31331058020477814,0.8095563139931741,0.19044368600682593,0.03890784982935153,0.05802047781569966,0,0,0.9494949494949495,0.9494949494949495,99,1.0,1.0,25,9.0,10.32,-9.0,2.0,1.0,1.0,10,18.5,18.0,-2.0,2.0,0.55,0.55,20,1.0,1.0,4,0.029418809942772906,0.9905109601134213,0.5266666666666666,0.33,5.857142857142857,0.6028368794326241,0.3971631205673759,0.0,0.0,0.0,0.9,0.1,,,0,0,0,0.0,4,4,0,0,6,5,1,0,1.0,746,746,9001134,9001150,0.9999982224493537,0.0,9001134,9001134,0,1.000001777553806,1.000001777553806,400000,392200,0.043572210217583306,4505800,4505800,30,6758700.0,4055220.0,27.03561010206,0,0,0,0,0,0,0.0,,1465,9805,,154.94335389137268,B1_central_keyword,0,114091,0,10000,0,0,0,4505800,,,,,,,,,,,,,,,,,,,,,,,,,,,,,,,,,,,,,,,,,,,,,,,,,,,,,,,,,,,,,,,,,,,,,,,,,,,,,,,,,,,,,,,,,,,,,,,,,,,,,,,,,,,,,,,,,,,,,,,,,,,,,,,,,,,,,,,,,,,,,,,,,,,,,,,,,,,,,,,,,,,,,,,,,,,,,,,,,,,,,,,,,,,,,,,,,,,,,,,,,,,,,,,,,,,,,,,,,,,,,,,,,,,,,,,,,,,,,,,,
aggregation,20260917T194336-2a01_B2_central_rag_default_s8,20260917T194336-2a01,ok,B2_central_rag,baseline,8,tier1,,default,1000,10000,30,10,2,1,8cc3bd57cbeecc45,0.0,none,0,,,,sim-3b,synthetic,,,,,,153.245,6.322,430.7,2026-09-17T19:49:06Z,,571,0,0,0,169,81,201,86,34,0,0.29597197898423816,0.5884413309982487,0.4115586690017513,0.08581436077057793,0.1190893169877408,0,0,0.27,0.27,100,0.68,0.68,25,13.0,13.764705882352942,-4.0,2.0,0.9,0.9,10,3.0,7.666666666666667,-7.0,2.0,0.5,0.5,20,1.0,1.0,3,0.06938703370880528,0.9835726729382274,0.9619963875600445,1.0,1.0,0.3925925925925926,0.29597197898423816,0.4115586690017513,571,0.7205882352941176,0.27218934911242604,1.0,0.0,0.13157894736842105,1.0,571,0,0,0,169,81,201,86,34,0,0.29597197898423816,0.5884413309982487,0.4115586690017513,0.08581436077057793,0.1190893169877408,0,0,0.27,0.27,100,0.68,0.68,25,13.0,13.764705882352942,-4.0,2.0,0.9,0.9,10,3.0,7.666666666666667,-7.0,2.0,0.5,0.5,20,1.0,1.0,3,0.06938703370880528,0.9835726729382274,0.4533333333333333,0.48333333333333334,7.25,0.10344827586206896,0.896551724137931,0.0,0.0,0.0,0.4,0.6,,,0,0,0,0.0,3,3,0,0,7,1,6,0,1.0,758,758,9060087,9060100,0.9999985651372502,0.0,9060087,9060087,0,1.0000014348648087,1.0000014348648087,400000,2566068,0.28322733744660655,5798720,5798720,30,8698080.0,5218848.0,34.79313540783,0,0,0,0,0,0,0.0,,571,9842,,153.24388670921326,B2_central_rag,0,101284,0,10000,0,0,2172388,3554064000,,,7,2,,,,,,,,,,,,,,,,,,,,,,,,,,,,,,,,,,,,,,,,,,,,,,,,,,,,,,,,,,,,,,,,,,,,,,,,,,,,,,,,,,,,,,,,,,,,,,,,,,,,,,,,,,,,,,,,,,,,,,,,,,,,,,,,,,,,,,,,,,,,,,,,,,,,,,,,,,,,,,,,,,,,,,,,,,,,,,,,,,,,,,,,,,,,,,,,,,,,,,,,,,,,,,,,,,,,,,,,,,,,,,,,,,,,,,,,,,,,
aggregation,20260917T194336-2a01_B3_central_llm_summary_default_s8,20260917T194336-2a01,ok,B3_central_llm_summary,baseline,8,tier1,,default,1000,10000,30,10,2,1,8cc3bd57cbeecc45,0.0,none,0,,,,sim-3b,synthetic,,,,,,12.218,6.322,441.4,2026-09-17T19:49:18Z,,226,0,0,0,71,49,61,36,9,0,0.3141592920353982,0.6902654867256637,0.30973451327433627,0.061946902654867256,0.06637168141592921,0,0,0.35,0.35,100,0.64,0.64,25,12.5,13.5625,-4.0,2.0,0.9,0.9,10,6.0,8.333333333333334,-7.0,2.0,0.3,0.3,20,0.6666666666666666,0.6666666666666666,3,0.053038285169662136,0.9910913825147949,1.0,1.0,1.0,0.4444444444444444,0.3141592920353982,0.30973451327433627,226,0.0,0.39436619718309857,1.0,0.0,0.0,1.0,226,0,0,0,71,49,61,36,9,0,0.3141592920353982,0.6902654867256637,0.30973451327433627,0.061946902654867256,0.06637168141592921,0,0,0.35,0.35,100,0.64,0.64,25,12.5,13.5625,-4.0,2.0,0.9,0.9,10,6.0,8.333333333333334,-7.0,2.0,0.3,0.3,20,0.6666666666666666,0.6666666666666666,3,0.053038285169662136,0.9910913825147949,0.49,0.33666666666666667,5.705882352941177,0.30344827586206896,0.6965517241379311,0.0,0.0,0.0,0.7,0.2,,,0,0,0,0.0,3,2,0,0,7,5,2,0,1.0,758,758,9060087,9060100,0.9999985651372502,0.0,9060087,9060087,0,1.0000014348648087,1.0000014348648087,400000,2566068,0.28322733744660655,5740948,5740948,90,8611422.0,5166853.2,34.44650340783,0,0,0,0,0,0,0.0,,226,9842,,12.216216087341309,B3_central_llm_summary,0,0,60,10000,0,0,2172388,5740948,,,,9,1,,,,,,,,,,,,,,,,,,,,,,,,,,,,,,,,,,,,,,,,,,,,,,,,,,,,,,,,,,,,,,,,,,,,,,,,,,,,,,,,,,,,,,,,,,,,,,,,,,,,,,,,,,,,,,,,,,,,,,,,,,,,,,,,,,,,,,,,,,,,,,,,,,,,,,,,,,,,,,,,,,,,,,,,,,,,,,,,,,,,,,,,,,,,,,,,,,,,,,,,,,,,,,,,,,,,,,,,,,,,,,,,,,,,,,,,,,,
aggregation,20260917T194336-2a01_B2_central_rag_default_s7,20260917T194336-2a01,ok,B2_central_rag,baseline,7,tier1,,default,1000,10000,30,10,2,1,b90769378a3fd9c5,0.0,none,0,,,,sim-3b,synthetic,,,,,,157.795,8.934,430.7,2026-09-17T19:49:18Z,,606,0,0,0,176,77,198,153,2,0,0.29042904290429045,0.66996699669967,0.33003300330033003,0.028052805280528052,0.039603960396039604,0,0,0.36363636363636365,0.36363636363636365,99,0.8,0.8,25,7.5,9.75,-6.0,2.0,0.7,0.7,10,15.0,18.571428571428573,-1.0,2.0,0.4,0.4,20,0.75,0.75,4,0.010901261534656537,0.9828484562541285,0.9847988124182852,1.0,1.0,0.4701492537313433,0.29042904290429045,0.33003300330033003,606,0.68,0.30113636363636365,1.0,0.0,0.030303030303030304,1.0,606,0,0,0,176,77,198,153,2,0,0.29042904290429045,0.66996699669967,0.33003300330033003,0.028052805280528052,0.039603960396039604,0,0,0.36363636363636365,0.36363636363636365,99,0.8,0.8,25,7.5,9.75,-6.0,2.0,0.7,0.7,10,15.0,18.571428571428573,-1.0,2.0,0.4,0.4,20,0.75,0.75,4,0.010901261534656537,0.9828484562541285,0.43666666666666665,0.43333333333333335,6.842105263157895,0.1702127659574468,0.8297872340425532,0.0,0.0,0.0,0.9,0.0,,,0,0,0,0.0,4,3,0,0,6,6,0,0,1.0,746,746,9001134,9001150,0.9999982224493537,0.0,9001134,9001134,0,1.000001777553806,1.000001777553806,400000,2591438,0.28790076823516997,5829140,5829140,30,8743710.0,5246226.0,34.97565010206,0,0,0,0,0,0,0.0,,606,9805,,157.79327392578125,B2_central_rag,0,102223,0,10000,0,0,2199238,3612348000,,,8,,,,,,,,,,,,,,,,,,,,,,,,,,,,,,,,,,,,,,,,,,,,,,,,,,,,,,,,,,,,,,,,,,,,,,,,,,,,,,,,,,,,,,,,,,,,,,,,,,,,,,,,,,,,,,,,,,,,,,,,,,,,,,,,,,,,,,,,,,,,,,,,,,,,,,,,,,,,,,,,,,,,,,,,,,,,,,,,,,,,,,,,,,,,,,,,,,,,,,,,,,,,,,,,,,,,,,,,,,,,,,,,,,,,,,,,,,,,,
aggregation,20260917T194336-2a01_B3_central_llm_summary_default_s7,20260917T194336-2a01,ok,B3_central_llm_summary,baseline,7,tier1,,default,1000,10000,30,10,2,1,b90769378a3fd9c5,0.0,none,0,,,,sim-3b,synthetic,,,,,,11.222,8.934,423.2,2026-09-17T19:49:29Z,,288,0,0,0,94,57,59,72,6,0,0.3263888888888889,0.7743055555555556,0.22569444444444445,0.024305555555555556,0.041666666666666664,0,0,0.5353535353535354,0.5353535353535354,99,0.88,0.88,25,10.5,11.818181818181818,-6.0,2.0,0.6,0.6,10,16.5,16.333333333333332,0.0,2.0,0.4,0.4,20,0.75,0.75,4,0.015222557395863423,0.9909170018403078,1.0,1.0,1.0,0.6044776119402985,0.3263888888888889,0.22569444444444445,288,0.0,0.3723404255319149,1.0,0.0,0.0,1.0,288,0,0,0,94,57,59,72,6,0,0.3263888888888889,0.7743055555555556,0.22569444444444445,0.024305555555555556,0.041666666666666664,0,0,0.5353535353535354,0.5353535353535354,99,0.88,0.88,25,10.5,11.818181818181818,-6.0,2.0,0.6,0.6,10,16.5,16.333333333333332,0.0,2.0,0.4,0.4,20,0.75,0.75,4,0.015222557395863423,0.9909170018403078,0.6366666666666667,0.19333333333333333,5.0,0.5671641791044776,0.4328358208955224,0.0,0.0,0.0,0.9,0.0,,,0,0,0,0.0,4,3,0,0,6,6,0,0,1.0,746,746,9001134,9001150,0.9999982224493537,0.0,9001134,9001134,0,1.000001777553806,1.000001777553806,400000,2591438,0.28790076823516997,5564512,5564512,90,8346768.0,5008060.8,33.38788210206,0,0,0,0,0,0,0.0,,288,9805,1,11.221312522888184,B3_central_llm_summary,0,0,60,10000,0,0,2199238,5564512,,,,3,3,,,,,,,,,,,,,,,,,,,,,,,,,,,,,,,,,,,,,,,,,,,,,,,,,,,,,,,,,,,,,,,,,,,,,,,,,,,,,,,,,,,,,,,,,,,,,,,,,,,,,,,,,,,,,,,,,,,,,,,,,,,,,,,,,,,,,,,,,,,,,,,,,,,,,,,,,,,,,,,,,,,,,,,,,,,,,,,,,,,,,,,,,,,,,,,,,,,,,,,,,,,,,,,,,,,,,,,,,,,,,,,,,,,,,,,,,,,
aggregation,20260917T194336-2a01_B3_central_llm_summary_scoped_default_s8,20260917T194336-2a01,ok,B3_central_llm_summary_scoped,baseline,8,tier1,,default,1000,10000,30,10,2,1,8cc3bd57cbeecc45,0.0,none,0,,,,sim-3b,synthetic,,,,,,103.986,6.322,420.5,2026-09-17T19:51:02Z,,1055,0,0,0,366,365,163,113,48,0,0.3469194312796208,0.8,0.2,0.06350710900473934,0.07109004739336493,0,0,0.89,0.89,100,1.0,1.0,25,14.0,15.2,-3.0,2.0,0.9,0.9,10,6.0,8.333333333333334,-7.0,2.0,0.45,0.45,20,1.0,1.0,3,0.05507281789257712,0.9915657088878378,0.9402754077527214,1.0,1.0,0.9111111111111111,0.3469194312796208,0.2,1055,0.6056338028169014,0.23770491803278687,1.0,0.0,0.0,1.0,1055,0,0,0,366,365,163,113,48,0,0.3469194312796208,0.8,0.2,0.06350710900473934,0.07109004739336493,0,0,0.89,0.89,100,1.0,1.0,25,14.0,15.2,-3.0,2.0,0.9,0.9,10,6.0,8.333333333333334,-7.0,2.0,0.45,0.45,20,1.0,1.0,3,0.05507281789257712,0.9915657088878378,0.47333333333333333,0.37666666666666665,6.470588235294118,0.3448275862068966,0.6551724137931034,0.0,0.0,0.0,0.4,0.6,,,0,0,0,0.0,3,3,0,0,7,1,6,0,1.0,758,758,9060087,9060100,0.9999985651372502,0.0,9060087,9060087,0,1.0000014348648087,1.0000014348648087,400000,2566068,0.28322733744660655,26597570,26597570,90,39896355.0,23937813.0,159.58623540783,0,0,0,0,0,0,0.0,,1055,9842,,103.98414540290833,B3_central_llm_summary_scoped,0,0,60,10000,0,0,2172388,26597570,,,,,1,,,,,,,,,,,,,,,,,,,,,,,,,,,,,,,,,,,,,,,,,,,,,,,,,,,,,,,,,,,,,,,,,,,,,,,,,,,,,,,,,,,,,,,,,,,,,,,,,,,,,,,,,,,,,,,,,,,,,,,,,,,,,,,,,,,,,,,,,,,,,,,,,,,,,,,,,,,,,,,,,,,,,,,,,,,,,,,,,,,,,,,,,,,,,,,,,,,,,,,,,,,,,,,,,,,,,,,,,,,,,,,,,,,,,,,,,,,
aggregation,20260917T194336-2a01_B3_central_llm_summary_scoped_default_s7,20260917T194336-2a01,ok,B3_central_llm_summary_scoped,baseline,7,tier1,,default,1000,10000,30,10,2,1,b90769378a3fd9c5,0.0,none,0,,,,sim-3b,synthetic,,,,,,102.444,8.934,417.1,2026-09-17T19:51:12Z,,1284,0,0,0,418,437,178,218,33,0,0.32554517133956384,0.8356697819314641,0.16433021806853582,0.03115264797507788,0.04750778816199377,0,0,0.9393939393939394,0.9393939393939394,99,1.0,1.0,25,11.0,12.08,-7.0,2.0,0.6,0.6,10,16.5,16.333333333333332,0.0,2.0,0.6,0.6,20,1.0,1.0,4,0.02234719794751161,0.9911945499724337,0.9412371627410286,1.0,1.0,0.9253731343283582,0.32554517133956384,0.16433021806853582,1284,0.684931506849315,0.2607655502392344,1.0,0.0,0.0,1.0,1284,0,0,0,418,437,178,218,33,0,0.32554517133956384,0.8356697819314641,0.16433021806853582,0.03115264797507788,0.04750778816199377,0,0,0.9393939393939394,0.9393939393939394,99,1.0,1.0,25,11.0,12.08,-7.0,2.0,0.6,0.6,10,16.5,16.333333333333332,0.0,2.0,0.6,0.6,20,1.0,1.0,4,0.02234719794751161,0.9911945499724337,0.5633333333333334,0.2733333333333333,5.769230769230769,0.6417910447761194,0.35820895522388063,0.0,0.0,0.0,0.8,0.2,,,0,0,0,0.0,4,4,0,0,6,4,2,0,1.0,746,746,9001134,9001150,0.9999982224493537,0.0,9001134,9001134,0,1.000001777553806,1.000001777553806,400000,2591438,0.28790076823516997,24992821,24992821,90,37489231.5,22493538.9,149.95773610206,0,0,0,0,0,0,0.0,,1284,9805,1,102.44296717643738,B3_central_llm_summary_scoped,0,0,60,10000,0,0,2199238,24992821,,,,,3,,,,,,,,,,,,,,,,,,,,,,,,,,,,,,,,,,,,,,,,,,,,,,,,,,,,,,,,,,,,,,,,,,,,,,,,,,,,,,,,,,,,,,,,,,,,,,,,,,,,,,,,,,,,,,,,,,,,,,,,,,,,,,,,,,,,,,,,,,,,,,,,,,,,,,,,,,,,,,,,,,,,,,,,,,,,,,,,,,,,,,,,,,,,,,,,,,,,,,,,,,,,,,,,,,,,,,,,,,,,,,,,,,,,,,,,,,,
aggregation,20260917T194336-2a01_B4_majority_vote_default_s8,20260917T194336-2a01,ok,B4_majority_vote,baseline,8,tier1,,default,1000,10000,30,10,2,1,8cc3bd57cbeecc45,0.0,none,0,,,,sim-3b,synthetic,,,,,,158.029,6.322,460.3,2026-09-17T19:53:40Z,,1528,0,0,0,240,148,794,184,162,0,0.15706806282722513,0.3743455497382199,0.6256544502617801,0.362565445026178,0.4306282722513089,0,0,0.81,0.81,100,0.32,0.32,25,15.5,17.875,1.5,2.0,0.4,0.4,10,19.0,20.25,6.5,2.0,0.6,0.6,20,1.0,1.0,3,0.11374113991589321,0.6462681206984884,0.9117084957897024,1.0,1.0,0.6888888888888889,0.15706806282722513,0.6256544502617801,1528,0.41818181818181815,0.21666666666666667,1.0,0.0,0.22,1.0,1528,0,0,0,240,148,794,184,162,0,0.15706806282722513,0.3743455497382199,0.6256544502617801,0.362565445026178,0.4306282722513089,0,0,0.81,0.81,100,0.32,0.32,25,15.5,17.875,1.5,2.0,0.4,0.4,10,19.0,20.25,6.5,2.0,0.6,0.6,20,1.0,1.0,3,0.11374113991589321,0.6462681206984884,0.41,0.22333333333333333,7.714285714285714,0.208955223880597,0.791044776119403,0.0,0.0,0.0,0.6,0.4,,,0,0,0,0.0,3,3,0,0,7,3,4,0,1.0,758,758,9060087,9060100,0.9999985651372502,0.0,9060087,9060087,0,1.0000014348648087,1.0000014348648087,400000,393680,0.043452059028046046,4240920,4240920,30,6361380.0,3816828.0,25.446335407830002,0,0,0,0,0,0,0.0,,1528,9842,,158.02707242965698,B4_majority_vote,0,107477,0,10000,0,0,0,4240920,,,,2,,21,,,,,,,,,,,,,,,,,,,,,,,,,,,,,,,,,,,,,,,,,,,,,,,,,,,,,,,,,,,,,,,,,,,,,,,,,,,,,,,,,,,,,,,,,,,,,,,,,,,,,,,,,,,,,,,,,,,,,,,,,,,,,,,,,,,,,,,,,,,,,,,,,,,,,,,,,,,,,,,,,,,,,,,,,,,,,,,,,,,,,,,,,,,,,,,,,,,,,,,,,,,,,,,,,,,,,,,,,,,,,,,,,,,,,,,,,,
aggregation,20260917T194336-2a01_B4_majority_vote_default_s7,20260917T194336-2a01,ok,B4_majority_vote,baseline,7,tier1,,default,1000,10000,30,10,2,1,b90769378a3fd9c5,0.0,none,0,,,,sim-3b,synthetic,,,,,,165.117,8.934,448.9,2026-09-17T19:53:57Z,,1941,0,0,0,276,149,1111,254,151,0,0.14219474497681608,0.3498196805770222,0.6501803194229778,0.35600206079340546,0.41473467284904686,0,0,0.9393939393939394,0.9393939393939394,99,0.64,0.64,25,22.0,20.8125,4.5,2.0,0.3,0.3,10,18.0,15.666666666666666,0.0,2.0,0.5,0.5,20,0.75,0.75,4,0.12707118214219804,0.6542214710905271,0.9147752504756513,1.0,1.0,0.835820895522388,0.14219474497681608,0.6501803194229778,1941,0.5079365079365079,0.18840579710144928,1.0,0.0,0.25862068965517243,1.0,1941,0,0,0,276,149,1111,254,151,0,0.14219474497681608,0.3498196805770222,0.6501803194229778,0.35600206079340546,0.41473467284904686,0,0,0.9393939393939394,0.9393939393939394,99,0.64,0.64,25,22.0,20.8125,4.5,2.0,0.3,0.3,10,18.0,15.666666666666666,0.0,2.0,0.5,0.5,20,0.75,0.75,4,0.12707118214219804,0.6542214710905271,0.43666666666666665,0.21666666666666667,7.142857142857143,0.36923076923076925,0.6307692307692307,0.0,0.0,0.0,0.9,0.0,,,0,0,0,0.0,4,3,0,0,6,6,0,0,1.0,746,746,9001134,9001150,0.9999982224493537,0.0,9001134,9001134,0,1.000001777553806,1.000001777553806,400000,392200,0.043572210217583306,4484520,4484520,30,6726780.000000001,4036068.0000000005,26.907930102060003,0,0,0,0,0,0,0.0,,1941,9805,,165.11616134643555,B4_majority_vote,0,114030,0,10000,0,0,0,4484520,,,1,,,15,,,,,,,,,,,,,,,,,,,,,,,,,,,,,,,,,,,,,,,,,,,,,,,,,,,,,,,,,,,,,,,,,,,,,,,,,,,,,,,,,,,,,,,,,,,,,,,,,,,,,,,,,,,,,,,,,,,,,,,,,,,,,,,,,,,,,,,,,,,,,,,,,,,,,,,,,,,,,,,,,,,,,,,,,,,,,,,,,,,,,,,,,,,,,,,,,,,,,,,,,,,,,,,,,,,,,,,,,,,,,,,,,,,,,,,,,,
aggregation,20260917T194336-2a01_B5_flat_agents_default_s8,20260917T194336-2a01,ok,B5_flat_agents,hierarchy,8,tier1,,default,1000,10000,30,10,2,1,8cc3bd57cbeecc45,0.0,none,1,order_capped,3,1,sim-3b,synthetic,none,3,none,,,27.635,6.322,403.9,2026-09-17T19:54:08Z,,165,0,0,0,63,50,18,24,10,0,0.38181818181818183,0.8303030303030303,0.1696969696969697,0.07272727272727272,0.07878787878787878,0,0,0.27,0.27,100,0.6,0.6,25,15.0,15.8,-1.0,2.0,0.8,0.8,10,16.5,16.875,1.0,2.0,0.25,0.25,20,0.6666666666666666,0.6666666666666666,3,0.062180568408631176,0.9894532956813584,0.22451493713326576,0.5310367933723197,63.888888888888886,0.37037037037037035,0.38181818181818183,0.1696969696969697,165,0.0,0.3492063492063492,1.0,0.0,0.0,1.0,165,0,0,0,63,50,18,24,10,0,0.38181818181818183,0.8303030303030303,0.1696969696969697,0.07272727272727272,0.07878787878787878,0,0,0.27,0.27,100,0.6,0.6,25,15.0,15.8,-1.0,2.0,0.8,0.8,10,16.5,16.875,1.0,2.0,0.25,0.25,20,0.6666666666666666,0.6666666666666666,3,0.062180568408631176,0.9894532956813584,0.43,0.2633333333333333,5.428571428571429,0.427536231884058,0.572463768115942,0.0,0.0,0.0,0.8,0.1,,,0,0,0,0.0,3,2,0,0,7,6,1,0,0.0,0,758,404800,9060100,0.04467941854946413,0.0,404800,404800,0,22.38166996047431,22.38166996047431,400000,,,2781385,0,10030,6119047.000000001,166883.1,0.13906925,0,0,158,0,0,0,0.0,,165,,,27.3236665725708,,0,,,,,,,,,11,,,1,,,,0,0,0,0,0,158,0,404800,404800,0,165,1,0,,,,,,,,,,,,,,,,,,,,,,,,,,,,,,,,,,,,,,,,,,,,,,,,,,,,,,,,,,,,,,,,,,,,,,,,,,,,,,,,,,,,,,,,,,,,,,,,,,,,,,,,,,,,,,,,,,,,,,,,,,,,,,,,,,,,,,,,,,,,,,,,,,,,,,,,,,,,,,,,,,,,,,,,,,,,,,,,,,,,,,,,,,,,,,,,,,,,,,,,,,,,,,,,,,,,,,,,,,,
aggregation,20260917T194336-2a01_B5_flat_agents_default_s7,20260917T194336-2a01,ok,B5_flat_agents,hierarchy,7,tier1,,default,1000,10000,30,10,2,1,b90769378a3fd9c5,0.0,none,1,order_capped,3,1,sim-3b,synthetic,none,3,none,,,26.063,8.934,345.4,2026-09-17T19:54:23Z,,212,0,0,0,74,71,25,38,4,0,0.3490566037735849,0.8632075471698113,0.13679245283018868,0.03773584905660377,0.07547169811320754,0,0,0.3838383838383838,0.3838383838383838,99,0.76,0.76,25,13.0,13.421052631578947,-3.0,2.0,0.4,0.4,10,22.5,22.75,4.0,2.0,0.3,0.3,20,0.75,0.75,4,0.02574166182666826,0.9880058127700645,0.20334810750570922,0.4869019725370532,63.972972972972975,0.4552238805970149,0.3490566037735849,0.13679245283018868,212,0.0,0.3108108108108108,1.0,0.0,0.0,1.0,212,0,0,0,74,71,25,38,4,0,0.3490566037735849,0.8632075471698113,0.13679245283018868,0.03773584905660377,0.07547169811320754,0,0,0.3838383838383838,0.3838383838383838,99,0.76,0.76,25,13.0,13.421052631578947,-3.0,2.0,0.4,0.4,10,22.5,22.75,4.0,2.0,0.3,0.3,20,0.75,0.75,4,0.02574166182666826,0.9880058127700645,0.52,0.13666666666666666,4.1,0.6132075471698113,0.3867924528301887,0.0,0.0,0.0,0.9,0.0,,,0,0,0,0.0,4,3,0,0,6,6,0,0,0.0,0,746,404800,9001150,0.04497203135154952,0.0,404800,404800,0,22.236042490118578,22.236042490118578,400000,,,2749223,0,10030,6048290.6,164953.38,0.13746115,0,0,195,0,0,0,0.0,,212,,3,25.698209762573242,,0,,,,,,,,,6,,,3,,,,0,0,0,0,0,195,0,404800,404800,0,212,1,0,,,,,,,,,,,,,,,,,,,,,,,,,,,,,,,,,,,,,,,,,,,,,,,,,,,,,,,,,,,,,,,,,,,,,,,,,,,,,,,,,,,,,,,,,,,,,,,,,,,,,,,,,,,,,,,,,,,,,,,,,,,,,,,,,,,,,,,,,,,,,,,,,,,,,,,,,,,,,,,,,,,,,,,,,,,,,,,,,,,,,,,,,,,,,,,,,,,,,,,,,,,,,,,,,,,,,,,,,,,
aggregation,20260917T194336-2a01_B5_flat_agents_lineage_default_s8,20260917T194336-2a01,ok,B5_flat_agents_lineage,hierarchy,8,tier1,,default,1000,10000,30,10,2,1,8cc3bd57cbeecc45,0.0,none,1,order_capped,3,1,sim-3b,synthetic,none,3,none,,,27.129,6.322,403.9,2026-09-17T19:54:35Z,,165,0,0,0,63,50,18,24,10,0,0.38181818181818183,0.8303030303030303,0.1696969696969697,0.07272727272727272,0.07878787878787878,0,0,0.27,0.27,100,0.6,0.6,25,15.0,15.8,-1.0,2.0,0.8,0.8,10,16.5,16.875,1.0,2.0,0.25,0.25,20,0.6666666666666666,0.6666666666666666,3,0.06175494645575974,0.989027673728487,0.22451493713326576,0.5310367933723197,63.888888888888886,0.37037037037037035,0.38181818181818183,0.1696969696969697,165,0.0,0.3492063492063492,1.0,0.0,1.0,1.0,165,0,0,0,63,50,18,24,10,0,0.38181818181818183,0.8303030303030303,0.1696969696969697,0.07272727272727272,0.07878787878787878,0,0,0.27,0.27,100,0.6,0.6,25,15.0,15.8,-1.0,2.0,0.8,0.8,10,16.5,16.875,1.0,2.0,0.25,0.25,20,0.6666666666666666,0.6666666666666666,3,0.06175494645575974,0.989027673728487,0.43,0.2633333333333333,5.428571428571429,0.427536231884058,0.572463768115942,0.0,0.0,0.0,0.8,0.1,,,0,0,0,0.0,3,2,0,0,7,6,1,0,0.0,0,758,404800,9060100,0.04467941854946413,0.0,404800,404800,0,22.38166996047431,22.38166996047431,400000,,,2781385,0,10030,6119047.000000001,166883.1,0.13906925,0,0,158,0,0,0,0.0,,165,,,26.805887699127197,,0,,,,,,,,,11,,,1,,,,0,0,0,0,0,158,0,404800,404800,0,165,1,0,,,,,,,,,,,,,,,,,,,,,,,,,,,,,,,,,,,,,,,,,,,,,,,,,,,,,,,,,,,,,,,,,,,,,,,,,,,,,,,,,,,,,,,,,,,,,,,,,,,,,,,,,,,,,,,,,,,,,,,,,,,,,,,,,,,,,,,,,,,,,,,,,,,,,,,,,,,,,,,,,,,,,,,,,,,,,,,,,,,,,,,,,,,,,,,,,,,,,,,,,,,,,,,,,,,,,,,,,,,
aggregation,20260917T194336-2a01_B5_flat_agents_lineage_default_s7,20260917T194336-2a01,ok,B5_flat_agents_lineage,hierarchy,7,tier1,,default,1000,10000,30,10,2,1,b90769378a3fd9c5,0.0,none,1,order_capped,3,1,sim-3b,synthetic,none,3,none,,,26.006,8.934,345.4,2026-09-17T19:54:49Z,,212,0,0,0,74,71,25,38,4,0,0.3490566037735849,0.8632075471698113,0.13679245283018868,0.03773584905660377,0.07547169811320754,0,0,0.3838383838383838,0.3838383838383838,99,0.76,0.76,25,13.0,13.421052631578947,-3.0,2.0,0.4,0.4,10,22.5,22.75,4.0,2.0,0.3,0.3,20,0.75,0.75,4,0.02400718933917912,0.9862713402825752,0.20334810750570922,0.4869019725370532,63.972972972972975,0.4552238805970149,0.3490566037735849,0.13679245283018868,212,0.0,0.3108108108108108,1.0,0.0,0.7692307692307693,1.0,212,0,0,0,74,71,25,38,4,0,0.3490566037735849,0.8632075471698113,0.13679245283018868,0.03773584905660377,0.07547169811320754,0,0,0.3838383838383838,0.3838383838383838,99,0.76,0.76,25,13.0,13.421052631578947,-3.0,2.0,0.4,0.4,10,22.5,22.75,4.0,2.0,0.3,0.3,20,0.75,0.75,4,0.02400718933917912,0.9862713402825752,0.52,0.13666666666666666,4.1,0.6132075471698113,0.3867924528301887,0.0,0.0,0.0,0.9,0.0,,,0,0,0,0.0,4,3,0,0,6,6,0,0,0.0,0,746,404800,9001150,0.04497203135154952,0.0,404800,404800,0,22.236042490118578,22.236042490118578,400000,,,2749223,0,10030,6048290.6,164953.38,0.13746115,0,0,195,0,0,0,0.0,,212,,3,25.619303226470947,,0,,,,,,,,,6,,,3,,,,0,0,0,0,0,195,0,404800,404800,0,212,1,0,,,,,,,,,,,,,,,,,,,,,,,,,,,,,,,,,,,,,,,,,,,,,,,,,,,,,,,,,,,,,,,,,,,,,,,,,,,,,,,,,,,,,,,,,,,,,,,,,,,,,,,,,,,,,,,,,,,,,,,,,,,,,,,,,,,,,,,,,,,,,,,,,,,,,,,,,,,,,,,,,,,,,,,,,,,,,,,,,,,,,,,,,,,,,,,,,,,,,,,,,,,,,,,,,,,,,,,,,,,
aggregation,20260917T194336-2a01_B6_hier_no_lineage_default_s8,20260917T194336-2a01,ok,B6_hier_no_lineage,hierarchy,8,tier1,,default,1000,10000,30,10,2,1,8cc3bd57cbeecc45,0.0,none,5,order_capped,3,1,sim-3b,synthetic,none,3,none,,,35.554,6.322,408.6,2026-09-17T19:55:11Z,,804,0,0,0,283,318,77,80,46,0,0.35199004975124376,0.8470149253731343,0.15298507462686567,0.07462686567164178,0.08582089552238806,0,0,0.65,0.65,100,0.76,0.76,25,16.0,16.36842105263158,-2.0,2.0,0.8,0.8,10,13.5,17.0,0.5,2.0,0.45,0.45,20,1.0,1.0,3,0.05307357423703274,0.978446708565391,0.8636103021897038,0.9242489050866113,23.25225225225225,0.6814814814814815,0.35199004975124376,0.15298507462686567,804,0.6306306306306306,0.2332155477031802,1.0,0.0,0.02247191011235955,1.0,804,0,0,0,283,318,77,80,46,0,0.35199004975124376,0.8470149253731343,0.15298507462686567,0.07462686567164178,0.08582089552238806,0,0,0.65,0.65,100,0.76,0.76,25,16.0,16.36842105263158,-2.0,2.0,0.8,0.8,10,13.5,17.0,0.5,2.0,0.45,0.45,20,1.0,1.0,3,0.05307357423703274,0.978446708565391,0.4266666666666667,0.3333333333333333,6.25,0.4782608695652174,0.5217391304347826,0.0,0.0,0.0,0.5,0.5,,,0,0,0,0.0,3,3,0,0,7,2,5,0,0.0,0,758,404800,9060100,0.04467941854946413,0.0,16011553,404800,15606753,0.5805243409695791,0.5658476726148925,400000,,,10816290,0,10810,1699702.7142857146,648977.4,0.5408145000000001,0,0,158,0,0,0,0.0,,804,,1,34.023354291915894,,0,,,,,,,,,6,,,1,,1.3449468558874176,0.02562993083827238,0,0,0,0,0,158,0,404800,4181673,0,804,1,0,0.45185185185185184,0.34297520661157027,0.06611570247933884,242,0.0958904109589041,0.012048192771084338,1.0,0.0,0.0,1.0,0.6370370370370371,0.3475336322869955,0.10538116591928251,446,0.38461538461538464,0.12903225806451613,1.0,0.0,0.013513513513513514,1.0,0.6814814814814815,0.3504,0.136,625,0.5675675675675675,0.1963470319634703,1.0,0.0,0.02247191011235955,1.0,242,0,0,0,83,138,3,5,13,0,0.34297520661157027,0.9338842975206612,0.06611570247933884,0.06611570247933884,0.07851239669421488,0,0,0.56,0.56,100,0.2,0.2,25,20.0,20.8,5.0,-1.0,0.0,0.0,10,,,,,0.2,0.2,20,1.0,1.0,3,0.05639618556643122,0.9902804830870924,446,0,0,0,155,218,21,26,26,0,0.3475336322869955,0.8946188340807175,0.10538116591928251,0.07623318385650224,0.08744394618834081,0,0,0.62,0.62,100,0.72,0.72,25,18.0,17.77777777777778,1.0,0.0,0.6,0.6,10,22.5,21.5,9.0,0.0,0.4,0.4,20,1.0,1.0,3,0.05548825599675544,0.9792550721402532,625,0,0,0,219,268,49,53,36,0,0.3504,0.864,0.136,0.0752,0.0864,0,0,0.65,0.65,100,0.76,0.76,25,16.0,16.36842105263158,-2.0,1.0,0.8,0.8,10,13.5,17.0,0.5,1.0,0.45,0.45,20,1.0,1.0,3,0.05392562893807862,0.9787256289380786,404800,6736400,242,10,6736400,4688680,446,2,4688680,4181673,625,1,0,0,0,,,,,,,,,,,,,,,,,,,,,,,,,,,,,,,,,,,,,,,,,,,,,,,,
aggregation,20260917T194336-2a01_B6_hier_no_lineage_default_s7,20260917T194336-2a01,ok,B6_hier_no_lineage,hierarchy,7,tier1,,default,1000,10000,30,10,2,1,b90769378a3fd9c5,0.0,none,5,order_capped,3,1,sim-3b,synthetic,none,3,none,,,35.737,8.934,390.0,2026-09-17T19:55:25Z,,959,0,0,0,312,399,85,135,28,0,0.32533889468196037,0.8821689259645464,0.11783107403545359,0.040667361835245046,0.0740354535974974,0,0,0.7373737373737373,0.7373737373737373,99,0.84,0.84,25,12.0,13.047619047619047,-3.0,2.0,0.4,0.4,10,20.0,21.0,3.0,2.0,0.35,0.35,20,0.75,0.75,4,0.01825639432625381,0.9775890324910088,0.8639223872307407,0.9578614886872453,25.095652173913045,0.7313432835820896,0.32533889468196037,0.11783107403545359,959,0.6782608695652174,0.22435897435897437,1.0,0.0,0.010309278350515464,1.0,959,0,0,0,312,399,85,135,28,0,0.32533889468196037,0.8821689259645464,0.11783107403545359,0.040667361835245046,0.0740354535974974,0,0,0.7373737373737373,0.7373737373737373,99,0.84,0.84,25,12.0,13.047619047619047,-3.0,2.0,0.4,0.4,10,20.0,21.0,3.0,2.0,0.35,0.35,20,0.75,0.75,4,0.01825639432625381,0.9775890324910088,0.5333333333333333,0.16666666666666666,4.545454545454546,0.6320754716981132,0.3679245283018868,0.0,0.0,0.0,0.8,0.1,,,0,0,0,0.0,4,3,0,0,6,5,1,0,0.0,0,746,404800,9001150,0.04497203135154952,2.1111075925984567e-05,15708370,404800,15303570,0.5881732170990168,0.5730161690869263,400000,,,10481905,0,10810,1647156.5,628914.3,0.52409525,0,0,195,0,0,0,0.0,,959,,3,33.92363095283508,,0,,,,,,,,,4,,,3,,1.361985133259271,0.0261376920548604,0,0,0,0,0,195,0,404800,4155664,0,959,1,0,0.5149253731343284,0.30685920577617326,0.05776173285198556,277,0.07792207792207792,0.011764705882352941,1.0,0.0,0.0,1.0,0.7238805970149254,0.3260437375745527,0.08548707753479125,503,0.3805309734513274,0.14634146341463414,1.0,0.0,0.0,1.0,0.7313432835820896,0.32558139534883723,0.106703146374829,731,0.6608695652173913,0.19747899159663865,1.0,0.0,0.010309278350515464,1.0,277,0,0,0,85,169,3,7,13,0,0.30685920577617326,0.9422382671480144,0.05776173285198556,0.04693140794223827,0.061371841155234655,0,0,0.6363636363636364,0.6363636363636364,99,0.24,0.24,25,25.5,25.5,7.5,-1.0,0.0,0.0,10,,,,,0.15,0.15,20,0.5,0.5,4,0.035628470736961404,0.9886970627947231,503,0,0,0,164,259,25,37,18,0,0.3260437375745527,0.9145129224652088,0.08548707753479125,0.04572564612326044,0.06560636182902585,0,0,0.7272727272727273,0.7272727272727273,99,0.84,0.84,25,14.0,14.142857142857142,-3.0,0.0,0.4,0.4,10,24.5,24.0,8.0,0.0,0.3,0.3,20,0.75,0.75,4,0.024365736640800884,0.9786400905175404,731,0,0,0,238,329,55,86,23,0,0.32558139534883723,0.893296853625171,0.106703146374829,0.04240766073871409,0.07113543091655267,0,0,0.7373737373737373,0.7373737373737373,99,0.84,0.84,25,12.0,13.047619047619047,-3.0,1.0,0.4,0.4,10,20.0,21.0,3.0,1.0,0.35,0.35,20,0.75,0.75,4,0.020111421326511114,0.9777037605877971,404800,6608846,277,10,6608846,4539060,503,2,4539060,4155664,731,1,0,0,0,,,,,,,,,,,,,,,,,,,,,,,,,,,,,,,,,,,,,,,,,,,,,,,,
aggregation,20260917T194336-2a01_B7_mycelic_default_s8,20260917T194336-2a01,ok,B7_mycelic,hierarchy,8,tier1,,default,1000,10000,30,10,2,1,8cc3bd57cbeecc45,0.0,none,5,order_capped,3,1,sim-3b,synthetic,none,3,none,,,44.77,6.322,409.0,2026-09-17T19:55:56Z,,625,175,16,159,228,245,66,53,33,0,0.3648,0.8416,0.1584,0.0704,0.0816,16,214,0.64,0.65,100,0.76,0.76,25,16.0,16.36842105263158,-2.0,2.0,0.8,0.8,10,13.5,17.0,0.5,2.0,0.45,0.45,20,1.0,1.0,3,0.04519775092298121,0.9747977509229812,0.8407363145980802,0.9449696258073319,26.63963963963964,0.6814814814814815,0.3648,0.1584,625,0.5,0.13596491228070176,1.0,0.0,0.45555555555555555,1.0,625,175,16,159,228,245,66,53,33,0,0.3648,0.8416,0.1584,0.0704,0.0816,16,214,0.64,0.65,100,0.76,0.76,25,16.0,16.36842105263158,-2.0,2.0,0.8,0.8,10,13.5,17.0,0.5,2.0,0.45,0.45,20,1.0,1.0,3,0.04519775092298121,0.9747977509229812,0.4266666666666667,0.3333333333333333,6.25,0.47101449275362317,0.5289855072463768,0.043478260869565216,0.9,0.08294930875576037,0.8,0.2,,16.22222222222222,280,73,198,0.7071428571428572,3,3,0,3,7,5,2,6,0.0,0,758,404800,9060100,0.04467941854946413,0.0,16260319,404800,15855519,0.571416173762587,0.55719079066038,400000,,,10878478,0,10810,1709475.1142857142,652708.6799999999,0.5439239,0,0,158,0,0,0,0.0,,625,,1,43.365500926971436,,0,,,,,,,,,6,,,1,,1.3449468558874176,0.025227808689201534,567,0,0,0,0,158,0,404800,4331271,0,625,1,0,0.45185185185185184,0.34297520661157027,0.06611570247933884,242,0.0958904109589041,0.012048192771084338,1.0,0.0,0.9464285714285714,1.0,0.6370370370370371,0.3743016759776536,0.10335195530726257,358,0.20588235294117646,0.05970149253731343,1.0,0.0,0.6351351351351351,1.0,0.6814814814814815,0.3677685950413223,0.13016528925619836,484,0.36363636363636365,0.10112359550561797,1.0,0.0,0.5333333333333333,1.0,242,0,0,0,83,138,3,5,13,0,0.34297520661157027,0.9338842975206612,0.06611570247933884,0.06611570247933884,0.07851239669421488,0,0,0.56,0.56,100,0.2,0.2,25,20.0,20.8,5.0,-1.0,0.0,0.0,10,,,,,0.2,0.2,20,1.0,1.0,3,0.05557086942964886,0.9880680690009546,358,100,9,91,134,174,18,13,19,0,0.3743016759776536,0.8966480446927374,0.10335195530726257,0.07262569832402235,0.08100558659217877,12,168,0.6,0.62,100,0.72,0.72,25,18.0,17.77777777777778,1.0,0.0,0.6,0.6,10,22.5,21.5,9.0,0.0,0.4,0.4,20,1.0,1.0,3,0.045398438187959064,0.9727727398639366,484,132,13,119,178,211,38,32,25,0,0.3677685950413223,0.8698347107438017,0.13016528925619836,0.07024793388429752,0.08057851239669421,16,209,0.64,0.65,100,0.76,0.76,25,17.0,16.894736842105264,0.0,1.0,0.8,0.8,10,13.5,17.0,0.5,1.0,0.45,0.45,20,1.0,1.0,3,0.04426562427642879,0.9740176903921314,404800,6736400,242,10,6736400,4787848,358,2,4787848,4331271,484,1,0,0,0,,,,,,,,,,,,,,,,,,,,,,,,,,,,,,,,,,,,,,,,,,,,,,,,
aggregation,20260917T194336-2a01_B7_mycelic_default_s7,20260917T194336-2a01,ok,B7_mycelic,hierarchy,7,tier1,,default,1000,10000,30,10,2,1,b90769378a3fd9c5,0.0,none,5,order_capped,3,1,sim-3b,synthetic,none,3,none,,,45.714,8.934,398.5,2026-09-17T19:56:11Z,,729,180,2,178,234,317,57,95,26,0,0.32098765432098764,0.8861454046639232,0.11385459533607682,0.04801097393689986,0.0850480109739369,10,217,0.7070707070707071,0.7474747474747475,99,0.84,0.84,25,12.0,13.047619047619047,-3.0,2.0,0.4,0.4,10,20.0,21.0,3.0,2.0,0.35,0.4,20,0.75,0.75,4,0.021176051333495385,0.9731650773965955,0.8464949952705428,0.9651410003973576,28.11965811965812,0.7388059701492538,0.32098765432098764,0.11385459533607682,729,0.5089285714285714,0.1794871794871795,1.0,0.0,0.4489795918367347,1.0,729,180,2,178,234,317,57,95,26,0,0.32098765432098764,0.8861454046639232,0.11385459533607682,0.04801097393689986,0.0850480109739369,10,217,0.7070707070707071,0.7474747474747475,99,0.84,0.84,25,12.0,13.047619047619047,-3.0,2.0,0.4,0.4,10,20.0,21.0,3.0,2.0,0.35,0.4,20,0.75,0.75,4,0.021176051333495385,0.9731650773965955,0.5333333333333333,0.16666666666666666,4.545454545454546,0.6226415094339622,0.37735849056603776,0.014492753623188406,0.4,0.027972027972027972,0.8,0.1,,12.75,351,75,272,0.7749287749287749,4,3,0,2,6,5,1,2,0.0,0,746,404800,9001150,0.04497203135154952,2.1111075925984567e-05,16033360,404800,15628560,0.5759423772887585,0.5614013531786226,400000,,,10563151,0,10810,1659923.7285714285,633789.0599999999,0.52815755,0,0,195,0,0,0,0.0,,729,,3,44.01398754119873,,0,,,,,,,,,4,,,3,,1.361985133259271,0.025594168624620568,619,0,0,0,0,195,0,404800,4344378,0,729,1,0,0.5149253731343284,0.30685920577617326,0.05776173285198556,277,0.07792207792207792,0.011764705882352941,1.0,0.0,0.9523809523809523,1.0,0.7388059701492538,0.3350383631713555,0.09462915601023018,391,0.19230769230769232,0.08396946564885496,1.0,0.0,0.6071428571428571,1.0,0.7388059701492538,0.3246268656716418,0.0914179104477612,536,0.4205607476635514,0.13793103448275862,1.0,0.0,0.4895833333333333,1.0,277,0,0,0,85,169,3,7,13,0,0.30685920577617326,0.9422382671480144,0.05776173285198556,0.04693140794223827,0.061371841155234655,0,0,0.6363636363636364,0.6363636363636364,99,0.24,0.24,25,25.5,25.5,7.5,-1.0,0.0,0.0,10,,,,,0.15,0.15,20,0.5,0.5,4,0.03242394920477965,0.9854925412625415,391,126,3,123,131,204,19,19,18,0,0.3350383631713555,0.9053708439897699,0.09462915601023018,0.05370843989769821,0.06905370843989769,8,195,0.6565656565656566,0.7474747474747475,99,0.8,0.84,25,13.5,13.75,-3.0,0.0,0.4,0.4,10,24.5,24.0,8.0,0.0,0.25,0.35,20,0.75,0.75,4,0.025332727337821916,0.9716242874401237,536,144,2,142,174,262,28,51,21,0,0.3246268656716418,0.9085820895522388,0.0914179104477612,0.05037313432835821,0.08022388059701492,10,202,0.6666666666666666,0.7474747474747475,99,0.84,0.84,25,13.0,13.380952380952381,-3.0,1.0,0.4,0.4,10,20.0,21.0,3.0,1.0,0.3,0.35,20,0.75,0.75,4,0.023222912248682313,0.9728497779203239,404800,6608846,277,10,6608846,4675336,391,2,4675336,4344378,536,1,0,0,0,,,,,,,,,,,,,,,,,,,,,,,,,,,,,,,,,,,,,,,,,,,,,,,,
aggregation,20260917T194336-2a01_B8_mycelic_security_default_s8,20260917T194336-2a01,ok,B8_mycelic_security,hierarchy,8,tier1,,default,1000,10000,30,10,2,1,8cc3bd57cbeecc45,0.0,lineage_aware,5,order_capped,3,1,sim-3b,synthetic,none,3,none,,,41.81,6.322,409.0,2026-09-17T19:56:38Z,,570,150,14,136,206,229,53,40,42,0,0.36140350877192984,0.8333333333333334,0.16666666666666666,0.09298245614035087,0.10175438596491228,20,200,0.59,0.61,100,0.68,0.68,25,17.0,16.88235294117647,-2.0,2.0,0.8,0.8,10,15.0,16.875,3.5,2.0,0.45,0.45,20,1.0,1.0,3,0.065297099321706,0.9723146431813551,0.835034093587955,0.9428630636604775,26.596153846153847,0.6370370370370371,0.36140350877192984,0.16666666666666666,570,0.46078431372549017,0.12135922330097088,1.0,0.0,0.43529411764705883,1.0,570,150,14,136,206,229,53,40,42,0,0.36140350877192984,0.8333333333333334,0.16666666666666666,0.09298245614035087,0.10175438596491228,20,200,0.59,0.61,100,0.68,0.68,25,17.0,16.88235294117647,-2.0,2.0,0.8,0.8,10,15.0,16.875,3.5,2.0,0.45,0.45,20,1.0,1.0,3,0.065297099321706,0.9723146431813551,0.43666666666666665,0.3433333333333333,6.4375,0.4855072463768116,0.5144927536231885,0.046875,0.9,0.08910891089108912,0.8,0.2,,16.555555555555557,260,68,183,0.7038461538461539,3,3,0,3,7,5,2,6,0.0,0,758,404800,9060100,0.04467941854946413,0.0,15216581,404800,14811781,0.6116820117715757,0.5954097047161908,400000,,,10424868,0,10810,1638193.5428571429,625492.0800000001,0.5212434,0,0,942,0,0,0,0.0,,570,,2,40.28288674354553,,0,,,,,,,,,7,,,1,,1.4463410210991048,0.02700553026000047,505,0,0,0,0,942,0,404800,4062011,0,570,1,0,0.42962962962962964,0.3508771929824561,0.07894736842105263,228,0.1,0.0125,1.0,0.0,0.9444444444444444,1.0,0.5703703703703704,0.3738601823708207,0.11246200607902736,329,0.21505376344086022,0.056910569105691054,1.0,0.0,0.6086956521739131,1.0,0.6222222222222222,0.36343115124153497,0.13769751693002258,443,0.35,0.09316770186335403,1.0,0.0,0.5,1.0,228,0,0,0,80,126,4,4,14,0,0.3508771929824561,0.9210526315789473,0.07894736842105263,0.08333333333333333,0.09210526315789473,0,0,0.54,0.54,100,0.16,0.16,25,20.5,20.25,6.5,-1.0,0.0,0.0,10,,,,,0.2,0.2,20,1.0,1.0,3,0.06777595627837162,0.9844426229450383,329,89,7,82,123,161,14,8,23,0,0.3738601823708207,0.8875379939209727,0.11246200607902736,0.08814589665653495,0.0972644376899696,13,158,0.56,0.58,100,0.6,0.6,25,18.0,18.533333333333335,1.0,0.0,0.4,0.4,10,22.0,21.0,11.0,0.0,0.45,0.45,20,1.0,1.0,3,0.05862925463316645,0.9704833579766317,443,115,11,104,161,197,30,24,31,0,0.36343115124153497,0.8623024830699775,0.13769751693002258,0.09029345372460497,0.09932279909706546,20,192,0.59,0.61,100,0.64,0.64,25,17.0,17.5625,-0.5,1.0,0.7,0.7,10,15.0,17.285714285714285,4.0,1.0,0.45,0.45,20,1.0,1.0,3,0.061282272268577104,0.9709888185439721,404800,6264152,228,10,6264152,4485618,329,2,4485618,4062011,443,1,0,0,0,lineage_aware,backing,claim_rules,classifier_local,consistency,dedup,provenance,sanity,signature,signature_ok,support,sim-3b,,,"content classifiers are profile operating points (assumption), not measured detectors",10000,942,0,0,10000,942,0.0,0.0,0.0,0.0942,3384,0,0,0,3384,0,0.0,0.0,0.0,0.0,3384,0,796,158,0,0,0,10000,1800000,0,3384,,
aggregation,20260917T194336-2a01_B8_mycelic_security_default_s7,20260917T194336-2a01,ok,B8_mycelic_security,hierarchy,7,tier1,,default,1000,10000,30,10,2,1,b90769378a3fd9c5,0.0,lineage_aware,5,order_capped,3,1,sim-3b,synthetic,none,3,none,,,42.491,8.934,398.5,2026-09-17T19:56:54Z,,651,156,5,151,209,292,42,83,25,0,0.3210445468509985,0.8970814132104454,0.10291858678955453,0.04915514592933948,0.06912442396313365,10,198,0.6464646464646465,0.696969696969697,99,0.72,0.72,25,11.0,13.722222222222221,-6.5,2.0,0.3,0.3,10,19.0,20.333333333333332,4.0,2.0,0.25,0.35,20,0.75,0.75,4,0.022529053404905464,0.973373907475566,0.8552361431379621,0.9470710955751473,24.953271028037385,0.6716417910447762,0.3210445468509985,0.10291858678955453,651,0.5555555555555556,0.20574162679425836,1.0,0.0,0.4,1.0,651,156,5,151,209,292,42,83,25,0,0.3210445468509985,0.8970814132104454,0.10291858678955453,0.04915514592933948,0.06912442396313365,10,198,0.6464646464646465,0.696969696969697,99,0.72,0.72,25,11.0,13.722222222222221,-6.5,2.0,0.3,0.3,10,19.0,20.333333333333332,4.0,2.0,0.25,0.35,20,0.75,0.75,4,0.022529053404905464,0.973373907475566,0.5066666666666667,0.14,4.2,0.6551724137931034,0.3448275862068966,0.019455252918287938,0.5,0.037453183520599245,0.8,0.1,,14.2,325,68,252,0.7753846153846153,4,3,0,2,6,5,1,3,0.0,0,746,404800,9001150,0.04497203135154952,2.183453787200594e-05,15034316,404800,14629516,0.6152732598945857,0.5987069847407757,400000,,,10137949,0,10810,1593106.2714285715,608276.9400000001,0.5068974500000001,0,0,944,0,0,0,0.0,,651,,4,41.026140451431274,,0,,,,,,,,,7,,,3,,1.459068312631259,0.027341984519515205,551,0,0,0,0,944,0,404800,4075554,0,651,1,0,0.44029850746268656,0.2748091603053435,0.0648854961832061,262,0.07692307692307693,0.013888888888888888,1.0,0.0,0.9636363636363636,1.0,0.6567164179104478,0.3149171270718232,0.08839779005524862,362,0.22727272727272727,0.10526315789473684,1.0,0.0,0.589041095890411,1.0,0.6716417910447762,0.3094262295081967,0.08811475409836066,488,0.43010752688172044,0.152317880794702,1.0,0.0,0.43373493975903615,1.0,262,0,0,0,72,165,4,8,13,0,0.2748091603053435,0.9351145038167938,0.0648854961832061,0.05725190839694656,0.07251908396946564,0,0,0.5555555555555556,0.5555555555555556,99,0.16,0.16,25,25.0,25.0,7.0,-1.0,0.0,0.0,10,,,,,0.15,0.15,20,0.5,0.5,4,0.04082495429760162,0.983573045900655,362,115,6,109,114,199,15,17,17,0,0.3149171270718232,0.9116022099447514,0.08839779005524862,0.055248618784530384,0.06906077348066299,10,183,0.5656565656565656,0.6868686868686869,99,0.72,0.72,25,13.0,15.277777777777779,-3.0,0.0,0.2,0.2,10,22.5,22.5,7.0,0.0,0.2,0.3,20,0.75,0.75,4,0.0257832046098666,0.9705345858253361,488,125,5,120,151,249,22,45,21,0,0.3094262295081967,0.9118852459016393,0.08811475409836066,0.05327868852459016,0.07172131147540983,10,190,0.5959595959595959,0.696969696969697,99,0.72,0.72,25,11.0,14.11111111111111,-5.5,1.0,0.3,0.3,10,19.0,20.333333333333332,4.0,1.0,0.2,0.3,20,0.75,0.75,4,0.025021112955614364,0.9717424244310242,404800,6169108,262,10,6169108,4384854,362,2,4384854,4075554,488,1,0,0,0,lineage_aware,backing,claim_rules,classifier_local,consistency,dedup,provenance,sanity,signature,signature_ok,support,sim-3b,,,"content classifiers are profile operating points (assumption), not measured detectors",10000,944,0,0,10000,944,0.0,0.0,0.0,0.0944,4022,0,0,0,4022,0,0.0,0.0,0.0,0.0,4022,0,758,195,0,0,0,10000,1800000,0,4022,,
aggregation,20260917T194336-2a01_B9_mycelic_questioning_default_s8,20260917T194336-2a01,ok,B9_mycelic_questioning,hierarchy,8,tier1,,default,1000,10000,30,10,2,1,8cc3bd57cbeecc45,0.0,lineage_aware,5,order_capped,3,1,sim-3b,synthetic,none,3,eig,,,89.307,6.322,426.7,2026-09-17T19:58:07Z,,559,159,14,145,206,222,53,36,42,0,0.3685152057245081,0.8300536672629696,0.16994633273703041,0.09660107334525939,0.10554561717352415,20,200,0.59,0.61,100,0.68,0.68,25,17.0,16.88235294117647,-2.0,2.0,0.8,0.8,10,15.0,16.875,3.5,2.0,0.45,0.45,20,1.0,1.0,3,0.06850823627488913,0.9719071629296295,0.835034093587955,0.9428630636604775,26.596153846153847,0.6370370370370371,0.3685152057245081,0.16994633273703041,559,0.46078431372549017,0.12135922330097088,1.0,0.0,0.4470588235294118,1.0,559,159,14,145,206,222,53,36,42,0,0.3685152057245081,0.8300536672629696,0.16994633273703041,0.09660107334525939,0.10554561717352415,20,200,0.59,0.61,100,0.68,0.68,25,17.0,16.88235294117647,-2.0,2.0,0.8,0.8,10,15.0,16.875,3.5,2.0,0.45,0.45,20,1.0,1.0,3,0.06850823627488913,0.9719071629296295,0.43666666666666665,0.3433333333333333,6.4375,0.4855072463768116,0.5144927536231885,0.046875,0.9,0.08910891089108912,0.8,0.2,,16.555555555555557,260,68,183,0.7038461538461539,3,3,0,3,7,5,2,6,0.0,0,758,404800,9060100,0.04467941854946413,0.0,15254781,404800,14849981,0.6101085247179777,0.5939187196459916,400000,,,12820269,0,10930,2014613.7,769216.14,0.6410134500000001,0,0,942,0,0,0,0.0,,559,,2,87.85082459449768,,0,,,,,,,,,7,,,1,,1.4463410210991048,0.026936061399674516,505,1027,498008,2279,0,942,0,404800,4086513,0,559,1,0,0.42962962962962964,0.3508771929824561,0.07894736842105263,228,0.1,0.0125,1.0,0.0,0.9444444444444444,1.0,0.5703703703703704,0.375,0.11280487804878049,328,0.21505376344086022,0.056910569105691054,1.0,0.0,0.6086956521739131,1.0,0.6222222222222222,0.36926605504587157,0.13761467889908258,436,0.35,0.09316770186335403,1.0,0.0,0.5119047619047619,1.0,228,0,0,0,80,126,4,4,14,0,0.3508771929824561,0.9210526315789473,0.07894736842105263,0.08333333333333333,0.09210526315789473,0,0,0.54,0.54,100,0.16,0.16,25,20.5,20.25,6.5,-1.0,0.0,0.0,10,,,,,0.2,0.2,20,1.0,1.0,3,0.06777595627837162,0.9844426229450383,328,89,7,82,123,160,14,8,23,0,0.375,0.8871951219512195,0.11280487804878049,0.08841463414634146,0.0975609756097561,13,158,0.56,0.58,100,0.6,0.6,25,18.0,18.666666666666668,1.0,0.0,0.4,0.4,10,22.0,21.0,11.0,0.0,0.45,0.45,20,1.0,1.0,3,0.0589022143007176,0.9704875801543762,436,120,11,109,161,193,29,22,31,0,0.36926605504587157,0.8623853211009175,0.13761467889908258,0.09174311926605505,0.10091743119266056,20,192,0.59,0.61,100,0.64,0.64,25,17.0,17.6875,-0.5,1.0,0.7,0.7,10,15.0,17.285714285714285,4.0,1.0,0.45,0.45,20,1.0,1.0,3,0.06273996833035109,0.9709968490642961,404800,6264152,228,10,6264152,4499316,328,2,4499316,4086513,436,1,0,0,0,lineage_aware,backing,claim_rules,classifier_local,consistency,dedup,provenance,sanity,signature,signature_ok,support,sim-3b,,,"content classifiers are profile operating points (assumption), not measured detectors",10000,942,0,0,10000,942,0.0,0.0,0.0,0.0942,3365,0,0,0,3365,0,0.0,0.0,0.0,0.0,3365,0,796,158,0,0,0,10000,1800000,0,3365,1744,
aggregation,20260917T194336-2a01_B9_mycelic_questioning_default_s7,20260917T194336-2a01,ok,B9_mycelic_questioning,hierarchy,7,tier1,,default,1000,10000,30,10,2,1,b90769378a3fd9c5,0.0,lineage_aware,5,order_capped,3,1,sim-3b,synthetic,none,3,eig,,,90.616,8.934,425.0,2026-09-17T19:58:24Z,,647,160,5,155,210,290,41,81,25,0,0.32457496136012365,0.8979907264296755,0.10200927357032458,0.05100463678516229,0.07109737248840804,10,198,0.6464646464646465,0.696969696969697,99,0.72,0.72,25,11.0,13.88888888888889,-6.0,2.0,0.3,0.3,10,20.0,20.666666666666668,4.0,2.0,0.3,0.35,20,0.75,0.75,4,0.024128824166682432,0.9731241873815201,0.8552361431379623,0.9470710955751473,24.953271028037385,0.6716417910447762,0.32457496136012365,0.10200927357032458,647,0.55,0.20476190476190476,1.0,0.0,0.4117647058823529,1.0,647,160,5,155,210,290,41,81,25,0,0.32457496136012365,0.8979907264296755,0.10200927357032458,0.05100463678516229,0.07109737248840804,10,198,0.6464646464646465,0.696969696969697,99,0.72,0.72,25,11.0,13.88888888888889,-6.0,2.0,0.3,0.3,10,20.0,20.666666666666668,4.0,2.0,0.3,0.35,20,0.75,0.75,4,0.024128824166682432,0.9731241873815201,0.5133333333333333,0.13666666666666666,4.1,0.6627906976744186,0.33720930232558144,0.01953125,0.5,0.03759398496240601,0.8,0.1,,14.2,324,68,251,0.7746913580246914,4,3,0,2,6,5,1,3,0.0,0,746,404800,9001150,0.04497203135154952,2.1337430119916357e-05,15073574,404800,14668774,0.6136266057408751,0.5971476970226172,400000,,,12433221,0,10930,1953791.8714285714,745993.26,0.62166105,0,0,944,0,0,0,0.0,,647,,4,89.1119933128357,,0,,,,,,,,,7,,,3,,1.459068312631259,0.027268809240635926,550,978,461188,1925,0,944,0,404800,4100478,0,647,1,0,0.44029850746268656,0.2748091603053435,0.0648854961832061,262,0.07692307692307693,0.013888888888888888,1.0,0.0,0.9636363636363636,1.0,0.6567164179104478,0.3168044077134986,0.0881542699724518,363,0.2247191011235955,0.10434782608695652,1.0,0.0,0.589041095890411,1.0,0.6716417910447762,0.31275720164609055,0.08641975308641975,486,0.425531914893617,0.1513157894736842,1.0,0.0,0.4457831325301205,1.0,262,0,0,0,72,165,4,8,13,0,0.2748091603053435,0.9351145038167938,0.0648854961832061,0.05725190839694656,0.07251908396946564,0,0,0.5555555555555556,0.5555555555555556,99,0.16,0.16,25,25.0,25.0,7.0,-1.0,0.0,0.0,10,,,,,0.15,0.15,20,0.5,0.5,4,0.04082495429760162,0.983573045900655,363,114,6,108,115,199,15,17,17,0,0.3168044077134986,0.9118457300275482,0.0881542699724518,0.05509641873278237,0.06887052341597796,10,183,0.5656565656565656,0.6868686868686869,99,0.72,0.72,25,13.0,15.277777777777779,-3.0,0.0,0.2,0.2,10,23.0,23.0,7.5,0.0,0.25,0.3,20,0.75,0.75,4,0.025450809453169295,0.9703543907203868,486,126,5,121,152,248,21,44,21,0,0.31275720164609055,0.9135802469135802,0.08641975308641975,0.053497942386831275,0.0720164609053498,10,190,0.5959595959595959,0.696969696969697,99,0.72,0.72,25,11.0,14.277777777777779,-5.0,1.0,0.3,0.3,10,20.0,20.666666666666668,4.0,1.0,0.25,0.3,20,0.75,0.75,4,0.02515726132217199,0.9716593189353405,404800,6169108,262,10,6169108,4399188,363,2,4399188,4100478,486,1,0,0,0,lineage_aware,backing,claim_rules,classifier_local,consistency,dedup,provenance,sanity,signature,signature_ok,support,sim-3b,,,"content classifiers are profile operating points (assumption), not measured detectors",10000,944,0,0,10000,944,0.0,0.0,0.0,0.0944,4015,0,0,0,4015,0,0.0,0.0,0.0,0.0,4015,0,758,195,0,0,0,10000,1800000,0,4015,1560,
aggregation,20260917T194336-2a01_ORACLE_central_stats_default_s8,20260917T194336-2a01,ok,ORACLE_central_stats,oracle,8,tier1,,default,1000,10000,30,10,2,1,8cc3bd57cbeecc45,0.0,none,0,,,,sim-3b,synthetic,,,,,,174.336,6.322,562.6,2026-09-17T20:01:02Z,,1037,0,0,0,386,366,141,106,38,0,0.3722275795564127,0.8273866923818708,0.1726133076181292,0.04532304725168756,0.05303760848601736,0,0,0.94,0.94,100,0.92,0.92,25,16.0,15.08695652173913,-3.0,2.0,1.0,1.0,10,10.5,10.0,-5.0,2.0,0.45,0.45,20,1.0,1.0,3,0.03669145670591549,0.991368409454228,0.9513114236851454,1.0,1.0,0.9407407407407408,0.3722275795564127,0.1726133076181292,1037,0.636986301369863,0.23575129533678757,1.0,0.0,1.0,1.0,1037,0,0,0,386,366,141,106,38,0,0.3722275795564127,0.8273866923818708,0.1726133076181292,0.04532304725168756,0.05303760848601736,0,0,0.94,0.94,100,0.92,0.92,25,16.0,15.08695652173913,-3.0,2.0,1.0,1.0,10,10.5,10.0,-5.0,2.0,0.45,0.45,20,1.0,1.0,3,0.03669145670591549,0.991368409454228,0.4766666666666667,0.36666666666666664,6.6875,0.3586206896551724,0.6413793103448275,0.0,0.0,0.0,0.5,0.5,,,0,0,0,0.0,3,3,0,0,7,2,5,0,1.0,758,758,9060087,9060100,0.9999985651372502,0.0,9060087,9060087,0,1.0000014348648087,1.0000014348648087,400000,393680,0.043452059028046046,0,0,30,0.0,0.0,0.0008154078299999999,0,0,0,0,0,0,0.0,,1037,9842,,174.33408379554749,ORACLE_central_stats,0,0,0,10000,0,0,0,0,,2,,,,,,,,,,,,,,,,,,,,,,,,,,,,,,,,,,,,,,,,,,,,,,,,,,,,,,,,,,,,,,,,,,,,,,,,,,,,,,,,,,,,,,,,,,,,,,,,,,,,,,,,,,,,,,,,,,,,,,,,,,,,,,,,,,,,,,,,,,,,,,,,,,,,,,,,,,,,,,,,,,,,,,,,,,,,,,,,,,,,,,,,,,,,,,,,,,,,,,,,,,,,,,,,,,,,,,,,,,,,,,,,,,,,,,,,,,,,,,
aggregation,20260917T194336-2a01_B0_isolated_default_s9,20260917T194336-2a01,ok,B0_isolated,baseline,9,tier1,,default,1000,10000,30,10,2,1,7307c24d755dc27b,0.0,none,0,,,,sim-3b,synthetic,,,,,,12.177,6.853,108.0,2026-09-17T20:01:22Z,,0,0,0,0,0,0,0,0,0,0,0.0,0.0,0.0,0.0,0.0,0,0,0.0,0.0,100,0.0,0.0,25,,,,,0.0,0.0,10,,,,,0.0,0.0,20,0.0,0.0,7,,,,,,0.0,0.0,0.0,0,0.0,0.0,1.0,0.0,,,0,0,0,0,0,0,0,0,0,0,0.0,0.0,0.0,0.0,0.0,0,0,0.0,0.0,100,0.0,0.0,25,,,,,0.0,0.0,10,,,,,0.0,0.0,20,0.0,0.0,7,,,0.4866666666666667,0.0,,,,0.0,0.0,0.0,0.3,0.0,,,0,0,0,0.0,7,0,0,0,3,3,0,0,0.0,0,796,0,9108500,0.0,0.0,0,0,0,,,400000,0,0.0,1760940,0,9783,3874068.0,105656.40000000001,0.088047,0,0,0,0,0,0,0.0,0,0,9783,35,12.172680377960205,B0_isolated,,,,,,,,,,,,,,,,,,,,,,,,,,,,,,,,,,,,,,,,,,,,,,,,,,,,,,,,,,,,,,,,,,,,,,,,,,,,,,,,,,,,,,,,,,,,,,,,,,,,,,,,,,,,,,,,,,,,,,,,,,,,,,,,,,,,,,,,,,,,,,,,,,,,,,,,,,,,,,,,,,,,,,,,,,,,,,,,,,,,,,,,,,,,,,,,,,,,,,,,,,,,,,,,,,,,,,,,,,,,,,,,,,,,,,,,,,,,,,,,,,,,,,,,
aggregation,20260917T194336-2a01_ORACLE_central_stats_default_s7,20260917T194336-2a01,ok,ORACLE_central_stats,oracle,7,tier1,,default,1000,10000,30,10,2,1,b90769378a3fd9c5,0.0,none,0,,,,sim-3b,synthetic,,,,,,179.29,8.934,545.1,2026-09-17T20:01:24Z,,1273,0,0,0,429,438,190,190,26,0,0.33699921445404557,0.8303220738413197,0.16967792615868027,0.030636292223095052,0.041633935585231735,0,0,0.9292929292929293,0.9292929292929293,99,1.0,1.0,25,12.0,12.16,-6.0,2.0,0.9,0.9,10,18.0,18.555555555555557,-1.0,2.0,0.55,0.55,20,0.75,0.75,4,0.02158077633256447,0.9909444841094693,0.9548495271568955,1.0,1.0,0.9402985074626866,0.33699921445404557,0.16967792615868027,1273,0.6917808219178082,0.2494172494172494,1.0,0.0,0.9772727272727273,1.0,1273,0,0,0,429,438,190,190,26,0,0.33699921445404557,0.8303220738413197,0.16967792615868027,0.030636292223095052,0.041633935585231735,0,0,0.9292929292929293,0.9292929292929293,99,1.0,1.0,25,12.0,12.16,-6.0,2.0,0.9,0.9,10,18.0,18.555555555555557,-1.0,2.0,0.55,0.55,20,0.75,0.75,4,0.02158077633256447,0.9909444841094693,0.5133333333333333,0.33,5.857142857142857,0.6170212765957447,0.3829787234042553,0.0,0.0,0.0,0.6,0.3,,,0,0,0,0.0,4,3,0,0,6,3,3,0,1.0,746,746,9001134,9001150,0.9999982224493537,0.0,9001134,9001134,0,1.000001777553806,1.000001777553806,400000,392200,0.043572210217583306,0,0,30,0.0,0.0,0.0008101020599999999,0,0,0,0,0,0,0.0,,1273,9805,1,179.28841519355774,ORACLE_central_stats,0,0,0,10000,0,0,0,0,,,,,,,,,,,,,,,,,,,,,,,,,,,,,,,,,,,,,,,,,,,,,,,,,,,,,,,,,,,,,,,,,,,,,,,,,,,,,,,,,,,,,,,,,,,,,,,,,,,,,,,,,,,,,,,,,,,,,,,,,,,,,,,,,,,,,,,,,,,,,,,,,,,,,,,,,,,,,,,,,,,,,,,,,,,,,,,,,,,,,,,,,,,,,,,,,,,,,,,,,,,,,,,,,,,,,,,,,,,,,,,,,,,,,,,,,,,,,,,,
aggregation,20260917T194336-2a01_B0_isolated_default_s10,20260917T194336-2a01,ok,B0_isolated,baseline,10,tier1,,default,1000,10000,30,10,2,1,d44bd23d1cd8f970,0.0,none,0,,,,sim-3b,synthetic,,,,,,12.012,6.774,108.3,2026-09-17T20:01:44Z,,0,0,0,0,0,0,0,0,0,0,0.0,0.0,0.0,0.0,0.0,0,0,0.0,0.0,100,0.0,0.0,25,,,,,0.0,0.0,10,,,,,0.0,0.0,20,0.0,0.0,6,,,,,,0.0,0.0,0.0,0,0.0,0.0,1.0,0.0,,,0,0,0,0,0,0,0,0,0,0,0.0,0.0,0.0,0.0,0.0,0,0,0.0,0.0,100,0.0,0.0,25,,,,,0.0,0.0,10,,,,,0.0,0.0,20,0.0,0.0,6,,,0.4766666666666667,0.0,,,,0.0,0.0,0.0,0.4,0.0,,,0,0,0,0.0,6,0,0,0,4,4,0,0,0.0,0,877,0,9273400,0.0,0.0,0,0,0,,,400000,0,0.0,1745460,0,9697,3840012.0,104727.6,0.087273,0,0,0,0,0,0,0.0,0,0,9697,35,12.00691032409668,B0_isolated,,,,,,,,,,,,,,,,,,,,,,,,,,,,,,,,,,,,,,,,,,,,,,,,,,,,,,,,,,,,,,,,,,,,,,,,,,,,,,,,,,,,,,,,,,,,,,,,,,,,,,,,,,,,,,,,,,,,,,,,,,,,,,,,,,,,,,,,,,,,,,,,,,,,,,,,,,,,,,,,,,,,,,,,,,,,,,,,,,,,,,,,,,,,,,,,,,,,,,,,,,,,,,,,,,,,,,,,,,,,,,,,,,,,,,,,,,,,,,,,,,,,,,,,
aggregation,20260917T194336-2a01_B1_central_keyword_default_s9,20260917T194336-2a01,ok,B1_central_keyword,baseline,9,tier1,,default,1000,10000,30,10,2,1,7307c24d755dc27b,0.0,none,0,,,,sim-3b,synthetic,,,,,,168.535,6.853,390.0,2026-09-17T20:04:11Z,,1124,0,0,0,389,381,190,145,19,0,0.34608540925266906,0.8140569395017794,0.18594306049822065,0.03113879003558719,0.045373665480427046,0,0,0.88,0.88,100,0.96,0.96,25,10.5,11.166666666666666,-7.5,2.0,0.9,0.9,10,13.0,14.222222222222221,0.0,2.0,0.7,0.7,20,0.8571428571428571,0.8571428571428571,7,0.021901136047795977,0.9907623460122088,0.8948850185299521,1.0,1.0,0.8962962962962963,0.34608540925266906,0.18594306049822065,1124,0.5894039735099338,0.2262210796915167,1.0,0.0,0.0,1.0,1124,0,0,0,389,381,190,145,19,0,0.34608540925266906,0.8140569395017794,0.18594306049822065,0.03113879003558719,0.045373665480427046,0,0,0.88,0.88,100,0.96,0.96,25,10.5,11.166666666666666,-7.5,2.0,0.9,0.9,10,13.0,14.222222222222221,0.0,2.0,0.7,0.7,20,0.8571428571428571,0.8571428571428571,7,0.021901136047795977,0.9907623460122088,0.5,0.42,6.526315789473684,0.42657342657342656,0.5734265734265734,0.0,0.0,0.0,0.9,0.0,,,0,0,0,0.0,7,6,0,0,3,3,0,0,1.0,796,796,9108485,9108500,0.9999983531865839,0.0,9108485,9108485,0,1.0000016468161281,1.0000016468161281,400000,391320,0.042962068397650544,4254800,4254800,30,6382200.0,3829320.0,25.52961976365,0,0,0,0,0,0,0.0,,1124,9783,1,168.53401947021484,B1_central_keyword,0,107464,0,10000,0,0,0,4254800,,,1,,,,,,,,,,,,,,,,,,,,,,,,,,,,,,,,,,,,,,,,,,,,,,,,,,,,,,,,,,,,,,,,,,,,,,,,,,,,,,,,,,,,,,,,,,,,,,,,,,,,,,,,,,,,,,,,,,,,,,,,,,,,,,,,,,,,,,,,,,,,,,,,,,,,,,,,,,,,,,,,,,,,,,,,,,,,,,,,,,,,,,,,,,,,,,,,,,,,,,,,,,,,,,,,,,,,,,,,,,,,,,,,,,,,,,,,,,,,,
aggregation,20260917T194336-2a01_B1_central_keyword_default_s10,20260917T194336-2a01,ok,B1_central_keyword,baseline,10,tier1,,default,1000,10000,30,10,2,1,d44bd23d1cd8f970,0.0,none,0,,,,sim-3b,synthetic,,,,,,163.575,6.774,374.3,2026-09-17T20:04:28Z,,1395,0,0,0,417,368,299,287,24,0,0.2989247311827957,0.7684587813620072,0.23154121863799282,0.022939068100358423,0.04659498207885305,0,0,0.91,0.91,100,0.88,0.88,25,11.5,12.318181818181818,-7.5,2.0,0.8,0.8,10,9.0,9.75,-3.5,2.0,0.9,0.9,20,1.0,1.0,6,0.013377404329149578,0.9904383362287912,0.9166795010425925,1.0,1.0,0.8962962962962963,0.2989247311827957,0.23154121863799282,1395,0.6193548387096774,0.28776978417266186,1.0,0.0,0.0,1.0,1395,0,0,0,417,368,299,287,24,0,0.2989247311827957,0.7684587813620072,0.23154121863799282,0.022939068100358423,0.04659498207885305,0,0,0.91,0.91,100,0.88,0.88,25,11.5,12.318181818181818,-7.5,2.0,0.8,0.8,10,9.0,9.75,-3.5,2.0,0.9,0.9,20,1.0,1.0,6,0.013377404329149578,0.9904383362287912,0.47,0.44,6.894736842105263,0.43356643356643354,0.5664335664335665,0.0,0.0,0.0,0.9,0.1,,,0,0,0,0.0,6,6,0,0,4,3,1,0,1.0,877,877,9273384,9273400,0.9999982746349775,0.0,9273384,9273384,0,1.0000017253679994,1.0000017253679994,400000,387880,0.0418271615588673,4377640,4377640,30,6566460.000000001,3939876.0000000005,26.266674604560002,0,0,0,0,0,0,0.0,,1395,9697,,163.57307958602905,B1_central_keyword,0,110800,0,10000,0,0,0,4377640,,1,4,,,,,,,,,,,,,,,,,,,,,,,,,,,,,,,,,,,,,,,,,,,,,,,,,,,,,,,,,,,,,,,,,,,,,,,,,,,,,,,,,,,,,,,,,,,,,,,,,,,,,,,,,,,,,,,,,,,,,,,,,,,,,,,,,,,,,,,,,,,,,,,,,,,,,,,,,,,,,,,,,,,,,,,,,,,,,,,,,,,,,,,,,,,,,,,,,,,,,,,,,,,,,,,,,,,,,,,,,,,,,,,,,,,,,,,,,,,,,
aggregation,20260917T194336-2a01_B2_central_rag_default_s9,20260917T194336-2a01,ok,B2_central_rag,baseline,9,tier1,,default,1000,10000,30,10,2,1,7307c24d755dc27b,0.0,none,0,,,,sim-3b,synthetic,,,,,,160.288,6.853,424.1,2026-09-17T20:06:51Z,,440,0,0,0,135,54,177,67,7,0,0.3068181818181818,0.5818181818181818,0.41818181818181815,0.04772727272727273,0.09090909090909091,0,0,0.16,0.16,100,0.8,0.8,25,13.5,13.4,-5.0,2.0,0.7,0.7,10,14.0,13.0,0.0,2.0,0.55,0.55,20,0.7142857142857143,0.7142857142857143,7,0.030099770436729845,0.9823724977094571,0.9694666834080922,1.0,1.0,0.31851851851851853,0.3068181818181818,0.41818181818181815,440,0.6333333333333333,0.2814814814814815,1.0,0.0,0.1282051282051282,1.0,440,0,0,0,135,54,177,67,7,0,0.3068181818181818,0.5818181818181818,0.41818181818181815,0.04772727272727273,0.09090909090909091,0,0,0.16,0.16,100,0.8,0.8,25,13.5,13.4,-5.0,2.0,0.7,0.7,10,14.0,13.0,0.0,2.0,0.55,0.55,20,0.7142857142857143,0.7142857142857143,7,0.030099770436729845,0.9823724977094571,0.47,0.4866666666666667,7.3,0.0,1.0,0.0,0.0,0.0,0.8,0.0,,,0,0,0,0.0,7,5,0,0,3,3,0,0,1.0,796,796,9108485,9108500,0.9999983531865839,0.0,9108485,9108485,0,1.0000016468161281,1.0000016468161281,400000,2593290,0.28471098424548497,5665820,5665820,30,8498730.0,5099238.0,33.99573976365,0,0,0,0,0,0,0.0,,440,9783,,160.2869119644165,B2_central_rag,0,98056,0,10000,0,0,2201970,3618648000,,,8,,,,,,,,,,,,,,,,,,,,,,,,,,,,,,,,,,,,,,,,,,,,,,,,,,,,,,,,,,,,,,,,,,,,,,,,,,,,,,,,,,,,,,,,,,,,,,,,,,,,,,,,,,,,,,,,,,,,,,,,,,,,,,,,,,,,,,,,,,,,,,,,,,,,,,,,,,,,,,,,,,,,,,,,,,,,,,,,,,,,,,,,,,,,,,,,,,,,,,,,,,,,,,,,,,,,,,,,,,,,,,,,,,,,,,,,,,,,,
aggregation,20260917T194336-2a01_B3_central_llm_summary_default_s9,20260917T194336-2a01,ok,B3_central_llm_summary,baseline,9,tier1,,default,1000,10000,30,10,2,1,7307c24d755dc27b,0.0,none,0,,,,sim-3b,synthetic,,,,,,12.169,6.853,374.3,2026-09-17T20:07:04Z,,173,0,0,0,71,28,41,31,2,0,0.41040462427745666,0.7514450867052023,0.24855491329479767,0.017341040462427744,0.046242774566473986,0,0,0.25,0.25,100,0.88,0.88,25,12.5,14.590909090909092,-7.0,2.0,0.9,0.9,10,12.0,13.555555555555555,-2.0,2.0,0.3,0.3,20,0.7142857142857143,0.7142857142857143,7,0.009104591149392549,0.9917635506869648,1.0,1.0,1.0,0.4148148148148148,0.41040462427745666,0.24855491329479767,173,0.0,0.323943661971831,1.0,0.0,0.0,1.0,173,0,0,0,71,28,41,31,2,0,0.41040462427745666,0.7514450867052023,0.24855491329479767,0.017341040462427744,0.046242774566473986,0,0,0.25,0.25,100,0.88,0.88,25,12.5,14.590909090909092,-7.0,2.0,0.9,0.9,10,12.0,13.555555555555555,-2.0,2.0,0.3,0.3,20,0.7142857142857143,0.7142857142857143,7,0.009104591149392549,0.9917635506869648,0.57,0.32,5.5625,0.3424657534246575,0.6575342465753424,0.0,0.0,0.0,0.8,0.0,,,0,0,0,0.0,7,5,0,0,3,3,0,0,1.0,796,796,9108485,9108500,0.9999983531865839,0.0,9108485,9108485,0,1.0000016468161281,1.0000016468161281,400000,2593290,0.28471098424548497,5685249,5685249,90,8527873.5,5116724.1,34.11231376365,0,0,0,0,0,0,0.0,,173,9783,,12.167803049087524,B3_central_llm_summary,0,0,60,10000,0,0,2201970,5685249,,1,,3,,,,,,,,,,,,,,,,,,,,,,,,,,,,,,,,,,,,,,,,,,,,,,,,,,,,,,,,,,,,,,,,,,,,,,,,,,,,,,,,,,,,,,,,,,,,,,,,,,,,,,,,,,,,,,,,,,,,,,,,,,,,,,,,,,,,,,,,,,,,,,,,,,,,,,,,,,,,,,,,,,,,,,,,,,,,,,,,,,,,,,,,,,,,,,,,,,,,,,,,,,,,,,,,,,,,,,,,,,,,,,,,,,,,,,,,,,,,
aggregation,20260917T194336-2a01_B2_central_rag_default_s10,20260917T194336-2a01,ok,B2_central_rag,baseline,10,tier1,,default,1000,10000,30,10,2,1,d44bd23d1cd8f970,0.0,none,0,,,,sim-3b,synthetic,,,,,,158.725,6.774,418.8,2026-09-17T20:07:07Z,,564,0,0,0,131,49,290,89,5,0,0.2322695035460993,0.4769503546099291,0.5230496453900709,0.03900709219858156,0.08156028368794327,0,0,0.19,0.19,100,0.56,0.56,25,7.0,9.428571428571429,-13.0,2.0,0.7,0.7,10,10.0,11.142857142857142,0.0,2.0,0.5,0.5,20,1.0,1.0,6,0.017767483964686748,0.9787603917661052,0.9529761884376837,1.0,1.0,0.2962962962962963,0.2322695035460993,0.5230496453900709,564,0.6842105263157895,0.3816793893129771,1.0,0.0,0.15151515151515152,1.0,564,0,0,0,131,49,290,89,5,0,0.2322695035460993,0.4769503546099291,0.5230496453900709,0.03900709219858156,0.08156028368794327,0,0,0.19,0.19,100,0.56,0.56,25,7.0,9.428571428571429,-13.0,2.0,0.7,0.7,10,10.0,11.142857142857142,0.0,2.0,0.5,0.5,20,1.0,1.0,6,0.017767483964686748,0.9787603917661052,0.47,0.4766666666666667,7.15,0.11888111888111888,0.8811188811188811,0.0,0.0,0.0,1.0,0.0,,,0,0,0,0.0,6,6,0,0,4,4,0,0,1.0,877,877,9273384,9273400,0.9999982746349775,0.0,9273384,9273384,0,1.0000017253679994,1.0000017253679994,400000,2645572,0.2852860870877995,5765600,5765600,30,8648400.0,5189040.0,34.59443460456,0,0,0,0,0,0,0.0,,564,9697,,158.72301697731018,B2_central_rag,0,101164,0,10000,0,0,2257692,3642768000,,,13,1,,,,,,,,,,,,,,,,,,,,,,,,,,,,,,,,,,,,,,,,,,,,,,,,,,,,,,,,,,,,,,,,,,,,,,,,,,,,,,,,,,,,,,,,,,,,,,,,,,,,,,,,,,,,,,,,,,,,,,,,,,,,,,,,,,,,,,,,,,,,,,,,,,,,,,,,,,,,,,,,,,,,,,,,,,,,,,,,,,,,,,,,,,,,,,,,,,,,,,,,,,,,,,,,,,,,,,,,,,,,,,,,,,,,,,,,,,,,
aggregation,20260917T194336-2a01_B3_central_llm_summary_default_s10,20260917T194336-2a01,ok,B3_central_llm_summary,baseline,10,tier1,,default,1000,10000,30,10,2,1,d44bd23d1cd8f970,0.0,none,0,,,,sim-3b,synthetic,,,,,,11.928,6.774,397.4,2026-09-17T20:07:19Z,,279,0,0,0,76,35,84,80,4,0,0.2724014336917563,0.6845878136200717,0.3154121863799283,0.014336917562724014,0.025089605734767026,0,0,0.34,0.34,100,0.64,0.64,25,11.0,14.5625,-6.5,2.0,0.9,0.9,10,10.0,9.666666666666666,-5.0,2.0,0.5,0.5,20,0.8333333333333334,0.8333333333333334,6,0.0038397048748307627,0.9895027873121067,1.0,1.0,1.0,0.43703703703703706,0.2724014336917563,0.3154121863799283,279,0.0,0.5131578947368421,1.0,0.0,0.0,1.0,279,0,0,0,76,35,84,80,4,0,0.2724014336917563,0.6845878136200717,0.3154121863799283,0.014336917562724014,0.025089605734767026,0,0,0.34,0.34,100,0.64,0.64,25,11.0,14.5625,-6.5,2.0,0.9,0.9,10,10.0,9.666666666666666,-5.0,2.0,0.5,0.5,20,0.8333333333333334,0.8333333333333334,6,0.0038397048748307627,0.9895027873121067,0.5666666666666667,0.30333333333333334,6.0,0.36363636363636365,0.6363636363636364,0.0,0.0,0.0,0.8,0.1,,,0,0,0,0.0,6,5,0,0,4,3,1,0,1.0,877,877,9273384,9273400,0.9999982746349775,0.0,9273384,9273384,0,1.0000017253679994,1.0000017253679994,400000,2645572,0.2852860870877995,5566819,5566819,90,8350228.500000001,5010137.100000001,33.40174860456,0,0,0,0,0,0,0.0,,279,9697,,11.92640233039856,B3_central_llm_summary,0,0,60,10000,0,0,2257692,5566819,,,,9,1,,,,,,,,,,,,,,,,,,,,,,,,,,,,,,,,,,,,,,,,,,,,,,,,,,,,,,,,,,,,,,,,,,,,,,,,,,,,,,,,,,,,,,,,,,,,,,,,,,,,,,,,,,,,,,,,,,,,,,,,,,,,,,,,,,,,,,,,,,,,,,,,,,,,,,,,,,,,,,,,,,,,,,,,,,,,,,,,,,,,,,,,,,,,,,,,,,,,,,,,,,,,,,,,,,,,,,,,,,,,,,,,,,,,,,,,,,,
aggregation,20260917T194336-2a01_B3_central_llm_summary_scoped_default_s9,20260917T194336-2a01,ok,B3_central_llm_summary_scoped,baseline,9,tier1,,default,1000,10000,30,10,2,1,7307c24d755dc27b,0.0,none,0,,,,sim-3b,synthetic,,,,,,108.968,6.853,418.9,2026-09-17T20:08:53Z,,979,0,0,0,386,337,128,113,15,0,0.39427987742594484,0.8539325842696629,0.14606741573033707,0.02247191011235955,0.03881511746680286,0,0,0.87,0.87,100,0.96,0.96,25,12.0,12.416666666666666,-7.5,2.0,0.9,0.9,10,12.0,12.555555555555555,-2.0,2.0,0.6,0.6,20,0.8571428571428571,0.8571428571428571,7,0.01395598201141457,0.991484071899055,0.9246821562954611,1.0,1.0,0.8888888888888888,0.39427987742594484,0.14606741573033707,979,0.6216216216216216,0.22020725388601037,1.0,0.0,0.0,1.0,979,0,0,0,386,337,128,113,15,0,0.39427987742594484,0.8539325842696629,0.14606741573033707,0.02247191011235955,0.03881511746680286,0,0,0.87,0.87,100,0.96,0.96,25,12.0,12.416666666666666,-7.5,2.0,0.9,0.9,10,12.0,12.555555555555555,-2.0,2.0,0.6,0.6,20,0.8571428571428571,0.8571428571428571,7,0.01395598201141457,0.991484071899055,0.5033333333333333,0.42,6.421052631578948,0.4657534246575342,0.5342465753424658,0.0,0.0,0.0,0.9,0.0,,,0,0,0,0.0,7,6,0,0,3,3,0,0,1.0,796,796,9108485,9108500,0.9999983531865839,0.0,9108485,9108485,0,1.0000016468161281,1.0000016468161281,400000,2593290,0.28471098424548497,26548579,26548579,90,39822868.5,23893721.1,159.29229376365,0,0,0,0,0,0,0.0,,979,9783,1,108.96618413925171,B3_central_llm_summary_scoped,0,0,60,10000,0,0,2201970,26548579,,1,,,,,,,,,,,,,,,,,,,,,,,,,,,,,,,,,,,,,,,,,,,,,,,,,,,,,,,,,,,,,,,,,,,,,,,,,,,,,,,,,,,,,,,,,,,,,,,,,,,,,,,,,,,,,,,,,,,,,,,,,,,,,,,,,,,,,,,,,,,,,,,,,,,,,,,,,,,,,,,,,,,,,,,,,,,,,,,,,,,,,,,,,,,,,,,,,,,,,,,,,,,,,,,,,,,,,,,,,,,,,,,,,,,,,,,,,,,,,,
aggregation,20260917T194336-2a01_B3_central_llm_summary_scoped_default_s10,20260917T194336-2a01,ok,B3_central_llm_summary_scoped,baseline,10,tier1,,default,1000,10000,30,10,2,1,d44bd23d1cd8f970,0.0,none,0,,,,sim-3b,synthetic,,,,,,104.142,6.774,413.4,2026-09-17T20:09:03Z,,1237,0,0,0,408,345,233,229,22,0,0.32983023443815684,0.793856103476152,0.206143896523848,0.02021018593371059,0.03152789005658852,0,0,0.89,0.89,100,0.92,0.92,25,12.0,12.91304347826087,-7.0,2.0,0.9,0.9,10,10.0,9.555555555555555,-5.0,2.0,0.8,0.8,20,1.0,1.0,6,0.009923432652953257,0.9897132467192427,0.9179766025231286,1.0,1.0,0.8962962962962963,0.32983023443815684,0.206143896523848,1237,0.631578947368421,0.29901960784313725,1.0,0.0,0.0,1.0,1237,0,0,0,408,345,233,229,22,0,0.32983023443815684,0.793856103476152,0.206143896523848,0.02021018593371059,0.03152789005658852,0,0,0.89,0.89,100,0.92,0.92,25,12.0,12.91304347826087,-7.0,2.0,0.9,0.9,10,10.0,9.555555555555555,-5.0,2.0,0.8,0.8,20,1.0,1.0,6,0.009923432652953257,0.9897132467192427,0.47333333333333333,0.42,6.888888888888889,0.5384615384615384,0.46153846153846156,0.0,0.0,0.0,0.9,0.1,,,0,0,0,0.0,6,6,0,0,4,3,1,0,1.0,877,877,9273384,9273400,0.9999982746349775,0.0,9273384,9273384,0,1.0000017253679994,1.0000017253679994,400000,2645572,0.2852860870877995,25817325,25817325,90,38725987.5,23235592.5,154.90478460456,0,0,0,0,0,0,0.0,,1237,9697,,104.14088320732117,B3_central_llm_summary_scoped,0,0,60,10000,0,0,2257692,25817325,,2,,,1,,,,,,,,,,,,,,,,,,,,,,,,,,,,,,,,,,,,,,,,,,,,,,,,,,,,,,,,,,,,,,,,,,,,,,,,,,,,,,,,,,,,,,,,,,,,,,,,,,,,,,,,,,,,,,,,,,,,,,,,,,,,,,,,,,,,,,,,,,,,,,,,,,,,,,,,,,,,,,,,,,,,,,,,,,,,,,,,,,,,,,,,,,,,,,,,,,,,,,,,,,,,,,,,,,,,,,,,,,,,,,,,,,,,,,,,,,,
aggregation,20260917T194336-2a01_B4_majority_vote_default_s9,20260917T194336-2a01,ok,B4_majority_vote,baseline,9,tier1,,default,1000,10000,30,10,2,1,7307c24d755dc27b,0.0,none,0,,,,sim-3b,synthetic,,,,,,165.836,6.853,466.8,2026-09-17T20:11:39Z,,1609,0,0,0,267,127,922,170,123,0,0.16594157862026104,0.3505282784338098,0.6494717215661902,0.37414543194530764,0.45059042883778744,0,0,0.93,0.93,100,0.6,0.6,25,21.0,20.333333333333332,4.0,2.0,0.5,0.5,10,18.0,17.2,4.0,2.0,0.75,0.75,20,0.8571428571428571,0.8571428571428571,7,0.13316923944540762,0.6485215222738275,0.9162163057002077,1.0,1.0,0.837037037037037,0.16594157862026104,0.6494717215661902,1609,0.3795620437956204,0.18726591760299627,1.0,0.0,0.20491803278688525,1.0,1609,0,0,0,267,127,922,170,123,0,0.16594157862026104,0.3505282784338098,0.6494717215661902,0.37414543194530764,0.45059042883778744,0,0,0.93,0.93,100,0.6,0.6,25,21.0,20.333333333333332,4.0,2.0,0.5,0.5,10,18.0,17.2,4.0,2.0,0.75,0.75,20,0.8571428571428571,0.8571428571428571,7,0.13316923944540762,0.6485215222738275,0.3333333333333333,0.41,7.375,0.10569105691056911,0.8943089430894309,0.0,0.0,0.0,0.9,0.0,,,0,0,0,0.0,7,6,0,0,3,3,0,0,1.0,796,796,9108485,9108500,0.9999983531865839,0.0,9108485,9108485,0,1.0000016468161281,1.0000016468161281,400000,391320,0.042962068397650544,4291400,4291400,30,6437099.999999999,3862259.9999999995,25.749219763649997,0,0,0,0,0,0,0.0,,1609,9783,,165.83388781547546,B4_majority_vote,0,108860,0,10000,0,0,0,4291400,,,2,,,13,,,,,,,,,,,,,,,,,,,,,,,,,,,,,,,,,,,,,,,,,,,,,,,,,,,,,,,,,,,,,,,,,,,,,,,,,,,,,,,,,,,,,,,,,,,,,,,,,,,,,,,,,,,,,,,,,,,,,,,,,,,,,,,,,,,,,,,,,,,,,,,,,,,,,,,,,,,,,,,,,,,,,,,,,,,,,,,,,,,,,,,,,,,,,,,,,,,,,,,,,,,,,,,,,,,,,,,,,,,,,,,,,,,,,,,,,,
aggregation,20260917T194336-2a01_B4_majority_vote_default_s10,20260917T194336-2a01,ok,B4_majority_vote,baseline,10,tier1,,default,1000,10000,30,10,2,1,d44bd23d1cd8f970,0.0,none,0,,,,sim-3b,synthetic,,,,,,166.361,6.774,448.2,2026-09-17T20:11:50Z,,1985,0,0,0,290,110,1271,190,124,0,0.14609571788413098,0.2972292191435768,0.7027707808564232,0.3163727959697733,0.3949622166246851,0,0,0.9,0.9,100,0.36,0.36,25,16.0,15.333333333333334,-1.0,2.0,0.6,0.6,10,19.0,21.333333333333332,7.0,2.0,0.7,0.7,20,1.0,1.0,6,0.1302771407111863,0.649699578008474,0.8964030223832772,1.0,1.0,0.7777777777777778,0.14609571788413098,0.7027707808564232,1985,0.4645669291338583,0.23448275862068965,1.0,0.0,0.2767857142857143,1.0,1985,0,0,0,290,110,1271,190,124,0,0.14609571788413098,0.2972292191435768,0.7027707808564232,0.3163727959697733,0.3949622166246851,0,0,0.9,0.9,100,0.36,0.36,25,16.0,15.333333333333334,-1.0,2.0,0.6,0.6,10,19.0,21.333333333333332,7.0,2.0,0.7,0.7,20,1.0,1.0,6,0.1302771407111863,0.649699578008474,0.4033333333333333,0.31333333333333335,7.2727272727272725,0.1702127659574468,0.8297872340425532,0.0,0.0,0.0,1.0,0.0,,,0,0,0,0.0,6,6,0,0,4,4,0,0,1.0,877,877,9273384,9273400,0.9999982746349775,0.0,9273384,9273384,0,1.0000017253679994,1.0000017253679994,400000,387880,0.0418271615588673,4542560,4542560,30,6813840.000000001,4088304.0000000005,27.256194604560005,0,0,0,0,0,0,0.0,,1985,9697,,166.3599398136139,B4_majority_vote,0,115506,0,10000,0,0,0,4542560,,,3,1,,16,,,,,,,,,,,,,,,,,,,,,,,,,,,,,,,,,,,,,,,,,,,,,,,,,,,,,,,,,,,,,,,,,,,,,,,,,,,,,,,,,,,,,,,,,,,,,,,,,,,,,,,,,,,,,,,,,,,,,,,,,,,,,,,,,,,,,,,,,,,,,,,,,,,,,,,,,,,,,,,,,,,,,,,,,,,,,,,,,,,,,,,,,,,,,,,,,,,,,,,,,,,,,,,,,,,,,,,,,,,,,,,,,,,,,,,,,,
aggregation,20260917T194336-2a01_B5_flat_agents_default_s9,20260917T194336-2a01,ok,B5_flat_agents,hierarchy,9,tier1,,default,1000,10000,30,10,2,1,7307c24d755dc27b,0.0,none,1,order_capped,3,1,sim-3b,synthetic,none,3,none,,,26.548,6.853,350.2,2026-09-17T20:12:05Z,,126,0,0,0,55,40,13,14,4,0,0.4365079365079365,0.8650793650793651,0.1349206349206349,0.031746031746031744,0.047619047619047616,0,0,0.18,0.18,100,0.72,0.72,25,16.5,18.0,-1.5,2.0,0.8,0.8,10,19.0,19.375,0.0,2.0,0.25,0.25,20,0.42857142857142855,0.42857142857142855,7,0.02047035371274819,0.9887243219667164,0.2386497984639049,0.5629114281108962,63.61818181818182,0.32592592592592595,0.4365079365079365,0.1349206349206349,126,0.0,0.2909090909090909,1.0,0.0,0.0,1.0,126,0,0,0,55,40,13,14,4,0,0.4365079365079365,0.8650793650793651,0.1349206349206349,0.031746031746031744,0.047619047619047616,0,0,0.18,0.18,100,0.72,0.72,25,16.5,18.0,-1.5,2.0,0.8,0.8,10,19.0,19.375,0.0,2.0,0.25,0.25,20,0.42857142857142855,0.42857142857142855,7,0.02047035371274819,0.9887243219667164,0.5366666666666666,0.23666666666666666,5.230769230769231,0.48175182481751827,0.5182481751824817,0.0,0.0,0.0,0.6,0.0,,,0,0,0,0.0,7,3,0,0,3,3,0,0,0.0,0,796,404800,9108500,0.044442004720865125,0.0,404800,404800,0,22.501235177865613,22.501235177865613,400000,,,2773651,0,10030,6102032.199999999,166419.06,0.13868255,0,0,217,0,0,0,0.0,,126,,,26.25244903564453,,0,,,,,,,,,9,,,,,,,0,0,0,0,0,217,0,404800,404800,0,126,1,0,,,,,,,,,,,,,,,,,,,,,,,,,,,,,,,,,,,,,,,,,,,,,,,,,,,,,,,,,,,,,,,,,,,,,,,,,,,,,,,,,,,,,,,,,,,,,,,,,,,,,,,,,,,,,,,,,,,,,,,,,,,,,,,,,,,,,,,,,,,,,,,,,,,,,,,,,,,,,,,,,,,,,,,,,,,,,,,,,,,,,,,,,,,,,,,,,,,,,,,,,,,,,,,,,,,,,,,,,,,
aggregation,20260917T194336-2a01_B5_flat_agents_default_s10,20260917T194336-2a01,ok,B5_flat_agents,hierarchy,10,tier1,,default,1000,10000,30,10,2,1,d44bd23d1cd8f970,0.0,none,1,order_capped,3,1,sim-3b,synthetic,none,3,none,,,27.663,6.774,348.5,2026-09-17T20:12:17Z,,184,0,0,0,63,39,36,41,5,0,0.3423913043478261,0.7771739130434783,0.22282608695652173,0.02717391304347826,0.059782608695652176,0,0,0.27,0.27,100,0.4,0.4,25,11.0,13.4,-8.0,2.0,0.9,0.9,10,14.0,14.333333333333334,-2.0,2.0,0.45,0.45,20,0.8333333333333334,0.8333333333333334,6,0.015301288582158068,0.9881273755386798,0.23073584465278485,0.5749007936507936,64.0,0.34074074074074073,0.3423913043478261,0.22282608695652173,184,0.0,0.5079365079365079,1.0,0.0,0.0,1.0,184,0,0,0,63,39,36,41,5,0,0.3423913043478261,0.7771739130434783,0.22282608695652173,0.02717391304347826,0.059782608695652176,0,0,0.27,0.27,100,0.4,0.4,25,11.0,13.4,-8.0,2.0,0.9,0.9,10,14.0,14.333333333333334,-2.0,2.0,0.45,0.45,20,0.8333333333333334,0.8333333333333334,6,0.015301288582158068,0.9881273755386798,0.5033333333333333,0.27,5.785714285714286,0.43356643356643354,0.5664335664335665,0.0,0.0,0.0,0.8,0.1,,,0,0,0,0.0,6,5,0,0,4,3,1,0,0.0,0,877,404800,9273400,0.04365173507020079,0.0,404800,404800,0,22.908596837944664,22.908596837944664,400000,,,2742685,0,10030,6033907.0,164561.1,0.13713425,0,0,303,0,0,0,0.0,,184,,,27.30604338645935,,0,,,,,,,,,15,,,1,,,,0,0,0,0,0,303,0,404800,404800,0,184,1,0,,,,,,,,,,,,,,,,,,,,,,,,,,,,,,,,,,,,,,,,,,,,,,,,,,,,,,,,,,,,,,,,,,,,,,,,,,,,,,,,,,,,,,,,,,,,,,,,,,,,,,,,,,,,,,,,,,,,,,,,,,,,,,,,,,,,,,,,,,,,,,,,,,,,,,,,,,,,,,,,,,,,,,,,,,,,,,,,,,,,,,,,,,,,,,,,,,,,,,,,,,,,,,,,,,,,,,,,,,,
aggregation,20260917T194336-2a01_B5_flat_agents_lineage_default_s9,20260917T194336-2a01,ok,B5_flat_agents_lineage,hierarchy,9,tier1,,default,1000,10000,30,10,2,1,7307c24d755dc27b,0.0,none,1,order_capped,3,1,sim-3b,synthetic,none,3,none,,,27.365,6.853,350.0,2026-09-17T20:12:33Z,,126,0,0,0,55,40,13,14,4,0,0.4365079365079365,0.8650793650793651,0.1349206349206349,0.031746031746031744,0.047619047619047616,0,0,0.18,0.18,100,0.72,0.72,25,16.5,18.0,-1.5,2.0,0.8,0.8,10,19.0,19.375,0.0,2.0,0.25,0.25,20,0.42857142857142855,0.42857142857142855,7,0.019960572451000247,0.9882145407049685,0.2386497984639049,0.5629114281108962,63.61818181818182,0.32592592592592595,0.4365079365079365,0.1349206349206349,126,0.0,0.2909090909090909,1.0,0.0,0.875,1.0,126,0,0,0,55,40,13,14,4,0,0.4365079365079365,0.8650793650793651,0.1349206349206349,0.031746031746031744,0.047619047619047616,0,0,0.18,0.18,100,0.72,0.72,25,16.5,18.0,-1.5,2.0,0.8,0.8,10,19.0,19.375,0.0,2.0,0.25,0.25,20,0.42857142857142855,0.42857142857142855,7,0.019960572451000247,0.9882145407049685,0.5366666666666666,0.23666666666666666,5.230769230769231,0.48175182481751827,0.5182481751824817,0.0,0.0,0.0,0.6,0.0,,,0,0,0,0.0,7,3,0,0,3,3,0,0,0.0,0,796,404800,9108500,0.044442004720865125,0.0,404800,404800,0,22.501235177865613,22.501235177865613,400000,,,2773651,0,10030,6102032.199999999,166419.06,0.13868255,0,0,217,0,0,0,0.0,,126,,,27.10741877555847,,0,,,,,,,,,9,,,,,,,0,0,0,0,0,217,0,404800,404800,0,126,1,0,,,,,,,,,,,,,,,,,,,,,,,,,,,,,,,,,,,,,,,,,,,,,,,,,,,,,,,,,,,,,,,,,,,,,,,,,,,,,,,,,,,,,,,,,,,,,,,,,,,,,,,,,,,,,,,,,,,,,,,,,,,,,,,,,,,,,,,,,,,,,,,,,,,,,,,,,,,,,,,,,,,,,,,,,,,,,,,,,,,,,,,,,,,,,,,,,,,,,,,,,,,,,,,,,,,,,,,,,,,
aggregation,20260917T194336-2a01_B5_flat_agents_lineage_default_s10,20260917T194336-2a01,ok,B5_flat_agents_lineage,hierarchy,10,tier1,,default,1000,10000,30,10,2,1,d44bd23d1cd8f970,0.0,none,1,order_capped,3,1,sim-3b,synthetic,none,3,none,,,26.116,6.774,348.5,2026-09-17T20:12:44Z,,184,0,0,0,63,39,36,41,5,0,0.3423913043478261,0.7771739130434783,0.22282608695652173,0.02717391304347826,0.059782608695652176,0,0,0.27,0.27,100,0.4,0.4,25,11.0,13.4,-8.0,2.0,0.9,0.9,10,14.0,14.333333333333334,-2.0,2.0,0.45,0.45,20,0.8333333333333334,0.8333333333333334,6,0.014590572146209433,0.9874166591027312,0.23073584465278485,0.5749007936507936,64.0,0.34074074074074073,0.3423913043478261,0.22282608695652173,184,0.0,0.5079365079365079,1.0,0.0,0.9130434782608695,1.0,184,0,0,0,63,39,36,41,5,0,0.3423913043478261,0.7771739130434783,0.22282608695652173,0.02717391304347826,0.059782608695652176,0,0,0.27,0.27,100,0.4,0.4,25,11.0,13.4,-8.0,2.0,0.9,0.9,10,14.0,14.333333333333334,-2.0,2.0,0.45,0.45,20,0.8333333333333334,0.8333333333333334,6,0.014590572146209433,0.9874166591027312,0.5033333333333333,0.27,5.785714285714286,0.43356643356643354,0.5664335664335665,0.0,0.0,0.0,0.8,0.1,,,0,0,0,0.0,6,5,0,0,4,3,1,0,0.0,0,877,404800,9273400,0.04365173507020079,0.0,404800,404800,0,22.908596837944664,22.908596837944664,400000,,,2742685,0,10030,6033907.0,164561.1,0.13713425,0,0,303,0,0,0,0.0,,184,,,25.774569749832153,,0,,,,,,,,,15,,,1,,,,0,0,0,0,0,303,0,404800,404800,0,184,1,0,,,,,,,,,,,,,,,,,,,,,,,,,,,,,,,,,,,,,,,,,,,,,,,,,,,,,,,,,,,,,,,,,,,,,,,,,,,,,,,,,,,,,,,,,,,,,,,,,,,,,,,,,,,,,,,,,,,,,,,,,,,,,,,,,,,,,,,,,,,,,,,,,,,,,,,,,,,,,,,,,,,,,,,,,,,,,,,,,,,,,,,,,,,,,,,,,,,,,,,,,,,,,,,,,,,,,,,,,,,
aggregation,20260917T194336-2a01_B6_hier_no_lineage_default_s9,20260917T194336-2a01,ok,B6_hier_no_lineage,hierarchy,9,tier1,,default,1000,10000,30,10,2,1,7307c24d755dc27b,0.0,none,5,order_capped,3,1,sim-3b,synthetic,none,3,none,,,35.201,6.853,389.7,2026-09-17T20:13:08Z,,699,0,0,0,265,291,48,80,15,0,0.3791130185979971,0.9098712446351931,0.09012875536480687,0.022889842632331903,0.04005722460658083,0,0,0.61,0.61,100,0.88,0.88,25,14.5,14.681818181818182,-6.0,2.0,0.7,0.7,10,18.0,18.0,-1.0,2.0,0.35,0.35,20,0.7142857142857143,0.7142857142857143,7,0.0008701522331977518,0.9762400051344703,0.8196468450058896,0.9424553537997483,27.63963963963964,0.6666666666666666,0.3791130185979971,0.09012875536480687,699,0.6126126126126126,0.19245283018867926,1.0,0.0,0.03296703296703297,1.0,699,0,0,0,265,291,48,80,15,0,0.3791130185979971,0.9098712446351931,0.09012875536480687,0.022889842632331903,0.04005722460658083,0,0,0.61,0.61,100,0.88,0.88,25,14.5,14.681818181818182,-6.0,2.0,0.7,0.7,10,18.0,18.0,-1.0,2.0,0.35,0.35,20,0.7142857142857143,0.7142857142857143,7,0.0008701522331977518,0.9762400051344703,0.48,0.33,5.933333333333334,0.5547445255474452,0.44525547445255476,0.0,0.0,0.0,0.8,0.0,,,0,0,0,0.0,7,5,0,0,3,3,0,0,0.0,0,796,404800,9108500,0.044442004720865125,0.0,15935342,404800,15530542,0.5864895120852833,0.5715911211695363,400000,,,10822490,0,10810,1700677.0,649349.4,0.5411245,0,0,217,0,0,0,0.0,,699,,,33.726659297943115,,0,,,,,,,,,6,,,,,1.344689638515655,0.025755701249834038,0,0,0,0,0,217,0,404800,4104516,0,699,1,0,0.4962962962962963,0.3372093023255814,0.03488372093023256,258,0.038461538461538464,0.0,1.0,0.0,0.017857142857142856,1.0,0.6148148148148148,0.3681710213776722,0.0498812351543943,421,0.40384615384615385,0.12258064516129032,1.0,0.0,0.02631578947368421,1.0,0.6666666666666666,0.375,0.075,560,0.5495495495495496,0.16666666666666666,1.0,0.0,0.03296703296703297,1.0,258,0,0,0,87,154,4,8,5,0,0.3372093023255814,0.9651162790697675,0.03488372093023256,0.023255813953488372,0.023255813953488372,0,0,0.56,0.56,100,0.4,0.4,25,21.0,19.2,1.5,-1.0,0.1,0.1,10,24.0,24.0,7.0,-1.0,0.1,0.1,20,0.2857142857142857,0.2857142857142857,7,0.011164692540345023,0.9879088785868566,421,0,0,0,155,211,14,34,7,0,0.3681710213776722,0.9501187648456056,0.0498812351543943,0.019002375296912115,0.028503562945368172,0,0,0.59,0.59,100,0.8,0.8,25,14.0,15.1,-5.0,0.0,0.4,0.4,10,15.0,16.75,4.0,0.0,0.35,0.35,20,0.7142857142857143,0.7142857142857143,7,0.004678153044864963,0.976319471658223,560,0,0,0,210,251,31,57,11,0,0.375,0.925,0.075,0.02142857142857143,0.03571428571428571,0,0,0.61,0.61,100,0.88,0.88,25,14.5,14.681818181818182,-6.0,1.0,0.7,0.7,10,18.0,18.0,-1.0,1.0,0.35,0.35,20,0.7142857142857143,0.7142857142857143,7,0.0028283694937402126,0.9757430590776883,404800,6773682,258,10,6773682,4652344,421,2,4652344,4104516,560,1,0,0,0,,,,,,,,,,,,,,,,,,,,,,,,,,,,,,,,,,,,,,,,,,,,,,,,
aggregation,20260917T194336-2a01_B6_hier_no_lineage_default_s10,20260917T194336-2a01,ok,B6_hier_no_lineage,hierarchy,10,tier1,,default,1000,10000,30,10,2,1,d44bd23d1cd8f970,0.0,none,5,order_capped,3,1,sim-3b,synthetic,none,3,none,,,34.883,6.774,396.0,2026-09-17T20:13:19Z,,878,0,0,0,306,295,115,140,22,0,0.34851936218678814,0.8439635535307517,0.1560364464692483,0.025056947608200455,0.0489749430523918,0,0,0.72,0.72,100,0.72,0.72,25,13.5,14.944444444444445,-8.0,2.0,0.9,0.9,10,14.0,14.11111111111111,-1.0,2.0,0.7,0.7,20,1.0,1.0,6,0.0035545678847196394,0.9784976202765192,0.8229601372579993,0.9610460384188262,26.4453125,0.7333333333333333,0.34851936218678814,0.1560364464692483,878,0.5703125,0.3006535947712418,1.0,0.0,0.028846153846153848,1.0,878,0,0,0,306,295,115,140,22,0,0.34851936218678814,0.8439635535307517,0.1560364464692483,0.025056947608200455,0.0489749430523918,0,0,0.72,0.72,100,0.72,0.72,25,13.5,14.944444444444445,-8.0,2.0,0.9,0.9,10,14.0,14.11111111111111,-1.0,2.0,0.7,0.7,20,1.0,1.0,6,0.0035545678847196394,0.9784976202765192,0.47333333333333333,0.34,6.375,0.5174825174825175,0.4825174825174825,0.0,0.0,0.0,0.9,0.1,,,0,0,0,0.0,6,6,0,0,4,3,1,0,0.0,0,877,404800,9273400,0.04365173507020079,2.0911971057832055e-05,16349344,404800,15944544,0.5816033371666195,0.567203185644635,400000,,,10755561,0,10810,1690159.5857142857,645333.66,0.53777805,0,0,303,0,0,0,0.0,,878,,,33.12881064414978,,0,,,,,,,,,7,,,1,,1.3308538107304124,0.025086951373460415,0,0,0,0,0,303,0,404800,4210360,0,878,1,0,0.5037037037037037,0.362962962962963,0.040740740740740744,270,0.05952380952380952,0.02040816326530612,1.0,0.0,0.015625,1.0,0.6814814814814815,0.3739495798319328,0.07773109243697479,476,0.3389830508474576,0.16853932584269662,1.0,0.0,0.024691358024691357,1.0,0.7333333333333333,0.35745937961595275,0.12850812407680945,677,0.4921875,0.25206611570247933,1.0,0.0,0.028846153846153848,1.0,270,0,0,0,98,150,3,11,8,0,0.362962962962963,0.9592592592592593,0.040740740740740744,0.02962962962962963,0.04814814814814815,0,0,0.64,0.64,100,0.16,0.16,25,25.5,25.0,8.0,-1.0,0.0,0.0,10,,,,,0.25,0.25,20,0.8333333333333334,0.8333333333333334,6,0.018535885576119626,0.98890625594649,476,0,0,0,178,217,25,44,12,0,0.3739495798319328,0.9222689075630253,0.07773109243697479,0.025210084033613446,0.03991596638655462,0,0,0.69,0.69,100,0.68,0.68,25,17.0,17.0,-2.0,0.0,0.6,0.6,10,16.0,15.333333333333334,0.0,0.0,0.55,0.55,20,1.0,1.0,6,0.004637763908232673,0.9794276798746192,677,0,0,0,242,256,70,92,17,0,0.35745937961595275,0.8714918759231906,0.12850812407680945,0.025110782865583457,0.04579025110782865,0,0,0.72,0.72,100,0.72,0.72,25,13.5,14.944444444444445,-8.0,1.0,0.9,0.9,10,14.0,14.11111111111111,-1.0,1.0,0.7,0.7,20,1.0,1.0,6,0.003907934535025359,0.9787971516694419,404800,6968008,270,10,6968008,4766176,476,2,4766176,4210360,677,1,0,0,0,,,,,,,,,,,,,,,,,,,,,,,,,,,,,,,,,,,,,,,,,,,,,,,,
aggregation,20260917T194336-2a01_B7_mycelic_default_s9,20260917T194336-2a01,ok,B7_mycelic,hierarchy,9,tier1,,default,1000,10000,30,10,2,1,7307c24d755dc27b,0.0,none,5,order_capped,3,1,sim-3b,synthetic,none,3,none,,,42.913,6.853,401.8,2026-09-17T20:13:51Z,,582,98,1,97,227,258,31,53,13,0,0.3900343642611684,0.9243986254295533,0.07560137457044673,0.024054982817869417,0.03608247422680412,5,209,0.6,0.61,100,0.88,0.88,25,14.5,14.681818181818182,-6.0,2.0,0.7,0.7,10,18.0,19.0,-1.0,2.0,0.35,0.35,20,0.7142857142857143,0.8571428571428571,7,0.011808225092322936,0.9693598191316093,0.8073628347989101,0.9786834309979648,30.214285714285715,0.6666666666666666,0.3900343642611684,0.07560137457044673,582,0.4818181818181818,0.12334801762114538,1.0,0.0,0.4891304347826087,1.0,582,98,1,97,227,258,31,53,13,0,0.3900343642611684,0.9243986254295533,0.07560137457044673,0.024054982817869417,0.03608247422680412,5,209,0.6,0.61,100,0.88,0.88,25,14.5,14.681818181818182,-6.0,2.0,0.7,0.7,10,18.0,19.0,-1.0,2.0,0.35,0.35,20,0.7142857142857143,0.8571428571428571,7,0.011808225092322936,0.9693598191316093,0.48,0.33,5.933333333333334,0.5547445255474452,0.44525547445255476,0.032432432432432434,0.6,0.061538461538461535,0.8,0.1,,14.333333333333334,253,68,179,0.7075098814229249,7,5,1,4,3,3,0,2,0.0,0,796,404800,9108500,0.044442004720865125,0.0,16095342,404800,15690542,0.5805089460899439,0.565909068598853,400000,,,10862492,0,10810,1706963.0285714287,651749.52,0.5431246000000001,0,0,217,0,0,0,0.0,,582,,,41.554444551467896,,0,,,,,,,,,6,,,,,1.344689638515655,0.02549306454805704,494,0,0,0,0,217,0,404800,4196870,0,582,1,0,0.4962962962962963,0.3372093023255814,0.03488372093023256,258,0.038461538461538464,0.0,1.0,0.0,0.9642857142857143,1.0,0.6222222222222222,0.37047353760445684,0.03899721448467967,359,0.22772277227722773,0.022556390977443608,1.0,0.0,0.6578947368421053,1.0,0.6518518518518519,0.3857758620689655,0.05387931034482758,464,0.4392523364485981,0.09497206703910614,1.0,0.0,0.5714285714285714,1.0,258,0,0,0,87,154,4,8,5,0,0.3372093023255814,0.9651162790697675,0.03488372093023256,0.023255813953488372,0.023255813953488372,0,0,0.56,0.56,100,0.4,0.4,25,21.0,19.2,1.5,-1.0,0.1,0.1,10,24.0,24.0,7.0,-1.0,0.1,0.1,20,0.2857142857142857,0.2857142857142857,7,0.008387590652276289,0.9825150626461707,359,64,0,64,133,191,8,21,6,0,0.37047353760445684,0.9610027855153204,0.03899721448467967,0.019498607242339833,0.025069637883008356,3,153,0.57,0.6,100,0.8,0.8,25,14.0,15.1,-5.0,0.0,0.3,0.4,10,15.0,15.0,3.0,0.0,0.35,0.35,20,0.7142857142857143,0.7142857142857143,7,0.016502650321607297,0.9682934764867039,464,76,1,75,179,226,16,34,9,0,0.3857758620689655,0.9461206896551724,0.05387931034482758,0.021551724137931036,0.03017241379310345,5,203,0.58,0.6,100,0.88,0.88,25,14.5,14.681818181818182,-6.0,1.0,0.6,0.6,10,20.0,19.166666666666668,4.5,1.0,0.35,0.35,20,0.7142857142857143,0.8571428571428571,7,0.012508286732295369,0.9692628544836177,404800,6773682,258,10,6773682,4719990,359,2,4719990,4196870,464,1,0,0,0,,,,,,,,,,,,,,,,,,,,,,,,,,,,,,,,,,,,,,,,,,,,,,,,
aggregation,20260917T194336-2a01_B7_mycelic_default_s10,20260917T194336-2a01,ok,B7_mycelic,hierarchy,10,tier1,,default,1000,10000,30,10,2,1,d44bd23d1cd8f970,0.0,none,5,order_capped,3,1,sim-3b,synthetic,none,3,none,,,44.03,6.774,392.7,2026-09-17T20:14:03Z,,656,202,6,196,228,225,95,92,16,0,0.3475609756097561,0.8307926829268293,0.16920731707317074,0.024390243902439025,0.05030487804878049,5,220,0.69,0.72,100,0.72,0.72,25,15.0,16.11111111111111,-5.0,2.0,0.9,0.9,10,14.0,14.11111111111111,-1.0,2.0,0.7,0.7,20,1.0,1.0,6,0.00594150088383385,0.973985466581872,0.7801184364583122,0.9545518977938262,29.6640625,0.7333333333333333,0.3475609756097561,0.16920731707317074,656,0.432,0.18421052631578946,1.0,0.0,0.5238095238095238,1.0,656,202,6,196,228,225,95,92,16,0,0.3475609756097561,0.8307926829268293,0.16920731707317074,0.024390243902439025,0.05030487804878049,5,220,0.69,0.72,100,0.72,0.72,25,15.0,16.11111111111111,-5.0,2.0,0.9,0.9,10,14.0,14.11111111111111,-1.0,2.0,0.7,0.7,20,1.0,1.0,6,0.00594150088383385,0.973985466581872,0.47333333333333333,0.34,6.375,0.5174825174825175,0.4825174825174825,0.0392156862745098,0.8,0.07476635514018691,0.9,0.1,,16.625,282,78,196,0.6950354609929078,6,6,0,6,4,3,1,2,0.0,0,877,404800,9273400,0.04365173507020079,2.0911971057832055e-05,16626536,404800,16221736,0.5716650794958074,0.557746965453297,400000,,,10824862,0,10810,1701049.7428571428,649491.72,0.5412431,0,0,303,0,0,0,0.0,,656,,,42.41003084182739,,0,,,,,,,,,7,,,1,,1.3308538107304124,0.024658273319205788,547,0,0,0,0,303,0,404800,4379970,0,656,1,0,0.5037037037037037,0.362962962962963,0.040740740740740744,270,0.05952380952380952,0.02040816326530612,1.0,0.0,0.953125,1.0,0.6814814814814815,0.3917525773195876,0.06958762886597938,388,0.20535714285714285,0.08552631578947369,1.0,0.0,0.7037037037037037,1.0,0.7111111111111111,0.3654223968565815,0.12573673870333987,509,0.3305785123966942,0.13978494623655913,1.0,0.0,0.6095238095238096,1.0,270,0,0,0,98,150,3,11,8,0,0.362962962962963,0.9592592592592593,0.040740740740740744,0.02962962962962963,0.04814814814814815,0,0,0.64,0.64,100,0.16,0.16,25,25.5,25.0,8.0,-1.0,0.0,0.0,10,,,,,0.25,0.25,20,0.8333333333333334,0.8333333333333334,6,0.01749290294021181,0.9861076088786143,388,97,2,95,152,184,16,25,11,0,0.3917525773195876,0.9304123711340206,0.06958762886597938,0.028350515463917526,0.041237113402061855,4,163,0.64,0.69,100,0.68,0.68,25,18.0,17.88235294117647,1.0,0.0,0.6,0.6,10,16.0,15.333333333333334,0.0,0.0,0.5,0.55,20,1.0,1.0,6,0.005070419614178405,0.9737912985452372,509,145,4,141,186,204,51,55,13,0,0.3654223968565815,0.8742632612966601,0.12573673870333987,0.025540275049115914,0.04518664047151277,5,217,0.66,0.7,100,0.68,0.68,25,16.0,16.470588235294116,-2.0,1.0,0.9,0.9,10,14.0,14.11111111111111,-1.0,1.0,0.7,0.7,20,1.0,1.0,6,0.005038385970208992,0.9739912239518795,404800,6968008,270,10,6968008,4873758,388,2,4873758,4379970,509,1,0,0,0,,,,,,,,,,,,,,,,,,,,,,,,,,,,,,,,,,,,,,,,,,,,,,,,
aggregation,20260917T194336-2a01_B8_mycelic_security_default_s9,20260917T194336-2a01,ok,B8_mycelic_security,hierarchy,9,tier1,,default,1000,10000,30,10,2,1,7307c24d755dc27b,0.0,lineage_aware,5,order_capped,3,1,sim-3b,synthetic,none,3,none,,,39.422,6.853,401.8,2026-09-17T20:14:31Z,,511,100,1,99,198,238,19,40,16,0,0.38747553816046965,0.9315068493150684,0.0684931506849315,0.03131115459882583,0.043052837573385516,5,184,0.52,0.54,100,0.84,0.84,25,14.0,15.476190476190476,-6.0,2.0,0.4,0.4,10,13.5,13.5,-0.5,2.0,0.3,0.3,20,0.8571428571428571,0.8571428571428571,7,0.007509016765080607,0.9716802432756241,0.7961643653137342,0.9465354561447219,30.0,0.5851851851851851,0.38747553816046965,0.0684931506849315,511,0.46938775510204084,0.10606060606060606,1.0,0.0,0.4444444444444444,1.0,511,100,1,99,198,238,19,40,16,0,0.38747553816046965,0.9315068493150684,0.0684931506849315,0.03131115459882583,0.043052837573385516,5,184,0.52,0.54,100,0.84,0.84,25,14.0,15.476190476190476,-6.0,2.0,0.4,0.4,10,13.5,13.5,-0.5,2.0,0.3,0.3,20,0.8571428571428571,0.8571428571428571,7,0.007509016765080607,0.9716802432756241,0.5033333333333333,0.26666666666666666,5.571428571428571,0.5681818181818182,0.43181818181818177,0.03592814371257485,0.6,0.06779661016949153,0.9,0.0,,18.0,225,58,161,0.7155555555555555,7,6,0,4,3,3,0,2,0.0,0,796,404800,9108500,0.044442004720865125,0.0,14982704,404800,14577904,0.6248154741586993,0.6079343221357106,400000,,,10365915,0,10810,1628929.5000000002,621954.9,0.51829575,0,0,1007,0,0,0,0.0,,511,,3,38.24671030044556,,0,,,,,,,,,7,,,,,1.4533724111828858,0.027438786810504445,429,0,0,0,0,1007,0,404800,3914052,0,511,1,0,0.4222222222222222,0.3273542600896861,0.03139013452914798,223,0.030303030303030304,0.0136986301369863,1.0,0.0,0.9791666666666666,1.0,0.5851851851851851,0.36615384615384616,0.046153846153846156,325,0.19148936170212766,0.04201680672268908,1.0,0.0,0.6029411764705882,1.0,0.5851851851851851,0.37889688249400477,0.05515587529976019,417,0.40816326530612246,0.08860759493670886,1.0,0.0,0.5308641975308642,1.0,223,0,0,0,73,137,1,6,6,0,0.3273542600896861,0.968609865470852,0.03139013452914798,0.026905829596412557,0.026905829596412557,0,0,0.48,0.48,100,0.32,0.32,25,20.0,18.375,0.5,-1.0,0.1,0.1,10,26.0,26.0,9.0,-1.0,0.05,0.05,20,0.2857142857142857,0.2857142857142857,7,0.015704247678737713,0.9843093949273066,325,61,0,61,119,179,6,12,9,0,0.36615384615384616,0.9538461538461539,0.046153846153846156,0.027692307692307693,0.03076923076923077,4,135,0.5,0.54,100,0.84,0.84,25,15.0,17.333333333333332,-4.0,0.0,0.4,0.4,10,16.5,16.5,2.0,0.0,0.25,0.25,20,0.7142857142857143,0.7142857142857143,7,0.004734709151546958,0.9714491287692744,417,76,1,75,158,210,11,26,12,0,0.37889688249400477,0.9448441247002398,0.05515587529976019,0.02877697841726619,0.03597122302158273,5,178,0.52,0.54,100,0.84,0.84,25,14.0,15.476190476190476,-6.0,1.0,0.4,0.4,10,13.5,13.5,-0.5,1.0,0.3,0.3,20,0.8571428571428571,0.8571428571428571,7,0.005631582381387474,0.9718120223415546,404800,6267148,223,10,6267148,4396704,325,2,4396704,3914052,417,1,0,0,0,lineage_aware,backing,claim_rules,classifier_local,consistency,dedup,provenance,sanity,signature,signature_ok,support,sim-3b,,,"content classifiers are profile operating points (assumption), not measured detectors",10000,1007,0,0,10000,1007,0.0,0.0,0.0,0.1007,2564,0,0,0,2564,0,0.0,0.0,0.0,0.0,2564,0,804,217,0,0,0,10000,1800000,0,2564,,
aggregation,20260917T194336-2a01_B8_mycelic_security_default_s10,20260917T194336-2a01,ok,B8_mycelic_security,hierarchy,10,tier1,,default,1000,10000,30,10,2,1,d44bd23d1cd8f970,0.0,lineage_aware,5,order_capped,3,1,sim-3b,synthetic,none,3,none,,,41.271,6.774,392.8,2026-09-17T20:14:44Z,,603,164,4,160,223,216,67,79,18,0,0.36981757877280264,0.8590381426202321,0.14096185737976782,0.03316749585406302,0.05140961857379768,5,188,0.66,0.67,100,0.64,0.64,25,14.0,14.6875,-5.5,2.0,0.8,0.8,10,13.0,13.375,-3.0,2.0,0.65,0.65,20,1.0,1.0,6,0.009296933178047303,0.9746016705267889,0.7929987076713793,0.9734835116259263,29.54621848739496,0.674074074074074,0.36981757877280264,0.14096185737976782,603,0.4576271186440678,0.20179372197309417,1.0,0.0,0.40404040404040403,1.0,603,164,4,160,223,216,67,79,18,0,0.36981757877280264,0.8590381426202321,0.14096185737976782,0.03316749585406302,0.05140961857379768,5,188,0.66,0.67,100,0.64,0.64,25,14.0,14.6875,-5.5,2.0,0.8,0.8,10,13.0,13.375,-3.0,2.0,0.65,0.65,20,1.0,1.0,6,0.009296933178047303,0.9746016705267889,0.5,0.29,6.214285714285714,0.43410852713178294,0.5658914728682171,0.0427807486631016,0.8,0.08121827411167513,0.9,0.1,,17.0,261,74,179,0.685823754789272,6,6,0,6,4,3,1,2,0.0,0,877,404800,9273400,0.04365173507020079,2.1669176679632057e-05,15532032,404800,15127232,0.6130268908416292,0.5970500189543776,400000,,,10349855,0,10810,1626405.7857142857,620991.2999999999,0.5174927500000001,0,0,1082,0,0,0,0.0,,603,,,39.618793964385986,,0,,,,,,,,,10,,,1,,1.4347450462972704,0.026442378883327764,488,0,0,0,0,1082,0,404800,4102684,0,603,1,0,0.4740740740740741,0.371900826446281,0.028925619834710745,242,0.0641025641025641,0.0,1.0,0.0,0.9333333333333333,1.0,0.6370370370370371,0.4040114613180516,0.054441260744985676,349,0.19811320754716982,0.06382978723404255,1.0,0.0,0.5789473684210527,1.0,0.6666666666666666,0.38329764453961457,0.10492505353319058,467,0.34782608695652173,0.13966480446927373,1.0,0.0,0.45454545454545453,1.0,242,0,0,0,90,137,2,8,5,0,0.371900826446281,0.9710743801652892,0.028925619834710745,0.024793388429752067,0.0371900826446281,0,0,0.6,0.6,100,0.16,0.16,25,26.5,26.0,8.5,-1.0,0.0,0.0,10,,,,,0.15,0.15,20,0.8333333333333334,0.8333333333333334,6,0.01547335197067962,0.9864757889849028,349,84,2,82,141,169,12,20,7,0,0.4040114613180516,0.9455587392550143,0.054441260744985676,0.022922636103151862,0.03151862464183381,4,150,0.61,0.64,100,0.64,0.64,25,17.5,16.25,-4.0,0.0,0.6,0.6,10,17.0,17.333333333333332,1.0,0.0,0.4,0.45,20,1.0,1.0,6,0.010810551499887914,0.9728133197135272,467,119,3,116,179,192,37,47,12,0,0.38329764453961457,0.8950749464668094,0.10492505353319058,0.027837259100642397,0.042826552462526764,5,187,0.63,0.66,100,0.64,0.64,25,14.0,14.8125,-5.5,1.0,0.8,0.8,10,13.0,13.375,-3.0,1.0,0.65,0.65,20,1.0,1.0,6,0.002953490198389512,0.9740540066942409,404800,6463448,242,10,6463448,4561100,349,2,4561100,4102684,467,1,0,0,0,lineage_aware,backing,claim_rules,classifier_local,consistency,dedup,provenance,sanity,signature,signature_ok,support,sim-3b,,,"content classifiers are profile operating points (assumption), not measured detectors",10000,1082,0,0,10000,1082,0.0,0.0,0.0,0.1082,3765,0,0,0,3765,0,0.0,0.0,0.0,0.0,3765,0,806,303,0,0,0,10000,1800000,0,3765,,
aggregation,20260917T194336-2a01_B9_mycelic_questioning_default_s9,20260917T194336-2a01,ok,B9_mycelic_questioning,hierarchy,9,tier1,,default,1000,10000,30,10,2,1,7307c24d755dc27b,0.0,lineage_aware,5,order_capped,3,1,sim-3b,synthetic,none,3,eig,,,85.505,6.853,422.6,2026-09-17T20:15:56Z,,499,110,1,109,194,237,16,36,16,0,0.38877755511022044,0.935871743486974,0.06412825651302605,0.03206412825651302,0.04408817635270541,5,184,0.51,0.54,100,0.84,0.84,25,14.0,15.476190476190476,-6.0,2.0,0.4,0.4,10,13.5,13.5,-0.5,2.0,0.3,0.3,20,0.8571428571428571,0.8571428571428571,7,0.006891148869313693,0.971748841636517,0.7961643653137342,0.9385354561447218,30.04,0.5851851851851851,0.38877755511022044,0.06412825651302605,499,0.4536082474226804,0.0979381443298969,1.0,0.0,0.4444444444444444,1.0,499,110,1,109,194,237,16,36,16,0,0.38877755511022044,0.935871743486974,0.06412825651302605,0.03206412825651302,0.04408817635270541,5,184,0.51,0.54,100,0.84,0.84,25,14.0,15.476190476190476,-6.0,2.0,0.4,0.4,10,13.5,13.5,-0.5,2.0,0.3,0.3,20,0.8571428571428571,0.8571428571428571,7,0.006891148869313693,0.971748841636517,0.5033333333333333,0.26666666666666666,5.571428571428571,0.5681818181818182,0.43181818181818177,0.03614457831325301,0.6,0.06818181818181818,0.9,0.0,,18.0,224,58,160,0.7142857142857143,7,6,0,4,3,3,0,2,0.0,0,796,404800,9108500,0.044442004720865125,0.0,15021714,404800,14616914,0.6231479503813185,0.6063555730058501,400000,,,12736132,0,10930,2001392.1714285712,764167.9199999999,0.6368066,0,0,1007,0,0,0,0.0,,499,,3,84.298348903656,,0,,,,,,,,,7,,,,,1.4533724111828858,0.027365557463086942,427,1089,529856,2330,0,1007,0,404800,3938790,0,499,1,0,0.4222222222222222,0.3273542600896861,0.03139013452914798,223,0.030303030303030304,0.0136986301369863,1.0,0.0,0.9791666666666666,1.0,0.5851851851851851,0.36728395061728397,0.043209876543209874,324,0.19148936170212766,0.04201680672268908,1.0,0.0,0.6029411764705882,1.0,0.5851851851851851,0.3795620437956204,0.051094890510948905,411,0.4020618556701031,0.08333333333333333,1.0,0.0,0.5308641975308642,1.0,223,0,0,0,73,137,1,6,6,0,0.3273542600896861,0.968609865470852,0.03139013452914798,0.026905829596412557,0.026905829596412557,0,0,0.48,0.48,100,0.32,0.32,25,20.0,18.375,0.5,-1.0,0.1,0.1,10,26.0,26.0,9.0,-1.0,0.05,0.05,20,0.2857142857142857,0.2857142857142857,7,0.015704247678737713,0.9843093949273066,324,60,0,60,119,179,5,12,9,0,0.36728395061728397,0.9567901234567902,0.043209876543209874,0.027777777777777776,0.030864197530864196,4,135,0.5,0.54,100,0.84,0.84,25,15.0,17.333333333333332,-4.0,0.0,0.4,0.4,10,16.5,17.25,2.0,0.0,0.25,0.25,20,0.7142857142857143,0.7142857142857143,7,0.00457353715983649,0.9715367940879011,411,80,1,79,156,210,9,24,12,0,0.3795620437956204,0.948905109489051,0.051094890510948905,0.029197080291970802,0.0364963503649635,5,178,0.51,0.54,100,0.84,0.84,25,14.0,15.476190476190476,-6.0,1.0,0.4,0.4,10,13.5,13.5,-0.5,1.0,0.3,0.3,20,0.8571428571428571,0.8571428571428571,7,0.005138391533862034,0.9719651804569824,404800,6267148,223,10,6267148,4410976,324,2,4410976,3938790,411,1,0,0,0,lineage_aware,backing,claim_rules,classifier_local,consistency,dedup,provenance,sanity,signature,signature_ok,support,sim-3b,,,"content classifiers are profile operating points (assumption), not measured detectors",10000,1007,0,0,10000,1007,0.0,0.0,0.0,0.1007,2529,0,0,0,2529,0,0.0,0.0,0.0,0.0,2529,0,804,217,0,0,0,10000,1800000,0,2529,2092,
aggregation,20260917T194336-2a01_B9_mycelic_questioning_default_s10,20260917T194336-2a01,ok,B9_mycelic_questioning,hierarchy,10,tier1,,default,1000,10000,30,10,2,1,d44bd23d1cd8f970,0.0,lineage_aware,5,order_capped,3,1,sim-3b,synthetic,none,3,eig,,,88.003,6.774,418.7,2026-09-17T20:16:12Z,,598,167,4,163,221,215,66,78,18,0,0.3695652173913043,0.8595317725752508,0.14046822742474915,0.03177257525083612,0.05016722408026756,5,188,0.66,0.67,100,0.64,0.64,25,14.0,14.6875,-5.5,2.0,0.8,0.8,10,13.0,13.375,-3.0,2.0,0.65,0.65,20,1.0,1.0,6,0.007799423422846458,0.9744863074049387,0.7929987076713793,0.9734835116259263,29.54621848739496,0.674074074074074,0.3695652173913043,0.14046822742474915,598,0.4491525423728814,0.19457013574660634,1.0,0.0,0.40404040404040403,1.0,598,167,4,163,221,215,66,78,18,0,0.3695652173913043,0.8595317725752508,0.14046822742474915,0.03177257525083612,0.05016722408026756,5,188,0.66,0.67,100,0.64,0.64,25,14.0,14.6875,-5.5,2.0,0.8,0.8,10,13.0,13.375,-3.0,2.0,0.65,0.65,20,1.0,1.0,6,0.007799423422846458,0.9744863074049387,0.5,0.29,6.214285714285714,0.43410852713178294,0.5658914728682171,0.0427807486631016,0.8,0.08121827411167513,0.9,0.1,,17.0,261,74,179,0.685823754789272,6,6,0,6,4,3,1,2,0.0,0,877,404800,9273400,0.04365173507020079,2.1180382729515924e-05,15570506,404800,15165706,0.6114716980534899,0.595574735978394,400000,,,12657674,0,10930,1989063.0571428572,759460.4400000001,0.6328837,0,0,1082,0,0,0,0.0,,598,,,86.52516460418701,,0,,,,,,,,,10,,,1,,1.4347450462972704,0.026375297002328806,488,969,469982,1982,0,1082,0,404800,4126676,0,598,1,0,0.4740740740740741,0.371900826446281,0.028925619834710745,242,0.0641025641025641,0.0,1.0,0.0,0.9333333333333333,1.0,0.6370370370370371,0.4040114613180516,0.054441260744985676,349,0.19811320754716982,0.06382978723404255,1.0,0.0,0.5789473684210527,1.0,0.6666666666666666,0.38197424892703863,0.10515021459227468,466,0.3391304347826087,0.1348314606741573,1.0,0.0,0.45454545454545453,1.0,242,0,0,0,90,137,2,8,5,0,0.371900826446281,0.9710743801652892,0.028925619834710745,0.024793388429752067,0.0371900826446281,0,0,0.6,0.6,100,0.16,0.16,25,26.5,26.0,8.5,-1.0,0.0,0.0,10,,,,,0.15,0.15,20,0.8333333333333334,0.8333333333333334,6,0.01547335197067962,0.9864757889849028,349,84,2,82,141,169,12,20,7,0,0.4040114613180516,0.9455587392550143,0.054441260744985676,0.022922636103151862,0.03151862464183381,4,150,0.61,0.64,100,0.64,0.64,25,17.5,16.25,-4.0,0.0,0.6,0.6,10,17.5,17.5,1.5,0.0,0.4,0.45,20,1.0,1.0,6,0.010786633279143684,0.9728329906001003,466,120,3,117,178,192,37,47,12,0,0.38197424892703863,0.8948497854077253,0.10515021459227468,0.027896995708154508,0.04291845493562232,5,187,0.63,0.66,100,0.64,0.64,25,14.0,14.8125,-5.5,1.0,0.8,0.8,10,13.0,13.375,-3.0,1.0,0.65,0.65,20,1.0,1.0,6,0.003020012563594216,0.974058513000424,404800,6463448,242,10,6463448,4575582,349,2,4575582,4126676,466,1,0,0,0,lineage_aware,backing,claim_rules,classifier_local,consistency,dedup,provenance,sanity,signature,signature_ok,support,sim-3b,,,"content classifiers are profile operating points (assumption), not measured detectors",10000,1082,0,0,10000,1082,0.0,0.0,0.0,0.1082,3748,0,0,0,3748,0,0.0,0.0,0.0,0.0,3748,0,806,303,0,0,0,10000,1800000,0,3748,1590,
aggregation,20260917T194336-2a01_ORACLE_central_stats_default_s9,20260917T194336-2a01,ok,ORACLE_central_stats,oracle,9,tier1,,default,1000,10000,30,10,2,1,7307c24d755dc27b,0.0,none,0,,,,sim-3b,synthetic,,,,,,169.074,6.853,541.9,2026-09-17T20:18:46Z,,981,0,0,0,376,343,147,102,13,0,0.38328236493374107,0.836901121304791,0.16309887869520898,0.022426095820591234,0.0326197757390418,0,0,0.85,0.85,100,0.96,0.96,25,11.5,12.333333333333334,-6.5,2.0,0.9,0.9,10,12.0,11.777777777777779,-3.0,2.0,0.65,0.65,20,0.8571428571428571,0.8571428571428571,7,0.012888906626102014,0.9904628108055109,0.9117847578214469,1.0,1.0,0.8740740740740741,0.38328236493374107,0.16309887869520898,981,0.5986394557823129,0.20212765957446807,1.0,0.0,0.9921875,1.0,981,0,0,0,376,343,147,102,13,0,0.38328236493374107,0.836901121304791,0.16309887869520898,0.022426095820591234,0.0326197757390418,0,0,0.85,0.85,100,0.96,0.96,25,11.5,12.333333333333334,-6.5,2.0,0.9,0.9,10,12.0,11.777777777777779,-3.0,2.0,0.65,0.65,20,0.8571428571428571,0.8571428571428571,7,0.012888906626102014,0.9904628108055109,0.5,0.41333333333333333,6.526315789473684,0.4676258992805755,0.5323741007194245,0.0,0.0,0.0,0.9,0.0,,,0,0,0,0.0,7,6,0,0,3,3,0,0,1.0,796,796,9108485,9108500,0.9999983531865839,0.0,9108485,9108485,0,1.0000016468161281,1.0000016468161281,400000,391320,0.042962068397650544,0,0,30,0.0,0.0,0.0008197636499999999,0,0,0,0,0,0,0.0,,981,9783,1,169.06848764419556,ORACLE_central_stats,0,0,0,10000,0,0,0,0,,1,,,,,,,,,,,,,,,,,,,,,,,,,,,,,,,,,,,,,,,,,,,,,,,,,,,,,,,,,,,,,,,,,,,,,,,,,,,,,,,,,,,,,,,,,,,,,,,,,,,,,,,,,,,,,,,,,,,,,,,,,,,,,,,,,,,,,,,,,,,,,,,,,,,,,,,,,,,,,,,,,,,,,,,,,,,,,,,,,,,,,,,,,,,,,,,,,,,,,,,,,,,,,,,,,,,,,,,,,,,,,,,,,,,,,,,,,,,,,,
aggregation,20260917T194336-2a01_ORACLE_central_stats_default_s10,20260917T194336-2a01,ok,ORACLE_central_stats,oracle,10,tier1,,default,1000,10000,30,10,2,1,d44bd23d1cd8f970,0.0,none,0,,,,sim-3b,synthetic,,,,,,167.98,6.774,550.7,2026-09-17T20:19:01Z,,1185,0,0,0,399,341,227,200,18,0,0.3367088607594937,0.7932489451476793,0.20675105485232068,0.016877637130801686,0.0270042194092827,0,0,0.89,0.89,100,0.96,0.96,25,13.0,14.125,-6.0,2.0,0.9,0.9,10,10.0,10.222222222222221,-4.0,2.0,0.8,0.8,20,1.0,1.0,6,0.007773759496231466,0.9905611008386308,0.9371391754596633,1.0,1.0,0.9037037037037037,0.3367088607594937,0.20675105485232068,1185,0.5933333333333334,0.2731829573934837,1.0,0.0,0.9925373134328358,1.0,1185,0,0,0,399,341,227,200,18,0,0.3367088607594937,0.7932489451476793,0.20675105485232068,0.016877637130801686,0.0270042194092827,0,0,0.89,0.89,100,0.96,0.96,25,13.0,14.125,-6.0,2.0,0.9,0.9,10,10.0,10.222222222222221,-4.0,2.0,0.8,0.8,20,1.0,1.0,6,0.007773759496231466,0.9905611008386308,0.47333333333333333,0.4066666666666667,6.722222222222222,0.5454545454545454,0.4545454545454546,0.0,0.0,0.0,0.9,0.1,,,0,0,0,0.0,6,6,0,0,4,3,1,0,1.0,877,877,9273384,9273400,0.9999982746349775,0.0,9273384,9273384,0,1.0000017253679994,1.0000017253679994,400000,387880,0.0418271615588673,0,0,30,0.0,0.0,0.00083460456,0,0,0,0,0,0,0.0,,1185,9697,1,167.97832989692688,ORACLE_central_stats,0,0,0,10000,0,0,0,0,,1,,,,,,,,,,,,,,,,,,,,,,,,,,,,,,,,,,,,,,,,,,,,,,,,,,,,,,,,,,,,,,,,,,,,,,,,,,,,,,,,,,,,,,,,,,,,,,,,,,,,,,,,,,,,,,,,,,,,,,,,,,,,,,,,,,,,,,,,,,,,,,,,,,,,,,,,,,,,,,,,,,,,,,,,,,,,,,,,,,,,,,,,,,,,,,,,,,,,,,,,,,,,,,,,,,,,,,,,,,,,,,,,,,,,,,,,,,,,,,
aggregation,20260917T194336-2a01_B0_isolated_default_s11,20260917T194336-2a01,ok,B0_isolated,baseline,11,tier1,,default,1000,10000,30,10,2,1,4d3ec8e3d91f6ad0,0.0,none,0,,,,sim-3b,synthetic,,,,,,12.277,4.848,108.4,2026-09-17T20:19:04Z,,0,0,0,0,0,0,0,0,0,0,0.0,0.0,0.0,0.0,0.0,0,0,0.0,0.0,100,0.0,0.0,25,,,,,0.0,0.0,10,,,,,0.0,0.0,20,0.0,0.0,4,,,,,,0.0,0.0,0.0,0,0.0,0.0,1.0,0.0,,,0,0,0,0,0,0,0,0,0,0,0.0,0.0,0.0,0.0,0.0,0,0,0.0,0.0,100,0.0,0.0,25,,,,,0.0,0.0,10,,,,,0.0,0.0,20,0.0,0.0,4,,,0.4766666666666667,0.0,,,,0.0,0.0,0.0,0.6,0.0,,,0,0,0,0.0,4,0,0,0,6,6,0,0,0.0,0,778,0,9087500,0.0,0.0,0,0,0,,,400000,0,0.0,1765980,0,9811,3885156.0,105958.8,0.088299,0,0,0,0,0,0,0.0,0,0,9811,35,12.271500825881958,B0_isolated,,,,,,,,,,,,,,,,,,,,,,,,,,,,,,,,,,,,,,,,,,,,,,,,,,,,,,,,,,,,,,,,,,,,,,,,,,,,,,,,,,,,,,,,,,,,,,,,,,,,,,,,,,,,,,,,,,,,,,,,,,,,,,,,,,,,,,,,,,,,,,,,,,,,,,,,,,,,,,,,,,,,,,,,,,,,,,,,,,,,,,,,,,,,,,,,,,,,,,,,,,,,,,,,,,,,,,,,,,,,,,,,,,,,,,,,,,,,,,,,,,,,,,,,
aggregation,20260917T194336-2a01_B0_isolated_default_s12,20260917T194336-2a01,ok,B0_isolated,baseline,12,tier1,,default,1000,10000,30,10,2,1,4281c50f257377b6,0.0,none,0,,,,sim-3b,synthetic,,,,,,12.31,4.221,108.5,2026-09-17T20:19:19Z,,0,0,0,0,0,0,0,0,0,0,0.0,0.0,0.0,0.0,0.0,0,0,0.0,0.0,100,0.0,0.0,25,,,,,0.0,0.0,10,,,,,0.0,0.0,20,0.0,0.0,5,,,,,,0.0,0.0,0.0,0,0.0,0.0,1.0,0.0,,,0,0,0,0,0,0,0,0,0,0,0.0,0.0,0.0,0.0,0.0,0,0,0.0,0.0,100,0.0,0.0,25,,,,,0.0,0.0,10,,,,,0.0,0.0,20,0.0,0.0,5,,,0.4766666666666667,0.0,,,,0.0,0.0,0.0,0.5,0.0,,,0,0,0,0.0,5,0,0,0,5,5,0,0,0.0,0,815,0,9007800,0.0,0.0,0,0,0,,,400000,0,0.0,1751040,0,9728,3852288.0,105062.4,0.087552,0,0,0,0,0,0,0.0,0,0,9728,35,12.304859399795532,B0_isolated,,,,,,,,,,,,,,,,,,,,,,,,,,,,,,,,,,,,,,,,,,,,,,,,,,,,,,,,,,,,,,,,,,,,,,,,,,,,,,,,,,,,,,,,,,,,,,,,,,,,,,,,,,,,,,,,,,,,,,,,,,,,,,,,,,,,,,,,,,,,,,,,,,,,,,,,,,,,,,,,,,,,,,,,,,,,,,,,,,,,,,,,,,,,,,,,,,,,,,,,,,,,,,,,,,,,,,,,,,,,,,,,,,,,,,,,,,,,,,,,,,,,,,,,
aggregation,20260917T194336-2a01_B1_central_keyword_default_s11,20260917T194336-2a01,ok,B1_central_keyword,baseline,11,tier1,,default,1000,10000,30,10,2,1,4d3ec8e3d91f6ad0,0.0,none,0,,,,sim-3b,synthetic,,,,,,162.165,4.848,384.0,2026-09-17T20:21:47Z,,1273,0,0,0,399,434,231,176,33,0,0.31343283582089554,0.7926158680282797,0.20738413197172034,0.037706205813040065,0.060487038491751764,0,0,0.89,0.89,100,0.92,0.92,25,7.0,8.347826086956522,-12.0,2.0,1.0,1.0,10,11.5,12.1,-5.0,2.0,0.7,0.7,20,1.0,1.0,4,0.028325979609043594,0.9906197737960035,0.9699233412952065,1.0,1.0,0.9037037037037037,0.31343283582089554,0.20738413197172034,1273,0.6413793103448275,0.2656641604010025,1.0,0.0,0.0,1.0,1273,0,0,0,399,434,231,176,33,0,0.31343283582089554,0.7926158680282797,0.20738413197172034,0.037706205813040065,0.060487038491751764,0,0,0.89,0.89,100,0.92,0.92,25,7.0,8.347826086956522,-12.0,2.0,1.0,1.0,10,11.5,12.1,-5.0,2.0,0.7,0.7,20,1.0,1.0,4,0.028325979609043594,0.9906197737960035,0.49,0.3933333333333333,6.5,0.3953488372093023,0.6046511627906976,0.0,0.0,0.0,0.9,0.1,,,0,0,0,0.0,4,4,0,0,6,5,1,0,1.0,778,778,9087489,9087500,0.9999987895460798,0.0,9087489,9087489,0,1.0000012104553855,1.0000012104553855,400000,392440,0.043184594222833564,4356000,4356000,30,6534000.0,3920400.0,26.13681787401,0,0,0,0,0,0,0.0,,1273,9811,1,162.1635754108429,B1_central_keyword,0,110137,0,10000,0,0,0,4356000,,,,1,,,,,,,,,,,,,,,,,,,,,,,,,,,,,,,,,,,,,,,,,,,,,,,,,,,,,,,,,,,,,,,,,,,,,,,,,,,,,,,,,,,,,,,,,,,,,,,,,,,,,,,,,,,,,,,,,,,,,,,,,,,,,,,,,,,,,,,,,,,,,,,,,,,,,,,,,,,,,,,,,,,,,,,,,,,,,,,,,,,,,,,,,,,,,,,,,,,,,,,,,,,,,,,,,,,,,,,,,,,,,,,,,,,,,,,,,,,,
aggregation,20260917T194336-2a01_B1_central_keyword_default_s12,20260917T194336-2a01,ok,B1_central_keyword,baseline,12,tier1,,default,1000,10000,30,10,2,1,4281c50f257377b6,0.0,none,0,,,,sim-3b,synthetic,,,,,,157.938,4.221,385.5,2026-09-17T20:21:57Z,,1135,0,0,0,376,373,181,183,22,0,0.3312775330396476,0.8211453744493392,0.17885462555066078,0.03524229074889868,0.04581497797356828,0,0,0.85,0.85,100,0.92,0.92,25,9.0,10.434782608695652,-6.0,2.0,0.7,0.7,10,12.0,12.714285714285714,-3.0,2.0,0.65,0.65,20,1.0,1.0,5,0.025954439457707812,0.9907121487088091,0.9420623595535682,1.0,1.0,0.8518518518518519,0.3312775330396476,0.17885462555066078,1135,0.6382978723404256,0.2925531914893617,1.0,0.0,0.0,1.0,1135,0,0,0,376,373,181,183,22,0,0.3312775330396476,0.8211453744493392,0.17885462555066078,0.03524229074889868,0.04581497797356828,0,0,0.85,0.85,100,0.92,0.92,25,9.0,10.434782608695652,-6.0,2.0,0.7,0.7,10,12.0,12.714285714285714,-3.0,2.0,0.65,0.65,20,1.0,1.0,5,0.025954439457707812,0.9907121487088091,0.5433333333333333,0.36666666666666664,6.5,0.5734265734265734,0.42657342657342656,0.0,0.0,0.0,0.8,0.2,,,0,0,0,0.0,5,5,0,0,5,3,2,0,1.0,815,815,9007787,9007800,0.9999985568063234,0.0,9007787,9007787,0,1.0000014431957593,1.0000014431957593,400000,389120,0.04319811718732654,4245880,4245880,30,6368820.0,3821292.0,25.476090700830003,0,0,0,0,0,0,0.0,,1135,9728,2,157.93543481826782,B1_central_keyword,0,107246,0,10000,0,0,0,4245880,,2,1,,,,,,,,,,,,,,,,,,,,,,,,,,,,,,,,,,,,,,,,,,,,,,,,,,,,,,,,,,,,,,,,,,,,,,,,,,,,,,,,,,,,,,,,,,,,,,,,,,,,,,,,,,,,,,,,,,,,,,,,,,,,,,,,,,,,,,,,,,,,,,,,,,,,,,,,,,,,,,,,,,,,,,,,,,,,,,,,,,,,,,,,,,,,,,,,,,,,,,,,,,,,,,,,,,,,,,,,,,,,,,,,,,,,,,,,,,,,,
