family,run_id,batch_id,status,system,kind,seed,tier,tag,condition,n_workers,n_interactions,n_rounds,n_teams,n_departments,n_regions,dataset_sha256,malicious_fraction,detector,layers,compression,sketch_order,cadence,profile,profile_kind,quote_policy,k_anonymity,questioning,failure_kind,failure_rate,runtime_s,world_gen_s,peak_rss_mb,timestamp,error,metrics.n_accepted,metrics.n_contested,metrics.contested_false,metrics.contested_true,metrics.categories.exact,metrics.categories.under_specified,metrics.categories.over_specified,metrics.categories.confounded_true,metrics.categories.false,metrics.categories.poison,metrics.precision_strict,metrics.precision_lenient,metrics.false_discovery_rate,metrics.false_association_rate,metrics.false_association_rate_strict,metrics.false_but_disputed,metrics.n_disputed,metrics.recall_local,metrics.recall_local_lenient,metrics.n_local,metrics.recall_cross_team,metrics.recall_cross_team_lenient,metrics.n_cross_team,metrics.ttd_cross_team_median,metrics.ttd_cross_team_mean,metrics.ttd_cross_team_rel_nmin_median,metrics.layers_beyond_min_cross_team,metrics.recall_global,metrics.recall_global_lenient,metrics.n_global,metrics.ttd_global_median,metrics.ttd_global_mean,metrics.ttd_global_rel_nmin_median,metrics.layers_beyond_min_global,metrics.recall_temporal,metrics.recall_temporal_lenient,metrics.n_temporal,metrics.recall_contradiction,metrics.recall_contradiction_lenient,metrics.n_contradiction,metrics.ece,metrics.mean_confidence,metrics.evidence_coverage,metrics.lineage_correctness,metrics.source_diversity,metrics.fidelity.team.useful_fact_recall,metrics.fidelity.team.precision_strict,metrics.fidelity.team.false_promotion_rate,metrics.fidelity.team.n_accepted,metrics.fidelity.team.duplicated,metrics.fidelity.team.distorted,metrics.fidelity.team.survived,metrics.fidelity.team.dropped,metrics.fidelity.team.independent_support_preserved,metrics.fidelity.team.lineage_retention,metrics.fidelity.department.useful_fact_recall,metrics.fidelity.department.precision_strict,metrics.fidelity.department.false_promotion_rate,metrics.fidelity.department.n_accepted,metrics.fidelity.department.duplicated,metrics.fidelity.department.distorted,metrics.fidelity.department.survived,metrics.fidelity.department.dropped,metrics.fidelity.department.independent_support_preserved,metrics.fidelity.department.lineage_retention,metrics.fidelity.region.useful_fact_recall,metrics.fidelity.region.precision_strict,metrics.fidelity.region.false_promotion_rate,metrics.fidelity.region.n_accepted,metrics.fidelity.region.duplicated,metrics.fidelity.region.distorted,metrics.fidelity.region.survived,metrics.fidelity.region.dropped,metrics.fidelity.region.independent_support_preserved,metrics.fidelity.region.lineage_retention,metrics.fidelity.executive.useful_fact_recall,metrics.fidelity.executive.precision_strict,metrics.fidelity.executive.false_promotion_rate,metrics.fidelity.executive.n_accepted,metrics.fidelity.executive.duplicated,metrics.fidelity.executive.distorted,metrics.fidelity.executive.survived,metrics.fidelity.executive.dropped,metrics.fidelity.executive.independent_support_preserved,metrics.fidelity.executive.lineage_retention,metrics.per_layer.team.n_accepted,metrics.per_layer.team.n_contested,metrics.per_layer.team.contested_false,metrics.per_layer.team.contested_true,metrics.per_layer.team.categories.exact,metrics.per_layer.team.categories.under_specified,metrics.per_layer.team.categories.over_specified,metrics.per_layer.team.categories.confounded_true,metrics.per_layer.team.categories.false,metrics.per_layer.team.categories.poison,metrics.per_layer.team.precision_strict,metrics.per_layer.team.precision_lenient,metrics.per_layer.team.false_discovery_rate,metrics.per_layer.team.false_association_rate,metrics.per_layer.team.false_association_rate_strict,metrics.per_layer.team.false_but_disputed,metrics.per_layer.team.n_disputed,metrics.per_layer.team.recall_local,metrics.per_layer.team.recall_local_lenient,metrics.per_layer.team.n_local,metrics.per_layer.team.recall_cross_team,metrics.per_layer.team.recall_cross_team_lenient,metrics.per_layer.team.n_cross_team,metrics.per_layer.team.ttd_cross_team_median,metrics.per_layer.team.ttd_cross_team_mean,metrics.per_layer.team.ttd_cross_team_rel_nmin_median,metrics.per_layer.team.layers_beyond_min_cross_team,metrics.per_layer.team.recall_global,metrics.per_layer.team.recall_global_lenient,metrics.per_layer.team.n_global,metrics.per_layer.team.ttd_global_median,metrics.per_layer.team.ttd_global_mean,metrics.per_layer.team.ttd_global_rel_nmin_median,metrics.per_layer.team.layers_beyond_min_global,metrics.per_layer.team.recall_temporal,metrics.per_layer.team.recall_temporal_lenient,metrics.per_layer.team.n_temporal,metrics.per_layer.team.recall_contradiction,metrics.per_layer.team.recall_contradiction_lenient,metrics.per_layer.team.n_contradiction,metrics.per_layer.team.ece,metrics.per_layer.team.mean_confidence,metrics.per_layer.department.n_accepted,metrics.per_layer.department.n_contested,metrics.per_layer.department.contested_false,metrics.per_layer.department.contested_true,metrics.per_layer.department.categories.exact,metrics.per_layer.department.categories.under_specified,metrics.per_layer.department.categories.over_specified,metrics.per_layer.department.categories.confounded_true,metrics.per_layer.department.categories.false,metrics.per_layer.department.categories.poison,metrics.per_layer.department.precision_strict,metrics.per_layer.department.precision_lenient,metrics.per_layer.department.false_discovery_rate,metrics.per_layer.department.false_association_rate,metrics.per_layer.department.false_association_rate_strict,metrics.per_layer.department.false_but_disputed,metrics.per_layer.department.n_disputed,metrics.per_layer.department.recall_local,metrics.per_layer.department.recall_local_lenient,metrics.per_layer.department.n_local,metrics.per_layer.department.recall_cross_team,metrics.per_layer.department.recall_cross_team_lenient,metrics.per_layer.department.n_cross_team,metrics.per_layer.department.ttd_cross_team_median,metrics.per_layer.department.ttd_cross_team_mean,metrics.per_layer.department.ttd_cross_team_rel_nmin_median,metrics.per_layer.department.layers_beyond_min_cross_team,metrics.per_layer.department.recall_global,metrics.per_layer.department.recall_global_lenient,metrics.per_layer.department.n_global,metrics.per_layer.department.ttd_global_median,metrics.per_layer.department.ttd_global_mean,metrics.per_layer.department.ttd_global_rel_nmin_median,metrics.per_layer.department.layers_beyond_min_global,metrics.per_layer.department.recall_temporal,metrics.per_layer.department.recall_temporal_lenient,metrics.per_layer.department.n_temporal,metrics.per_layer.department.recall_contradiction,metrics.per_layer.department.recall_contradiction_lenient,metrics.per_layer.department.n_contradiction,metrics.per_layer.department.ece,metrics.per_layer.department.mean_confidence,metrics.per_layer.region.n_accepted,metrics.per_layer.region.n_contested,metrics.per_layer.region.contested_false,metrics.per_layer.region.contested_true,metrics.per_layer.region.categories.exact,metrics.per_layer.region.categories.under_specified,metrics.per_layer.region.categories.over_specified,metrics.per_layer.region.categories.confounded_true,metrics.per_layer.region.categories.false,metrics.per_layer.region.categories.poison,metrics.per_layer.region.precision_strict,metrics.per_layer.region.precision_lenient,metrics.per_layer.region.false_discovery_rate,metrics.per_layer.region.false_association_rate,metrics.per_layer.region.false_association_rate_strict,metrics.per_layer.region.false_but_disputed,metrics.per_layer.region.n_disputed,metrics.per_layer.region.recall_local,metrics.per_layer.region.recall_local_lenient,metrics.per_layer.region.n_local,metrics.per_layer.region.recall_cross_team,metrics.per_layer.region.recall_cross_team_lenient,metrics.per_layer.region.n_cross_team,metrics.per_layer.region.ttd_cross_team_median,metrics.per_layer.region.ttd_cross_team_mean,metrics.per_layer.region.ttd_cross_team_rel_nmin_median,metrics.per_layer.region.layers_beyond_min_cross_team,metrics.per_layer.region.recall_global,metrics.per_layer.region.recall_global_lenient,metrics.per_layer.region.n_global,metrics.per_layer.region.ttd_global_median,metrics.per_layer.region.ttd_global_mean,metrics.per_layer.region.ttd_global_rel_nmin_median,metrics.per_layer.region.layers_beyond_min_global,metrics.per_layer.region.recall_temporal,metrics.per_layer.region.recall_temporal_lenient,metrics.per_layer.region.n_temporal,metrics.per_layer.region.recall_contradiction,metrics.per_layer.region.recall_contradiction_lenient,metrics.per_layer.region.n_contradiction,metrics.per_layer.region.ece,metrics.per_layer.region.mean_confidence,metrics.per_layer.executive.n_accepted,metrics.per_layer.executive.n_contested,metrics.per_layer.executive.contested_false,metrics.per_layer.executive.contested_true,metrics.per_layer.executive.categories.exact,metrics.per_layer.executive.categories.under_specified,metrics.per_layer.executive.categories.over_specified,metrics.per_layer.executive.categories.confounded_true,metrics.per_layer.executive.categories.false,metrics.per_layer.executive.categories.poison,metrics.per_layer.executive.precision_strict,metrics.per_layer.executive.precision_lenient,metrics.per_layer.executive.false_discovery_rate,metrics.per_layer.executive.false_association_rate,metrics.per_layer.executive.false_association_rate_strict,metrics.per_layer.executive.false_but_disputed,metrics.per_layer.executive.n_disputed,metrics.per_layer.executive.recall_local,metrics.per_layer.executive.recall_local_lenient,metrics.per_layer.executive.n_local,metrics.per_layer.executive.recall_cross_team,metrics.per_layer.executive.recall_cross_team_lenient,metrics.per_layer.executive.n_cross_team,metrics.per_layer.executive.ttd_cross_team_median,metrics.per_layer.executive.ttd_cross_team_mean,metrics.per_layer.executive.ttd_cross_team_rel_nmin_median,metrics.per_layer.executive.layers_beyond_min_cross_team,metrics.per_layer.executive.recall_global,metrics.per_layer.executive.recall_global_lenient,metrics.per_layer.executive.n_global,metrics.per_layer.executive.ttd_global_median,metrics.per_layer.executive.ttd_global_mean,metrics.per_layer.executive.ttd_global_rel_nmin_median,metrics.per_layer.executive.layers_beyond_min_global,metrics.per_layer.executive.recall_temporal,metrics.per_layer.executive.recall_temporal_lenient,metrics.per_layer.executive.n_temporal,metrics.per_layer.executive.recall_contradiction,metrics.per_layer.executive.recall_contradiction_lenient,metrics.per_layer.executive.n_contradiction,metrics.per_layer.executive.ece,metrics.per_layer.executive.mean_confidence,metrics.revision_accuracy,metrics.stale_persistence,metrics.revision_latency,metrics.old_evidence_retention,metrics.catastrophic_overwrite,metrics.contradiction_precision,metrics.contradiction_recall,metrics.contradiction_f1,metrics.correct_resolution_rate,metrics.incorrect_resolution_rate,metrics.unresolved_when_appropriate,metrics.time_to_detect_mean,metrics.n_conflicts_raised,metrics.n_scope_disagreements,metrics.n_other_conflicts,metrics.other_conflict_rate,metrics.per_shape.biased_null.n,metrics.per_shape.biased_null.correct,metrics.per_shape.biased_null.incorrect,metrics.per_shape.biased_null.detected,metrics.per_shape.biased_positive.n,metrics.per_shape.biased_positive.correct,metrics.per_shape.biased_positive.incorrect,metrics.per_shape.biased_positive.detected,metrics.raw_sensitive_leakage,metrics.n_canaries_exposed,metrics.n_canaries,metrics.bytes_off_device,metrics.raw_bytes,metrics.fraction_raw_exposed,metrics.reconstructability,metrics.bytes_transmitted,metrics.bytes_worker_to_team,metrics.bytes_above_team,metrics.compression_ratio_total,metrics.compression_ratio,metrics.compression_ratio_leaf_transition,metrics.raw_bytes_compact,metrics.compression_ratio_vs_compact,metrics.tokens,metrics.model_calls,metrics.tokens_to_cloud,metrics.latency_ms_est,metrics.energy_j_est,metrics.cost_usd_est,metrics.runtime_s,metrics.stats.conflicts_opened,metrics.stats.questions_asked,metrics.stats.question_bytes,metrics.stats.question_hops,metrics.stats.artifacts_rejected_signature,metrics.stats.records_rejected,metrics.stats.records_deduped,metrics.stats.bytes_worker_to_team,metrics.per_layer_bytes.team.bytes_in,metrics.per_layer_bytes.team.bytes_out,metrics.per_layer_bytes.team.claims_accepted,metrics.per_layer_bytes.team.nodes,metrics.per_layer_bytes.department.bytes_in,metrics.per_layer_bytes.department.bytes_out,metrics.per_layer_bytes.department.claims_accepted,metrics.per_layer_bytes.department.nodes,metrics.per_layer_bytes.region.bytes_in,metrics.per_layer_bytes.region.bytes_out,metrics.per_layer_bytes.region.claims_accepted,metrics.per_layer_bytes.region.nodes,metrics.per_layer_bytes.executive.bytes_in,metrics.per_layer_bytes.executive.bytes_out,metrics.per_layer_bytes.executive.claims_accepted,metrics.per_layer_bytes.executive.nodes,metrics.poison.attack_records,metrics.poison.attack_records_kept_at_team,metrics.poison.benign_records_dropped,metrics.poison.claims_quarantined,metrics.poison.attack_claims_quarantined,metrics.poison.poison_claims_at_root,metrics.poison.poison_promotion_rate,metrics.poison.poison_claims_contested_at_root,metrics.poison.poison_by_layer.team,metrics.poison.poison_by_layer.department,metrics.poison.poison_by_layer.region,metrics.poison.poison_by_layer.executive,metrics.n_root_claims,metrics.failure_reasons.compression_loss,metrics.failure_reasons.model_reasoning_failure,metrics.failure_reasons.statistical_power,metrics.failure_reasons.insufficient_independent_support,metrics.failure_reasons.aggregation_loss,metrics.failure_reasons.contradiction_mishandling
compression,20260917T231153-5b07_B7_mycelic_full_sketch-o1-c1_s2,20260917T231153-5b07,ok,B7_mycelic,hierarchy,2,tier1,,full_sketch-o1-c1,1000,10000,30,10,2,1,9df3bf594d527eb0,0.0,none,5,full_sketch,1,1,sim-3b,synthetic,none,3,none,,,10.931,4.881,118.5,2026-09-17T23:12:10Z,,282,22,3,19,33,217,0,8,24,0,0.11702127659574468,0.9148936170212766,0.0851063829787234,0.10283687943262411,0.13829787234042554,18,165,0.0,0.0,100,0.0,0.0,25,,,,,0.0,0.0,10,,,,,0.0,0.0,20,0.0,0.0,4,0.07657723595242329,0.9689272055098778,0.6140059889499956,0.9984375,24.0,0.0,0.06598984771573604,0.09137055837563451,197,0.2222222222222222,0.15384615384615385,1.0,0.0,,1.0,0.0,0.08936170212765958,0.0851063829787234,235,0.8888888888888888,0.14285714285714285,1.0,0.0,,1.0,0.0,0.10344827586206896,0.0842911877394636,261,0.8,0.14814814814814814,1.0,0.0,,1.0,0.0,0.11702127659574468,0.0851063829787234,282,0.9,0.15151515151515152,1.0,0.0,,1.0,197,0,0,0,13,159,0,7,18,0,0.06598984771573604,0.9086294416243654,0.09137055837563451,0.10152284263959391,0.14213197969543148,0,0,0.0,0.0,100,0.0,0.0,25,,,,,0.0,0.0,10,,,,,0.0,0.0,20,0.0,0.0,4,0.08666018533244288,0.9851373426928488,235,23,2,21,21,186,0,8,20,0,0.08936170212765958,0.9148936170212766,0.0851063829787234,0.09361702127659574,0.13617021276595745,15,124,0.0,0.0,100,0.0,0.0,25,,,,,0.0,0.0,10,,,,,0.0,0.0,20,0.0,0.0,4,0.0654646155862889,0.9660718130977877,261,20,3,17,27,204,0,8,22,0,0.10344827586206896,0.9157088122605364,0.0842911877394636,0.09578544061302682,0.13409961685823754,18,163,0.0,0.0,100,0.0,0.0,25,,,,,0.0,0.0,10,,,,,0.0,0.0,20,0.0,0.0,4,0.06844624967714932,0.9674603930304145,282,22,3,19,33,217,0,8,24,0,0.11702127659574468,0.9148936170212766,0.0851063829787234,0.10283687943262411,0.13829787234042554,18,165,0.0,0.0,100,0.0,0.0,25,,,,,0.0,0.0,10,,,,,0.0,0.0,20,0.0,0.0,4,0.07657723595242329,0.9689272055098778,0.48333333333333334,0.0,,,,0.0,0.0,0.0,0.6,0.0,,,160,0,160,1.0,4,0,0,0,6,6,0,0,0.0,0,814,404800,9005750,0.04494906032257169,0.0,1390986,404800,986186,6.474364227964911,9.1318980395179,21.123597350446595,400000,0.4056029998397868,2103437,10810,0,330540.1,126206.22,0.10517185,10.376225709915161,325,0,0,0,0,237,0,404800,404800,426336,197,10,426336,294102,235,2,294102,265748,261,1,265748,0,282,1,0,0,237,0,0,0,0.0,0,0,0,0,0,282,35,,,,,
compression,20260917T231153-5b07_B7_mycelic_full_sketch-o1-c1_s1,20260917T231153-5b07,ok,B7_mycelic,hierarchy,1,tier1,,full_sketch-o1-c1,1000,10000,30,10,2,1,d4b3bd09fd427f49,0.0,none,5,full_sketch,1,1,sim-3b,synthetic,none,3,none,,,13.377,7.739,121.9,2026-09-17T23:12:15Z,,351,90,5,85,22,269,0,32,28,0,0.06267806267806268,0.9202279202279202,0.07977207977207977,0.08262108262108261,0.1452991452991453,14,201,0.0,0.0,99,0.0,0.0,25,,,,,0.0,0.0,10,,,,,0.0,0.0,20,0.0,0.0,3,0.05308184819674711,0.9704607655756647,0.6439282944228774,0.9976851851851851,19.25,0.0,0.03508771929824561,0.05701754385964912,228,0.3333333333333333,0.0,1.0,0.0,,1.0,0.0,0.052434456928838954,0.07116104868913857,267,0.7142857142857143,0.0,1.0,0.0,,1.0,0.0,0.05750798722044728,0.07667731629392971,313,0.625,0.0,1.0,0.0,,1.0,0.0,0.06267806267806268,0.07977207977207977,351,0.75,0.0,1.0,0.0,,1.0,228,0,0,0,8,197,0,10,13,0,0.03508771929824561,0.9429824561403509,0.05701754385964912,0.06140350877192982,0.08771929824561403,0,0,0.0,0.0,99,0.0,0.0,25,,,,,0.0,0.0,10,,,,,0.0,0.0,20,0.0,0.0,3,0.04398079638351912,0.9825772876115892,267,59,2,57,14,218,0,16,19,0,0.052434456928838954,0.9288389513108615,0.07116104868913857,0.0749063670411985,0.10112359550561797,7,158,0.0,0.0,99,0.0,0.0,25,,,,,0.0,0.0,10,,,,,0.0,0.0,20,0.0,0.0,3,0.04246315341720337,0.967556786376005,313,71,3,68,18,246,0,25,24,0,0.05750798722044728,0.9233226837060703,0.07667731629392971,0.07987220447284345,0.13099041533546327,13,195,0.0,0.0,99,0.0,0.0,25,,,,,0.0,0.0,10,,,,,0.0,0.0,20,0.0,0.0,3,0.04861409596034953,0.9687418914875063,351,90,5,85,22,269,0,32,28,0,0.06267806267806268,0.9202279202279202,0.07977207977207977,0.08262108262108261,0.1452991452991453,14,201,0.0,0.0,99,0.0,0.0,25,,,,,0.0,0.0,10,,,,,0.0,0.0,20,0.0,0.0,3,0.05308184819674711,0.9704607655756647,0.48,0.0,,,,0.0,0.0,0.0,0.7,0.0,,,204,0,204,1.0,3,0,0,0,7,7,0,0,0.0,0,841,404800,9153600,0.044223037930431745,0.0,1576648,404800,1171848,5.805734697916085,7.811251971245418,19.718661812541736,400000,0.34134119783453143,2149806,10810,0,337826.65714285715,128988.36,0.10749030000000001,12.62778639793396,458,0,0,0,0,232,0,404800,404800,464210,228,10,464210,357168,267,2,357168,350470,313,1,350470,0,351,1,0,0,232,0,0,0,0.0,0,0,0,0,0,351,35,,,,,
compression,20260917T231153-5b07_B7_mycelic_full_sketch-o1-c2_s2,20260917T231153-5b07,ok,B7_mycelic,hierarchy,2,tier1,,full_sketch-o1-c2,1000,10000,30,10,2,1,9df3bf594d527eb0,0.0,none,5,full_sketch,1,2,sim-3b,synthetic,none,3,none,,,5.981,4.881,118.8,2026-09-17T23:12:16Z,,266,21,2,19,33,206,0,9,18,0,0.12406015037593984,0.9323308270676691,0.06766917293233082,0.07894736842105263,0.11654135338345864,16,159,0.0,0.0,100,0.0,0.0,25,,,,,0.0,0.0,10,,,,,0.0,0.0,20,0.0,0.0,4,0.0574859505151203,0.9754677809527508,0.48965776269850736,0.9984375,26.0,0.0,0.07142857142857142,0.08163265306122448,196,0.3333333333333333,0.14285714285714285,1.0,0.0,,1.0,0.0,0.09956709956709957,0.07792207792207792,231,0.9,0.13043478260869565,1.0,0.0,,1.0,0.0,0.112,0.072,250,0.9,0.14285714285714285,1.0,0.0,,1.0,0.0,0.12406015037593984,0.06766917293233082,266,0.9,0.15151515151515152,1.0,0.0,,1.0,196,0,0,0,14,159,0,7,16,0,0.07142857142857142,0.9183673469387755,0.08163265306122448,0.08673469387755102,0.12755102040816327,0,0,0.0,0.0,100,0.0,0.0,25,,,,,0.0,0.0,10,,,,,0.0,0.0,20,0.0,0.0,4,0.07433947230193973,0.9865757642866256,231,21,2,19,23,181,0,9,18,0,0.09956709956709957,0.922077922077922,0.07792207792207792,0.08225108225108226,0.12554112554112554,13,124,0.0,0.0,100,0.0,0.0,25,,,,,0.0,0.0,10,,,,,0.0,0.0,20,0.0,0.0,4,0.0602318932233521,0.9744447369307535,250,20,2,18,28,195,0,9,18,0,0.112,0.928,0.072,0.08,0.12,16,159,0.0,0.0,100,0.0,0.0,25,,,,,0.0,0.0,10,,,,,0.0,0.0,20,0.0,0.0,4,0.05806622278983594,0.9747988903754748,266,21,2,19,33,206,0,9,18,0,0.12406015037593984,0.9323308270676691,0.06766917293233082,0.07894736842105263,0.11654135338345864,16,159,0.0,0.0,100,0.0,0.0,25,,,,,0.0,0.0,10,,,,,0.0,0.0,20,0.0,0.0,4,0.0574859505151203,0.9754677809527508,0.48333333333333334,0.0,,,,0.0,0.0,0.0,0.6,0.0,,,153,0,153,1.0,4,0,0,0,6,6,0,0,0.0,0,814,404800,9005750,0.04494906032257169,0.0,1261498,404800,856698,7.13893323651722,10.51216414652538,25.532726231450976,400000,0.4669089924337398,2044445,10432,0,321269.9285714286,122666.7,0.10222225,5.463362693786621,305,0,0,0,0,237,0,404800,404800,352714,196,10,352714,259868,231,2,259868,244116,250,1,244116,0,266,1,0,0,237,0,0,0,0.0,0,0,0,0,0,266,35,,,,,
compression,20260917T231153-5b07_B7_mycelic_full_sketch-o1-c4_s2,20260917T231153-5b07,ok,B7_mycelic,hierarchy,2,tier1,,full_sketch-o1-c4,1000,10000,30,10,2,1,9df3bf594d527eb0,0.0,none,5,full_sketch,1,4,sim-3b,synthetic,none,3,none,,,3.662,4.881,118.8,2026-09-17T23:12:20Z,,246,21,1,20,25,197,0,10,14,0,0.1016260162601626,0.943089430894309,0.056910569105691054,0.06097560975609756,0.1016260162601626,13,155,0.0,0.0,100,0.0,0.0,25,,,,,0.0,0.0,10,,,,,0.0,0.0,20,0.0,0.0,4,0.04985793750676828,0.9833896192615906,0.4113416147745534,0.996875,34.1,0.0,0.061855670103092786,0.07216494845360824,194,0.2222222222222222,0.16666666666666666,1.0,0.0,,1.0,0.0,0.08558558558558559,0.06306306306306306,222,0.6,0.15789473684210525,1.0,0.0,,1.0,0.0,0.09361702127659574,0.059574468085106386,235,0.6,0.18181818181818182,1.0,0.0,,1.0,0.0,0.1016260162601626,0.056910569105691054,246,0.6,0.2,1.0,0.0,,1.0,194,0,0,0,12,160,0,8,14,0,0.061855670103092786,0.9278350515463918,0.07216494845360824,0.07731958762886598,0.12371134020618557,0,0,0.0,0.0,100,0.0,0.0,25,,,,,0.0,0.0,10,,,,,0.0,0.0,20,0.0,0.0,4,0.06408093164020673,0.9867613440113407,222,20,1,19,19,179,0,10,14,0,0.08558558558558559,0.9369369369369369,0.06306306306306306,0.06756756756756757,0.11261261261261261,11,122,0.0,0.0,100,0.0,0.0,25,,,,,0.0,0.0,10,,,,,0.0,0.0,20,0.0,0.0,4,0.05578191497374957,0.9821278325939583,235,20,1,19,22,189,0,10,14,0,0.09361702127659574,0.9404255319148936,0.059574468085106386,0.06382978723404255,0.10638297872340426,13,154,0.0,0.0,100,0.0,0.0,25,,,,,0.0,0.0,10,,,,,0.0,0.0,20,0.0,0.0,4,0.05245707309855851,0.9828774718716917,246,21,1,20,25,197,0,10,14,0,0.1016260162601626,0.943089430894309,0.056910569105691054,0.06097560975609756,0.1016260162601626,13,155,0.0,0.0,100,0.0,0.0,25,,,,,0.0,0.0,10,,,,,0.0,0.0,20,0.0,0.0,4,0.04985793750676828,0.9833896192615906,0.48333333333333334,0.0,,,,0.0,0.0,0.0,0.6,0.0,,,142,0,142,1.0,4,0,0,0,6,6,0,0,0.0,0,814,404800,9005750,0.04494906032257169,0.0,1352088,404800,947288,6.660624160557597,9.50687647262501,24.734955642835562,400000,0.4222580672403746,2053748,10243,0,322731.8285714286,123224.88,0.10268740000000001,3.1865944862365723,277,0,0,0,0,237,0,404800,404800,364090,194,10,364090,297428,222,2,297428,285770,235,1,285770,0,246,1,0,0,237,0,0,0,0.0,0,0,0,0,0,246,35,,,,,
compression,20260917T231153-5b07_B7_mycelic_full_sketch-o1-c2_s1,20260917T231153-5b07,ok,B7_mycelic,hierarchy,1,tier1,,full_sketch-o1-c2,1000,10000,30,10,2,1,d4b3bd09fd427f49,0.0,none,5,full_sketch,1,2,sim-3b,synthetic,none,3,none,,,7.151,7.739,122.1,2026-09-17T23:12:23Z,,329,67,2,65,21,258,0,29,21,0,0.06382978723404255,0.9361702127659575,0.06382978723404255,0.0668693009118541,0.11550151975683891,12,200,0.0,0.0,99,0.0,0.0,25,,,,,0.0,0.0,10,,,,,0.0,0.0,20,0.0,0.0,3,0.04279162828408389,0.97592232737223,0.5066757300491201,0.9973544973544973,29.857142857142858,0.0,0.0391304347826087,0.05652173913043478,230,0.2857142857142857,0.0,1.0,0.0,,1.0,0.0,0.05660377358490566,0.06415094339622641,265,0.8571428571428571,0.0,1.0,0.0,,1.0,0.0,0.059800664451827246,0.06312292358803986,301,0.8571428571428571,0.0,1.0,0.0,,1.0,0.0,0.06382978723404255,0.06382978723404255,329,0.8571428571428571,0.0,1.0,0.0,,1.0,230,0,0,0,9,198,0,10,13,0,0.0391304347826087,0.9434782608695652,0.05652173913043478,0.06086956521739131,0.08695652173913043,0,0,0.0,0.0,99,0.0,0.0,25,,,,,0.0,0.0,10,,,,,0.0,0.0,20,0.0,0.0,3,0.04330704951717269,0.9824374842997814,265,46,0,46,15,216,0,17,17,0,0.05660377358490566,0.9358490566037736,0.06415094339622641,0.06792452830188679,0.09433962264150944,7,158,0.0,0.0,99,0.0,0.0,25,,,,,0.0,0.0,10,,,,,0.0,0.0,20,0.0,0.0,3,0.04134191892002837,0.9734173906181416,301,53,1,52,18,240,0,24,19,0,0.059800664451827246,0.9368770764119602,0.06312292358803986,0.0664451827242525,0.10963455149501661,12,195,0.0,0.0,99,0.0,0.0,25,,,,,0.0,0.0,10,,,,,0.0,0.0,20,0.0,0.0,3,0.041075173123611565,0.9746299903993592,329,67,2,65,21,258,0,29,21,0,0.06382978723404255,0.9361702127659575,0.06382978723404255,0.0668693009118541,0.11550151975683891,12,200,0.0,0.0,99,0.0,0.0,25,,,,,0.0,0.0,10,,,,,0.0,0.0,20,0.0,0.0,3,0.04279162828408389,0.97592232737223,0.48,0.0,,,,0.0,0.0,0.0,0.7,0.0,,,192,0,192,1.0,3,0,0,0,7,7,0,0,0.0,0,841,404800,9153600,0.044223037930431745,0.0,1424415,404800,1019615,6.426217078590158,8.977506215581371,23.43651586143329,400000,0.3923049386287962,2085139,10432,0,327664.7,125108.34000000001,0.10425695000000001,6.5194783210754395,416,0,0,0,0,232,0,404800,404800,390570,230,10,390570,314538,265,2,314538,314507,301,1,314507,0,329,1,0,0,232,0,0,0,0.0,0,0,0,0,0,329,35,,,,,
compression,20260917T231153-5b07_B7_mycelic_full_sketch-o1-c4_s1,20260917T231153-5b07,ok,B7_mycelic,hierarchy,1,tier1,,full_sketch-o1-c4,1000,10000,30,10,2,1,d4b3bd09fd427f49,0.0,none,5,full_sketch,1,4,sim-3b,synthetic,none,3,none,,,4.525,7.739,122.1,2026-09-17T23:12:27Z,,310,58,3,55,23,247,0,24,16,0,0.07419354838709677,0.9483870967741935,0.05161290322580645,0.054838709677419356,0.0935483870967742,11,184,0.0,0.0,99,0.0,0.0,25,,,,,0.0,0.0,10,,,,,0.0,0.0,20,0.0,0.0,3,0.038292560472181096,0.9804301276502532,0.6220008547056786,0.9973544973544973,21.285714285714285,0.0,0.04054054054054054,0.04504504504504504,222,0.2857142857142857,0.0,1.0,0.0,,1.0,0.0,0.057692307692307696,0.06153846153846154,260,0.8571428571428571,0.0,1.0,0.0,,1.0,0.0,0.06597222222222222,0.05555555555555555,288,0.8571428571428571,0.0,1.0,0.0,,1.0,0.0,0.07419354838709677,0.05161290322580645,310,0.8571428571428571,0.0,1.0,0.0,,1.0,222,0,0,0,9,193,0,10,10,0,0.04054054054054054,0.954954954954955,0.04504504504504504,0.04954954954954955,0.07657657657657657,0,0,0.0,0.0,99,0.0,0.0,25,,,,,0.0,0.0,10,,,,,0.0,0.0,20,0.0,0.0,3,0.03255677132923268,0.9820991396677614,260,38,1,37,15,214,0,15,16,0,0.057692307692307696,0.9384615384615385,0.06153846153846154,0.06538461538461539,0.09230769230769231,6,149,0.0,0.0,99,0.0,0.0,25,,,,,0.0,0.0,10,,,,,0.0,0.0,20,0.0,0.0,3,0.046786434038530014,0.9777966102893084,288,45,2,43,19,233,0,20,16,0,0.06597222222222222,0.9444444444444444,0.05555555555555555,0.059027777777777776,0.09375,11,182,0.0,0.0,99,0.0,0.0,25,,,,,0.0,0.0,10,,,,,0.0,0.0,20,0.0,0.0,3,0.04152382822171035,0.9792413484481075,310,58,3,55,23,247,0,24,16,0,0.07419354838709677,0.9483870967741935,0.05161290322580645,0.054838709677419356,0.0935483870967742,11,184,0.0,0.0,99,0.0,0.0,25,,,,,0.0,0.0,10,,,,,0.0,0.0,20,0.0,0.0,3,0.038292560472181096,0.9804301276502532,0.48,0.0,,,,0.0,0.0,0.0,0.7,0.0,,,180,0,180,1.0,3,0,0,0,7,7,0,0,0.0,0,841,404800,9153600,0.044223037930431745,0.0,1455786,404800,1050986,6.287737346011021,8.709535617030102,23.715709947871865,400000,0.380594984138704,2079652,10243,0,326802.4571428572,124779.12,0.10398260000000001,3.859102725982666,377,0,0,0,0,232,0,404800,404800,385972,222,10,385972,332856,260,2,332856,332158,288,1,332158,0,310,1,0,0,232,0,0,0,0.0,0,0,0,0,0,310,35,,,,,
compression,20260917T231153-5b07_B7_mycelic_full_sketch-o2-c1_s2,20260917T231153-5b07,ok,B7_mycelic,hierarchy,2,tier1,,full_sketch-o2-c1,1000,10000,30,10,2,1,9df3bf594d527eb0,0.0,none,5,full_sketch,2,1,sim-3b,synthetic,none,3,none,,,20.51,4.881,165.1,2026-09-17T23:12:41Z,,474,69,2,67,186,221,2,40,25,0,0.3924050632911392,0.9430379746835443,0.056962025316455694,0.056962025316455694,0.06329113924050633,12,220,0.63,0.64,100,0.56,0.56,25,11.5,11.642857142857142,-4.0,2.0,0.0,0.0,10,,,,,0.55,0.55,20,0.75,0.75,4,0.03277149206300883,0.9719451001186222,0.7633677779856821,0.8954786533032087,35.03,0.5111111111111111,0.36254980079681276,0.043824701195219126,251,0.05813953488372093,0.08791208791208792,1.0,0.0,0.95,1.0,0.5703703703703704,0.3830409356725146,0.038011695906432746,342,0.2755102040816326,0.1450381679389313,1.0,0.0,0.5675675675675675,1.0,0.5777777777777777,0.38686131386861317,0.04866180048661801,411,0.36363636363636365,0.18867924528301888,1.0,0.0,0.5060240963855421,1.0,0.5777777777777777,0.3924050632911392,0.056962025316455694,474,0.3838383838383838,0.22043010752688172,1.0,0.0,0.5060240963855421,1.0,251,0,0,0,91,141,0,8,11,0,0.36254980079681276,0.9561752988047809,0.043824701195219126,0.043824701195219126,0.05179282868525897,0,0,0.6,0.6,100,0.36,0.36,25,21.0,19.555555555555557,4.0,-1.0,0.0,0.0,10,,,,,0.4,0.4,20,0.75,0.75,4,0.031363133042054174,0.985915118408361,342,39,2,37,131,180,0,18,13,0,0.3830409356725146,0.9619883040935673,0.038011695906432746,0.038011695906432746,0.04678362573099415,9,164,0.62,0.63,100,0.56,0.56,25,13.5,15.285714285714286,0.0,0.0,0.0,0.0,10,,,,,0.55,0.55,20,0.75,0.75,4,0.013960127443650794,0.9706364722822567,411,51,2,49,159,202,1,30,19,0,0.38686131386861317,0.9513381995133819,0.04866180048661801,0.04866180048661801,0.05596107055961071,12,215,0.63,0.64,100,0.56,0.56,25,11.5,11.642857142857142,-4.0,1.0,0.0,0.0,10,,,,,0.55,0.55,20,0.75,0.75,4,0.02424853401336647,0.9711300187295725,474,69,2,67,186,221,2,40,25,0,0.3924050632911392,0.9430379746835443,0.056962025316455694,0.056962025316455694,0.06329113924050633,12,220,0.63,0.64,100,0.56,0.56,25,11.5,11.642857142857142,-4.0,2.0,0.0,0.0,10,,,,,0.55,0.55,20,0.75,0.75,4,0.03277149206300883,0.9719451001186222,0.44333333333333336,0.37,6.470588235294118,0.45038167938931295,0.549618320610687,0.03614457831325301,0.6,0.06818181818181818,0.6,0.3,,16.333333333333332,236,70,160,0.6779661016949152,4,3,0,3,6,3,3,3,0.0,0,814,404800,9005750,0.04494906032257169,0.10375410035232657,5408972,404800,5004172,1.6649651726797625,1.7996483733972373,3.819057481675988,400000,0.07993330365143324,3952966,10810,0,621180.3714285714,237177.96,0.1976483,19.380823135375977,442,0,0,0,0,237,0,404800,404800,2358108,251,10,2358108,1443954,342,2,1443954,1202110,411,1,1202110,0,474,1,0,0,237,0,0,0,0.0,0,0,0,0,0,474,20,1,,,,
compression,20260917T231153-5b07_B7_mycelic_full_sketch-o2-c1_s1,20260917T231153-5b07,ok,B7_mycelic,hierarchy,1,tier1,,full_sketch-o2-c1,1000,10000,30,10,2,1,d4b3bd09fd427f49,0.0,none,5,full_sketch,2,1,sim-3b,synthetic,none,3,none,,,23.466,7.739,163.2,2026-09-17T23:12:51Z,,616,134,7,127,193,270,6,114,33,0,0.3133116883116883,0.9366883116883117,0.0633116883116883,0.060064935064935064,0.08766233766233766,15,228,0.6262626262626263,0.6262626262626263,99,0.44,0.44,25,11.0,11.272727272727273,-11.0,2.0,0.0,0.0,10,,,,,0.55,0.55,20,0.6666666666666666,0.6666666666666666,3,0.03355043003481918,0.9734854949698841,0.7900718788442694,0.9642588252907932,35.18279569892473,0.4925373134328358,0.3035019455252918,0.07003891050583658,257,0.012987012987012988,0.01282051282051282,1.0,0.0,0.9333333333333333,1.0,0.5373134328358209,0.31129476584022037,0.06887052341597796,363,0.24444444444444444,0.07079646017699115,1.0,0.0,0.5211267605633803,1.0,0.5447761194029851,0.31462925851703405,0.06412825651302605,499,0.46236559139784944,0.20382165605095542,1.0,0.0,0.4375,1.0,0.5447761194029851,0.3133116883116883,0.0633116883116883,616,0.5053763440860215,0.2538860103626943,1.0,0.0,0.4125,1.0,257,0,0,0,78,150,2,11,16,0,0.3035019455252918,0.9299610894941635,0.07003891050583658,0.07003891050583658,0.08171206225680934,0,0,0.6060606060606061,0.6060606060606061,99,0.24,0.24,25,23.5,23.333333333333332,2.0,-1.0,0.0,0.0,10,,,,,0.3,0.3,20,0.3333333333333333,0.3333333333333333,3,0.05749414197997907,0.986147913765112,363,76,0,76,113,187,2,38,23,0,0.31129476584022037,0.931129476584022,0.06887052341597796,0.06887052341597796,0.0881542699724518,10,177,0.6161616161616161,0.6161616161616161,99,0.44,0.44,25,13.0,14.0,-9.0,0.0,0.0,0.0,10,,,,,0.45,0.45,20,0.6666666666666666,0.6666666666666666,3,0.04127070610984545,0.9724001826938677,499,95,4,91,157,232,4,78,28,0,0.31462925851703405,0.935871743486974,0.06412825651302605,0.06212424849699399,0.08617234468937876,15,215,0.6262626262626263,0.6262626262626263,99,0.44,0.44,25,11.0,11.272727272727273,-11.0,1.0,0.0,0.0,10,,,,,0.55,0.55,20,0.6666666666666666,0.6666666666666666,3,0.035071341364971295,0.9729470928679773,616,134,7,127,193,270,6,114,33,0,0.3133116883116883,0.9366883116883117,0.0633116883116883,0.060064935064935064,0.08766233766233766,15,228,0.6262626262626263,0.6262626262626263,99,0.44,0.44,25,11.0,11.272727272727273,-11.0,2.0,0.0,0.0,10,,,,,0.55,0.55,20,0.6666666666666666,0.6666666666666666,3,0.03355043003481918,0.9734854949698841,0.4166666666666667,0.34,6.375,0.4307692307692308,0.5692307692307692,0.03305785123966942,0.8,0.06349206349206349,0.6,0.3,,11.625,309,67,234,0.7572815533980582,3,2,0,2,7,4,3,6,0.0,0,841,404800,9153600,0.044223037930431745,0.11419887103777682,5669078,404800,5264278,1.614654093663908,1.738813945616094,3.77972420103693,400000,0.07598382912148637,4006801,10810,0,629640.1571428571,240408.06,0.20034005000000002,22.014450311660767,593,0,0,0,0,232,0,404800,404800,2421764,257,10,2421764,1516636,363,2,1516636,1325878,499,1,1325878,0,616,1,0,0,232,0,0,0,0.0,0,0,0,0,0,616,23,,1,,,
compression,20260917T231153-5b07_B7_mycelic_full_sketch-o2-c2_s2,20260917T231153-5b07,ok,B7_mycelic,hierarchy,2,tier1,,full_sketch-o2-c2,1000,10000,30,10,2,1,9df3bf594d527eb0,0.0,none,5,full_sketch,2,2,sim-3b,synthetic,none,3,none,,,11.782,4.881,166.0,2026-09-17T23:12:52Z,,462,65,2,63,181,217,3,40,21,0,0.3917748917748918,0.948051948051948,0.05194805194805195,0.05194805194805195,0.05627705627705628,11,215,0.62,0.64,100,0.56,0.56,25,12.0,12.857142857142858,-3.0,2.0,0.0,0.0,10,,,,,0.5,0.5,20,0.75,0.75,4,0.03050739020632389,0.9776703597384713,0.7866627859061766,0.9016367916295427,35.09183673469388,0.5037037037037037,0.35080645161290325,0.04435483870967742,248,0.04819277108433735,0.08045977011494253,1.0,0.0,0.9661016949152542,1.0,0.5703703703703704,0.37388724035608306,0.04154302670623145,337,0.2736842105263158,0.1349206349206349,1.0,0.0,0.6164383561643836,1.0,0.5777777777777777,0.38308457711442784,0.0472636815920398,402,0.375,0.18181818181818182,1.0,0.0,0.5609756097560976,1.0,0.5777777777777777,0.3917748917748918,0.05194805194805195,462,0.3958333333333333,0.2154696132596685,1.0,0.0,0.5609756097560976,1.0,248,0,0,0,87,143,0,7,11,0,0.35080645161290325,0.9556451612903226,0.04435483870967742,0.04435483870967742,0.04838709677419355,0,0,0.59,0.59,100,0.36,0.36,25,22.0,20.0,5.0,-1.0,0.0,0.0,10,,,,,0.35,0.35,20,0.75,0.75,4,0.03318639877864624,0.9871886097743842,337,35,2,33,126,181,1,16,13,0,0.37388724035608306,0.9584569732937686,0.04154302670623145,0.04154302670623145,0.04747774480712166,9,163,0.61,0.63,100,0.56,0.56,25,14.0,15.857142857142858,0.5,0.0,0.0,0.0,10,,,,,0.5,0.5,20,0.75,0.75,4,0.019568417774116675,0.976806672741037,402,48,2,46,154,200,2,29,17,0,0.38308457711442784,0.9527363184079602,0.0472636815920398,0.0472636815920398,0.05223880597014925,11,214,0.62,0.64,100,0.56,0.56,25,12.0,12.857142857142858,-3.0,1.0,0.0,0.0,10,,,,,0.5,0.5,20,0.75,0.75,4,0.025377124294505806,0.9770917808215013,462,65,2,63,181,217,3,40,21,0,0.3917748917748918,0.948051948051948,0.05194805194805195,0.05194805194805195,0.05627705627705628,11,215,0.62,0.64,100,0.56,0.56,25,12.0,12.857142857142858,-3.0,2.0,0.0,0.0,10,,,,,0.5,0.5,20,0.75,0.75,4,0.03050739020632389,0.9776703597384713,0.41333333333333333,0.36,6.375,0.3953488372093023,0.6046511627906976,0.0379746835443038,0.6,0.07142857142857144,0.6,0.3,,16.666666666666668,228,70,152,0.6666666666666666,4,3,0,3,6,3,3,3,0.0,0,814,404800,9005750,0.04494906032257169,0.10375410035232657,4261721,404800,3856921,2.1131721199017957,2.3349583774207456,4.79136296406644,400000,0.10370966893021662,3246251,10432,0,510125.15714285715,194775.06,0.16231255000000003,10.74058485031128,422,0,0,0,0,237,0,404800,404800,1879580,248,10,1879580,1084474,337,2,1084474,892867,402,1,892867,0,462,1,0,0,237,0,0,0,0.0,0,0,0,0,0,462,20,1,,,,
compression,20260917T231153-5b07_B7_mycelic_full_sketch-o2-c4_s2,20260917T231153-5b07,ok,B7_mycelic,hierarchy,2,tier1,,full_sketch-o2-c4,1000,10000,30,10,2,1,9df3bf594d527eb0,0.0,none,5,full_sketch,2,4,sim-3b,synthetic,none,3,none,,,7.631,4.881,163.8,2026-09-17T23:13:00Z,,465,61,2,59,190,210,1,42,22,0,0.40860215053763443,0.9505376344086022,0.04946236559139785,0.04946236559139785,0.053763440860215055,12,209,0.62,0.64,100,0.56,0.56,25,14.0,14.571428571428571,-0.5,2.0,0.0,0.0,10,,,,,0.65,0.65,20,0.75,0.75,4,0.03600727637466642,0.9840695670057367,0.810355323301501,0.9151239468456066,34.37623762376238,0.4962962962962963,0.35537190082644626,0.045454545454545456,242,0.04878048780487805,0.09302325581395349,1.0,0.0,0.9661016949152542,1.0,0.5703703703703704,0.38392857142857145,0.044642857142857144,336,0.2857142857142857,0.14728682170542637,1.0,0.0,0.8767123287671232,1.0,0.5777777777777777,0.3970223325062035,0.04714640198511166,403,0.40404040404040403,0.2,1.0,0.0,0.8433734939759037,1.0,0.5777777777777777,0.40860215053763443,0.04946236559139785,465,0.42424242424242425,0.23684210526315788,1.0,0.0,0.8433734939759037,1.0,242,0,0,0,86,137,0,8,11,0,0.35537190082644626,0.9545454545454546,0.045454545454545456,0.045454545454545456,0.049586776859504134,0,0,0.59,0.59,100,0.32,0.32,25,24.0,21.5,6.0,-1.0,0.0,0.0,10,,,,,0.35,0.35,20,0.75,0.75,4,0.03527304792853414,0.9881348178745797,336,35,2,33,129,172,1,20,14,0,0.38392857142857145,0.9553571428571429,0.044642857142857144,0.044642857142857144,0.050595238095238096,9,159,0.61,0.63,100,0.56,0.56,25,16.0,16.857142857142858,2.5,0.0,0.0,0.0,10,,,,,0.65,0.65,20,0.75,0.75,4,0.03142195125518571,0.9833533951344939,403,46,2,44,160,192,1,32,18,0,0.3970223325062035,0.9528535980148883,0.04714640198511166,0.04714640198511166,0.052109181141439205,12,209,0.62,0.64,100,0.56,0.56,25,14.0,14.571428571428571,-0.5,1.0,0.0,0.0,10,,,,,0.65,0.65,20,0.75,0.75,4,0.033751676158253766,0.98374910827599,465,61,2,59,190,210,1,42,22,0,0.40860215053763443,0.9505376344086022,0.04946236559139785,0.04946236559139785,0.053763440860215055,12,209,0.62,0.64,100,0.56,0.56,25,14.0,14.571428571428571,-0.5,2.0,0.0,0.0,10,,,,,0.65,0.65,20,0.75,0.75,4,0.03600727637466642,0.9840695670057367,0.37666666666666665,0.38666666666666666,6.823529411764706,0.22580645161290322,0.7741935483870968,0.038461538461538464,0.6,0.07228915662650603,0.6,0.3,,22.833333333333332,225,69,150,0.6666666666666666,4,3,0,3,6,3,3,3,0.0,0,814,404800,9005750,0.04494906032257169,0.10375410035232657,3487003,404800,3082203,2.5826619592813658,2.9218549200036468,5.973884260241987,400000,0.12977730538838617,2842300,10243,0,446647.14285714284,170538.0,0.14211500000000002,6.584811210632324,400,0,0,0,0,237,0,404800,404800,1507520,242,10,1507520,862059,336,2,862059,712624,403,1,712624,0,465,1,0,0,237,0,0,0,0.0,0,0,0,0,0,465,20,1,,,,
compression,20260917T231153-5b07_B7_mycelic_full_sketch-o2-c2_s1,20260917T231153-5b07,ok,B7_mycelic,hierarchy,1,tier1,,full_sketch-o2-c2,1000,10000,30,10,2,1,d4b3bd09fd427f49,0.0,none,5,full_sketch,2,2,sim-3b,synthetic,none,3,none,,,13.821,7.739,164.6,2026-09-17T23:13:05Z,,599,125,6,119,189,263,4,109,34,0,0.31552587646076796,0.9365609348914858,0.06343906510851419,0.06010016694490818,0.08514190317195326,15,227,0.6262626262626263,0.6262626262626263,99,0.44,0.44,25,12.0,12.181818181818182,-10.0,2.0,0.0,0.0,10,,,,,0.55,0.55,20,0.6666666666666666,0.6666666666666666,3,0.03786760372908144,0.9777674367841733,0.8017739794032296,0.9514244091015817,35.46236559139785,0.48507462686567165,0.30196078431372547,0.07058823529411765,255,0.013157894736842105,0.012987012987012988,1.0,0.0,0.9333333333333333,1.0,0.5373134328358209,0.31197771587743733,0.06685236768802229,359,0.23333333333333334,0.07142857142857142,1.0,0.0,0.6056338028169014,1.0,0.5447761194029851,0.3148148148148148,0.06378600823045268,486,0.46236559139784944,0.1895424836601307,1.0,0.0,0.5375,1.0,0.5447761194029851,0.31552587646076796,0.06343906510851419,599,0.5053763440860215,0.24338624338624337,1.0,0.0,0.5375,1.0,255,0,0,0,77,149,2,11,16,0,0.30196078431372547,0.9294117647058824,0.07058823529411765,0.07058823529411765,0.08235294117647059,0,0,0.6060606060606061,0.6060606060606061,99,0.2,0.2,25,24.0,25.2,3.0,-1.0,0.0,0.0,10,,,,,0.3,0.3,20,0.3333333333333333,0.3333333333333333,3,0.05843620755618928,0.9865304010808132,359,71,0,71,112,184,2,39,22,0,0.31197771587743733,0.9331476323119777,0.06685236768802229,0.06685236768802229,0.08635097493036212,10,177,0.6161616161616161,0.6161616161616161,99,0.44,0.44,25,14.0,15.090909090909092,-8.0,0.0,0.0,0.0,10,,,,,0.45,0.5,20,0.6666666666666666,0.6666666666666666,3,0.0435966900420614,0.9767443223540391,486,90,3,87,153,227,3,75,28,0,0.3148148148148148,0.9362139917695473,0.06378600823045268,0.06172839506172839,0.08436213991769548,15,214,0.6262626262626263,0.6262626262626263,99,0.44,0.44,25,12.0,12.181818181818182,-10.0,1.0,0.0,0.0,10,,,,,0.55,0.55,20,0.6666666666666666,0.6666666666666666,3,0.03911899755357829,0.9773906024918498,599,125,6,119,189,263,4,109,34,0,0.31552587646076796,0.9365609348914858,0.06343906510851419,0.06010016694490818,0.08514190317195326,15,227,0.6262626262626263,0.6262626262626263,99,0.44,0.44,25,12.0,12.181818181818182,-10.0,2.0,0.0,0.0,10,,,,,0.55,0.55,20,0.6666666666666666,0.6666666666666666,3,0.03786760372908144,0.9777674367841733,0.39666666666666667,0.36333333333333334,6.866666666666666,0.3230769230769231,0.676923076923077,0.035398230088495575,0.8,0.06779661016949151,0.6,0.3,,12.25,293,67,218,0.7440273037542662,3,2,0,2,7,4,3,6,0.0,0,841,404800,9153600,0.044223037930431745,0.11419887103777682,4413378,404800,4008578,2.0740575586319596,2.283503027756975,4.786801780931234,400000,0.09978600890390557,3278323,10432,0,515165.0428571428,196699.38,0.16391615,12.428130865097046,562,0,0,0,0,232,0,404800,404800,1912258,255,10,1912258,1127274,359,2,1127274,969046,486,1,969046,0,599,1,0,0,232,0,0,0,0.0,0,0,0,0,0,599,23,,1,,,
compression,20260917T231153-5b07_B7_mycelic_full_sketch-o2-c4_s1,20260917T231153-5b07,ok,B7_mycelic,hierarchy,1,tier1,,full_sketch-o2-c4,1000,10000,30,10,2,1,d4b3bd09fd427f49,0.0,none,5,full_sketch,2,4,sim-3b,synthetic,none,3,none,,,8.968,7.739,163.1,2026-09-17T23:13:14Z,,592,121,7,114,187,262,4,106,33,0,0.3158783783783784,0.9375,0.0625,0.05912162162162162,0.09121621621621621,13,214,0.5959595959595959,0.5959595959595959,99,0.44,0.44,25,12.0,13.454545454545455,-9.0,2.0,0.0,0.0,10,,,,,0.6,0.6,20,0.6666666666666666,0.6666666666666666,3,0.04484718115250692,0.9844827027932447,0.8550573261952266,0.953428075807108,33.67032967032967,0.4626865671641791,0.2931726907630522,0.07228915662650602,249,0.013888888888888888,0.0,1.0,0.0,0.9824561403508771,1.0,0.5149253731343284,0.3025210084033613,0.06442577030812324,357,0.22988505747126436,0.08333333333333333,1.0,0.0,0.9264705882352942,1.0,0.5223880597014925,0.31185031185031187,0.062370062370062374,481,0.4725274725274725,0.20666666666666667,1.0,0.0,0.8860759493670886,1.0,0.5223880597014925,0.3158783783783784,0.0625,592,0.5274725274725275,0.2620320855614973,1.0,0.0,0.8860759493670886,1.0,249,0,0,0,73,145,2,13,16,0,0.2931726907630522,0.927710843373494,0.07228915662650602,0.07228915662650602,0.08835341365461848,0,0,0.5757575757575758,0.5757575757575758,99,0.2,0.2,25,24.0,25.6,5.0,-1.0,0.0,0.0,10,,,,,0.25,0.25,20,0.3333333333333333,0.3333333333333333,3,0.0620725659836487,0.9870710142118143,357,71,1,70,108,184,2,42,21,0,0.3025210084033613,0.9355742296918768,0.06442577030812324,0.06442577030812324,0.08683473389355742,9,168,0.5858585858585859,0.5858585858585859,99,0.44,0.44,25,16.0,16.727272727272727,-6.0,0.0,0.0,0.0,10,,,,,0.45,0.45,20,0.6666666666666666,0.6666666666666666,3,0.04958859761172289,0.9831018435817978,481,88,4,84,150,226,3,75,27,0,0.31185031185031187,0.9376299376299376,0.062370062370062374,0.060291060291060294,0.08731808731808732,13,207,0.5959595959595959,0.5959595959595959,99,0.44,0.44,25,12.0,13.454545454545455,-9.0,1.0,0.0,0.0,10,,,,,0.6,0.6,20,0.6666666666666666,0.6666666666666666,3,0.04556604007035089,0.9837453099483482,592,121,7,114,187,262,4,106,33,0,0.3158783783783784,0.9375,0.0625,0.05912162162162162,0.09121621621621621,13,214,0.5959595959595959,0.5959595959595959,99,0.44,0.44,25,12.0,13.454545454545455,-9.0,2.0,0.0,0.0,10,,,,,0.6,0.6,20,0.6666666666666666,0.6666666666666666,3,0.04484718115250692,0.9844827027932447,0.3433333333333333,0.38666666666666666,6.285714285714286,0.2,0.8,0.037037037037037035,0.8,0.07079646017699115,0.6,0.3,,13.0,280,64,208,0.7428571428571429,3,2,0,2,7,4,3,6,0.0,0,841,404800,9153600,0.044223037930431745,0.11419887103777682,3555916,404800,3151116,2.5741890415859094,2.9048756059757874,5.99937866948756,400000,0.12693915425519087,2856088,10243,0,448813.8285714286,171365.28,0.14280440000000003,7.573282480239868,538,0,0,0,0,232,0,404800,404800,1525758,249,10,1525758,893550,357,2,893550,731808,481,1,731808,0,592,1,0,0,232,0,0,0,0.0,0,0,0,0,0,592,23,,1,,,
compression,20260917T231153-5b07_B7_mycelic_full_sketch-o3-c1_s2,20260917T231153-5b07,ok,B7_mycelic,hierarchy,2,tier1,,full_sketch-o3-c1,1000,10000,30,10,2,1,9df3bf594d527eb0,0.0,none,5,full_sketch,3,1,sim-3b,synthetic,none,3,none,,,45.679,4.881,408.1,2026-09-17T23:13:46Z,,431,65,2,63,193,180,20,20,18,0,0.44779582366589327,0.9118329466357309,0.08816705336426914,0.048723897911832945,0.05336426914153132,13,184,0.56,0.58,100,0.84,0.84,25,14.0,15.666666666666666,-1.0,2.0,0.6,0.6,10,21.0,21.0,6.5,2.0,0.5,0.5,20,0.75,0.75,4,0.02186220825754638,0.9709590778498512,0.8112216733395295,0.9155252307256829,28.660194174757283,0.45925925925925926,0.35545023696682465,0.06635071090047394,211,0.0273972602739726,0.06666666666666667,1.0,0.0,0.8867924528301887,1.0,0.5851851851851851,0.40878378378378377,0.06756756756756757,296,0.24210526315789474,0.12396694214876033,1.0,0.0,0.6056338028169014,1.0,0.6296296296296297,0.4328767123287671,0.07945205479452055,365,0.38613861386138615,0.16455696202531644,1.0,0.0,0.5348837209302325,1.0,0.6296296296296297,0.44779582366589327,0.08816705336426914,431,0.44554455445544555,0.18134715025906736,1.0,0.0,0.5,1.0,211,0,0,0,75,115,2,7,12,0,0.35545023696682465,0.933649289099526,0.06635071090047394,0.061611374407582936,0.07109004739336493,0,0,0.53,0.53,100,0.32,0.32,25,23.0,20.5,5.0,-1.0,0.1,0.1,10,24.0,24.0,8.0,-1.0,0.3,0.3,20,0.5,0.5,4,0.045553094346874504,0.9817340129812672,296,31,2,29,121,146,6,9,14,0,0.40878378378378377,0.9324324324324325,0.06756756756756757,0.05067567567567568,0.057432432432432436,11,137,0.55,0.57,100,0.72,0.72,25,15.5,16.27777777777778,1.0,0.0,0.4,0.4,10,26.5,26.0,12.5,0.0,0.5,0.5,20,0.75,0.75,4,0.023979991212149526,0.9701311763279715,365,46,2,44,158,164,13,14,16,0,0.4328767123287671,0.9205479452054794,0.07945205479452055,0.049315068493150684,0.0547945205479452,13,181,0.56,0.58,100,0.84,0.84,25,14.0,15.666666666666666,-1.0,1.0,0.6,0.6,10,21.0,21.0,6.5,1.0,0.5,0.5,20,0.75,0.75,4,0.02217181751361054,0.9702834635253458,431,65,2,63,193,180,20,20,18,0,0.44779582366589327,0.9118329466357309,0.08816705336426914,0.048723897911832945,0.05336426914153132,13,184,0.56,0.58,100,0.84,0.84,25,14.0,15.666666666666666,-1.0,2.0,0.6,0.6,10,21.0,21.0,6.5,2.0,0.5,0.5,20,0.75,0.75,4,0.02186220825754638,0.9709590778498512,0.46,0.3333333333333333,6.1875,0.41935483870967744,0.5806451612903225,0.034722222222222224,0.5,0.06493506493506494,0.7,0.2,,19.6,210,66,139,0.6619047619047619,4,3,0,2,6,4,2,3,0.0,0,814,404800,9005750,0.04494906032257169,0.2242392980029191,19246926,404800,18842126,0.4679058879324418,0.4779582728615656,1.1087856527082527,400000,0.02122902691554021,12643913,10810,0,1986900.6142857145,758634.78,0.6321956500000001,44.67169737815857,376,0,0,0,0,237,0,404800,404800,8122174,211,10,8122174,5727692,296,2,5727692,4992260,365,1,4992260,0,431,1,0,0,237,0,0,0,0.0,0,0,0,0,0,431,,6,1,1,,
compression,20260917T231153-5b07_B7_mycelic_full_sketch-o3-c1_s1,20260917T231153-5b07,ok,B7_mycelic,hierarchy,1,tier1,,full_sketch-o3-c1,1000,10000,30,10,2,1,d4b3bd09fd427f49,0.0,none,5,full_sketch,3,1,sim-3b,synthetic,none,3,none,,,47.384,7.739,403.0,2026-09-17T23:14:01Z,,590,126,7,119,195,244,40,78,33,0,0.3305084745762712,0.8762711864406779,0.12372881355932204,0.059322033898305086,0.07457627118644068,12,188,0.5858585858585859,0.6060606060606061,99,0.88,0.88,25,17.0,16.772727272727273,-1.0,2.0,0.4,0.4,10,18.0,18.0,3.5,2.0,0.5,0.5,20,1.0,1.0,3,0.03364548935258913,0.9736200306751106,0.8249408636334871,0.9507416700216418,31.537735849056602,0.44029850746268656,0.3116279069767442,0.07441860465116279,215,0.0,0.0,1.0,0.0,0.9454545454545454,1.0,0.5970149253731343,0.33860759493670883,0.08860759493670886,316,0.16304347826086957,0.056074766355140186,1.0,0.0,0.6575342465753424,1.0,0.6417910447761194,0.33260393873085337,0.10940919037199125,457,0.33653846153846156,0.13815789473684212,1.0,0.0,0.5581395348837209,1.0,0.6417910447761194,0.3305084745762712,0.12372881355932204,590,0.4807692307692308,0.15897435897435896,1.0,0.0,0.5,1.0,215,0,0,0,67,124,1,8,15,0,0.3116279069767442,0.9255813953488372,0.07441860465116279,0.06976744186046512,0.07906976744186046,0,0,0.5555555555555556,0.5555555555555556,99,0.12,0.12,25,26.0,25.666666666666668,4.0,-1.0,0.1,0.1,10,19.0,19.0,2.0,-1.0,0.2,0.2,20,0.0,0.0,3,0.05657068782644656,0.9868032459659815,316,68,0,68,107,157,7,24,21,0,0.33860759493670883,0.9113924050632911,0.08860759493670886,0.06645569620253164,0.07278481012658228,7,150,0.5555555555555556,0.5959595959595959,99,0.72,0.72,25,17.0,17.055555555555557,1.5,0.0,0.3,0.3,10,19.0,18.333333333333332,5.0,0.0,0.35,0.35,20,0.6666666666666666,0.6666666666666666,3,0.038273762280075015,0.9718180660775433,457,90,4,86,152,204,23,51,27,0,0.33260393873085337,0.8905908096280087,0.10940919037199125,0.061269146608315096,0.07439824945295405,12,175,0.5858585858585859,0.6060606060606061,99,0.88,0.88,25,17.0,16.954545454545453,0.0,1.0,0.4,0.4,10,18.0,18.0,3.5,1.0,0.5,0.5,20,1.0,1.0,3,0.03424844120934735,0.9729792946010323,590,126,7,119,195,244,40,78,33,0,0.3305084745762712,0.8762711864406779,0.12372881355932204,0.059322033898305086,0.07457627118644068,12,188,0.5858585858585859,0.6060606060606061,99,0.88,0.88,25,17.0,16.772727272727273,-1.0,2.0,0.4,0.4,10,18.0,18.0,3.5,2.0,0.5,0.5,20,1.0,1.0,3,0.03364548935258913,0.9736200306751106,0.4066666666666667,0.33,6.1875,0.43846153846153846,0.5615384615384615,0.03365384615384615,0.7,0.06422018348623852,0.7,0.3,,11.285714285714286,272,64,201,0.7389705882352942,3,3,0,1,7,4,3,6,0.0,0,841,404800,9153600,0.044223037930431745,0.2326964694243492,19651424,404800,19246624,0.4657983055070208,0.47559509657381993,1.105068955742674,400000,0.020782865608015202,12615045,10810,0,1982364.2142857143,756902.7,0.63075225,45.95851469039917,508,0,0,0,0,232,0,404800,404800,8283284,215,10,8283284,5796166,316,2,5796166,5167174,457,1,5167174,0,590,1,0,0,232,0,0,0,0.0,0,0,0,0,0,590,2,5,2,,,
compression,20260917T231153-5b07_B7_mycelic_full_sketch-o3-c2_s2,20260917T231153-5b07,ok,B7_mycelic,hierarchy,2,tier1,,full_sketch-o3-c2,1000,10000,30,10,2,1,9df3bf594d527eb0,0.0,none,5,full_sketch,3,2,sim-3b,synthetic,none,3,none,,,26.214,4.881,396.6,2026-09-17T23:14:12Z,,421,62,2,60,189,173,24,21,14,0,0.4489311163895487,0.9097387173396675,0.09026128266033254,0.04275534441805225,0.047505938242280284,13,176,0.52,0.55,100,0.88,0.88,25,16.0,16.363636363636363,0.0,2.0,0.6,0.6,10,24.0,22.666666666666668,8.0,2.0,0.45,0.45,20,0.75,0.75,4,0.01957414769858465,0.9762645608400335,0.838563862248809,0.9302729034803789,28.12,0.4222222222222222,0.33658536585365856,0.06829268292682927,205,0.029850746268656716,0.057971014492753624,1.0,0.0,0.9791666666666666,1.0,0.562962962962963,0.3931034482758621,0.07586206896551724,290,0.24719101123595505,0.11403508771929824,1.0,0.0,0.6515151515151515,1.0,0.6074074074074074,0.4257703081232493,0.08403361344537816,357,0.3958333333333333,0.16447368421052633,1.0,0.0,0.5802469135802469,1.0,0.6148148148148148,0.4489311163895487,0.09026128266033254,421,0.4639175257731959,0.18518518518518517,1.0,0.0,0.5679012345679012,1.0,205,0,0,0,69,116,2,6,12,0,0.33658536585365856,0.9317073170731708,0.06829268292682927,0.06341463414634146,0.06829268292682927,0,0,0.48,0.48,100,0.32,0.32,25,24.0,21.125,5.5,-1.0,0.1,0.1,10,24.0,24.0,8.0,-1.0,0.25,0.25,20,0.5,0.5,4,0.048405909572801026,0.9838530507071912,290,29,2,27,114,144,8,10,14,0,0.3931034482758621,0.9241379310344827,0.07586206896551724,0.05517241379310345,0.06206896551724138,11,133,0.51,0.54,100,0.72,0.72,25,16.0,17.11111111111111,1.0,0.0,0.4,0.4,10,27.0,26.5,13.0,0.0,0.4,0.4,20,0.75,0.75,4,0.03175488701675088,0.9757778660945098,357,43,2,41,152,160,16,15,14,0,0.4257703081232493,0.9159663865546218,0.08403361344537816,0.047619047619047616,0.05322128851540616,13,174,0.52,0.55,100,0.84,0.84,25,14.0,16.19047619047619,0.0,1.0,0.6,0.6,10,24.0,22.666666666666668,8.0,1.0,0.45,0.45,20,0.75,0.75,4,0.024228904688121083,0.9759562546392416,421,62,2,60,189,173,24,21,14,0,0.4489311163895487,0.9097387173396675,0.09026128266033254,0.04275534441805225,0.047505938242280284,13,176,0.52,0.55,100,0.88,0.88,25,16.0,16.363636363636363,0.0,2.0,0.6,0.6,10,24.0,22.666666666666668,8.0,2.0,0.45,0.45,20,0.75,0.75,4,0.01957414769858465,0.9762645608400335,0.4066666666666667,0.34,6.3125,0.3467741935483871,0.6532258064516129,0.03759398496240601,0.5,0.06993006993006992,0.7,0.2,,19.6,195,62,128,0.6564102564102564,4,3,0,2,6,4,2,3,0.0,0,814,404800,9005750,0.04494906032257169,0.2242392980029191,15676099,404800,15271299,0.57448922719868,0.5897173514839831,1.3040018881475304,400000,0.026192925696759652,8917445,10432,0,1401312.7857142857,535046.7,0.44587225,25.23562002182007,347,0,0,0,0,237,0,404800,404800,6906240,205,10,6906240,4525836,290,2,4525836,3839223,357,1,3839223,0,421,1,0,0,237,0,0,0,0.0,0,0,0,0,0,421,,6,1,,,
compression,20260917T231153-5b07_B7_mycelic_full_sketch-o3-c4_s2,20260917T231153-5b07,ok,B7_mycelic,hierarchy,2,tier1,,full_sketch-o3-c4,1000,10000,30,10,2,1,9df3bf594d527eb0,0.0,none,5,full_sketch,3,4,sim-3b,synthetic,none,3,none,,,16.012,4.881,387.9,2026-09-17T23:14:28Z,,413,62,2,60,192,166,18,23,14,0,0.4648910411622276,0.9225181598062954,0.0774818401937046,0.0387409200968523,0.043583535108958835,11,170,0.52,0.55,100,0.84,0.84,25,16.0,17.333333333333332,2.0,2.0,0.6,0.6,10,24.0,24.0,10.5,2.0,0.6,0.6,20,0.75,0.75,4,0.0250062150020129,0.9833404228067503,0.8580942955526908,0.9372469317924577,27.598039215686274,0.4074074074074074,0.3282828282828283,0.06060606060606061,198,0.031746031746031744,0.046153846153846156,1.0,0.0,0.9787234042553191,1.0,0.5481481481481482,0.3894736842105263,0.07017543859649122,285,0.2247191011235955,0.10810810810810811,1.0,0.0,0.890625,1.0,0.6,0.4342857142857143,0.07428571428571429,350,0.3877551020408163,0.17105263157894737,1.0,0.0,0.825,1.0,0.6074074074074074,0.4648910411622276,0.0774818401937046,413,0.47474747474747475,0.19791666666666666,1.0,0.0,0.825,1.0,198,0,0,0,65,114,2,7,10,0,0.3282828282828283,0.9393939393939394,0.06060606060606061,0.05555555555555555,0.06060606060606061,0,0,0.47,0.47,100,0.28,0.28,25,24.0,22.428571428571427,6.0,-1.0,0.1,0.1,10,24.0,24.0,8.0,-1.0,0.15,0.15,20,0.5,0.5,4,0.04350117899578296,0.9856647918384699,285,30,2,28,111,140,8,14,12,0,0.3894736842105263,0.9298245614035088,0.07017543859649122,0.04912280701754386,0.056140350877192984,9,127,0.5,0.53,100,0.68,0.68,25,16.0,17.647058823529413,2.0,0.0,0.4,0.4,10,28.0,27.0,14.0,0.0,0.5,0.5,20,0.75,0.75,4,0.03590486495615159,0.9825435590731921,350,44,2,42,152,154,13,18,13,0,0.4342857142857143,0.9257142857142857,0.07428571428571429,0.04285714285714286,0.04857142857142857,11,169,0.52,0.55,100,0.8,0.8,25,16.0,17.2,2.0,1.0,0.6,0.6,10,24.0,24.0,10.5,1.0,0.6,0.6,20,0.75,0.75,4,0.02928325276930227,0.9829747608360354,413,62,2,60,192,166,18,23,14,0,0.4648910411622276,0.9225181598062954,0.0774818401937046,0.0387409200968523,0.043583535108958835,11,170,0.52,0.55,100,0.84,0.84,25,16.0,17.333333333333332,2.0,2.0,0.6,0.6,10,24.0,24.0,10.5,2.0,0.6,0.6,20,0.75,0.75,4,0.0250062150020129,0.9833404228067503,0.36333333333333334,0.38666666666666666,6.823529411764706,0.22580645161290322,0.7741935483870968,0.023622047244094488,0.3,0.043795620437956206,0.7,0.2,,20.0,188,61,124,0.6595744680851063,4,3,0,2,6,4,2,1,0.0,0,814,404800,9005750,0.04494906032257169,0.2242392980029191,12511895,404800,12107095,0.7197750620509523,0.7438406983673623,1.5777146783394398,400000,0.03303847867717235,6708068,10243,0,1054124.9714285715,402484.08,0.3354034,15.093118667602539,330,0,0,0,0,237,0,404800,404800,5708098,198,10,5708098,3500557,285,2,3500557,2898440,350,1,2898440,0,413,1,0,0,237,0,0,0,0.0,0,0,0,0,0,413,,7,1,,,
compression,20260917T231153-5b07_B7_mycelic_full_sketch-o3-c2_s1,20260917T231153-5b07,ok,B7_mycelic,hierarchy,1,tier1,,full_sketch-o3-c2,1000,10000,30,10,2,1,d4b3bd09fd427f49,0.0,none,5,full_sketch,3,2,sim-3b,synthetic,none,3,none,,,27.224,7.739,391.5,2026-09-17T23:14:29Z,,571,119,6,113,195,236,38,71,31,0,0.3415061295971979,0.8791593695271454,0.12084063047285463,0.0542907180385289,0.06304728546409807,12,182,0.5858585858585859,0.6060606060606061,99,0.88,0.88,25,18.0,17.90909090909091,-0.5,2.0,0.4,0.4,10,19.0,19.0,4.5,2.0,0.5,0.5,20,1.0,1.0,3,0.03289813103181313,0.9786074129932842,0.8369060761473344,0.9575936324133157,31.141509433962263,0.44029850746268656,0.3160377358490566,0.08018867924528301,212,0.0,0.0,1.0,0.0,0.9454545454545454,1.0,0.5970149253731343,0.34726688102893893,0.09003215434083602,311,0.14893617021276595,0.06481481481481481,1.0,0.0,0.7123287671232876,1.0,0.6417910447761194,0.3415730337078652,0.10786516853932585,445,0.34615384615384615,0.13815789473684212,1.0,0.0,0.6395348837209303,1.0,0.6417910447761194,0.3415061295971979,0.12084063047285463,571,0.47115384615384615,0.15897435897435896,1.0,0.0,0.6046511627906976,1.0,212,0,0,0,67,121,1,7,16,0,0.3160377358490566,0.9198113207547169,0.08018867924528301,0.07547169811320754,0.08490566037735849,0,0,0.5555555555555556,0.5555555555555556,99,0.12,0.12,25,26.0,26.0,5.0,-1.0,0.1,0.1,10,20.0,20.0,3.0,-1.0,0.2,0.2,20,0.0,0.0,3,0.0627503322133993,0.9872786341001919,311,67,0,67,108,153,7,22,21,0,0.34726688102893893,0.909967845659164,0.09003215434083602,0.06752411575562701,0.07395498392282958,7,144,0.5555555555555556,0.5959595959595959,99,0.72,0.72,25,19.0,18.444444444444443,2.0,0.0,0.3,0.3,10,20.0,19.333333333333332,6.0,0.0,0.45,0.45,20,0.6666666666666666,0.6666666666666666,3,0.04532295339133311,0.9777988376357061,445,86,3,83,152,198,22,47,26,0,0.3415730337078652,0.8921348314606742,0.10786516853932585,0.058426966292134834,0.06741573033707865,12,169,0.5858585858585859,0.6060606060606061,99,0.88,0.88,25,18.0,18.09090909090909,0.5,1.0,0.4,0.4,10,19.0,19.0,4.5,1.0,0.5,0.5,20,1.0,1.0,3,0.03682060871784397,0.9783936424257091,571,119,6,113,195,236,38,71,31,0,0.3415061295971979,0.8791593695271454,0.12084063047285463,0.0542907180385289,0.06304728546409807,12,182,0.5858585858585859,0.6060606060606061,99,0.88,0.88,25,18.0,17.90909090909091,-0.5,2.0,0.4,0.4,10,19.0,19.0,4.5,2.0,0.5,0.5,20,1.0,1.0,3,0.03289813103181313,0.9786074129932842,0.4033333333333333,0.3333333333333333,6.666666666666667,0.25,0.75,0.0374331550802139,0.7,0.07106598984771573,0.7,0.3,,11.714285714285714,251,64,180,0.7171314741035857,3,3,0,1,7,4,3,6,0.0,0,841,404800,9153600,0.044223037930431745,0.2326964694243492,15846100,404800,15441300,0.5776563318419043,0.5927998290299392,1.3125330155050274,400000,0.02590455466832456,8891323,10432,0,1397207.9000000001,533479.38,0.44456615000000005,25.835301399230957,478,0,0,0,0,232,0,404800,404800,6973996,212,10,6973996,4531186,311,2,4531186,3936118,445,1,3936118,0,571,1,0,0,232,0,0,0,0.0,0,0,0,0,0,571,2,5,2,,,
compression,20260917T231153-5b07_B7_mycelic_order_capped-o1-c1_s2,20260917T231153-5b07,ok,B7_mycelic,hierarchy,2,tier1,,order_capped-o1-c1,1000,10000,30,10,2,1,9df3bf594d527eb0,0.0,none,5,order_capped,1,1,sim-3b,synthetic,none,3,none,,,10.944,4.881,338.5,2026-09-17T23:14:39Z,,282,22,3,19,33,217,0,8,24,0,0.11702127659574468,0.9148936170212766,0.0851063829787234,0.10283687943262411,0.13829787234042554,18,165,0.0,0.0,100,0.0,0.0,25,,,,,0.0,0.0,10,,,,,0.0,0.0,20,0.0,0.0,4,0.07657723595242329,0.9689272055098778,0.6140059889499956,0.9984375,24.0,0.0,0.06598984771573604,0.09137055837563451,197,0.2222222222222222,0.15384615384615385,1.0,0.0,,1.0,0.0,0.08936170212765958,0.0851063829787234,235,0.8888888888888888,0.14285714285714285,1.0,0.0,,1.0,0.0,0.10344827586206896,0.0842911877394636,261,0.8,0.14814814814814814,1.0,0.0,,1.0,0.0,0.11702127659574468,0.0851063829787234,282,0.9,0.15151515151515152,1.0,0.0,,1.0,197,0,0,0,13,159,0,7,18,0,0.06598984771573604,0.9086294416243654,0.09137055837563451,0.10152284263959391,0.14213197969543148,0,0,0.0,0.0,100,0.0,0.0,25,,,,,0.0,0.0,10,,,,,0.0,0.0,20,0.0,0.0,4,0.08666018533244288,0.9851373426928488,235,23,2,21,21,186,0,8,20,0,0.08936170212765958,0.9148936170212766,0.0851063829787234,0.09361702127659574,0.13617021276595745,15,124,0.0,0.0,100,0.0,0.0,25,,,,,0.0,0.0,10,,,,,0.0,0.0,20,0.0,0.0,4,0.0654646155862889,0.9660718130977877,261,20,3,17,27,204,0,8,22,0,0.10344827586206896,0.9157088122605364,0.0842911877394636,0.09578544061302682,0.13409961685823754,18,163,0.0,0.0,100,0.0,0.0,25,,,,,0.0,0.0,10,,,,,0.0,0.0,20,0.0,0.0,4,0.06844624967714932,0.9674603930304145,282,22,3,19,33,217,0,8,24,0,0.11702127659574468,0.9148936170212766,0.0851063829787234,0.10283687943262411,0.13829787234042554,18,165,0.0,0.0,100,0.0,0.0,25,,,,,0.0,0.0,10,,,,,0.0,0.0,20,0.0,0.0,4,0.07657723595242329,0.9689272055098778,0.48333333333333334,0.0,,,,0.0,0.0,0.0,0.6,0.0,,,160,0,160,1.0,4,0,0,0,6,6,0,0,0.0,0,814,404800,9005750,0.04494906032257169,0.0,1390986,404800,986186,6.474364227964911,9.1318980395179,21.123597350446595,400000,0.4056029998397868,2103437,10810,0,330540.1,126206.22,0.10517185,10.425427436828613,325,0,0,0,0,237,0,404800,404800,426336,197,10,426336,294102,235,2,294102,265748,261,1,265748,0,282,1,0,0,237,0,0,0,0.0,0,0,0,0,0,282,35,,,,,
compression,20260917T231153-5b07_B7_mycelic_order_capped-o1-c2_s2,20260917T231153-5b07,ok,B7_mycelic,hierarchy,2,tier1,,order_capped-o1-c2,1000,10000,30,10,2,1,9df3bf594d527eb0,0.0,none,5,order_capped,1,2,sim-3b,synthetic,none,3,none,,,5.659,4.881,338.5,2026-09-17T23:14:45Z,,266,21,2,19,33,206,0,9,18,0,0.12406015037593984,0.9323308270676691,0.06766917293233082,0.07894736842105263,0.11654135338345864,16,159,0.0,0.0,100,0.0,0.0,25,,,,,0.0,0.0,10,,,,,0.0,0.0,20,0.0,0.0,4,0.0574859505151203,0.9754677809527508,0.48965776269850736,0.9984375,26.0,0.0,0.07142857142857142,0.08163265306122448,196,0.3333333333333333,0.14285714285714285,1.0,0.0,,1.0,0.0,0.09956709956709957,0.07792207792207792,231,0.9,0.13043478260869565,1.0,0.0,,1.0,0.0,0.112,0.072,250,0.9,0.14285714285714285,1.0,0.0,,1.0,0.0,0.12406015037593984,0.06766917293233082,266,0.9,0.15151515151515152,1.0,0.0,,1.0,196,0,0,0,14,159,0,7,16,0,0.07142857142857142,0.9183673469387755,0.08163265306122448,0.08673469387755102,0.12755102040816327,0,0,0.0,0.0,100,0.0,0.0,25,,,,,0.0,0.0,10,,,,,0.0,0.0,20,0.0,0.0,4,0.07433947230193973,0.9865757642866256,231,21,2,19,23,181,0,9,18,0,0.09956709956709957,0.922077922077922,0.07792207792207792,0.08225108225108226,0.12554112554112554,13,124,0.0,0.0,100,0.0,0.0,25,,,,,0.0,0.0,10,,,,,0.0,0.0,20,0.0,0.0,4,0.0602318932233521,0.9744447369307535,250,20,2,18,28,195,0,9,18,0,0.112,0.928,0.072,0.08,0.12,16,159,0.0,0.0,100,0.0,0.0,25,,,,,0.0,0.0,10,,,,,0.0,0.0,20,0.0,0.0,4,0.05806622278983594,0.9747988903754748,266,21,2,19,33,206,0,9,18,0,0.12406015037593984,0.9323308270676691,0.06766917293233082,0.07894736842105263,0.11654135338345864,16,159,0.0,0.0,100,0.0,0.0,25,,,,,0.0,0.0,10,,,,,0.0,0.0,20,0.0,0.0,4,0.0574859505151203,0.9754677809527508,0.48333333333333334,0.0,,,,0.0,0.0,0.0,0.6,0.0,,,153,0,153,1.0,4,0,0,0,6,6,0,0,0.0,0,814,404800,9005750,0.04494906032257169,0.0,1261498,404800,856698,7.13893323651722,10.51216414652538,25.532726231450976,400000,0.4669089924337398,2044445,10432,0,321269.9285714286,122666.7,0.10222225,5.163960695266724,305,0,0,0,0,237,0,404800,404800,352714,196,10,352714,259868,231,2,259868,244116,250,1,244116,0,266,1,0,0,237,0,0,0,0.0,0,0,0,0,0,266,35,,,,,
compression,20260917T231153-5b07_B7_mycelic_full_sketch-o3-c4_s1,20260917T231153-5b07,ok,B7_mycelic,hierarchy,1,tier1,,full_sketch-o3-c4,1000,10000,30,10,2,1,d4b3bd09fd427f49,0.0,none,5,full_sketch,3,4,sim-3b,synthetic,none,3,none,,,16.61,7.739,394.8,2026-09-17T23:14:45Z,,572,116,7,109,194,237,40,72,29,0,0.33916083916083917,0.8793706293706294,0.12062937062937062,0.050699300699300696,0.06643356643356643,11,176,0.5656565656565656,0.5858585858585859,99,0.88,0.88,25,20.0,18.90909090909091,0.5,2.0,0.4,0.4,10,20.0,20.0,5.0,2.0,0.6,0.6,20,0.6666666666666666,0.6666666666666666,3,0.036363097409694116,0.9843774834434647,0.8713978700459597,0.9665200539984319,30.20952380952381,0.41044776119402987,0.3073170731707317,0.07317073170731707,205,0.0,0.0,1.0,0.0,0.9807692307692307,1.0,0.5746268656716418,0.3344155844155844,0.08441558441558442,308,0.14444444444444443,0.08737864077669903,1.0,0.0,0.9142857142857143,1.0,0.6268656716417911,0.3363431151241535,0.10609480812641084,443,0.33980582524271846,0.16778523489932887,1.0,0.0,0.8705882352941177,1.0,0.6268656716417911,0.33916083916083917,0.12062937062937062,572,0.49514563106796117,0.19072164948453607,1.0,0.0,0.8588235294117647,1.0,205,0,0,0,63,119,0,8,15,0,0.3073170731707317,0.926829268292683,0.07317073170731707,0.07317073170731707,0.08780487804878048,0,0,0.5252525252525253,0.5252525252525253,99,0.08,0.08,25,26.0,26.0,3.5,-1.0,0.1,0.1,10,20.0,20.0,3.0,-1.0,0.2,0.2,20,0.0,0.0,3,0.060460288918616364,0.9872895572112994,308,65,1,64,103,155,7,24,19,0,0.3344155844155844,0.9155844155844156,0.08441558441558442,0.06168831168831169,0.07142857142857142,7,142,0.5252525252525253,0.5656565656565656,99,0.72,0.72,25,20.0,19.166666666666668,2.0,0.0,0.3,0.3,10,20.0,20.0,6.0,0.0,0.45,0.45,20,0.3333333333333333,0.3333333333333333,3,0.04833671396635632,0.9842595347823201,443,84,4,80,149,199,23,48,24,0,0.3363431151241535,0.8939051918735892,0.10609480812641084,0.05417607223476298,0.06772009029345373,11,169,0.5656565656565656,0.5858585858585859,99,0.88,0.88,25,20.0,19.09090909090909,2.0,1.0,0.4,0.4,10,20.0,20.0,5.0,1.0,0.6,0.6,20,0.6666666666666666,0.6666666666666666,3,0.040213895975702595,0.984376940696508,572,116,7,109,194,237,40,72,29,0,0.33916083916083917,0.8793706293706294,0.12062937062937062,0.050699300699300696,0.06643356643356643,11,176,0.5656565656565656,0.5858585858585859,99,0.88,0.88,25,20.0,18.90909090909091,0.5,2.0,0.4,0.4,10,20.0,20.0,5.0,2.0,0.6,0.6,20,0.6666666666666666,0.6666666666666666,3,0.036363097409694116,0.9843774834434647,0.3566666666666667,0.37333333333333335,6.0,0.19230769230769232,0.8076923076923077,0.03888888888888889,0.7,0.0736842105263158,0.6,0.3,,13.142857142857142,242,62,173,0.7148760330578512,3,2,0,1,7,4,3,6,0.0,0,841,404800,9153600,0.044223037930431745,0.2326964694243492,12556689,404800,12151889,0.7289819792462806,0.7532656033971344,1.6015267832679503,400000,0.032916693034309316,6679272,10243,0,1049599.8857142858,400756.32,0.3339636,15.33904480934143,456,0,0,0,0,232,0,404800,404800,5715546,205,10,5715546,3489026,308,2,3489026,2947317,443,1,2947317,0,572,1,0,0,232,0,0,0,0.0,0,0,0,0,0,572,2,5,2,,,
compression,20260917T231153-5b07_B7_mycelic_order_capped-o1-c4_s2,20260917T231153-5b07,ok,B7_mycelic,hierarchy,2,tier1,,order_capped-o1-c4,1000,10000,30,10,2,1,9df3bf594d527eb0,0.0,none,5,order_capped,1,4,sim-3b,synthetic,none,3,none,,,3.584,4.881,338.5,2026-09-17T23:14:49Z,,246,21,1,20,25,197,0,10,14,0,0.1016260162601626,0.943089430894309,0.056910569105691054,0.06097560975609756,0.1016260162601626,13,155,0.0,0.0,100,0.0,0.0,25,,,,,0.0,0.0,10,,,,,0.0,0.0,20,0.0,0.0,4,0.04985793750676828,0.9833896192615906,0.4113416147745534,0.996875,34.1,0.0,0.061855670103092786,0.07216494845360824,194,0.2222222222222222,0.16666666666666666,1.0,0.0,,1.0,0.0,0.08558558558558559,0.06306306306306306,222,0.6,0.15789473684210525,1.0,0.0,,1.0,0.0,0.09361702127659574,0.059574468085106386,235,0.6,0.18181818181818182,1.0,0.0,,1.0,0.0,0.1016260162601626,0.056910569105691054,246,0.6,0.2,1.0,0.0,,1.0,194,0,0,0,12,160,0,8,14,0,0.061855670103092786,0.9278350515463918,0.07216494845360824,0.07731958762886598,0.12371134020618557,0,0,0.0,0.0,100,0.0,0.0,25,,,,,0.0,0.0,10,,,,,0.0,0.0,20,0.0,0.0,4,0.06408093164020673,0.9867613440113407,222,20,1,19,19,179,0,10,14,0,0.08558558558558559,0.9369369369369369,0.06306306306306306,0.06756756756756757,0.11261261261261261,11,122,0.0,0.0,100,0.0,0.0,25,,,,,0.0,0.0,10,,,,,0.0,0.0,20,0.0,0.0,4,0.05578191497374957,0.9821278325939583,235,20,1,19,22,189,0,10,14,0,0.09361702127659574,0.9404255319148936,0.059574468085106386,0.06382978723404255,0.10638297872340426,13,154,0.0,0.0,100,0.0,0.0,25,,,,,0.0,0.0,10,,,,,0.0,0.0,20,0.0,0.0,4,0.05245707309855851,0.9828774718716917,246,21,1,20,25,197,0,10,14,0,0.1016260162601626,0.943089430894309,0.056910569105691054,0.06097560975609756,0.1016260162601626,13,155,0.0,0.0,100,0.0,0.0,25,,,,,0.0,0.0,10,,,,,0.0,0.0,20,0.0,0.0,4,0.04985793750676828,0.9833896192615906,0.48333333333333334,0.0,,,,0.0,0.0,0.0,0.6,0.0,,,142,0,142,1.0,4,0,0,0,6,6,0,0,0.0,0,814,404800,9005750,0.04494906032257169,0.0,1352088,404800,947288,6.660624160557597,9.50687647262501,24.734955642835562,400000,0.4222580672403746,2053748,10243,0,322731.8285714286,123224.88,0.10268740000000001,3.1177549362182617,277,0,0,0,0,237,0,404800,404800,364090,194,10,364090,297428,222,2,297428,285770,235,1,285770,0,246,1,0,0,237,0,0,0,0.0,0,0,0,0,0,246,35,,,,,
compression,20260917T231153-5b07_B7_mycelic_order_capped-o1-c1_s1,20260917T231153-5b07,ok,B7_mycelic,hierarchy,1,tier1,,order_capped-o1-c1,1000,10000,30,10,2,1,d4b3bd09fd427f49,0.0,none,5,order_capped,1,1,sim-3b,synthetic,none,3,none,,,13.166,7.739,328.9,2026-09-17T23:14:59Z,,351,90,5,85,22,269,0,32,28,0,0.06267806267806268,0.9202279202279202,0.07977207977207977,0.08262108262108261,0.1452991452991453,14,201,0.0,0.0,99,0.0,0.0,25,,,,,0.0,0.0,10,,,,,0.0,0.0,20,0.0,0.0,3,0.05308184819674711,0.9704607655756647,0.6439282944228774,0.9976851851851851,19.25,0.0,0.03508771929824561,0.05701754385964912,228,0.3333333333333333,0.0,1.0,0.0,,1.0,0.0,0.052434456928838954,0.07116104868913857,267,0.7142857142857143,0.0,1.0,0.0,,1.0,0.0,0.05750798722044728,0.07667731629392971,313,0.625,0.0,1.0,0.0,,1.0,0.0,0.06267806267806268,0.07977207977207977,351,0.75,0.0,1.0,0.0,,1.0,228,0,0,0,8,197,0,10,13,0,0.03508771929824561,0.9429824561403509,0.05701754385964912,0.06140350877192982,0.08771929824561403,0,0,0.0,0.0,99,0.0,0.0,25,,,,,0.0,0.0,10,,,,,0.0,0.0,20,0.0,0.0,3,0.04398079638351912,0.9825772876115892,267,59,2,57,14,218,0,16,19,0,0.052434456928838954,0.9288389513108615,0.07116104868913857,0.0749063670411985,0.10112359550561797,7,158,0.0,0.0,99,0.0,0.0,25,,,,,0.0,0.0,10,,,,,0.0,0.0,20,0.0,0.0,3,0.04246315341720337,0.967556786376005,313,71,3,68,18,246,0,25,24,0,0.05750798722044728,0.9233226837060703,0.07667731629392971,0.07987220447284345,0.13099041533546327,13,195,0.0,0.0,99,0.0,0.0,25,,,,,0.0,0.0,10,,,,,0.0,0.0,20,0.0,0.0,3,0.04861409596034953,0.9687418914875063,351,90,5,85,22,269,0,32,28,0,0.06267806267806268,0.9202279202279202,0.07977207977207977,0.08262108262108261,0.1452991452991453,14,201,0.0,0.0,99,0.0,0.0,25,,,,,0.0,0.0,10,,,,,0.0,0.0,20,0.0,0.0,3,0.05308184819674711,0.9704607655756647,0.48,0.0,,,,0.0,0.0,0.0,0.7,0.0,,,204,0,204,1.0,3,0,0,0,7,7,0,0,0.0,0,841,404800,9153600,0.044223037930431745,0.0,1576648,404800,1171848,5.805734697916085,7.811251971245418,19.718661812541736,400000,0.34134119783453143,2149806,10810,0,337826.65714285715,128988.36,0.10749030000000001,12.43190336227417,458,0,0,0,0,232,0,404800,404800,464210,228,10,464210,357168,267,2,357168,350470,313,1,350470,0,351,1,0,0,232,0,0,0,0.0,0,0,0,0,0,351,35,,,,,
compression,20260917T231153-5b07_B7_mycelic_order_capped-o1-c2_s1,20260917T231153-5b07,ok,B7_mycelic,hierarchy,1,tier1,,order_capped-o1-c2,1000,10000,30,10,2,1,d4b3bd09fd427f49,0.0,none,5,order_capped,1,2,sim-3b,synthetic,none,3,none,,,7.442,7.739,328.9,2026-09-17T23:15:06Z,,329,67,2,65,21,258,0,29,21,0,0.06382978723404255,0.9361702127659575,0.06382978723404255,0.0668693009118541,0.11550151975683891,12,200,0.0,0.0,99,0.0,0.0,25,,,,,0.0,0.0,10,,,,,0.0,0.0,20,0.0,0.0,3,0.04279162828408389,0.97592232737223,0.5066757300491201,0.9973544973544973,29.857142857142858,0.0,0.0391304347826087,0.05652173913043478,230,0.2857142857142857,0.0,1.0,0.0,,1.0,0.0,0.05660377358490566,0.06415094339622641,265,0.8571428571428571,0.0,1.0,0.0,,1.0,0.0,0.059800664451827246,0.06312292358803986,301,0.8571428571428571,0.0,1.0,0.0,,1.0,0.0,0.06382978723404255,0.06382978723404255,329,0.8571428571428571,0.0,1.0,0.0,,1.0,230,0,0,0,9,198,0,10,13,0,0.0391304347826087,0.9434782608695652,0.05652173913043478,0.06086956521739131,0.08695652173913043,0,0,0.0,0.0,99,0.0,0.0,25,,,,,0.0,0.0,10,,,,,0.0,0.0,20,0.0,0.0,3,0.04330704951717269,0.9824374842997814,265,46,0,46,15,216,0,17,17,0,0.05660377358490566,0.9358490566037736,0.06415094339622641,0.06792452830188679,0.09433962264150944,7,158,0.0,0.0,99,0.0,0.0,25,,,,,0.0,0.0,10,,,,,0.0,0.0,20,0.0,0.0,3,0.04134191892002837,0.9734173906181416,301,53,1,52,18,240,0,24,19,0,0.059800664451827246,0.9368770764119602,0.06312292358803986,0.0664451827242525,0.10963455149501661,12,195,0.0,0.0,99,0.0,0.0,25,,,,,0.0,0.0,10,,,,,0.0,0.0,20,0.0,0.0,3,0.041075173123611565,0.9746299903993592,329,67,2,65,21,258,0,29,21,0,0.06382978723404255,0.9361702127659575,0.06382978723404255,0.0668693009118541,0.11550151975683891,12,200,0.0,0.0,99,0.0,0.0,25,,,,,0.0,0.0,10,,,,,0.0,0.0,20,0.0,0.0,3,0.04279162828408389,0.97592232737223,0.48,0.0,,,,0.0,0.0,0.0,0.7,0.0,,,192,0,192,1.0,3,0,0,0,7,7,0,0,0.0,0,841,404800,9153600,0.044223037930431745,0.0,1424415,404800,1019615,6.426217078590158,8.977506215581371,23.43651586143329,400000,0.3923049386287962,2085139,10432,0,327664.7,125108.34000000001,0.10425695000000001,6.745236158370972,416,0,0,0,0,232,0,404800,404800,390570,230,10,390570,314538,265,2,314538,314507,301,1,314507,0,329,1,0,0,232,0,0,0,0.0,0,0,0,0,0,329,35,,,,,
compression,20260917T231153-5b07_B7_mycelic_order_capped-o2-c1_s2,20260917T231153-5b07,ok,B7_mycelic,hierarchy,2,tier1,,order_capped-o2-c1,1000,10000,30,10,2,1,9df3bf594d527eb0,0.0,none,5,order_capped,2,1,sim-3b,synthetic,none,3,none,,,20.447,4.881,310.6,2026-09-17T23:15:09Z,,479,65,2,63,184,227,2,44,22,0,0.38413361169102295,0.9498956158663883,0.05010438413361169,0.05010438413361169,0.05845511482254697,12,215,0.63,0.64,100,0.56,0.56,25,11.5,11.642857142857142,-3.5,2.0,0.0,0.0,10,,,,,0.55,0.55,20,0.75,0.75,4,0.02586335214498894,0.9720751183571059,0.7689416077259384,0.900811986636542,33.95,0.5111111111111111,0.36254980079681276,0.043824701195219126,251,0.05813953488372093,0.08791208791208792,1.0,0.0,0.95,1.0,0.5703703703703704,0.3830409356725146,0.04093567251461988,342,0.2755102040816326,0.1450381679389313,1.0,0.0,0.5675675675675675,1.0,0.5777777777777777,0.3795620437956204,0.046228710462287104,411,0.3333333333333333,0.1858974358974359,1.0,0.0,0.5,1.0,0.5777777777777777,0.38413361169102295,0.05010438413361169,479,0.3939393939393939,0.22282608695652173,1.0,0.0,0.5060240963855421,1.0,251,0,0,0,91,141,0,8,11,0,0.36254980079681276,0.9561752988047809,0.043824701195219126,0.043824701195219126,0.05179282868525897,0,0,0.6,0.6,100,0.36,0.36,25,21.0,19.555555555555557,4.0,-1.0,0.0,0.0,10,,,,,0.4,0.4,20,0.75,0.75,4,0.031363133042054174,0.985915118408361,342,40,2,38,131,180,0,17,14,0,0.3830409356725146,0.9590643274853801,0.04093567251461988,0.04093567251461988,0.05263157894736842,9,164,0.62,0.63,100,0.56,0.56,25,13.0,14.071428571428571,-1.5,0.0,0.0,0.0,10,,,,,0.55,0.55,20,0.75,0.75,4,0.01697634660143489,0.9708943466646314,411,50,2,48,156,205,1,31,18,0,0.3795620437956204,0.9537712895377128,0.046228710462287104,0.046228710462287104,0.05596107055961071,12,211,0.63,0.64,100,0.56,0.56,25,11.5,11.714285714285714,-3.0,1.0,0.0,0.0,10,,,,,0.55,0.55,20,0.75,0.75,4,0.021441406731108004,0.9709193532410935,479,65,2,63,184,227,2,44,22,0,0.38413361169102295,0.9498956158663883,0.05010438413361169,0.05010438413361169,0.05845511482254697,12,215,0.63,0.64,100,0.56,0.56,25,11.5,11.642857142857142,-3.5,2.0,0.0,0.0,10,,,,,0.55,0.55,20,0.75,0.75,4,0.02586335214498894,0.9720751183571059,0.43666666666666665,0.37333333333333335,6.529411764705882,0.45038167938931295,0.549618320610687,0.03636363636363636,0.6,0.06857142857142856,0.6,0.3,,16.166666666666668,234,69,159,0.6794871794871795,4,3,0,3,6,3,3,3,0.0,0,814,404800,9005750,0.04494906032257169,0.0,5139646,404800,4734846,1.7522121173325944,1.902015398177681,4.073016938359423,400000,0.08448004433512726,3848895,10810,0,604826.3571428572,230933.7,0.19244475,19.302388191223145,440,0,0,0,0,237,0,404800,404800,2211076,251,10,2211076,1369620,342,2,1369620,1154150,411,1,1154150,0,479,1,0,0,237,0,0,0,0.0,0,0,0,0,0,479,20,1,,,,
compression,20260917T231153-5b07_B7_mycelic_order_capped-o1-c4_s1,20260917T231153-5b07,ok,B7_mycelic,hierarchy,1,tier1,,order_capped-o1-c4,1000,10000,30,10,2,1,d4b3bd09fd427f49,0.0,none,5,order_capped,1,4,sim-3b,synthetic,none,3,none,,,4.572,7.739,328.9,2026-09-17T23:15:11Z,,310,58,3,55,23,247,0,24,16,0,0.07419354838709677,0.9483870967741935,0.05161290322580645,0.054838709677419356,0.0935483870967742,11,184,0.0,0.0,99,0.0,0.0,25,,,,,0.0,0.0,10,,,,,0.0,0.0,20,0.0,0.0,3,0.038292560472181096,0.9804301276502532,0.6220008547056786,0.9973544973544973,21.285714285714285,0.0,0.04054054054054054,0.04504504504504504,222,0.2857142857142857,0.0,1.0,0.0,,1.0,0.0,0.057692307692307696,0.06153846153846154,260,0.8571428571428571,0.0,1.0,0.0,,1.0,0.0,0.06597222222222222,0.05555555555555555,288,0.8571428571428571,0.0,1.0,0.0,,1.0,0.0,0.07419354838709677,0.05161290322580645,310,0.8571428571428571,0.0,1.0,0.0,,1.0,222,0,0,0,9,193,0,10,10,0,0.04054054054054054,0.954954954954955,0.04504504504504504,0.04954954954954955,0.07657657657657657,0,0,0.0,0.0,99,0.0,0.0,25,,,,,0.0,0.0,10,,,,,0.0,0.0,20,0.0,0.0,3,0.03255677132923268,0.9820991396677614,260,38,1,37,15,214,0,15,16,0,0.057692307692307696,0.9384615384615385,0.06153846153846154,0.06538461538461539,0.09230769230769231,6,149,0.0,0.0,99,0.0,0.0,25,,,,,0.0,0.0,10,,,,,0.0,0.0,20,0.0,0.0,3,0.046786434038530014,0.9777966102893084,288,45,2,43,19,233,0,20,16,0,0.06597222222222222,0.9444444444444444,0.05555555555555555,0.059027777777777776,0.09375,11,182,0.0,0.0,99,0.0,0.0,25,,,,,0.0,0.0,10,,,,,0.0,0.0,20,0.0,0.0,3,0.04152382822171035,0.9792413484481075,310,58,3,55,23,247,0,24,16,0,0.07419354838709677,0.9483870967741935,0.05161290322580645,0.054838709677419356,0.0935483870967742,11,184,0.0,0.0,99,0.0,0.0,25,,,,,0.0,0.0,10,,,,,0.0,0.0,20,0.0,0.0,3,0.038292560472181096,0.9804301276502532,0.48,0.0,,,,0.0,0.0,0.0,0.7,0.0,,,180,0,180,1.0,3,0,0,0,7,7,0,0,0.0,0,841,404800,9153600,0.044223037930431745,0.0,1455786,404800,1050986,6.287737346011021,8.709535617030102,23.715709947871865,400000,0.380594984138704,2079652,10243,0,326802.4571428572,124779.12,0.10398260000000001,3.9585342407226562,377,0,0,0,0,232,0,404800,404800,385972,222,10,385972,332856,260,2,332856,332158,288,1,332158,0,310,1,0,0,232,0,0,0,0.0,0,0,0,0,0,310,35,,,,,
compression,20260917T231153-5b07_B7_mycelic_order_capped-o2-c2_s2,20260917T231153-5b07,ok,B7_mycelic,hierarchy,2,tier1,,order_capped-o2-c2,1000,10000,30,10,2,1,9df3bf594d527eb0,0.0,none,5,order_capped,2,2,sim-3b,synthetic,none,3,none,,,12.021,4.881,310.6,2026-09-17T23:15:21Z,,465,58,2,56,179,219,2,43,22,0,0.3849462365591398,0.9483870967741935,0.05161290322580645,0.05161290322580645,0.05806451612903226,11,210,0.62,0.64,100,0.56,0.56,25,12.0,12.285714285714286,-3.5,2.0,0.0,0.0,10,,,,,0.5,0.5,20,0.75,0.75,4,0.03072370106717524,0.978227554666857,0.7918014963457016,0.8985755671397466,34.0,0.5037037037037037,0.35080645161290325,0.04435483870967742,248,0.04819277108433735,0.08045977011494253,1.0,0.0,0.9661016949152542,1.0,0.5703703703703704,0.37388724035608306,0.04154302670623145,337,0.2736842105263158,0.1349206349206349,1.0,0.0,0.6164383561643836,1.0,0.5777777777777777,0.3781094527363184,0.0472636815920398,402,0.3541666666666667,0.18421052631578946,1.0,0.0,0.5555555555555556,1.0,0.5777777777777777,0.3849462365591398,0.05161290322580645,465,0.40625,0.21787709497206703,1.0,0.0,0.5609756097560976,1.0,248,0,0,0,87,143,0,7,11,0,0.35080645161290325,0.9556451612903226,0.04435483870967742,0.04435483870967742,0.04838709677419355,0,0,0.59,0.59,100,0.36,0.36,25,22.0,20.0,5.0,-1.0,0.0,0.0,10,,,,,0.35,0.35,20,0.75,0.75,4,0.03318639877864624,0.9871886097743842,337,36,2,34,126,181,0,16,14,0,0.37388724035608306,0.9584569732937686,0.04154302670623145,0.04154302670623145,0.050445103857566766,9,163,0.61,0.63,100,0.56,0.56,25,14.0,15.714285714285714,-0.5,0.0,0.0,0.0,10,,,,,0.5,0.5,20,0.75,0.75,4,0.019801307405980694,0.9770395623729008,402,45,2,43,152,201,1,30,18,0,0.3781094527363184,0.9527363184079602,0.0472636815920398,0.0472636815920398,0.05472636815920398,11,210,0.62,0.64,100,0.56,0.56,25,12.0,13.428571428571429,-2.0,1.0,0.0,0.0,10,,,,,0.5,0.5,20,0.75,0.75,4,0.02560107157611808,0.9773157281031135,465,58,2,56,179,219,2,43,22,0,0.3849462365591398,0.9483870967741935,0.05161290322580645,0.05161290322580645,0.05806451612903226,11,210,0.62,0.64,100,0.56,0.56,25,12.0,12.285714285714286,-3.5,2.0,0.0,0.0,10,,,,,0.5,0.5,20,0.75,0.75,4,0.03072370106717524,0.978227554666857,0.4066666666666667,0.36666666666666664,6.5,0.3953488372093023,0.6046511627906976,0.0379746835443038,0.6,0.07142857142857144,0.6,0.3,,16.333333333333332,227,69,152,0.6696035242290749,4,3,0,3,6,3,3,3,0.0,0,814,404800,9005750,0.04494906032257169,0.0,4033027,404800,3628227,2.233000175798476,2.4821352137007966,5.157885151109727,400000,0.11024668522669613,3169573,10432,0,498075.7571428571,190174.38,0.15847865,10.949333667755127,421,0,0,0,0,237,0,404800,404800,1746016,248,10,1746016,1025002,337,2,1025002,857209,402,1,857209,0,465,1,0,0,237,0,0,0,0.0,0,0,0,0,0,465,20,1,,,,
compression,20260917T231153-5b07_B7_mycelic_order_capped-o2-c4_s2,20260917T231153-5b07,ok,B7_mycelic,hierarchy,2,tier1,,order_capped-o2-c4,1000,10000,30,10,2,1,9df3bf594d527eb0,0.0,none,5,order_capped,2,4,sim-3b,synthetic,none,3,none,,,7.664,4.881,310.6,2026-09-17T23:15:29Z,,469,58,2,56,188,210,3,46,22,0,0.40085287846481876,0.9466950959488273,0.053304904051172705,0.053304904051172705,0.057569296375266525,12,206,0.62,0.64,100,0.56,0.56,25,12.0,14.0,-1.0,2.0,0.0,0.0,10,,,,,0.6,0.6,20,0.75,0.75,4,0.040172856878303104,0.9844136542157759,0.8213390757487876,0.9046085196473961,33.72,0.4962962962962963,0.35537190082644626,0.045454545454545456,242,0.04878048780487805,0.09302325581395349,1.0,0.0,0.9661016949152542,1.0,0.5703703703703704,0.3850746268656716,0.04477611940298507,335,0.28865979381443296,0.14728682170542637,1.0,0.0,0.8767123287671232,1.0,0.5777777777777777,0.3920595533498759,0.04962779156327544,403,0.3877551020408163,0.20253164556962025,1.0,0.0,0.8414634146341463,1.0,0.5777777777777777,0.40085287846481876,0.053304904051172705,469,0.4387755102040816,0.2393617021276596,1.0,0.0,0.8433734939759037,1.0,242,0,0,0,86,137,0,8,11,0,0.35537190082644626,0.9545454545454546,0.045454545454545456,0.045454545454545456,0.049586776859504134,0,0,0.59,0.59,100,0.32,0.32,25,24.0,21.5,6.0,-1.0,0.0,0.0,10,,,,,0.35,0.35,20,0.75,0.75,4,0.03527304792853414,0.9881348178745797,335,36,2,34,129,172,1,19,14,0,0.3850746268656716,0.9552238805970149,0.04477611940298507,0.04477611940298507,0.050746268656716415,9,158,0.61,0.63,100,0.56,0.56,25,16.0,16.571428571428573,0.5,0.0,0.0,0.0,10,,,,,0.6,0.6,20,0.75,0.75,4,0.03213204604424614,0.983919908585365,403,45,2,43,158,192,2,33,18,0,0.3920595533498759,0.9503722084367245,0.04962779156327544,0.04962779156327544,0.05459057071960298,12,206,0.62,0.64,100,0.56,0.56,25,12.0,14.571428571428571,-1.0,1.0,0.0,0.0,10,,,,,0.6,0.6,20,0.75,0.75,4,0.03664651726279071,0.9841624824024303,469,58,2,56,188,210,3,46,22,0,0.40085287846481876,0.9466950959488273,0.053304904051172705,0.053304904051172705,0.057569296375266525,12,206,0.62,0.64,100,0.56,0.56,25,12.0,14.0,-1.0,2.0,0.0,0.0,10,,,,,0.6,0.6,20,0.75,0.75,4,0.040172856878303104,0.9844136542157759,0.36333333333333334,0.38666666666666666,6.823529411764706,0.22580645161290322,0.7741935483870968,0.038461538461538464,0.6,0.07228915662650603,0.6,0.3,,22.166666666666668,224,68,150,0.6696428571428571,4,3,0,3,6,3,3,3,0.0,0,814,404800,9005750,0.04494906032257169,0.0,3295527,404800,2890727,2.732719228214486,3.115392771437773,6.472019202437675,400000,0.13837349566389354,2783515,10243,0,437409.5,167010.9,0.13917575,6.589321613311768,398,0,0,0,0,237,0,404800,404800,1391490,242,10,1391490,815207,335,2,815207,684030,403,1,684030,0,469,1,0,0,237,0,0,0,0.0,0,0,0,0,0,469,20,1,,,,
compression,20260917T231153-5b07_B7_mycelic_order_capped-o2-c1_s1,20260917T231153-5b07,ok,B7_mycelic,hierarchy,1,tier1,,order_capped-o2-c1,1000,10000,30,10,2,1,d4b3bd09fd427f49,0.0,none,5,order_capped,2,1,sim-3b,synthetic,none,3,none,,,23.588,7.739,329.5,2026-09-17T23:15:35Z,,623,126,5,121,187,270,6,123,37,0,0.3001605136436597,0.9309791332263242,0.06902086677367576,0.06581059390048154,0.10112359550561797,16,229,0.6262626262626263,0.6262626262626263,99,0.44,0.44,25,12.0,12.272727272727273,-10.0,2.0,0.0,0.0,10,,,,,0.65,0.65,20,0.6666666666666666,0.6666666666666666,3,0.0402726440372156,0.9744620501367341,0.8018132699512726,0.953607762302215,33.17894736842105,0.4925373134328358,0.3035019455252918,0.07003891050583658,257,0.012987012987012988,0.01282051282051282,1.0,0.0,0.9333333333333333,1.0,0.5373134328358209,0.3087431693989071,0.06830601092896176,366,0.24444444444444444,0.07079646017699115,1.0,0.0,0.5211267605633803,1.0,0.5373134328358209,0.3048780487804878,0.06910569105691057,492,0.41935483870967744,0.18666666666666668,1.0,0.0,0.4444444444444444,1.0,0.5447761194029851,0.3001605136436597,0.06902086677367576,623,0.49473684210526314,0.25133689839572193,1.0,0.0,0.4268292682926829,1.0,257,0,0,0,78,150,2,11,16,0,0.3035019455252918,0.9299610894941635,0.07003891050583658,0.07003891050583658,0.08171206225680934,0,0,0.6060606060606061,0.6060606060606061,99,0.24,0.24,25,23.5,23.333333333333332,2.0,-1.0,0.0,0.0,10,,,,,0.3,0.3,20,0.3333333333333333,0.3333333333333333,3,0.05749414197997907,0.986147913765112,366,76,0,76,113,187,2,41,23,0,0.3087431693989071,0.9316939890710383,0.06830601092896176,0.06830601092896176,0.08743169398907104,10,177,0.6161616161616161,0.6161616161616161,99,0.44,0.44,25,14.0,14.454545454545455,-8.0,0.0,0.0,0.0,10,,,,,0.45,0.45,20,0.6666666666666666,0.6666666666666666,3,0.040798397103346824,0.9724923861743849,492,92,3,89,150,228,4,80,30,0,0.3048780487804878,0.9308943089430894,0.06910569105691057,0.06707317073170732,0.0975609756097561,16,218,0.6161616161616161,0.6161616161616161,99,0.44,0.44,25,13.0,13.636363636363637,-8.0,1.0,0.0,0.0,10,,,,,0.6,0.6,20,0.6666666666666666,0.6666666666666666,3,0.039853184533540205,0.9727800138018329,623,126,5,121,187,270,6,123,37,0,0.3001605136436597,0.9309791332263242,0.06902086677367576,0.06581059390048154,0.10112359550561797,16,229,0.6262626262626263,0.6262626262626263,99,0.44,0.44,25,12.0,12.272727272727273,-10.0,2.0,0.0,0.0,10,,,,,0.65,0.65,20,0.6666666666666666,0.6666666666666666,3,0.0402726440372156,0.9744620501367341,0.4033333333333333,0.36333333333333334,6.411764705882353,0.4444444444444444,0.5555555555555556,0.03305785123966942,0.8,0.06349206349206349,0.5,0.4,,12.125,309,67,234,0.7572815533980582,3,2,0,2,7,3,4,6,0.0,0,841,404800,9153600,0.044223037930431745,0.0,5380196,404800,4975396,1.701350657113607,1.839773155744789,4.030129107133737,400000,0.08039561072123706,3893196,10810,0,611787.9428571428,233591.76,0.1946598,22.044254541397095,594,0,0,0,0,232,0,404800,404800,2271292,257,10,2271292,1436434,366,2,1436434,1267670,492,1,1267670,0,623,1,0,0,232,0,0,0,0.0,0,0,0,0,0,623,23,,1,,,
compression,20260917T231153-5b07_B7_mycelic_order_capped-o2-c2_s1,20260917T231153-5b07,ok,B7_mycelic,hierarchy,1,tier1,,order_capped-o2-c2,1000,10000,30,10,2,1,d4b3bd09fd427f49,0.0,none,5,order_capped,2,2,sim-3b,synthetic,none,3,none,,,13.141,7.739,304.3,2026-09-17T23:15:48Z,,607,114,4,110,188,263,4,112,40,0,0.30971993410214166,0.9275123558484349,0.07248764415156507,0.06919275123558484,0.09225700164744646,15,227,0.6262626262626263,0.6262626262626263,99,0.44,0.44,25,12.0,13.090909090909092,-9.0,2.0,0.0,0.0,10,,,,,0.65,0.65,20,0.6666666666666666,0.6666666666666666,3,0.047929609949142325,0.9787368587135575,0.8112850848649246,0.9401663513661097,33.50526315789474,0.48507462686567165,0.30196078431372547,0.07058823529411765,255,0.013157894736842105,0.012987012987012988,1.0,0.0,0.9333333333333333,1.0,0.5373134328358209,0.3085399449035813,0.06887052341597796,363,0.23333333333333334,0.07142857142857142,1.0,0.0,0.6056338028169014,1.0,0.5373134328358209,0.31185031185031187,0.07068607068607069,481,0.44086021505376344,0.19333333333333333,1.0,0.0,0.5308641975308642,1.0,0.5447761194029851,0.30971993410214166,0.07248764415156507,607,0.5052631578947369,0.26063829787234044,1.0,0.0,0.524390243902439,1.0,255,0,0,0,77,149,2,11,16,0,0.30196078431372547,0.9294117647058824,0.07058823529411765,0.07058823529411765,0.08235294117647059,0,0,0.6060606060606061,0.6060606060606061,99,0.2,0.2,25,24.0,25.2,3.0,-1.0,0.0,0.0,10,,,,,0.3,0.3,20,0.3333333333333333,0.3333333333333333,3,0.05843620755618928,0.9865304010808132,363,72,0,72,112,184,2,42,23,0,0.3085399449035813,0.931129476584022,0.06887052341597796,0.06887052341597796,0.0881542699724518,10,177,0.6161616161616161,0.6161616161616161,99,0.44,0.44,25,14.0,15.090909090909092,-8.0,0.0,0.0,0.0,10,,,,,0.45,0.5,20,0.6666666666666666,0.6666666666666666,3,0.04535341990734869,0.9764828964913707,481,85,2,83,150,223,3,74,31,0,0.31185031185031187,0.9293139293139293,0.07068607068607069,0.06860706860706861,0.09147609147609148,15,216,0.6161616161616161,0.6161616161616161,99,0.44,0.44,25,14.0,14.363636363636363,-8.0,1.0,0.0,0.0,10,,,,,0.6,0.6,20,0.6666666666666666,0.6666666666666666,3,0.0459810809650932,0.9773740123580247,607,114,4,110,188,263,4,112,40,0,0.30971993410214166,0.9275123558484349,0.07248764415156507,0.06919275123558484,0.09225700164744646,15,227,0.6262626262626263,0.6262626262626263,99,0.44,0.44,25,12.0,13.090909090909092,-9.0,2.0,0.0,0.0,10,,,,,0.65,0.65,20,0.6666666666666666,0.6666666666666666,3,0.047929609949142325,0.9787368587135575,0.38666666666666666,0.38,6.75,0.3611111111111111,0.6388888888888888,0.035398230088495575,0.8,0.06779661016949151,0.5,0.4,,12.75,293,67,218,0.7440273037542662,3,2,0,2,7,3,4,6,0.0,0,841,404800,9153600,0.044223037930431745,0.0,4169326,404800,3764526,2.195462767843052,2.431541182077106,5.155261592805522,400000,0.10625507700039792,3195416,10432,0,502136.8,191724.96000000002,0.15977080000000002,11.815524816513062,562,0,0,0,0,232,0,404800,404800,1775584,255,10,1775584,1062738,363,2,1062738,926204,481,1,926204,0,607,1,0,0,232,0,0,0,0.0,0,0,0,0,0,607,23,,1,,,
compression,20260917T231153-5b07_B7_mycelic_order_capped-o2-c4_s1,20260917T231153-5b07,ok,B7_mycelic,hierarchy,1,tier1,,order_capped-o2-c4,1000,10000,30,10,2,1,d4b3bd09fd427f49,0.0,none,5,order_capped,2,4,sim-3b,synthetic,none,3,none,,,8.712,7.739,304.3,2026-09-17T23:15:57Z,,594,114,5,109,182,259,4,115,34,0,0.3063973063973064,0.936026936026936,0.06397306397306397,0.06060606060606061,0.09090909090909091,13,215,0.5959595959595959,0.5959595959595959,99,0.44,0.44,25,12.0,14.545454545454545,-9.0,2.0,0.0,0.0,10,,,,,0.6,0.6,20,0.6666666666666666,0.6666666666666666,3,0.04611982742416141,0.9842750943588453,0.8598162769219193,0.949398771777804,32.252747252747255,0.4626865671641791,0.2931726907630522,0.07228915662650602,249,0.013888888888888888,0.0,1.0,0.0,0.9824561403508771,1.0,0.5149253731343284,0.3008356545961003,0.06406685236768803,359,0.22988505747126436,0.08333333333333333,1.0,0.0,0.9264705882352942,1.0,0.5149253731343284,0.30655391120507397,0.06342494714587738,473,0.45555555555555555,0.2,1.0,0.0,0.8860759493670886,1.0,0.5223880597014925,0.3063973063973064,0.06397306397306397,594,0.5384615384615384,0.26373626373626374,1.0,0.0,0.8860759493670886,1.0,249,0,0,0,73,145,2,13,16,0,0.2931726907630522,0.927710843373494,0.07228915662650602,0.07228915662650602,0.08835341365461848,0,0,0.5757575757575758,0.5757575757575758,99,0.2,0.2,25,24.0,25.6,5.0,-1.0,0.0,0.0,10,,,,,0.25,0.25,20,0.3333333333333333,0.3333333333333333,3,0.0620725659836487,0.9870710142118143,359,73,1,72,108,183,2,45,21,0,0.3008356545961003,0.935933147632312,0.06406685236768803,0.06406685236768803,0.08635097493036212,9,168,0.5858585858585859,0.5858585858585859,99,0.44,0.44,25,20.0,16.727272727272727,-2.0,0.0,0.0,0.0,10,,,,,0.45,0.45,20,0.6666666666666666,0.6666666666666666,3,0.0489574756300081,0.9828411206417137,473,85,3,82,145,220,3,78,27,0,0.30655391120507397,0.9365750528541226,0.06342494714587738,0.0613107822410148,0.08879492600422834,13,209,0.5858585858585859,0.5858585858585859,99,0.44,0.44,25,16.0,15.636363636363637,-6.0,1.0,0.0,0.0,10,,,,,0.6,0.6,20,0.6666666666666666,0.6666666666666666,3,0.04616076146603154,0.983294437066882,594,114,5,109,182,259,4,115,34,0,0.3063973063973064,0.936026936026936,0.06397306397306397,0.06060606060606061,0.09090909090909091,13,215,0.5959595959595959,0.5959595959595959,99,0.44,0.44,25,12.0,14.545454545454545,-9.0,2.0,0.0,0.0,10,,,,,0.6,0.6,20,0.6666666666666666,0.6666666666666666,3,0.04611982742416141,0.9842750943588453,0.31666666666666665,0.41333333333333333,5.933333333333334,0.2222222222222222,0.7777777777777778,0.037037037037037035,0.8,0.07079646017699115,0.5,0.4,,13.5,280,64,208,0.7428571428571429,3,2,0,2,7,3,4,6,0.0,0,841,404800,9153600,0.044223037930431745,0.0,3358334,404800,2953534,2.7256371760521736,3.099202514682411,6.507792060061426,400000,0.13543097861747994,2794467,10243,0,439130.5285714286,167668.02000000002,0.13972335000000002,7.364335060119629,538,0,0,0,0,232,0,404800,404800,1406560,249,10,1406560,842376,359,2,842376,704598,473,1,704598,0,594,1,0,0,232,0,0,0,0.0,0,0,0,0,0,594,23,,1,,,
compression,20260917T231153-5b07_B7_mycelic_order_capped-o3-c1_s2,20260917T231153-5b07,ok,B7_mycelic,hierarchy,2,tier1,,order_capped-o3-c1,1000,10000,30,10,2,1,9df3bf594d527eb0,0.0,none,5,order_capped,3,1,sim-3b,synthetic,none,3,none,,,40.046,4.881,354.2,2026-09-17T23:16:09Z,,447,60,3,57,196,183,23,27,18,0,0.43847874720357943,0.9082774049217002,0.09172259507829977,0.04697986577181208,0.05145413870246085,15,182,0.56,0.58,100,0.88,0.88,25,15.5,15.681818181818182,-1.0,2.0,0.6,0.6,10,22.5,21.666666666666668,6.5,2.0,0.5,0.5,20,0.75,0.75,4,0.017100308982175412,0.9701204432103633,0.822430650701429,0.9067120874815259,26.923076923076923,0.45925925925925926,0.35545023696682465,0.06635071090047394,211,0.0273972602739726,0.06666666666666667,1.0,0.0,0.8867924528301887,1.0,0.6,0.40460526315789475,0.07894736842105263,304,0.23711340206185566,0.12195121951219512,1.0,0.0,0.6164383561643836,1.0,0.6370370370370371,0.42091152815013405,0.08310991957104558,373,0.3627450980392157,0.1592356687898089,1.0,0.0,0.5176470588235295,1.0,0.6370370370370371,0.43847874720357943,0.09172259507829977,447,0.4803921568627451,0.17857142857142858,1.0,0.0,0.48863636363636365,1.0,211,0,0,0,75,115,2,7,12,0,0.35545023696682465,0.933649289099526,0.06635071090047394,0.061611374407582936,0.07109004739336493,0,0,0.53,0.53,100,0.32,0.32,25,23.0,20.5,5.0,-1.0,0.1,0.1,10,24.0,24.0,8.0,-1.0,0.3,0.3,20,0.5,0.5,4,0.045553094346874504,0.9817340129812672,304,31,2,29,123,147,8,10,16,0,0.40460526315789475,0.9210526315789473,0.07894736842105263,0.05921052631578947,0.06578947368421052,11,137,0.55,0.57,100,0.8,0.8,25,15.5,16.45,0.0,0.0,0.4,0.4,10,26.0,25.75,12.0,0.0,0.5,0.5,20,0.75,0.75,4,0.0285631522680925,0.9693526259523031,373,43,3,40,157,167,14,18,17,0,0.42091152815013405,0.9168900804289544,0.08310991957104558,0.05093833780160858,0.05630026809651475,15,180,0.56,0.58,100,0.88,0.88,25,15.5,15.727272727272727,-1.0,1.0,0.6,0.6,10,22.5,21.666666666666668,6.5,1.0,0.5,0.5,20,0.75,0.75,4,0.020463430557258126,0.9695250927556496,447,60,3,57,196,183,23,27,18,0,0.43847874720357943,0.9082774049217002,0.09172259507829977,0.04697986577181208,0.05145413870246085,15,182,0.56,0.58,100,0.88,0.88,25,15.5,15.681818181818182,-1.0,2.0,0.6,0.6,10,22.5,21.666666666666668,6.5,2.0,0.5,0.5,20,0.75,0.75,4,0.017100308982175412,0.9701204432103633,0.4533333333333333,0.33666666666666667,6.25,0.41935483870967744,0.5806451612903225,0.034013605442176874,0.5,0.06369426751592357,0.7,0.2,,15.8,212,65,142,0.6698113207547169,4,3,0,2,6,4,2,3,0.0,0,814,404800,9005750,0.04494906032257169,0.0,15713790,404800,15308990,0.5731112608734112,0.5882654570941649,1.3723290194539057,400000,0.02612843825752058,10842905,10810,0,1703885.0714285714,650574.3,0.54214525,39.05143070220947,379,0,0,0,0,237,0,404800,404800,6562384,211,10,6562384,4634444,304,2,4634444,4112162,373,1,4112162,0,447,1,0,0,237,0,0,0,0.0,0,0,0,0,0,447,,4,2,1,,
compression,20260917T231153-5b07_B7_mycelic_order_capped-o3-c2_s2,20260917T231153-5b07,ok,B7_mycelic,hierarchy,2,tier1,,order_capped-o3-c2,1000,10000,30,10,2,1,9df3bf594d527eb0,0.0,none,5,order_capped,3,2,sim-3b,synthetic,none,3,none,,,22.773,4.881,346.1,2026-09-17T23:16:32Z,,436,60,3,57,192,176,25,25,18,0,0.44036697247706424,0.9013761467889908,0.09862385321100918,0.045871559633027525,0.0481651376146789,15,172,0.52,0.55,100,0.92,0.92,25,18.0,16.565217391304348,-1.0,2.0,0.6,0.6,10,23.0,22.333333333333332,8.0,2.0,0.45,0.45,20,0.75,0.75,4,0.021834225437983877,0.9759626658049563,0.849238619603986,0.9210519671422894,26.277227722772277,0.4222222222222222,0.33658536585365856,0.06829268292682927,205,0.029850746268656716,0.057971014492753624,1.0,0.0,0.9791666666666666,1.0,0.5777777777777777,0.3918918918918919,0.08445945945945946,296,0.24175824175824176,0.11206896551724138,1.0,0.0,0.6617647058823529,1.0,0.6148148148148148,0.41597796143250687,0.09090909090909091,363,0.3711340206185567,0.15894039735099338,1.0,0.0,0.5625,1.0,0.6222222222222222,0.44036697247706424,0.09862385321100918,436,0.5,0.18229166666666666,1.0,0.0,0.5421686746987951,1.0,205,0,0,0,69,116,2,6,12,0,0.33658536585365856,0.9317073170731708,0.06829268292682927,0.06341463414634146,0.06829268292682927,0,0,0.48,0.48,100,0.32,0.32,25,24.0,21.125,5.5,-1.0,0.1,0.1,10,24.0,24.0,8.0,-1.0,0.25,0.25,20,0.5,0.5,4,0.048405909572801026,0.9838530507071912,296,30,2,28,116,145,9,10,16,0,0.3918918918918919,0.9155405405405406,0.08445945945945946,0.060810810810810814,0.06418918918918919,11,133,0.51,0.54,100,0.8,0.8,25,18.0,17.75,1.0,0.0,0.4,0.4,10,26.0,26.0,12.0,0.0,0.4,0.4,20,0.75,0.75,4,0.0357902445296625,0.9749794337188518,363,43,3,40,151,162,16,17,17,0,0.41597796143250687,0.9090909090909091,0.09090909090909091,0.05234159779614325,0.05509641873278237,15,171,0.52,0.55,100,0.88,0.88,25,18.0,17.318181818181817,0.5,1.0,0.6,0.6,10,23.0,22.333333333333332,8.0,1.0,0.45,0.45,20,0.75,0.75,4,0.02799360013374738,0.9756520023376042,436,60,3,57,192,176,25,25,18,0,0.44036697247706424,0.9013761467889908,0.09862385321100918,0.045871559633027525,0.0481651376146789,15,172,0.52,0.55,100,0.92,0.92,25,18.0,16.565217391304348,-1.0,2.0,0.6,0.6,10,23.0,22.333333333333332,8.0,2.0,0.45,0.45,20,0.75,0.75,4,0.021834225437983877,0.9759626658049563,0.4,0.3466666666666667,6.4375,0.3467741935483871,0.6532258064516129,0.03597122302158273,0.5,0.06711409395973154,0.7,0.2,,16.0,201,62,134,0.6666666666666666,4,3,0,2,6,4,2,3,0.0,0,814,404800,9005750,0.04494906032257169,0.0,12609225,404800,12204425,0.7142191530407301,0.7379085864348381,1.651968641440947,400000,0.032774997593086115,7667012,10432,0,1204816.1714285712,460020.72,0.3833506,21.727808237075806,355,0,0,0,0,237,0,404800,404800,5451526,205,10,5451526,3610776,296,2,3610776,3142123,363,1,3142123,0,436,1,0,0,237,0,0,0,0.0,0,0,0,0,0,436,,4,2,,,
compression,20260917T231153-5b07_B7_mycelic_order_capped-o3-c1_s1,20260917T231153-5b07,ok,B7_mycelic,hierarchy,1,tier1,,order_capped-o3-c1,1000,10000,30,10,2,1,d4b3bd09fd427f49,0.0,none,5,order_capped,3,1,sim-3b,synthetic,none,3,none,,,41.569,7.739,344.5,2026-09-17T23:16:38Z,,594,116,5,111,190,246,37,84,37,0,0.31986531986531985,0.8754208754208754,0.12457912457912458,0.06565656565656566,0.08585858585858586,13,190,0.5858585858585859,0.6060606060606061,99,0.88,0.88,25,17.0,16.5,-2.0,2.0,0.4,0.4,10,18.0,18.0,3.0,2.0,0.6,0.6,20,1.0,1.0,3,0.040409799340174565,0.9745061714697676,0.8307855327401207,0.9505736144039569,30.25,0.44029850746268656,0.3116279069767442,0.07441860465116279,215,0.0,0.0,1.0,0.0,0.9454545454545454,1.0,0.5970149253731343,0.3385579937304075,0.09090909090909091,319,0.17391304347826086,0.05555555555555555,1.0,0.0,0.6575342465753424,1.0,0.6268656716417911,0.32882882882882886,0.10585585585585586,444,0.3137254901960784,0.14383561643835616,1.0,0.0,0.5465116279069767,1.0,0.6417910447761194,0.31986531986531985,0.12457912457912458,594,0.4528301886792453,0.1736842105263158,1.0,0.0,0.5113636363636364,1.0,215,0,0,0,67,124,1,8,15,0,0.3116279069767442,0.9255813953488372,0.07441860465116279,0.06976744186046512,0.07906976744186046,0,0,0.5555555555555556,0.5555555555555556,99,0.12,0.12,25,26.0,25.666666666666668,4.0,-1.0,0.1,0.1,10,19.0,19.0,2.0,-1.0,0.2,0.2,20,0.0,0.0,3,0.05657068782644656,0.9868032459659815,319,68,0,68,108,158,8,24,21,0,0.3385579937304075,0.9090909090909091,0.09090909090909091,0.06583072100313479,0.07210031347962383,7,150,0.5555555555555556,0.5959595959595959,99,0.72,0.72,25,18.0,17.333333333333332,1.5,0.0,0.3,0.3,10,19.0,18.333333333333332,5.0,0.0,0.35,0.35,20,0.6666666666666666,0.6666666666666666,3,0.03889934644878911,0.9730686254456543,444,85,3,82,146,202,18,49,29,0,0.32882882882882886,0.8941441441441441,0.10585585585585586,0.06756756756756757,0.08558558558558559,13,178,0.5656565656565656,0.5959595959595959,99,0.84,0.84,25,17.0,17.0,-1.0,1.0,0.4,0.4,10,18.5,18.25,3.5,1.0,0.55,0.55,20,1.0,1.0,3,0.04083584877146412,0.9732682812038966,594,116,5,111,190,246,37,84,37,0,0.31986531986531985,0.8754208754208754,0.12457912457912458,0.06565656565656566,0.08585858585858586,13,190,0.5858585858585859,0.6060606060606061,99,0.88,0.88,25,17.0,16.5,-2.0,2.0,0.4,0.4,10,18.0,18.0,3.0,2.0,0.6,0.6,20,1.0,1.0,3,0.040409799340174565,0.9745061714697676,0.39666666666666667,0.35333333333333333,6.235294117647059,0.4513888888888889,0.5486111111111112,0.03349282296650718,0.7,0.0639269406392694,0.6,0.4,,11.571428571428571,273,64,202,0.73992673992674,3,3,0,1,7,3,4,6,0.0,0,841,404800,9153600,0.044223037930431745,1.0158884960786704e-05,16191188,404800,15786388,0.5653445565575547,0.5798413164556705,1.3509624367621886,400000,0.025338285109931417,10815917,10810,0,1699644.0999999999,648955.02,0.54079585,40.24031448364258,508,0,0,0,0,232,0,404800,404800,6775614,215,10,6775614,4727340,319,2,4727340,4283434,444,1,4283434,0,594,1,0,0,232,0,0,0,0.0,0,0,0,0,0,594,2,5,2,,,
compression,20260917T231153-5b07_B7_mycelic_order_capped-o3-c4_s2,20260917T231153-5b07,ok,B7_mycelic,hierarchy,2,tier1,,order_capped-o3-c4,1000,10000,30,10,2,1,9df3bf594d527eb0,0.0,none,5,order_capped,3,4,sim-3b,synthetic,none,3,none,,,14.396,4.881,342.2,2026-09-17T23:16:47Z,,421,56,2,54,193,167,20,23,18,0,0.4584323040380047,0.9097387173396675,0.09026128266033254,0.047505938242280284,0.0498812351543943,13,170,0.51,0.54,100,0.92,0.92,25,20.0,17.782608695652176,1.0,2.0,0.6,0.6,10,24.0,24.0,10.5,2.0,0.5,0.5,20,0.75,0.75,4,0.034084126348954365,0.9837088214349012,0.8794972572867932,0.9187935185758812,26.346534653465348,0.4074074074074074,0.3282828282828283,0.06060606060606061,198,0.031746031746031744,0.046153846153846156,1.0,0.0,0.9787234042553191,1.0,0.5703703703703704,0.38831615120274915,0.07903780068728522,291,0.21978021978021978,0.09734513274336283,1.0,0.0,0.8805970149253731,1.0,0.6074074074074074,0.42492917847025496,0.08498583569405099,353,0.38144329896907214,0.16,1.0,0.0,0.8,1.0,0.6148148148148148,0.4584323040380047,0.09026128266033254,421,0.5102040816326531,0.19170984455958548,1.0,0.0,0.7831325301204819,1.0,198,0,0,0,65,114,2,7,10,0,0.3282828282828283,0.9393939393939394,0.06060606060606061,0.05555555555555555,0.06060606060606061,0,0,0.47,0.47,100,0.28,0.28,25,24.0,22.428571428571427,6.0,-1.0,0.1,0.1,10,24.0,24.0,8.0,-1.0,0.15,0.15,20,0.5,0.5,4,0.04350117899578296,0.9856647918384699,291,30,2,28,113,141,9,14,14,0,0.38831615120274915,0.9209621993127147,0.07903780068728522,0.054982817869415807,0.058419243986254296,9,126,0.5,0.53,100,0.8,0.8,25,20.0,18.85,2.5,0.0,0.4,0.4,10,28.0,27.0,14.0,0.0,0.45,0.45,20,0.75,0.75,4,0.041199038123303264,0.9820650059280577,353,41,2,39,150,155,14,18,16,0,0.42492917847025496,0.9150141643059491,0.08498583569405099,0.05099150141643059,0.053824362606232294,13,169,0.51,0.54,100,0.88,0.88,25,20.0,18.227272727272727,1.5,1.0,0.6,0.6,10,24.0,24.0,10.5,1.0,0.5,0.5,20,0.75,0.75,4,0.03759258763012966,0.9831789803530298,421,56,2,54,193,167,20,23,18,0,0.4584323040380047,0.9097387173396675,0.09026128266033254,0.047505938242280284,0.0498812351543943,13,170,0.51,0.54,100,0.92,0.92,25,20.0,17.782608695652176,1.0,2.0,0.6,0.6,10,24.0,24.0,10.5,2.0,0.5,0.5,20,0.75,0.75,4,0.034084126348954365,0.9837088214349012,0.35,0.38666666666666666,6.823529411764706,0.22580645161290322,0.7741935483870968,0.023255813953488372,0.3,0.04316546762589928,0.7,0.2,,20.0,191,62,126,0.6596858638743456,4,3,0,2,6,4,2,1,0.0,0,814,404800,9005750,0.04494906032257169,0.0,9935935,404800,9531135,0.9063817345826034,0.9448769742533287,2.044645155900007,400000,0.041967719479369454,5797683,10243,0,911064.4714285714,347860.98,0.28988415,13.452155590057373,331,0,0,0,0,237,0,404800,404800,4404554,198,10,4404554,2762685,291,2,2762685,2363896,353,1,2363896,0,421,1,0,0,237,0,0,0,0.0,0,0,0,0,0,421,,4,2,,,
compression,20260917T231153-5b07_B7_mycelic_order2_plus_significant-o1-c1_s2,20260917T231153-5b07,ok,B7_mycelic,hierarchy,2,tier1,,order2_plus_significant-o1-c1,1000,10000,30,10,2,1,9df3bf594d527eb0,0.0,none,5,order2_plus_significant,1,1,sim-3b,synthetic,none,3,none,,,10.671,4.881,328.3,2026-09-17T23:16:57Z,,282,22,3,19,33,217,0,8,24,0,0.11702127659574468,0.9148936170212766,0.0851063829787234,0.10283687943262411,0.13829787234042554,18,165,0.0,0.0,100,0.0,0.0,25,,,,,0.0,0.0,10,,,,,0.0,0.0,20,0.0,0.0,4,0.07657723595242329,0.9689272055098778,0.6140059889499956,0.9984375,24.0,0.0,0.06598984771573604,0.09137055837563451,197,0.2222222222222222,0.15384615384615385,1.0,0.0,,1.0,0.0,0.08936170212765958,0.0851063829787234,235,0.8888888888888888,0.14285714285714285,1.0,0.0,,1.0,0.0,0.10344827586206896,0.0842911877394636,261,0.8,0.14814814814814814,1.0,0.0,,1.0,0.0,0.11702127659574468,0.0851063829787234,282,0.9,0.15151515151515152,1.0,0.0,,1.0,197,0,0,0,13,159,0,7,18,0,0.06598984771573604,0.9086294416243654,0.09137055837563451,0.10152284263959391,0.14213197969543148,0,0,0.0,0.0,100,0.0,0.0,25,,,,,0.0,0.0,10,,,,,0.0,0.0,20,0.0,0.0,4,0.08666018533244288,0.9851373426928488,235,23,2,21,21,186,0,8,20,0,0.08936170212765958,0.9148936170212766,0.0851063829787234,0.09361702127659574,0.13617021276595745,15,124,0.0,0.0,100,0.0,0.0,25,,,,,0.0,0.0,10,,,,,0.0,0.0,20,0.0,0.0,4,0.0654646155862889,0.9660718130977877,261,20,3,17,27,204,0,8,22,0,0.10344827586206896,0.9157088122605364,0.0842911877394636,0.09578544061302682,0.13409961685823754,18,163,0.0,0.0,100,0.0,0.0,25,,,,,0.0,0.0,10,,,,,0.0,0.0,20,0.0,0.0,4,0.06844624967714932,0.9674603930304145,282,22,3,19,33,217,0,8,24,0,0.11702127659574468,0.9148936170212766,0.0851063829787234,0.10283687943262411,0.13829787234042554,18,165,0.0,0.0,100,0.0,0.0,25,,,,,0.0,0.0,10,,,,,0.0,0.0,20,0.0,0.0,4,0.07657723595242329,0.9689272055098778,0.48333333333333334,0.0,,,,0.0,0.0,0.0,0.6,0.0,,,160,0,160,1.0,4,0,0,0,6,6,0,0,0.0,0,814,404800,9005750,0.04494906032257169,0.0,1390986,404800,986186,6.474364227964911,9.1318980395179,21.123597350446595,400000,0.4056029998397868,2103437,10810,0,330540.1,126206.22,0.10517185,10.15337586402893,325,0,0,0,0,237,0,404800,404800,426336,197,10,426336,294102,235,2,294102,265748,261,1,265748,0,282,1,0,0,237,0,0,0,0.0,0,0,0,0,0,282,35,,,,,
compression,20260917T231153-5b07_B7_mycelic_order_capped-o3-c2_s1,20260917T231153-5b07,ok,B7_mycelic,hierarchy,1,tier1,,order_capped-o3-c2,1000,10000,30,10,2,1,d4b3bd09fd427f49,0.0,none,5,order_capped,3,2,sim-3b,synthetic,none,3,none,,,23.91,7.739,331.2,2026-09-17T23:17:02Z,,569,109,4,105,189,236,33,72,39,0,0.3321616871704745,0.8734622144112478,0.1265377855887522,0.06854130052724078,0.07908611599297012,12,183,0.5858585858585859,0.6060606060606061,99,0.88,0.88,25,18.0,17.454545454545453,-1.5,2.0,0.4,0.4,10,18.0,18.5,3.5,2.0,0.6,0.6,20,1.0,1.0,3,0.047814806601182695,0.979273506073942,0.8425291672444524,0.9514344910723284,29.962962962962962,0.44029850746268656,0.3160377358490566,0.08018867924528301,212,0.0,0.0,1.0,0.0,0.9454545454545454,1.0,0.5970149253731343,0.3450479233226837,0.09584664536741214,313,0.14893617021276595,0.06481481481481481,1.0,0.0,0.7123287671232876,1.0,0.6268656716417911,0.337995337995338,0.10955710955710955,429,0.3235294117647059,0.14482758620689656,1.0,0.0,0.627906976744186,1.0,0.6417910447761194,0.3321616871704745,0.1265377855887522,569,0.44339622641509435,0.1746031746031746,1.0,0.0,0.6022727272727273,1.0,212,0,0,0,67,121,1,7,16,0,0.3160377358490566,0.9198113207547169,0.08018867924528301,0.07547169811320754,0.08490566037735849,0,0,0.5555555555555556,0.5555555555555556,99,0.12,0.12,25,26.0,26.0,5.0,-1.0,0.1,0.1,10,20.0,20.0,3.0,-1.0,0.2,0.2,20,0.0,0.0,3,0.0627503322133993,0.9872786341001919,313,67,0,67,108,154,8,21,22,0,0.3450479233226837,0.9041533546325878,0.09584664536741214,0.07028753993610223,0.07667731629392971,7,144,0.5555555555555556,0.5959595959595959,99,0.72,0.72,25,20.0,18.666666666666668,2.0,0.0,0.3,0.3,10,20.0,19.333333333333332,6.0,0.0,0.45,0.45,20,0.6666666666666666,0.6666666666666666,3,0.04839914139340195,0.9781116014572997,429,81,2,79,145,195,17,42,30,0,0.337995337995338,0.8904428904428905,0.10955710955710955,0.06993006993006994,0.08158508158508158,12,171,0.5656565656565656,0.5959595959595959,99,0.84,0.84,25,18.0,18.0,-1.0,1.0,0.4,0.4,10,19.0,19.0,4.5,1.0,0.55,0.55,20,1.0,1.0,3,0.048508487787268496,0.9785784178571986,569,109,4,105,189,236,33,72,39,0,0.3321616871704745,0.8734622144112478,0.1265377855887522,0.06854130052724078,0.07908611599297012,12,183,0.5858585858585859,0.6060606060606061,99,0.88,0.88,25,18.0,17.454545454545453,-1.5,2.0,0.4,0.4,10,18.0,18.5,3.5,2.0,0.6,0.6,20,1.0,1.0,3,0.047814806601182695,0.979273506073942,0.36666666666666664,0.37666666666666665,6.6875,0.3055555555555556,0.6944444444444444,0.03763440860215054,0.7,0.07142857142857144,0.6,0.4,,12.0,250,64,179,0.716,3,3,0,1,7,3,4,6,0.0,0,841,404800,9153600,0.044223037930431745,1.0158884960786704e-05,12832922,404800,12428122,0.713290394814213,0.7365231850797731,1.6446100106040118,400000,0.03218507188777194,7644879,10432,0,1201338.1285714286,458692.74,0.38224395,22.620692253112793,474,0,0,0,0,232,0,404800,404800,5565818,212,10,5565818,3631468,313,2,3631468,3230836,429,1,3230836,0,569,1,0,0,232,0,0,0,0.0,0,0,0,0,0,569,2,5,2,,,
compression,20260917T231153-5b07_B7_mycelic_order2_plus_significant-o1-c2_s2,20260917T231153-5b07,ok,B7_mycelic,hierarchy,2,tier1,,order2_plus_significant-o1-c2,1000,10000,30,10,2,1,9df3bf594d527eb0,0.0,none,5,order2_plus_significant,1,2,sim-3b,synthetic,none,3,none,,,5.941,4.881,328.3,2026-09-17T23:17:03Z,,266,21,2,19,33,206,0,9,18,0,0.12406015037593984,0.9323308270676691,0.06766917293233082,0.07894736842105263,0.11654135338345864,16,159,0.0,0.0,100,0.0,0.0,25,,,,,0.0,0.0,10,,,,,0.0,0.0,20,0.0,0.0,4,0.0574859505151203,0.9754677809527508,0.48965776269850736,0.9984375,26.0,0.0,0.07142857142857142,0.08163265306122448,196,0.3333333333333333,0.14285714285714285,1.0,0.0,,1.0,0.0,0.09956709956709957,0.07792207792207792,231,0.9,0.13043478260869565,1.0,0.0,,1.0,0.0,0.112,0.072,250,0.9,0.14285714285714285,1.0,0.0,,1.0,0.0,0.12406015037593984,0.06766917293233082,266,0.9,0.15151515151515152,1.0,0.0,,1.0,196,0,0,0,14,159,0,7,16,0,0.07142857142857142,0.9183673469387755,0.08163265306122448,0.08673469387755102,0.12755102040816327,0,0,0.0,0.0,100,0.0,0.0,25,,,,,0.0,0.0,10,,,,,0.0,0.0,20,0.0,0.0,4,0.07433947230193973,0.9865757642866256,231,21,2,19,23,181,0,9,18,0,0.09956709956709957,0.922077922077922,0.07792207792207792,0.08225108225108226,0.12554112554112554,13,124,0.0,0.0,100,0.0,0.0,25,,,,,0.0,0.0,10,,,,,0.0,0.0,20,0.0,0.0,4,0.0602318932233521,0.9744447369307535,250,20,2,18,28,195,0,9,18,0,0.112,0.928,0.072,0.08,0.12,16,159,0.0,0.0,100,0.0,0.0,25,,,,,0.0,0.0,10,,,,,0.0,0.0,20,0.0,0.0,4,0.05806622278983594,0.9747988903754748,266,21,2,19,33,206,0,9,18,0,0.12406015037593984,0.9323308270676691,0.06766917293233082,0.07894736842105263,0.11654135338345864,16,159,0.0,0.0,100,0.0,0.0,25,,,,,0.0,0.0,10,,,,,0.0,0.0,20,0.0,0.0,4,0.0574859505151203,0.9754677809527508,0.48333333333333334,0.0,,,,0.0,0.0,0.0,0.6,0.0,,,153,0,153,1.0,4,0,0,0,6,6,0,0,0.0,0,814,404800,9005750,0.04494906032257169,0.0,1261498,404800,856698,7.13893323651722,10.51216414652538,25.532726231450976,400000,0.4669089924337398,2044445,10432,0,321269.9285714286,122666.7,0.10222225,5.424973964691162,305,0,0,0,0,237,0,404800,404800,352714,196,10,352714,259868,231,2,259868,244116,250,1,244116,0,266,1,0,0,237,0,0,0,0.0,0,0,0,0,0,266,35,,,,,
compression,20260917T231153-5b07_B7_mycelic_order2_plus_significant-o1-c4_s2,20260917T231153-5b07,ok,B7_mycelic,hierarchy,2,tier1,,order2_plus_significant-o1-c4,1000,10000,30,10,2,1,9df3bf594d527eb0,0.0,none,5,order2_plus_significant,1,4,sim-3b,synthetic,none,3,none,,,3.79,4.881,328.3,2026-09-17T23:17:07Z,,246,21,1,20,25,197,0,10,14,0,0.1016260162601626,0.943089430894309,0.056910569105691054,0.06097560975609756,0.1016260162601626,13,155,0.0,0.0,100,0.0,0.0,25,,,,,0.0,0.0,10,,,,,0.0,0.0,20,0.0,0.0,4,0.04985793750676828,0.9833896192615906,0.4113416147745534,0.996875,34.1,0.0,0.061855670103092786,0.07216494845360824,194,0.2222222222222222,0.16666666666666666,1.0,0.0,,1.0,0.0,0.08558558558558559,0.06306306306306306,222,0.6,0.15789473684210525,1.0,0.0,,1.0,0.0,0.09361702127659574,0.059574468085106386,235,0.6,0.18181818181818182,1.0,0.0,,1.0,0.0,0.1016260162601626,0.056910569105691054,246,0.6,0.2,1.0,0.0,,1.0,194,0,0,0,12,160,0,8,14,0,0.061855670103092786,0.9278350515463918,0.07216494845360824,0.07731958762886598,0.12371134020618557,0,0,0.0,0.0,100,0.0,0.0,25,,,,,0.0,0.0,10,,,,,0.0,0.0,20,0.0,0.0,4,0.06408093164020673,0.9867613440113407,222,20,1,19,19,179,0,10,14,0,0.08558558558558559,0.9369369369369369,0.06306306306306306,0.06756756756756757,0.11261261261261261,11,122,0.0,0.0,100,0.0,0.0,25,,,,,0.0,0.0,10,,,,,0.0,0.0,20,0.0,0.0,4,0.05578191497374957,0.9821278325939583,235,20,1,19,22,189,0,10,14,0,0.09361702127659574,0.9404255319148936,0.059574468085106386,0.06382978723404255,0.10638297872340426,13,154,0.0,0.0,100,0.0,0.0,25,,,,,0.0,0.0,10,,,,,0.0,0.0,20,0.0,0.0,4,0.05245707309855851,0.9828774718716917,246,21,1,20,25,197,0,10,14,0,0.1016260162601626,0.943089430894309,0.056910569105691054,0.06097560975609756,0.1016260162601626,13,155,0.0,0.0,100,0.0,0.0,25,,,,,0.0,0.0,10,,,,,0.0,0.0,20,0.0,0.0,4,0.04985793750676828,0.9833896192615906,0.48333333333333334,0.0,,,,0.0,0.0,0.0,0.6,0.0,,,142,0,142,1.0,4,0,0,0,6,6,0,0,0.0,0,814,404800,9005750,0.04494906032257169,0.0,1352088,404800,947288,6.660624160557597,9.50687647262501,24.734955642835562,400000,0.4222580672403746,2053748,10243,0,322731.8285714286,123224.88,0.10268740000000001,3.3092405796051025,277,0,0,0,0,237,0,404800,404800,364090,194,10,364090,297428,222,2,297428,285770,235,1,285770,0,246,1,0,0,237,0,0,0,0.0,0,0,0,0,0,246,35,,,,,
compression,20260917T231153-5b07_B7_mycelic_order_capped-o3-c4_s1,20260917T231153-5b07,ok,B7_mycelic,hierarchy,1,tier1,,order_capped-o3-c4,1000,10000,30,10,2,1,d4b3bd09fd427f49,0.0,none,5,order_capped,3,4,sim-3b,synthetic,none,3,none,,,15.033,7.739,334.7,2026-09-17T23:17:17Z,,556,107,5,102,186,235,36,68,31,0,0.3345323741007194,0.8794964028776978,0.12050359712230216,0.05575539568345324,0.0737410071942446,11,177,0.5656565656565656,0.5858585858585859,99,0.88,0.88,25,20.0,18.545454545454547,-1.0,2.0,0.4,0.4,10,20.0,20.0,5.0,2.0,0.6,0.6,20,0.6666666666666666,0.6666666666666666,3,0.04227107611284664,0.9851923504999011,0.8740750699581826,0.9622343397127174,29.60952380952381,0.41044776119402987,0.3073170731707317,0.07317073170731707,205,0.0,0.0,1.0,0.0,0.9807692307692307,1.0,0.5746268656716418,0.3344155844155844,0.08441558441558442,308,0.14444444444444443,0.08737864077669903,1.0,0.0,0.9142857142857143,1.0,0.6119402985074627,0.3357142857142857,0.10238095238095238,420,0.32,0.1702127659574468,1.0,0.0,0.8690476190476191,1.0,0.6268656716417911,0.3345323741007194,0.12050359712230216,556,0.47572815533980584,0.1989247311827957,1.0,0.0,0.8588235294117647,1.0,205,0,0,0,63,119,0,8,15,0,0.3073170731707317,0.926829268292683,0.07317073170731707,0.07317073170731707,0.08780487804878048,0,0,0.5252525252525253,0.5252525252525253,99,0.08,0.08,25,26.0,26.0,3.5,-1.0,0.1,0.1,10,20.0,20.0,3.0,-1.0,0.2,0.2,20,0.0,0.0,3,0.060460288918616364,0.9872895572112994,308,66,1,65,103,156,7,23,19,0,0.3344155844155844,0.9155844155844156,0.08441558441558442,0.06168831168831169,0.07142857142857142,7,142,0.5252525252525253,0.5656565656565656,99,0.72,0.72,25,20.0,19.166666666666668,2.0,0.0,0.3,0.3,10,20.0,20.0,6.0,0.0,0.45,0.45,20,0.3333333333333333,0.3333333333333333,3,0.048568914483918334,0.9844917344813282,420,80,3,77,141,195,18,41,25,0,0.3357142857142857,0.8976190476190476,0.10238095238095238,0.05952380952380952,0.0761904761904762,11,171,0.5454545454545454,0.5757575757575758,99,0.84,0.84,25,20.0,19.047619047619047,-1.0,1.0,0.4,0.4,10,20.0,20.0,5.0,1.0,0.6,0.6,20,0.6666666666666666,0.6666666666666666,3,0.04623992885282492,0.9849642825652112,556,107,5,102,186,235,36,68,31,0,0.3345323741007194,0.8794964028776978,0.12050359712230216,0.05575539568345324,0.0737410071942446,11,177,0.5656565656565656,0.5858585858585859,99,0.88,0.88,25,20.0,18.545454545454547,-1.0,2.0,0.4,0.4,10,20.0,20.0,5.0,2.0,0.6,0.6,20,0.6666666666666666,0.6666666666666666,3,0.04227107611284664,0.9851923504999011,0.33,0.4,5.666666666666667,0.2152777777777778,0.7847222222222222,0.03954802259887006,0.7,0.07486631016042782,0.5,0.4,,13.142857142857142,239,62,170,0.7112970711297071,3,2,0,1,7,3,4,6,0.0,0,841,404800,9153600,0.044223037930431745,1.0158884960786704e-05,10009926,404800,9605126,0.9144523146324958,0.9529911424379024,2.0567946396070482,400000,0.04164443027608383,5770662,10243,0,906818.3142857143,346239.72000000003,0.28853310000000004,13.806028127670288,452,0,0,0,0,232,0,404800,404800,4450420,205,10,4450420,2753910,308,2,2753910,2400796,420,1,2400796,0,556,1,0,0,232,0,0,0,0.0,0,0,0,0,0,556,2,5,2,,,
compression,20260917T231153-5b07_B7_mycelic_order2_plus_significant-o2-c1_s2,20260917T231153-5b07,ok,B7_mycelic,hierarchy,2,tier1,,order2_plus_significant-o2-c1,1000,10000,30,10,2,1,9df3bf594d527eb0,0.0,none,5,order2_plus_significant,2,1,sim-3b,synthetic,none,3,none,,,21.009,4.881,328.7,2026-09-17T23:17:28Z,,479,65,2,63,184,227,2,44,22,0,0.38413361169102295,0.9498956158663883,0.05010438413361169,0.05010438413361169,0.05845511482254697,12,215,0.63,0.64,100,0.56,0.56,25,11.5,11.642857142857142,-3.5,2.0,0.0,0.0,10,,,,,0.55,0.55,20,0.75,0.75,4,0.02586335214498894,0.9720751183571059,0.7689416077259384,0.900811986636542,33.95,0.5111111111111111,0.36254980079681276,0.043824701195219126,251,0.05813953488372093,0.08791208791208792,1.0,0.0,0.95,1.0,0.5703703703703704,0.3830409356725146,0.04093567251461988,342,0.2755102040816326,0.1450381679389313,1.0,0.0,0.5675675675675675,1.0,0.5777777777777777,0.3795620437956204,0.046228710462287104,411,0.3333333333333333,0.1858974358974359,1.0,0.0,0.5,1.0,0.5777777777777777,0.38413361169102295,0.05010438413361169,479,0.3939393939393939,0.22282608695652173,1.0,0.0,0.5060240963855421,1.0,251,0,0,0,91,141,0,8,11,0,0.36254980079681276,0.9561752988047809,0.043824701195219126,0.043824701195219126,0.05179282868525897,0,0,0.6,0.6,100,0.36,0.36,25,21.0,19.555555555555557,4.0,-1.0,0.0,0.0,10,,,,,0.4,0.4,20,0.75,0.75,4,0.031363133042054174,0.985915118408361,342,40,2,38,131,180,0,17,14,0,0.3830409356725146,0.9590643274853801,0.04093567251461988,0.04093567251461988,0.05263157894736842,9,164,0.62,0.63,100,0.56,0.56,25,13.0,14.071428571428571,-1.5,0.0,0.0,0.0,10,,,,,0.55,0.55,20,0.75,0.75,4,0.01697634660143489,0.9708943466646314,411,50,2,48,156,205,1,31,18,0,0.3795620437956204,0.9537712895377128,0.046228710462287104,0.046228710462287104,0.05596107055961071,12,211,0.63,0.64,100,0.56,0.56,25,11.5,11.714285714285714,-3.0,1.0,0.0,0.0,10,,,,,0.55,0.55,20,0.75,0.75,4,0.021441406731108004,0.9709193532410935,479,65,2,63,184,227,2,44,22,0,0.38413361169102295,0.9498956158663883,0.05010438413361169,0.05010438413361169,0.05845511482254697,12,215,0.63,0.64,100,0.56,0.56,25,11.5,11.642857142857142,-3.5,2.0,0.0,0.0,10,,,,,0.55,0.55,20,0.75,0.75,4,0.02586335214498894,0.9720751183571059,0.43666666666666665,0.37333333333333335,6.529411764705882,0.45038167938931295,0.549618320610687,0.03636363636363636,0.6,0.06857142857142856,0.6,0.3,,16.166666666666668,234,69,159,0.6794871794871795,4,3,0,3,6,3,3,3,0.0,0,814,404800,9005750,0.04494906032257169,0.0,5139646,404800,4734846,1.7522121173325944,1.902015398177681,4.073016938359423,400000,0.08448004433512726,3848895,10810,0,604826.3571428572,230933.7,0.19244475,19.920510053634644,440,0,0,0,0,237,0,404800,404800,2211076,251,10,2211076,1369620,342,2,1369620,1154150,411,1,1154150,0,479,1,0,0,237,0,0,0,0.0,0,0,0,0,0,479,20,1,,,,
compression,20260917T231153-5b07_B7_mycelic_order2_plus_significant-o1-c1_s1,20260917T231153-5b07,ok,B7_mycelic,hierarchy,1,tier1,,order2_plus_significant-o1-c1,1000,10000,30,10,2,1,d4b3bd09fd427f49,0.0,none,5,order2_plus_significant,1,1,sim-3b,synthetic,none,3,none,,,13.33,7.739,322.9,2026-09-17T23:17:31Z,,351,90,5,85,22,269,0,32,28,0,0.06267806267806268,0.9202279202279202,0.07977207977207977,0.08262108262108261,0.1452991452991453,14,201,0.0,0.0,99,0.0,0.0,25,,,,,0.0,0.0,10,,,,,0.0,0.0,20,0.0,0.0,3,0.05308184819674711,0.9704607655756647,0.6439282944228774,0.9976851851851851,19.25,0.0,0.03508771929824561,0.05701754385964912,228,0.3333333333333333,0.0,1.0,0.0,,1.0,0.0,0.052434456928838954,0.07116104868913857,267,0.7142857142857143,0.0,1.0,0.0,,1.0,0.0,0.05750798722044728,0.07667731629392971,313,0.625,0.0,1.0,0.0,,1.0,0.0,0.06267806267806268,0.07977207977207977,351,0.75,0.0,1.0,0.0,,1.0,228,0,0,0,8,197,0,10,13,0,0.03508771929824561,0.9429824561403509,0.05701754385964912,0.06140350877192982,0.08771929824561403,0,0,0.0,0.0,99,0.0,0.0,25,,,,,0.0,0.0,10,,,,,0.0,0.0,20,0.0,0.0,3,0.04398079638351912,0.9825772876115892,267,59,2,57,14,218,0,16,19,0,0.052434456928838954,0.9288389513108615,0.07116104868913857,0.0749063670411985,0.10112359550561797,7,158,0.0,0.0,99,0.0,0.0,25,,,,,0.0,0.0,10,,,,,0.0,0.0,20,0.0,0.0,3,0.04246315341720337,0.967556786376005,313,71,3,68,18,246,0,25,24,0,0.05750798722044728,0.9233226837060703,0.07667731629392971,0.07987220447284345,0.13099041533546327,13,195,0.0,0.0,99,0.0,0.0,25,,,,,0.0,0.0,10,,,,,0.0,0.0,20,0.0,0.0,3,0.04861409596034953,0.9687418914875063,351,90,5,85,22,269,0,32,28,0,0.06267806267806268,0.9202279202279202,0.07977207977207977,0.08262108262108261,0.1452991452991453,14,201,0.0,0.0,99,0.0,0.0,25,,,,,0.0,0.0,10,,,,,0.0,0.0,20,0.0,0.0,3,0.05308184819674711,0.9704607655756647,0.48,0.0,,,,0.0,0.0,0.0,0.7,0.0,,,204,0,204,1.0,3,0,0,0,7,7,0,0,0.0,0,841,404800,9153600,0.044223037930431745,0.0,1576648,404800,1171848,5.805734697916085,7.811251971245418,19.718661812541736,400000,0.34134119783453143,2149806,10810,0,337826.65714285715,128988.36,0.10749030000000001,12.598169326782227,458,0,0,0,0,232,0,404800,404800,464210,228,10,464210,357168,267,2,357168,350470,313,1,350470,0,351,1,0,0,232,0,0,0,0.0,0,0,0,0,0,351,35,,,,,
compression,20260917T231153-5b07_B7_mycelic_order2_plus_significant-o1-c2_s1,20260917T231153-5b07,ok,B7_mycelic,hierarchy,1,tier1,,order2_plus_significant-o1-c2,1000,10000,30,10,2,1,d4b3bd09fd427f49,0.0,none,5,order2_plus_significant,1,2,sim-3b,synthetic,none,3,none,,,7.386,7.739,322.9,2026-09-17T23:17:38Z,,329,67,2,65,21,258,0,29,21,0,0.06382978723404255,0.9361702127659575,0.06382978723404255,0.0668693009118541,0.11550151975683891,12,200,0.0,0.0,99,0.0,0.0,25,,,,,0.0,0.0,10,,,,,0.0,0.0,20,0.0,0.0,3,0.04279162828408389,0.97592232737223,0.5066757300491201,0.9973544973544973,29.857142857142858,0.0,0.0391304347826087,0.05652173913043478,230,0.2857142857142857,0.0,1.0,0.0,,1.0,0.0,0.05660377358490566,0.06415094339622641,265,0.8571428571428571,0.0,1.0,0.0,,1.0,0.0,0.059800664451827246,0.06312292358803986,301,0.8571428571428571,0.0,1.0,0.0,,1.0,0.0,0.06382978723404255,0.06382978723404255,329,0.8571428571428571,0.0,1.0,0.0,,1.0,230,0,0,0,9,198,0,10,13,0,0.0391304347826087,0.9434782608695652,0.05652173913043478,0.06086956521739131,0.08695652173913043,0,0,0.0,0.0,99,0.0,0.0,25,,,,,0.0,0.0,10,,,,,0.0,0.0,20,0.0,0.0,3,0.04330704951717269,0.9824374842997814,265,46,0,46,15,216,0,17,17,0,0.05660377358490566,0.9358490566037736,0.06415094339622641,0.06792452830188679,0.09433962264150944,7,158,0.0,0.0,99,0.0,0.0,25,,,,,0.0,0.0,10,,,,,0.0,0.0,20,0.0,0.0,3,0.04134191892002837,0.9734173906181416,301,53,1,52,18,240,0,24,19,0,0.059800664451827246,0.9368770764119602,0.06312292358803986,0.0664451827242525,0.10963455149501661,12,195,0.0,0.0,99,0.0,0.0,25,,,,,0.0,0.0,10,,,,,0.0,0.0,20,0.0,0.0,3,0.041075173123611565,0.9746299903993592,329,67,2,65,21,258,0,29,21,0,0.06382978723404255,0.9361702127659575,0.06382978723404255,0.0668693009118541,0.11550151975683891,12,200,0.0,0.0,99,0.0,0.0,25,,,,,0.0,0.0,10,,,,,0.0,0.0,20,0.0,0.0,3,0.04279162828408389,0.97592232737223,0.48,0.0,,,,0.0,0.0,0.0,0.7,0.0,,,192,0,192,1.0,3,0,0,0,7,7,0,0,0.0,0,841,404800,9153600,0.044223037930431745,0.0,1424415,404800,1019615,6.426217078590158,8.977506215581371,23.43651586143329,400000,0.3923049386287962,2085139,10432,0,327664.7,125108.34000000001,0.10425695000000001,6.681687355041504,416,0,0,0,0,232,0,404800,404800,390570,230,10,390570,314538,265,2,314538,314507,301,1,314507,0,329,1,0,0,232,0,0,0,0.0,0,0,0,0,0,329,35,,,,,
compression,20260917T231153-5b07_B7_mycelic_order2_plus_significant-o2-c2_s2,20260917T231153-5b07,ok,B7_mycelic,hierarchy,2,tier1,,order2_plus_significant-o2-c2,1000,10000,30,10,2,1,9df3bf594d527eb0,0.0,none,5,order2_plus_significant,2,2,sim-3b,synthetic,none,3,none,,,11.988,4.881,328.7,2026-09-17T23:17:40Z,,465,58,2,56,179,219,2,43,22,0,0.3849462365591398,0.9483870967741935,0.05161290322580645,0.05161290322580645,0.05806451612903226,11,210,0.62,0.64,100,0.56,0.56,25,12.0,12.285714285714286,-3.5,2.0,0.0,0.0,10,,,,,0.5,0.5,20,0.75,0.75,4,0.03072370106717524,0.978227554666857,0.7918014963457016,0.8985755671397466,34.0,0.5037037037037037,0.35080645161290325,0.04435483870967742,248,0.04819277108433735,0.08045977011494253,1.0,0.0,0.9661016949152542,1.0,0.5703703703703704,0.37388724035608306,0.04154302670623145,337,0.2736842105263158,0.1349206349206349,1.0,0.0,0.6164383561643836,1.0,0.5777777777777777,0.3781094527363184,0.0472636815920398,402,0.3541666666666667,0.18421052631578946,1.0,0.0,0.5555555555555556,1.0,0.5777777777777777,0.3849462365591398,0.05161290322580645,465,0.40625,0.21787709497206703,1.0,0.0,0.5609756097560976,1.0,248,0,0,0,87,143,0,7,11,0,0.35080645161290325,0.9556451612903226,0.04435483870967742,0.04435483870967742,0.04838709677419355,0,0,0.59,0.59,100,0.36,0.36,25,22.0,20.0,5.0,-1.0,0.0,0.0,10,,,,,0.35,0.35,20,0.75,0.75,4,0.03318639877864624,0.9871886097743842,337,36,2,34,126,181,0,16,14,0,0.37388724035608306,0.9584569732937686,0.04154302670623145,0.04154302670623145,0.050445103857566766,9,163,0.61,0.63,100,0.56,0.56,25,14.0,15.714285714285714,-0.5,0.0,0.0,0.0,10,,,,,0.5,0.5,20,0.75,0.75,4,0.019801307405980694,0.9770395623729008,402,45,2,43,152,201,1,30,18,0,0.3781094527363184,0.9527363184079602,0.0472636815920398,0.0472636815920398,0.05472636815920398,11,210,0.62,0.64,100,0.56,0.56,25,12.0,13.428571428571429,-2.0,1.0,0.0,0.0,10,,,,,0.5,0.5,20,0.75,0.75,4,0.02560107157611808,0.9773157281031135,465,58,2,56,179,219,2,43,22,0,0.3849462365591398,0.9483870967741935,0.05161290322580645,0.05161290322580645,0.05806451612903226,11,210,0.62,0.64,100,0.56,0.56,25,12.0,12.285714285714286,-3.5,2.0,0.0,0.0,10,,,,,0.5,0.5,20,0.75,0.75,4,0.03072370106717524,0.978227554666857,0.4066666666666667,0.36666666666666664,6.5,0.3953488372093023,0.6046511627906976,0.0379746835443038,0.6,0.07142857142857144,0.6,0.3,,16.333333333333332,227,69,152,0.6696035242290749,4,3,0,3,6,3,3,3,0.0,0,814,404800,9005750,0.04494906032257169,0.0,4033027,404800,3628227,2.233000175798476,2.4821352137007966,5.157885151109727,400000,0.11024668522669613,3169573,10432,0,498075.7571428571,190174.38,0.15847865,10.90352725982666,421,0,0,0,0,237,0,404800,404800,1746016,248,10,1746016,1025002,337,2,1025002,857209,402,1,857209,0,465,1,0,0,237,0,0,0,0.0,0,0,0,0,0,465,20,1,,,,
compression,20260917T231153-5b07_B7_mycelic_order2_plus_significant-o1-c4_s1,20260917T231153-5b07,ok,B7_mycelic,hierarchy,1,tier1,,order2_plus_significant-o1-c4,1000,10000,30,10,2,1,d4b3bd09fd427f49,0.0,none,5,order2_plus_significant,1,4,sim-3b,synthetic,none,3,none,,,4.46,7.739,322.9,2026-09-17T23:17:43Z,,310,58,3,55,23,247,0,24,16,0,0.07419354838709677,0.9483870967741935,0.05161290322580645,0.054838709677419356,0.0935483870967742,11,184,0.0,0.0,99,0.0,0.0,25,,,,,0.0,0.0,10,,,,,0.0,0.0,20,0.0,0.0,3,0.038292560472181096,0.9804301276502532,0.6220008547056786,0.9973544973544973,21.285714285714285,0.0,0.04054054054054054,0.04504504504504504,222,0.2857142857142857,0.0,1.0,0.0,,1.0,0.0,0.057692307692307696,0.06153846153846154,260,0.8571428571428571,0.0,1.0,0.0,,1.0,0.0,0.06597222222222222,0.05555555555555555,288,0.8571428571428571,0.0,1.0,0.0,,1.0,0.0,0.07419354838709677,0.05161290322580645,310,0.8571428571428571,0.0,1.0,0.0,,1.0,222,0,0,0,9,193,0,10,10,0,0.04054054054054054,0.954954954954955,0.04504504504504504,0.04954954954954955,0.07657657657657657,0,0,0.0,0.0,99,0.0,0.0,25,,,,,0.0,0.0,10,,,,,0.0,0.0,20,0.0,0.0,3,0.03255677132923268,0.9820991396677614,260,38,1,37,15,214,0,15,16,0,0.057692307692307696,0.9384615384615385,0.06153846153846154,0.06538461538461539,0.09230769230769231,6,149,0.0,0.0,99,0.0,0.0,25,,,,,0.0,0.0,10,,,,,0.0,0.0,20,0.0,0.0,3,0.046786434038530014,0.9777966102893084,288,45,2,43,19,233,0,20,16,0,0.06597222222222222,0.9444444444444444,0.05555555555555555,0.059027777777777776,0.09375,11,182,0.0,0.0,99,0.0,0.0,25,,,,,0.0,0.0,10,,,,,0.0,0.0,20,0.0,0.0,3,0.04152382822171035,0.9792413484481075,310,58,3,55,23,247,0,24,16,0,0.07419354838709677,0.9483870967741935,0.05161290322580645,0.054838709677419356,0.0935483870967742,11,184,0.0,0.0,99,0.0,0.0,25,,,,,0.0,0.0,10,,,,,0.0,0.0,20,0.0,0.0,3,0.038292560472181096,0.9804301276502532,0.48,0.0,,,,0.0,0.0,0.0,0.7,0.0,,,180,0,180,1.0,3,0,0,0,7,7,0,0,0.0,0,841,404800,9153600,0.044223037930431745,0.0,1455786,404800,1050986,6.287737346011021,8.709535617030102,23.715709947871865,400000,0.380594984138704,2079652,10243,0,326802.4571428572,124779.12,0.10398260000000001,3.7910947799682617,377,0,0,0,0,232,0,404800,404800,385972,222,10,385972,332856,260,2,332856,332158,288,1,332158,0,310,1,0,0,232,0,0,0,0.0,0,0,0,0,0,310,35,,,,,
compression,20260917T231153-5b07_B7_mycelic_order2_plus_significant-o2-c4_s2,20260917T231153-5b07,ok,B7_mycelic,hierarchy,2,tier1,,order2_plus_significant-o2-c4,1000,10000,30,10,2,1,9df3bf594d527eb0,0.0,none,5,order2_plus_significant,2,4,sim-3b,synthetic,none,3,none,,,7.798,4.881,328.7,2026-09-17T23:17:48Z,,469,58,2,56,188,210,3,46,22,0,0.40085287846481876,0.9466950959488273,0.053304904051172705,0.053304904051172705,0.057569296375266525,12,206,0.62,0.64,100,0.56,0.56,25,12.0,14.0,-1.0,2.0,0.0,0.0,10,,,,,0.6,0.6,20,0.75,0.75,4,0.040172856878303104,0.9844136542157759,0.8213390757487876,0.9046085196473961,33.72,0.4962962962962963,0.35537190082644626,0.045454545454545456,242,0.04878048780487805,0.09302325581395349,1.0,0.0,0.9661016949152542,1.0,0.5703703703703704,0.3850746268656716,0.04477611940298507,335,0.28865979381443296,0.14728682170542637,1.0,0.0,0.8767123287671232,1.0,0.5777777777777777,0.3920595533498759,0.04962779156327544,403,0.3877551020408163,0.20253164556962025,1.0,0.0,0.8414634146341463,1.0,0.5777777777777777,0.40085287846481876,0.053304904051172705,469,0.4387755102040816,0.2393617021276596,1.0,0.0,0.8433734939759037,1.0,242,0,0,0,86,137,0,8,11,0,0.35537190082644626,0.9545454545454546,0.045454545454545456,0.045454545454545456,0.049586776859504134,0,0,0.59,0.59,100,0.32,0.32,25,24.0,21.5,6.0,-1.0,0.0,0.0,10,,,,,0.35,0.35,20,0.75,0.75,4,0.03527304792853414,0.9881348178745797,335,36,2,34,129,172,1,19,14,0,0.3850746268656716,0.9552238805970149,0.04477611940298507,0.04477611940298507,0.050746268656716415,9,158,0.61,0.63,100,0.56,0.56,25,16.0,16.571428571428573,0.5,0.0,0.0,0.0,10,,,,,0.6,0.6,20,0.75,0.75,4,0.03213204604424614,0.983919908585365,403,45,2,43,158,192,2,33,18,0,0.3920595533498759,0.9503722084367245,0.04962779156327544,0.04962779156327544,0.05459057071960298,12,206,0.62,0.64,100,0.56,0.56,25,12.0,14.571428571428571,-1.0,1.0,0.0,0.0,10,,,,,0.6,0.6,20,0.75,0.75,4,0.03664651726279071,0.9841624824024303,469,58,2,56,188,210,3,46,22,0,0.40085287846481876,0.9466950959488273,0.053304904051172705,0.053304904051172705,0.057569296375266525,12,206,0.62,0.64,100,0.56,0.56,25,12.0,14.0,-1.0,2.0,0.0,0.0,10,,,,,0.6,0.6,20,0.75,0.75,4,0.040172856878303104,0.9844136542157759,0.36333333333333334,0.38666666666666666,6.823529411764706,0.22580645161290322,0.7741935483870968,0.038461538461538464,0.6,0.07228915662650603,0.6,0.3,,22.166666666666668,224,68,150,0.6696428571428571,4,3,0,3,6,3,3,3,0.0,0,814,404800,9005750,0.04494906032257169,0.0,3295527,404800,2890727,2.732719228214486,3.115392771437773,6.472019202437675,400000,0.13837349566389354,2783515,10243,0,437409.5,167010.9,0.13917575,6.754366636276245,398,0,0,0,0,237,0,404800,404800,1391490,242,10,1391490,815207,335,2,815207,684030,403,1,684030,0,469,1,0,0,237,0,0,0,0.0,0,0,0,0,0,469,20,1,,,,
compression,20260917T231153-5b07_B7_mycelic_order2_plus_significant-o2-c1_s1,20260917T231153-5b07,ok,B7_mycelic,hierarchy,1,tier1,,order2_plus_significant-o2-c1,1000,10000,30,10,2,1,d4b3bd09fd427f49,0.0,none,5,order2_plus_significant,2,1,sim-3b,synthetic,none,3,none,,,23.69,7.739,323.4,2026-09-17T23:18:07Z,,623,126,5,121,187,270,6,123,37,0,0.3001605136436597,0.9309791332263242,0.06902086677367576,0.06581059390048154,0.10112359550561797,16,229,0.6262626262626263,0.6262626262626263,99,0.44,0.44,25,12.0,12.272727272727273,-10.0,2.0,0.0,0.0,10,,,,,0.65,0.65,20,0.6666666666666666,0.6666666666666666,3,0.0402726440372156,0.9744620501367341,0.8018132699512726,0.953607762302215,33.17894736842105,0.4925373134328358,0.3035019455252918,0.07003891050583658,257,0.012987012987012988,0.01282051282051282,1.0,0.0,0.9333333333333333,1.0,0.5373134328358209,0.3087431693989071,0.06830601092896176,366,0.24444444444444444,0.07079646017699115,1.0,0.0,0.5211267605633803,1.0,0.5373134328358209,0.3048780487804878,0.06910569105691057,492,0.41935483870967744,0.18666666666666668,1.0,0.0,0.4444444444444444,1.0,0.5447761194029851,0.3001605136436597,0.06902086677367576,623,0.49473684210526314,0.25133689839572193,1.0,0.0,0.4268292682926829,1.0,257,0,0,0,78,150,2,11,16,0,0.3035019455252918,0.9299610894941635,0.07003891050583658,0.07003891050583658,0.08171206225680934,0,0,0.6060606060606061,0.6060606060606061,99,0.24,0.24,25,23.5,23.333333333333332,2.0,-1.0,0.0,0.0,10,,,,,0.3,0.3,20,0.3333333333333333,0.3333333333333333,3,0.05749414197997907,0.986147913765112,366,76,0,76,113,187,2,41,23,0,0.3087431693989071,0.9316939890710383,0.06830601092896176,0.06830601092896176,0.08743169398907104,10,177,0.6161616161616161,0.6161616161616161,99,0.44,0.44,25,14.0,14.454545454545455,-8.0,0.0,0.0,0.0,10,,,,,0.45,0.45,20,0.6666666666666666,0.6666666666666666,3,0.040798397103346824,0.9724923861743849,492,92,3,89,150,228,4,80,30,0,0.3048780487804878,0.9308943089430894,0.06910569105691057,0.06707317073170732,0.0975609756097561,16,218,0.6161616161616161,0.6161616161616161,99,0.44,0.44,25,13.0,13.636363636363637,-8.0,1.0,0.0,0.0,10,,,,,0.6,0.6,20,0.6666666666666666,0.6666666666666666,3,0.039853184533540205,0.9727800138018329,623,126,5,121,187,270,6,123,37,0,0.3001605136436597,0.9309791332263242,0.06902086677367576,0.06581059390048154,0.10112359550561797,16,229,0.6262626262626263,0.6262626262626263,99,0.44,0.44,25,12.0,12.272727272727273,-10.0,2.0,0.0,0.0,10,,,,,0.65,0.65,20,0.6666666666666666,0.6666666666666666,3,0.0402726440372156,0.9744620501367341,0.4033333333333333,0.36333333333333334,6.411764705882353,0.4444444444444444,0.5555555555555556,0.03305785123966942,0.8,0.06349206349206349,0.5,0.4,,12.125,309,67,234,0.7572815533980582,3,2,0,2,7,3,4,6,0.0,0,841,404800,9153600,0.044223037930431745,0.0,5380196,404800,4975396,1.701350657113607,1.839773155744789,4.030129107133737,400000,0.08039561072123706,3893196,10810,0,611787.9428571428,233591.76,0.1946598,22.187764406204224,594,0,0,0,0,232,0,404800,404800,2271292,257,10,2271292,1436434,366,2,1436434,1267670,492,1,1267670,0,623,1,0,0,232,0,0,0,0.0,0,0,0,0,0,623,23,,1,,,
compression,20260917T231153-5b07_B7_mycelic_order2_plus_significant-o2-c2_s1,20260917T231153-5b07,ok,B7_mycelic,hierarchy,1,tier1,,order2_plus_significant-o2-c2,1000,10000,30,10,2,1,d4b3bd09fd427f49,0.0,none,5,order2_plus_significant,2,2,sim-3b,synthetic,none,3,none,,,13.73,7.739,323.4,2026-09-17T23:18:20Z,,607,114,4,110,188,263,4,112,40,0,0.30971993410214166,0.9275123558484349,0.07248764415156507,0.06919275123558484,0.09225700164744646,15,227,0.6262626262626263,0.6262626262626263,99,0.44,0.44,25,12.0,13.090909090909092,-9.0,2.0,0.0,0.0,10,,,,,0.65,0.65,20,0.6666666666666666,0.6666666666666666,3,0.047929609949142325,0.9787368587135575,0.8112850848649246,0.9401663513661097,33.50526315789474,0.48507462686567165,0.30196078431372547,0.07058823529411765,255,0.013157894736842105,0.012987012987012988,1.0,0.0,0.9333333333333333,1.0,0.5373134328358209,0.3085399449035813,0.06887052341597796,363,0.23333333333333334,0.07142857142857142,1.0,0.0,0.6056338028169014,1.0,0.5373134328358209,0.31185031185031187,0.07068607068607069,481,0.44086021505376344,0.19333333333333333,1.0,0.0,0.5308641975308642,1.0,0.5447761194029851,0.30971993410214166,0.07248764415156507,607,0.5052631578947369,0.26063829787234044,1.0,0.0,0.524390243902439,1.0,255,0,0,0,77,149,2,11,16,0,0.30196078431372547,0.9294117647058824,0.07058823529411765,0.07058823529411765,0.08235294117647059,0,0,0.6060606060606061,0.6060606060606061,99,0.2,0.2,25,24.0,25.2,3.0,-1.0,0.0,0.0,10,,,,,0.3,0.3,20,0.3333333333333333,0.3333333333333333,3,0.05843620755618928,0.9865304010808132,363,72,0,72,112,184,2,42,23,0,0.3085399449035813,0.931129476584022,0.06887052341597796,0.06887052341597796,0.0881542699724518,10,177,0.6161616161616161,0.6161616161616161,99,0.44,0.44,25,14.0,15.090909090909092,-8.0,0.0,0.0,0.0,10,,,,,0.45,0.5,20,0.6666666666666666,0.6666666666666666,3,0.04535341990734869,0.9764828964913707,481,85,2,83,150,223,3,74,31,0,0.31185031185031187,0.9293139293139293,0.07068607068607069,0.06860706860706861,0.09147609147609148,15,216,0.6161616161616161,0.6161616161616161,99,0.44,0.44,25,14.0,14.363636363636363,-8.0,1.0,0.0,0.0,10,,,,,0.6,0.6,20,0.6666666666666666,0.6666666666666666,3,0.0459810809650932,0.9773740123580247,607,114,4,110,188,263,4,112,40,0,0.30971993410214166,0.9275123558484349,0.07248764415156507,0.06919275123558484,0.09225700164744646,15,227,0.6262626262626263,0.6262626262626263,99,0.44,0.44,25,12.0,13.090909090909092,-9.0,2.0,0.0,0.0,10,,,,,0.65,0.65,20,0.6666666666666666,0.6666666666666666,3,0.047929609949142325,0.9787368587135575,0.38666666666666666,0.38,6.75,0.3611111111111111,0.6388888888888888,0.035398230088495575,0.8,0.06779661016949151,0.5,0.4,,12.75,293,67,218,0.7440273037542662,3,2,0,2,7,3,4,6,0.0,0,841,404800,9153600,0.044223037930431745,0.0,4169326,404800,3764526,2.195462767843052,2.431541182077106,5.155261592805522,400000,0.10625507700039792,3195416,10432,0,502136.8,191724.96000000002,0.15977080000000002,12.380974769592285,562,0,0,0,0,232,0,404800,404800,1775584,255,10,1775584,1062738,363,2,1062738,926204,481,1,926204,0,607,1,0,0,232,0,0,0,0.0,0,0,0,0,0,607,23,,1,,,
compression,20260917T231153-5b07_B7_mycelic_order2_plus_significant-o2-c4_s1,20260917T231153-5b07,ok,B7_mycelic,hierarchy,1,tier1,,order2_plus_significant-o2-c4,1000,10000,30,10,2,1,d4b3bd09fd427f49,0.0,none,5,order2_plus_significant,2,4,sim-3b,synthetic,none,3,none,,,8.555,7.739,323.4,2026-09-17T23:18:29Z,,594,114,5,109,182,259,4,115,34,0,0.3063973063973064,0.936026936026936,0.06397306397306397,0.06060606060606061,0.09090909090909091,13,215,0.5959595959595959,0.5959595959595959,99,0.44,0.44,25,12.0,14.545454545454545,-9.0,2.0,0.0,0.0,10,,,,,0.6,0.6,20,0.6666666666666666,0.6666666666666666,3,0.04611982742416141,0.9842750943588453,0.8598162769219193,0.949398771777804,32.252747252747255,0.4626865671641791,0.2931726907630522,0.07228915662650602,249,0.013888888888888888,0.0,1.0,0.0,0.9824561403508771,1.0,0.5149253731343284,0.3008356545961003,0.06406685236768803,359,0.22988505747126436,0.08333333333333333,1.0,0.0,0.9264705882352942,1.0,0.5149253731343284,0.30655391120507397,0.06342494714587738,473,0.45555555555555555,0.2,1.0,0.0,0.8860759493670886,1.0,0.5223880597014925,0.3063973063973064,0.06397306397306397,594,0.5384615384615384,0.26373626373626374,1.0,0.0,0.8860759493670886,1.0,249,0,0,0,73,145,2,13,16,0,0.2931726907630522,0.927710843373494,0.07228915662650602,0.07228915662650602,0.08835341365461848,0,0,0.5757575757575758,0.5757575757575758,99,0.2,0.2,25,24.0,25.6,5.0,-1.0,0.0,0.0,10,,,,,0.25,0.25,20,0.3333333333333333,0.3333333333333333,3,0.0620725659836487,0.9870710142118143,359,73,1,72,108,183,2,45,21,0,0.3008356545961003,0.935933147632312,0.06406685236768803,0.06406685236768803,0.08635097493036212,9,168,0.5858585858585859,0.5858585858585859,99,0.44,0.44,25,20.0,16.727272727272727,-2.0,0.0,0.0,0.0,10,,,,,0.45,0.45,20,0.6666666666666666,0.6666666666666666,3,0.0489574756300081,0.9828411206417137,473,85,3,82,145,220,3,78,27,0,0.30655391120507397,0.9365750528541226,0.06342494714587738,0.0613107822410148,0.08879492600422834,13,209,0.5858585858585859,0.5858585858585859,99,0.44,0.44,25,16.0,15.636363636363637,-6.0,1.0,0.0,0.0,10,,,,,0.6,0.6,20,0.6666666666666666,0.6666666666666666,3,0.04616076146603154,0.983294437066882,594,114,5,109,182,259,4,115,34,0,0.3063973063973064,0.936026936026936,0.06397306397306397,0.06060606060606061,0.09090909090909091,13,215,0.5959595959595959,0.5959595959595959,99,0.44,0.44,25,12.0,14.545454545454545,-9.0,2.0,0.0,0.0,10,,,,,0.6,0.6,20,0.6666666666666666,0.6666666666666666,3,0.04611982742416141,0.9842750943588453,0.31666666666666665,0.41333333333333333,5.933333333333334,0.2222222222222222,0.7777777777777778,0.037037037037037035,0.8,0.07079646017699115,0.5,0.4,,13.5,280,64,208,0.7428571428571429,3,2,0,2,7,3,4,6,0.0,0,841,404800,9153600,0.044223037930431745,0.0,3358334,404800,2953534,2.7256371760521736,3.099202514682411,6.507792060061426,400000,0.13543097861747994,2794467,10243,0,439130.5285714286,167668.02000000002,0.13972335000000002,7.260887384414673,538,0,0,0,0,232,0,404800,404800,1406560,249,10,1406560,842376,359,2,842376,704598,473,1,704598,0,594,1,0,0,232,0,0,0,0.0,0,0,0,0,0,594,23,,1,,,
compression,20260917T231153-5b07_B7_mycelic_order2_plus_significant-o3-c1_s2,20260917T231153-5b07,ok,B7_mycelic,hierarchy,2,tier1,,order2_plus_significant-o3-c1,1000,10000,30,10,2,1,9df3bf594d527eb0,0.0,none,5,order2_plus_significant,3,1,sim-3b,synthetic,none,3,none,,,40.894,4.881,340.5,2026-09-17T23:18:29Z,,1193,123,37,86,210,199,311,217,256,0,0.1760268231349539,0.5247275775356245,0.4752724224643755,0.3101424979044426,0.3830678960603521,15,190,0.62,0.64,100,0.92,0.92,25,13.0,14.608695652173912,-1.0,2.0,0.8,0.8,10,24.0,23.875,11.5,2.0,0.5,0.5,20,0.75,0.75,4,0.2639685537170986,0.9538260558126559,0.8403338623146751,0.9145498719420463,24.079646017699115,0.45925925925925926,0.35545023696682465,0.06635071090047394,211,0.0273972602739726,0.06666666666666667,1.0,0.0,0.8867924528301887,1.0,0.6148148148148148,0.30317848410757947,0.22249388753056235,409,0.24742268041237114,0.13709677419354838,1.0,0.0,0.6216216216216216,1.0,0.6666666666666666,0.274442538593482,0.2864493996569468,583,0.34615384615384615,0.175,1.0,0.0,0.4659090909090909,1.0,0.7037037037037037,0.1760268231349539,0.4752724224643755,1193,0.4594594594594595,0.21428571428571427,1.0,0.0,0.4666666666666667,1.0,211,0,0,0,75,115,2,7,12,0,0.35545023696682465,0.933649289099526,0.06635071090047394,0.061611374407582936,0.07109004739336493,0,0,0.53,0.53,100,0.32,0.32,25,23.0,20.5,5.0,-1.0,0.1,0.1,10,24.0,24.0,8.0,-1.0,0.3,0.3,20,0.5,0.5,4,0.045553094346874504,0.9817340129812672,409,71,20,51,124,152,48,42,43,0,0.30317848410757947,0.7775061124694377,0.22249388753056235,0.15403422982885084,0.18092909535452323,9,135,0.56,0.6,100,0.84,0.84,25,15.0,16.333333333333332,1.0,0.0,0.2,0.2,10,25.5,25.5,12.5,0.0,0.5,0.5,20,0.75,0.75,4,0.12234800587189265,0.9683137760430419,583,101,34,67,160,177,88,79,79,0,0.274442538593482,0.7135506003430532,0.2864493996569468,0.19382504288164665,0.241852487135506,15,188,0.58,0.62,100,0.84,0.84,25,13.0,14.095238095238095,-2.0,1.0,0.7,0.7,10,24.0,23.571428571428573,12.0,1.0,0.5,0.5,20,0.75,0.75,4,0.16120253499048254,0.9673774921088358,1193,123,37,86,210,199,311,217,256,0,0.1760268231349539,0.5247275775356245,0.4752724224643755,0.3101424979044426,0.3830678960603521,15,190,0.62,0.64,100,0.92,0.92,25,13.0,14.608695652173912,-1.0,2.0,0.8,0.8,10,24.0,23.875,11.5,2.0,0.5,0.5,20,0.75,0.75,4,0.2639685537170986,0.9538260558126559,0.44333333333333336,0.36,6.294117647058823,0.4122137404580153,0.5877862595419847,0.02631578947368421,0.6,0.050420168067226885,0.5,0.4,,17.166666666666668,294,66,222,0.7551020408163265,4,3,0,3,6,2,4,3,0.0,0,814,404800,9005750,0.04494906032257169,0.0,6791632,404800,6386832,1.326006768329026,1.4100496145820025,3.1828286469598654,400000,0.06262885887713972,7001612,10810,0,1100253.3142857144,420096.72000000003,0.3500806,38.607741832733154,478,0,0,0,0,237,0,404800,404800,2829480,211,10,2829480,1887574,409,2,1887574,1669778,583,1,1669778,0,1193,1,0,0,237,0,0,0,0.0,0,0,0,0,0,1193,1,2,,,1,
compression,20260917T231153-5b07_B7_mycelic_order2_plus_significant-o3-c2_s2,20260917T231153-5b07,ok,B7_mycelic,hierarchy,2,tier1,,order2_plus_significant-o3-c2,1000,10000,30,10,2,1,9df3bf594d527eb0,0.0,none,5,order2_plus_significant,3,2,sim-3b,synthetic,none,3,none,,,23.541,4.881,340.6,2026-09-17T23:18:53Z,,1199,109,32,77,204,196,312,215,272,0,0.1701417848206839,0.5129274395329442,0.4870725604670559,0.31859883236030023,0.39115929941618016,16,181,0.58,0.61,100,0.92,0.92,25,14.0,15.217391304347826,0.0,2.0,0.8,0.8,10,24.0,24.25,11.5,2.0,0.45,0.45,20,0.75,0.75,4,0.2743767821877848,0.9557779498274845,0.8589308816609043,0.9195270636626868,23.44954128440367,0.4222222222222222,0.33658536585365856,0.06829268292682927,205,0.029850746268656716,0.057971014492753624,1.0,0.0,0.9791666666666666,1.0,0.5925925925925926,0.2896039603960396,0.2301980198019802,404,0.2391304347826087,0.1282051282051282,1.0,0.0,0.6666666666666666,1.0,0.6444444444444445,0.268760907504363,0.2931937172774869,573,0.36363636363636365,0.17532467532467533,1.0,0.0,0.5060240963855421,1.0,0.6814814814814815,0.1701417848206839,0.4870725604670559,1199,0.4716981132075472,0.21568627450980393,1.0,0.0,0.5058823529411764,1.0,205,0,0,0,69,116,2,6,12,0,0.33658536585365856,0.9317073170731708,0.06829268292682927,0.06341463414634146,0.06829268292682927,0,0,0.48,0.48,100,0.32,0.32,25,24.0,21.125,5.5,-1.0,0.1,0.1,10,24.0,24.0,8.0,-1.0,0.25,0.25,20,0.5,0.5,4,0.048405909572801026,0.9838530507071912,404,65,19,46,117,153,48,41,45,0,0.2896039603960396,0.7698019801980198,0.2301980198019802,0.15841584158415842,0.18316831683168316,9,131,0.52,0.57,100,0.84,0.84,25,18.0,17.428571428571427,1.0,0.0,0.2,0.2,10,26.0,26.0,13.0,0.0,0.45,0.45,20,0.75,0.75,4,0.1311581433009484,0.97274230171679,573,90,29,61,154,175,87,76,81,0,0.268760907504363,0.7068062827225131,0.2931937172774869,0.19546247818499127,0.24083769633507854,16,180,0.54,0.59,100,0.84,0.84,25,14.0,15.333333333333334,0.0,1.0,0.7,0.7,10,24.0,24.0,12.0,1.0,0.45,0.45,20,0.75,0.75,4,0.16745129134077968,0.9719888131557883,1199,109,32,77,204,196,312,215,272,0,0.1701417848206839,0.5129274395329442,0.4870725604670559,0.31859883236030023,0.39115929941618016,16,181,0.58,0.61,100,0.92,0.92,25,14.0,15.217391304347826,0.0,2.0,0.8,0.8,10,24.0,24.25,11.5,2.0,0.45,0.45,20,0.75,0.75,4,0.2743767821877848,0.9557779498274845,0.3933333333333333,0.36333333333333334,6.4375,0.3643410852713178,0.6356589147286822,0.028846153846153848,0.6,0.05504587155963303,0.5,0.4,,17.333333333333332,271,63,202,0.7453874538745388,4,3,0,3,6,2,4,3,0.0,0,814,404800,9005750,0.04494906032257169,0.0,5316141,404800,4911341,1.6940389654826686,1.8336641662633484,4.030954977020323,400000,0.08144415140386302,4961974,10432,0,779738.7714285714,297718.44,0.24809870000000003,21.478376626968384,444,0,0,0,0,237,0,404800,404800,2234148,205,10,2234148,1424130,404,2,1424130,1253063,573,1,1253063,0,1199,1,0,0,237,0,0,0,0.0,0,0,0,0,0,1199,1,2,,,1,
compression,20260917T231153-5b07_B7_mycelic_order2_plus_significant-o3-c4_s2,20260917T231153-5b07,ok,B7_mycelic,hierarchy,2,tier1,,order2_plus_significant-o3-c4,1000,10000,30,10,2,1,9df3bf594d527eb0,0.0,none,5,order2_plus_significant,3,4,sim-3b,synthetic,none,3,none,,,14.956,4.881,340.6,2026-09-17T23:19:08Z,,1149,104,27,77,210,191,297,205,246,0,0.18276762402088773,0.5274151436031331,0.4725848563968668,0.3002610966057441,0.3698868581375109,12,174,0.58,0.61,100,0.92,0.92,25,16.0,16.52173913043478,1.0,2.0,0.8,0.8,10,26.0,25.75,13.5,2.0,0.55,0.55,20,0.75,0.75,4,0.26031889945801007,0.960057802852266,0.8836170058239486,0.9124980100429356,23.045045045045047,0.4074074074074074,0.3282828282828283,0.06060606060606061,198,0.031746031746031744,0.046153846153846156,1.0,0.0,0.9787234042553191,1.0,0.5851851851851851,0.3046875,0.20052083333333334,384,0.23655913978494625,0.1282051282051282,1.0,0.0,0.8823529411764706,1.0,0.6370370370370371,0.2870201096892139,0.27056672760511885,547,0.4,0.18471337579617833,1.0,0.0,0.7590361445783133,1.0,0.6814814814814815,0.18276762402088773,0.4725848563968668,1149,0.49074074074074076,0.22857142857142856,1.0,0.0,0.7529411764705882,1.0,198,0,0,0,65,114,2,7,10,0,0.3282828282828283,0.9393939393939394,0.06060606060606061,0.05555555555555555,0.06060606060606061,0,0,0.47,0.47,100,0.28,0.28,25,24.0,22.428571428571427,6.0,-1.0,0.1,0.1,10,24.0,24.0,8.0,-1.0,0.15,0.15,20,0.5,0.5,4,0.04350117899578296,0.9856647918384699,384,63,15,48,117,149,41,41,36,0,0.3046875,0.7994791666666666,0.20052083333333334,0.1328125,0.15364583333333334,7,124,0.51,0.56,100,0.84,0.84,25,20.0,18.714285714285715,2.0,0.0,0.2,0.2,10,26.0,26.0,13.0,0.0,0.55,0.55,20,0.75,0.75,4,0.11726103515746786,0.9800594055504822,547,88,26,62,157,171,80,71,68,0,0.2870201096892139,0.7294332723948812,0.27056672760511885,0.17184643510054845,0.21023765996343693,12,173,0.53,0.58,100,0.84,0.84,25,16.0,16.571428571428573,1.0,1.0,0.7,0.7,10,24.0,25.428571428571427,14.0,1.0,0.55,0.55,20,0.75,0.75,4,0.151748872222021,0.9785513060090979,1149,104,27,77,210,191,297,205,246,0,0.18276762402088773,0.5274151436031331,0.4725848563968668,0.3002610966057441,0.3698868581375109,12,174,0.58,0.61,100,0.92,0.92,25,16.0,16.52173913043478,1.0,2.0,0.8,0.8,10,26.0,25.75,13.5,2.0,0.55,0.55,20,0.75,0.75,4,0.26031889945801007,0.960057802852266,0.36333333333333334,0.38666666666666666,6.823529411764706,0.22580645161290322,0.7741935483870968,0.02072538860103627,0.4,0.03940886699507389,0.5,0.4,,21.0,255,62,189,0.7411764705882353,4,3,0,3,6,2,4,1,0.0,0,814,404800,9005750,0.04494906032257169,0.0,4175021,404800,3770221,2.1570550184058956,2.3886530789574403,5.168506245308271,400000,0.10609457641872982,3843893,10243,0,604040.3285714285,230633.58000000002,0.19219465000000002,12.871174573898315,407,0,0,0,0,237,0,404800,404800,1742428,198,10,1742428,1089531,384,2,1089531,938262,547,1,938262,0,1149,1,0,0,237,0,0,0,0.0,0,0,0,0,0,1149,1,1,1,,1,
compression,20260917T231153-5b07_B7_mycelic_order2_plus_significant-o3-c1_s1,20260917T231153-5b07,ok,B7_mycelic,hierarchy,1,tier1,,order2_plus_significant-o3-c1,1000,10000,30,10,2,1,d4b3bd09fd427f49,0.0,none,5,order2_plus_significant,3,1,sim-3b,synthetic,none,3,none,,,48.403,7.739,349.7,2026-09-17T23:19:18Z,,1933,285,101,184,225,251,419,429,609,0,0.11639937920331092,0.46818416968442833,0.5318158303155717,0.380237972064149,0.4687015002586653,23,210,0.6666666666666666,0.6767676767676768,99,0.88,0.88,25,11.5,13.363636363636363,-8.0,2.0,0.5,0.5,10,19.0,18.2,2.0,2.0,0.6,0.6,20,1.0,1.0,3,0.3317074176488142,0.9514694455846652,0.8515564576793043,0.933687790422075,23.310344827586206,0.44029850746268656,0.3116279069767442,0.07441860465116279,215,0.0,0.0,1.0,0.0,0.9454545454545454,1.0,0.6716417910447762,0.22684310018903592,0.3270321361058601,529,0.17647058823529413,0.058333333333333334,1.0,0.0,0.6447368421052632,1.0,0.6716417910447762,0.20930232558139536,0.3462532299741602,774,0.3867924528301887,0.17901234567901234,1.0,0.0,0.4772727272727273,1.0,0.7014925373134329,0.11639937920331092,0.5318158303155717,1933,0.5565217391304348,0.24,1.0,0.0,0.45054945054945056,1.0,215,0,0,0,67,124,1,8,15,0,0.3116279069767442,0.9255813953488372,0.07441860465116279,0.06976744186046512,0.07906976744186046,0,0,0.5555555555555556,0.5555555555555556,99,0.12,0.12,25,26.0,25.666666666666668,4.0,-1.0,0.1,0.1,10,19.0,19.0,2.0,-1.0,0.2,0.2,20,0.0,0.0,3,0.05657068782644656,0.9868032459659815,529,187,67,120,120,163,73,73,100,0,0.22684310018903592,0.6729678638941399,0.3270321361058601,0.22684310018903592,0.2722117202268431,7,149,0.6060606060606061,0.6565656565656566,99,0.84,0.84,25,15.0,15.523809523809524,-4.0,0.0,0.4,0.4,10,17.5,19.5,1.0,0.0,0.35,0.35,20,1.0,1.0,3,0.1971932692709931,0.970350169081957,774,237,90,147,162,206,102,138,166,0,0.20930232558139536,0.6537467700258398,0.3462532299741602,0.2571059431524548,0.3165374677002584,23,198,0.6060606060606061,0.6565656565656566,99,0.84,0.84,25,13.0,14.761904761904763,-5.0,1.0,0.4,0.4,10,16.5,17.75,1.0,1.0,0.55,0.55,20,1.0,1.0,3,0.22541980210457369,0.9683138589521191,1933,285,101,184,225,251,419,429,609,0,0.11639937920331092,0.46818416968442833,0.5318158303155717,0.380237972064149,0.4687015002586653,23,210,0.6666666666666666,0.6767676767676768,99,0.88,0.88,25,11.5,13.363636363636363,-8.0,2.0,0.5,0.5,10,19.0,18.2,2.0,2.0,0.6,0.6,20,1.0,1.0,3,0.3317074176488142,0.9514694455846652,0.41,0.35333333333333333,6.235294117647059,0.4444444444444444,0.5555555555555556,0.018475750577367205,0.8,0.03611738148984198,0.6,0.4,,11.625,499,66,425,0.8517034068136272,3,3,0,2,7,3,4,6,0.0,0,841,404800,9153600,0.044223037930431745,0.0,7388572,404800,6983772,1.2388862150900066,1.3106957099974055,3.0509172816652326,400000,0.05727563843722275,7071592,10810,0,1111250.1714285712,424295.51999999996,0.3535796,44.81288433074951,792,0,0,0,0,232,0,404800,404800,3000278,215,10,3000278,2075805,529,2,2075805,1907689,774,1,1907689,0,1933,1,0,0,232,0,0,0,0.0,0,0,0,0,0,1933,5,,3,,,
compression,20260917T231153-5b07_B7_mycelic_significant_cells_only-o1-c1_s2,20260917T231153-5b07,ok,B7_mycelic,hierarchy,2,tier1,,significant_cells_only-o1-c1,1000,10000,30,10,2,1,9df3bf594d527eb0,0.0,none,5,significant_cells_only,1,1,sim-3b,synthetic,none,3,none,,,10.556,4.881,340.6,2026-09-17T23:19:19Z,,282,22,3,19,33,217,0,8,24,0,0.11702127659574468,0.9148936170212766,0.0851063829787234,0.10283687943262411,0.13829787234042554,18,165,0.0,0.0,100,0.0,0.0,25,,,,,0.0,0.0,10,,,,,0.0,0.0,20,0.0,0.0,4,0.07657723595242329,0.9689272055098778,0.6140059889499956,0.9984375,24.0,0.0,0.06598984771573604,0.09137055837563451,197,0.2222222222222222,0.15384615384615385,1.0,0.0,,1.0,0.0,0.08936170212765958,0.0851063829787234,235,0.8888888888888888,0.14285714285714285,1.0,0.0,,1.0,0.0,0.10344827586206896,0.0842911877394636,261,0.8,0.14814814814814814,1.0,0.0,,1.0,0.0,0.11702127659574468,0.0851063829787234,282,0.9,0.15151515151515152,1.0,0.0,,1.0,197,0,0,0,13,159,0,7,18,0,0.06598984771573604,0.9086294416243654,0.09137055837563451,0.10152284263959391,0.14213197969543148,0,0,0.0,0.0,100,0.0,0.0,25,,,,,0.0,0.0,10,,,,,0.0,0.0,20,0.0,0.0,4,0.08666018533244288,0.9851373426928488,235,23,2,21,21,186,0,8,20,0,0.08936170212765958,0.9148936170212766,0.0851063829787234,0.09361702127659574,0.13617021276595745,15,124,0.0,0.0,100,0.0,0.0,25,,,,,0.0,0.0,10,,,,,0.0,0.0,20,0.0,0.0,4,0.0654646155862889,0.9660718130977877,261,20,3,17,27,204,0,8,22,0,0.10344827586206896,0.9157088122605364,0.0842911877394636,0.09578544061302682,0.13409961685823754,18,163,0.0,0.0,100,0.0,0.0,25,,,,,0.0,0.0,10,,,,,0.0,0.0,20,0.0,0.0,4,0.06844624967714932,0.9674603930304145,282,22,3,19,33,217,0,8,24,0,0.11702127659574468,0.9148936170212766,0.0851063829787234,0.10283687943262411,0.13829787234042554,18,165,0.0,0.0,100,0.0,0.0,25,,,,,0.0,0.0,10,,,,,0.0,0.0,20,0.0,0.0,4,0.07657723595242329,0.9689272055098778,0.48333333333333334,0.0,,,,0.0,0.0,0.0,0.6,0.0,,,160,0,160,1.0,4,0,0,0,6,6,0,0,0.0,0,814,404800,9005750,0.04494906032257169,0.0,1390986,404800,986186,6.474364227964911,9.1318980395179,21.123597350446595,400000,0.4056029998397868,2103437,10810,0,330540.1,126206.22,0.10517185,10.034627676010132,325,0,0,0,0,237,0,404800,404800,426336,197,10,426336,294102,235,2,294102,265748,261,1,265748,0,282,1,0,0,237,0,0,0,0.0,0,0,0,0,0,282,35,,,,,
compression,20260917T231153-5b07_B7_mycelic_significant_cells_only-o1-c2_s2,20260917T231153-5b07,ok,B7_mycelic,hierarchy,2,tier1,,significant_cells_only-o1-c2,1000,10000,30,10,2,1,9df3bf594d527eb0,0.0,none,5,significant_cells_only,1,2,sim-3b,synthetic,none,3,none,,,5.872,4.881,340.6,2026-09-17T23:19:25Z,,266,21,2,19,33,206,0,9,18,0,0.12406015037593984,0.9323308270676691,0.06766917293233082,0.07894736842105263,0.11654135338345864,16,159,0.0,0.0,100,0.0,0.0,25,,,,,0.0,0.0,10,,,,,0.0,0.0,20,0.0,0.0,4,0.0574859505151203,0.9754677809527508,0.48965776269850736,0.9984375,26.0,0.0,0.07142857142857142,0.08163265306122448,196,0.3333333333333333,0.14285714285714285,1.0,0.0,,1.0,0.0,0.09956709956709957,0.07792207792207792,231,0.9,0.13043478260869565,1.0,0.0,,1.0,0.0,0.112,0.072,250,0.9,0.14285714285714285,1.0,0.0,,1.0,0.0,0.12406015037593984,0.06766917293233082,266,0.9,0.15151515151515152,1.0,0.0,,1.0,196,0,0,0,14,159,0,7,16,0,0.07142857142857142,0.9183673469387755,0.08163265306122448,0.08673469387755102,0.12755102040816327,0,0,0.0,0.0,100,0.0,0.0,25,,,,,0.0,0.0,10,,,,,0.0,0.0,20,0.0,0.0,4,0.07433947230193973,0.9865757642866256,231,21,2,19,23,181,0,9,18,0,0.09956709956709957,0.922077922077922,0.07792207792207792,0.08225108225108226,0.12554112554112554,13,124,0.0,0.0,100,0.0,0.0,25,,,,,0.0,0.0,10,,,,,0.0,0.0,20,0.0,0.0,4,0.0602318932233521,0.9744447369307535,250,20,2,18,28,195,0,9,18,0,0.112,0.928,0.072,0.08,0.12,16,159,0.0,0.0,100,0.0,0.0,25,,,,,0.0,0.0,10,,,,,0.0,0.0,20,0.0,0.0,4,0.05806622278983594,0.9747988903754748,266,21,2,19,33,206,0,9,18,0,0.12406015037593984,0.9323308270676691,0.06766917293233082,0.07894736842105263,0.11654135338345864,16,159,0.0,0.0,100,0.0,0.0,25,,,,,0.0,0.0,10,,,,,0.0,0.0,20,0.0,0.0,4,0.0574859505151203,0.9754677809527508,0.48333333333333334,0.0,,,,0.0,0.0,0.0,0.6,0.0,,,153,0,153,1.0,4,0,0,0,6,6,0,0,0.0,0,814,404800,9005750,0.04494906032257169,0.0,1261498,404800,856698,7.13893323651722,10.51216414652538,25.532726231450976,400000,0.4669089924337398,2044445,10432,0,321269.9285714286,122666.7,0.10222225,5.361815929412842,305,0,0,0,0,237,0,404800,404800,352714,196,10,352714,259868,231,2,259868,244116,250,1,244116,0,266,1,0,0,237,0,0,0,0.0,0,0,0,0,0,266,35,,,,,
compression,20260917T231153-5b07_B7_mycelic_significant_cells_only-o1-c4_s2,20260917T231153-5b07,ok,B7_mycelic,hierarchy,2,tier1,,significant_cells_only-o1-c4,1000,10000,30,10,2,1,9df3bf594d527eb0,0.0,none,5,significant_cells_only,1,4,sim-3b,synthetic,none,3,none,,,3.845,4.881,340.6,2026-09-17T23:19:29Z,,246,21,1,20,25,197,0,10,14,0,0.1016260162601626,0.943089430894309,0.056910569105691054,0.06097560975609756,0.1016260162601626,13,155,0.0,0.0,100,0.0,0.0,25,,,,,0.0,0.0,10,,,,,0.0,0.0,20,0.0,0.0,4,0.04985793750676828,0.9833896192615906,0.4113416147745534,0.996875,34.1,0.0,0.061855670103092786,0.07216494845360824,194,0.2222222222222222,0.16666666666666666,1.0,0.0,,1.0,0.0,0.08558558558558559,0.06306306306306306,222,0.6,0.15789473684210525,1.0,0.0,,1.0,0.0,0.09361702127659574,0.059574468085106386,235,0.6,0.18181818181818182,1.0,0.0,,1.0,0.0,0.1016260162601626,0.056910569105691054,246,0.6,0.2,1.0,0.0,,1.0,194,0,0,0,12,160,0,8,14,0,0.061855670103092786,0.9278350515463918,0.07216494845360824,0.07731958762886598,0.12371134020618557,0,0,0.0,0.0,100,0.0,0.0,25,,,,,0.0,0.0,10,,,,,0.0,0.0,20,0.0,0.0,4,0.06408093164020673,0.9867613440113407,222,20,1,19,19,179,0,10,14,0,0.08558558558558559,0.9369369369369369,0.06306306306306306,0.06756756756756757,0.11261261261261261,11,122,0.0,0.0,100,0.0,0.0,25,,,,,0.0,0.0,10,,,,,0.0,0.0,20,0.0,0.0,4,0.05578191497374957,0.9821278325939583,235,20,1,19,22,189,0,10,14,0,0.09361702127659574,0.9404255319148936,0.059574468085106386,0.06382978723404255,0.10638297872340426,13,154,0.0,0.0,100,0.0,0.0,25,,,,,0.0,0.0,10,,,,,0.0,0.0,20,0.0,0.0,4,0.05245707309855851,0.9828774718716917,246,21,1,20,25,197,0,10,14,0,0.1016260162601626,0.943089430894309,0.056910569105691054,0.06097560975609756,0.1016260162601626,13,155,0.0,0.0,100,0.0,0.0,25,,,,,0.0,0.0,10,,,,,0.0,0.0,20,0.0,0.0,4,0.04985793750676828,0.9833896192615906,0.48333333333333334,0.0,,,,0.0,0.0,0.0,0.6,0.0,,,142,0,142,1.0,4,0,0,0,6,6,0,0,0.0,0,814,404800,9005750,0.04494906032257169,0.0,1352088,404800,947288,6.660624160557597,9.50687647262501,24.734955642835562,400000,0.4222580672403746,2053748,10243,0,322731.8285714286,123224.88,0.10268740000000001,3.3065528869628906,277,0,0,0,0,237,0,404800,404800,364090,194,10,364090,297428,222,2,297428,285770,235,1,285770,0,246,1,0,0,237,0,0,0,0.0,0,0,0,0,0,246,35,,,,,
compression,20260917T231153-5b07_B7_mycelic_order2_plus_significant-o3-c2_s1,20260917T231153-5b07,ok,B7_mycelic,hierarchy,1,tier1,,order2_plus_significant-o3-c2,1000,10000,30,10,2,1,d4b3bd09fd427f49,0.0,none,5,order2_plus_significant,3,2,sim-3b,synthetic,none,3,none,,,28.559,7.739,348.8,2026-09-17T23:19:46Z,,1941,277,96,181,227,243,425,423,623,0,0.11695002575991757,0.46007212776919115,0.5399278722308088,0.38639876352395675,0.47295208655332305,22,203,0.6666666666666666,0.6868686868686869,99,0.88,0.88,25,12.0,13.727272727272727,-6.5,2.0,0.5,0.5,10,20.0,20.4,3.0,2.0,0.6,0.6,20,1.0,1.0,3,0.34117191827551996,0.9547731547515632,0.8726992161603248,0.9351827638388446,22.34188034188034,0.44029850746268656,0.3160377358490566,0.08018867924528301,212,0.0,0.0,1.0,0.0,0.9454545454545454,1.0,0.6716417910447762,0.23076923076923078,0.3230769230769231,520,0.1650485436893204,0.058333333333333334,1.0,0.0,0.6973684210526315,1.0,0.6791044776119403,0.21196358907672302,0.3511053315994798,769,0.40186915887850466,0.18404907975460122,1.0,0.0,0.5340909090909091,1.0,0.7089552238805971,0.11695002575991757,0.5399278722308088,1941,0.5739130434782609,0.24669603524229075,1.0,0.0,0.5164835164835165,1.0,212,0,0,0,67,121,1,7,16,0,0.3160377358490566,0.9198113207547169,0.08018867924528301,0.07547169811320754,0.08490566037735849,0,0,0.5555555555555556,0.5555555555555556,99,0.12,0.12,25,26.0,26.0,5.0,-1.0,0.1,0.1,10,20.0,20.0,3.0,-1.0,0.2,0.2,20,0.0,0.0,3,0.0627503322133993,0.9872786341001919,520,183,64,119,120,159,69,73,99,0,0.23076923076923078,0.676923076923077,0.3230769230769231,0.225,0.275,7,143,0.6060606060606061,0.6565656565656566,99,0.84,0.84,25,16.0,16.047619047619047,-3.0,0.0,0.4,0.4,10,24.0,22.5,7.5,0.0,0.4,0.45,20,1.0,1.0,3,0.1990122296556735,0.9740122296556735,769,233,88,145,163,200,103,136,167,0,0.21196358907672302,0.6488946684005201,0.3511053315994798,0.258777633289987,0.31729518855656696,21,190,0.6161616161616161,0.6666666666666666,99,0.84,0.84,25,14.0,15.571428571428571,-4.0,1.0,0.4,0.4,10,19.0,20.0,2.5,1.0,0.55,0.55,20,1.0,1.0,3,0.23116173288664432,0.9723840995966575,1941,277,96,181,227,243,425,423,623,0,0.11695002575991757,0.46007212776919115,0.5399278722308088,0.38639876352395675,0.47295208655332305,22,203,0.6666666666666666,0.6868686868686869,99,0.88,0.88,25,12.0,13.727272727272727,-6.5,2.0,0.5,0.5,10,20.0,20.4,3.0,2.0,0.6,0.6,20,1.0,1.0,3,0.34117191827551996,0.9547731547515632,0.38,0.37666666666666665,6.647058823529412,0.3611111111111111,0.6388888888888888,0.01990049751243781,0.8,0.038834951456310676,0.6,0.4,,12.75,468,66,394,0.8418803418803419,3,3,0,2,7,3,4,6,0.0,0,841,404800,9153600,0.044223037930431745,0.0,5682532,404800,5277732,1.6108312280511574,1.7343813592656845,3.9175204786482807,400000,0.07579013106387365,5011422,10432,0,787509.1714285713,300685.31999999995,0.2505711,24.97593116760254,745,0,0,0,0,232,0,404800,404800,2336580,212,10,2336580,1543166,520,2,1543166,1397986,769,1,1397986,0,1941,1,0,0,232,0,0,0,0.0,0,0,0,0,0,1941,5,,3,,,
compression,20260917T231153-5b07_B7_mycelic_order2_plus_significant-o3-c4_s1,20260917T231153-5b07,ok,B7_mycelic,hierarchy,1,tier1,,order2_plus_significant-o3-c4,1000,10000,30,10,2,1,d4b3bd09fd427f49,0.0,none,5,order2_plus_significant,3,4,sim-3b,synthetic,none,3,none,,,18.252,7.739,347.9,2026-09-17T23:20:05Z,,1928,235,80,155,227,246,429,418,608,0,0.11773858921161826,0.46213692946058094,0.5378630705394191,0.3796680497925311,0.4636929460580913,17,179,0.6363636363636364,0.6666666666666666,99,0.88,0.88,25,12.0,14.545454545454545,-5.5,2.0,0.5,0.5,10,20.0,23.2,5.0,2.0,0.6,0.6,20,1.0,1.0,3,0.33767931878245794,0.9580112689899268,0.8921401623595371,0.935471007434961,18.217391304347824,0.41044776119402987,0.3073170731707317,0.07317073170731707,205,0.0,0.0,1.0,0.0,0.9807692307692307,1.0,0.6492537313432836,0.23340040241448692,0.3058350100603622,497,0.1717171717171717,0.07758620689655173,1.0,0.0,0.9041095890410958,1.0,0.664179104477612,0.21496598639455783,0.33197278911564626,735,0.38095238095238093,0.1962025316455696,1.0,0.0,0.8023255813953488,1.0,0.6940298507462687,0.11773858921161826,0.5378630705394191,1928,0.6428571428571429,0.2599118942731278,1.0,0.0,0.5227272727272727,1.0,205,0,0,0,63,119,0,8,15,0,0.3073170731707317,0.926829268292683,0.07317073170731707,0.07317073170731707,0.08780487804878048,0,0,0.5252525252525253,0.5252525252525253,99,0.08,0.08,25,26.0,26.0,3.5,-1.0,0.1,0.1,10,20.0,20.0,3.0,-1.0,0.2,0.2,20,0.0,0.0,3,0.060460288918616364,0.9872895572112994,497,177,60,117,116,158,63,71,89,0,0.23340040241448692,0.6941649899396378,0.3058350100603622,0.20724346076458752,0.25553319919517103,7,142,0.5656565656565656,0.6262626262626263,99,0.84,0.84,25,20.0,17.571428571428573,-1.0,0.0,0.4,0.4,10,24.0,24.0,9.0,0.0,0.4,0.4,20,1.0,1.0,3,0.18820774484823086,0.9794838586494428,735,224,83,141,158,197,94,136,150,0,0.21496598639455783,0.6680272108843538,0.33197278911564626,0.24081632653061225,0.2965986394557823,19,189,0.5858585858585859,0.6464646464646465,99,0.84,0.84,25,16.0,17.0,-2.0,1.0,0.4,0.4,10,20.0,22.0,5.0,1.0,0.6,0.6,20,1.0,1.0,3,0.22045929689628152,0.9786419207863528,1928,235,80,155,227,246,429,418,608,0,0.11773858921161826,0.46213692946058094,0.5378630705394191,0.3796680497925311,0.4636929460580913,17,179,0.6363636363636364,0.6666666666666666,99,0.88,0.88,25,12.0,14.545454545454545,-5.5,2.0,0.5,0.5,10,20.0,23.2,5.0,2.0,0.6,0.6,20,1.0,1.0,3,0.33767931878245794,0.9580112689899268,0.31666666666666665,0.41333333333333333,5.933333333333334,0.1875,0.8125,0.020671834625323,0.8,0.0403022670025189,0.6,0.4,,13.5,451,64,379,0.8403547671840355,3,3,0,2,7,3,4,6,0.0,0,841,404800,9153600,0.044223037930431745,0.0,4311941,404800,3907141,2.122849083510187,2.3427872196063566,5.061532880942059,400000,0.10237664829603027,3853181,10243,0,605499.8714285714,231190.86000000002,0.19265905,14.75349497795105,710,0,0,0,0,232,0,404800,404800,1808464,205,10,1808464,1176439,497,2,1176439,922238,735,1,922238,0,1928,1,0,0,232,0,0,0,0.0,0,0,0,0,0,1928,5,,3,,,
compression,20260917T231153-5b07_B7_mycelic_significant_cells_only-o2-c1_s2,20260917T231153-5b07,ok,B7_mycelic,hierarchy,2,tier1,,significant_cells_only-o2-c1,1000,10000,30,10,2,1,9df3bf594d527eb0,0.0,none,5,significant_cells_only,2,1,sim-3b,synthetic,none,3,none,,,36.29,4.881,365.1,2026-09-17T23:20:05Z,,2194,428,230,198,269,314,36,469,1106,0,0.12260711030082042,0.479489516864175,0.5205104831358249,0.5218778486782133,0.6303555150410209,47,248,0.79,0.82,100,0.56,0.56,25,8.0,9.0,-7.0,2.0,0.0,0.0,10,,,,,0.55,0.55,20,0.75,0.75,4,0.4825952094575034,0.96071736077929,0.883079742100252,0.9328703403732701,12.739495798319327,0.5111111111111111,0.36254980079681276,0.043824701195219126,251,0.05813953488372093,0.08791208791208792,1.0,0.0,0.95,1.0,0.6444444444444445,0.1844059405940594,0.40717821782178215,808,0.4019607843137255,0.2348993288590604,1.0,0.0,0.47297297297297297,1.0,0.674074074074074,0.1580288870008496,0.45454545454545453,1177,0.5,0.3225806451612903,1.0,0.0,0.4146341463414634,1.0,0.7111111111111111,0.12260711030082042,0.5205104831358249,2194,0.7155172413793104,0.44609665427509293,1.0,0.0,0.40963855421686746,1.0,251,0,0,0,91,141,0,8,11,0,0.36254980079681276,0.9561752988047809,0.043824701195219126,0.043824701195219126,0.05179282868525897,0,0,0.6,0.6,100,0.36,0.36,25,21.0,19.555555555555557,4.0,-1.0,0.0,0.0,10,,,,,0.4,0.4,20,0.75,0.75,4,0.031363133042054174,0.985915118408361,808,268,141,127,149,208,17,122,312,0,0.1844059405940594,0.5928217821782178,0.40717821782178215,0.40222772277227725,0.4814356435643564,8,140,0.66,0.73,100,0.56,0.56,25,9.5,10.428571428571429,-6.0,0.0,0.0,0.0,10,,,,,0.55,0.55,20,0.75,0.75,4,0.3716995565778731,0.969471833805596,1177,350,194,156,186,254,21,202,514,0,0.1580288870008496,0.5454545454545454,0.45454545454545453,0.453695836873407,0.5395072217502124,47,244,0.69,0.77,100,0.56,0.56,25,9.5,9.928571428571429,-6.0,1.0,0.0,0.0,10,,,,,0.55,0.55,20,0.75,0.75,4,0.4222515423511636,0.9685557054777563,2194,428,230,198,269,314,36,469,1106,0,0.12260711030082042,0.479489516864175,0.5205104831358249,0.5218778486782133,0.6303555150410209,47,248,0.79,0.82,100,0.56,0.56,25,8.0,9.0,-7.0,2.0,0.0,0.0,10,,,,,0.55,0.55,20,0.75,0.75,4,0.4825952094575034,0.96071736077929,0.44,0.4,6.611111111111111,0.42758620689655175,0.5724137931034483,0.007722007722007722,0.4,0.015151515151515154,0.6,0.3,,22.5,581,63,514,0.8846815834767642,4,3,0,2,6,3,3,2,0.0,0,814,404800,9005750,0.04494906032257169,0.0,2685318,404800,2280518,3.353699636318678,3.9489931673418055,12.115902058388269,400000,0.17539874712674927,3013008,10810,0,473472.6857142857,180780.47999999998,0.1506504,31.893377542495728,913,0,0,0,0,237,0,404800,404800,743300,251,10,743300,717105,808,2,717105,820113,1177,1,820113,0,2194,1,0,0,237,0,0,0,0.0,0,0,0,0,0,2194,21,,,,,
compression,20260917T231153-5b07_B7_mycelic_significant_cells_only-o1-c1_s1,20260917T231153-5b07,ok,B7_mycelic,hierarchy,1,tier1,,significant_cells_only-o1-c1,1000,10000,30,10,2,1,d4b3bd09fd427f49,0.0,none,5,significant_cells_only,1,1,sim-3b,synthetic,none,3,none,,,13.043,7.739,347.0,2026-09-17T23:20:18Z,,351,90,5,85,22,269,0,32,28,0,0.06267806267806268,0.9202279202279202,0.07977207977207977,0.08262108262108261,0.1452991452991453,14,201,0.0,0.0,99,0.0,0.0,25,,,,,0.0,0.0,10,,,,,0.0,0.0,20,0.0,0.0,3,0.05308184819674711,0.9704607655756647,0.6439282944228774,0.9976851851851851,19.25,0.0,0.03508771929824561,0.05701754385964912,228,0.3333333333333333,0.0,1.0,0.0,,1.0,0.0,0.052434456928838954,0.07116104868913857,267,0.7142857142857143,0.0,1.0,0.0,,1.0,0.0,0.05750798722044728,0.07667731629392971,313,0.625,0.0,1.0,0.0,,1.0,0.0,0.06267806267806268,0.07977207977207977,351,0.75,0.0,1.0,0.0,,1.0,228,0,0,0,8,197,0,10,13,0,0.03508771929824561,0.9429824561403509,0.05701754385964912,0.06140350877192982,0.08771929824561403,0,0,0.0,0.0,99,0.0,0.0,25,,,,,0.0,0.0,10,,,,,0.0,0.0,20,0.0,0.0,3,0.04398079638351912,0.9825772876115892,267,59,2,57,14,218,0,16,19,0,0.052434456928838954,0.9288389513108615,0.07116104868913857,0.0749063670411985,0.10112359550561797,7,158,0.0,0.0,99,0.0,0.0,25,,,,,0.0,0.0,10,,,,,0.0,0.0,20,0.0,0.0,3,0.04246315341720337,0.967556786376005,313,71,3,68,18,246,0,25,24,0,0.05750798722044728,0.9233226837060703,0.07667731629392971,0.07987220447284345,0.13099041533546327,13,195,0.0,0.0,99,0.0,0.0,25,,,,,0.0,0.0,10,,,,,0.0,0.0,20,0.0,0.0,3,0.04861409596034953,0.9687418914875063,351,90,5,85,22,269,0,32,28,0,0.06267806267806268,0.9202279202279202,0.07977207977207977,0.08262108262108261,0.1452991452991453,14,201,0.0,0.0,99,0.0,0.0,25,,,,,0.0,0.0,10,,,,,0.0,0.0,20,0.0,0.0,3,0.05308184819674711,0.9704607655756647,0.48,0.0,,,,0.0,0.0,0.0,0.7,0.0,,,204,0,204,1.0,3,0,0,0,7,7,0,0,0.0,0,841,404800,9153600,0.044223037930431745,0.0,1576648,404800,1171848,5.805734697916085,7.811251971245418,19.718661812541736,400000,0.34134119783453143,2149806,10810,0,337826.65714285715,128988.36,0.10749030000000001,12.323953866958618,458,0,0,0,0,232,0,404800,404800,464210,228,10,464210,357168,267,2,357168,350470,313,1,350470,0,351,1,0,0,232,0,0,0,0.0,0,0,0,0,0,351,35,,,,,
compression,20260917T231153-5b07_B7_mycelic_significant_cells_only-o1-c2_s1,20260917T231153-5b07,ok,B7_mycelic,hierarchy,1,tier1,,significant_cells_only-o1-c2,1000,10000,30,10,2,1,d4b3bd09fd427f49,0.0,none,5,significant_cells_only,1,2,sim-3b,synthetic,none,3,none,,,7.193,7.739,347.0,2026-09-17T23:20:25Z,,329,67,2,65,21,258,0,29,21,0,0.06382978723404255,0.9361702127659575,0.06382978723404255,0.0668693009118541,0.11550151975683891,12,200,0.0,0.0,99,0.0,0.0,25,,,,,0.0,0.0,10,,,,,0.0,0.0,20,0.0,0.0,3,0.04279162828408389,0.97592232737223,0.5066757300491201,0.9973544973544973,29.857142857142858,0.0,0.0391304347826087,0.05652173913043478,230,0.2857142857142857,0.0,1.0,0.0,,1.0,0.0,0.05660377358490566,0.06415094339622641,265,0.8571428571428571,0.0,1.0,0.0,,1.0,0.0,0.059800664451827246,0.06312292358803986,301,0.8571428571428571,0.0,1.0,0.0,,1.0,0.0,0.06382978723404255,0.06382978723404255,329,0.8571428571428571,0.0,1.0,0.0,,1.0,230,0,0,0,9,198,0,10,13,0,0.0391304347826087,0.9434782608695652,0.05652173913043478,0.06086956521739131,0.08695652173913043,0,0,0.0,0.0,99,0.0,0.0,25,,,,,0.0,0.0,10,,,,,0.0,0.0,20,0.0,0.0,3,0.04330704951717269,0.9824374842997814,265,46,0,46,15,216,0,17,17,0,0.05660377358490566,0.9358490566037736,0.06415094339622641,0.06792452830188679,0.09433962264150944,7,158,0.0,0.0,99,0.0,0.0,25,,,,,0.0,0.0,10,,,,,0.0,0.0,20,0.0,0.0,3,0.04134191892002837,0.9734173906181416,301,53,1,52,18,240,0,24,19,0,0.059800664451827246,0.9368770764119602,0.06312292358803986,0.0664451827242525,0.10963455149501661,12,195,0.0,0.0,99,0.0,0.0,25,,,,,0.0,0.0,10,,,,,0.0,0.0,20,0.0,0.0,3,0.041075173123611565,0.9746299903993592,329,67,2,65,21,258,0,29,21,0,0.06382978723404255,0.9361702127659575,0.06382978723404255,0.0668693009118541,0.11550151975683891,12,200,0.0,0.0,99,0.0,0.0,25,,,,,0.0,0.0,10,,,,,0.0,0.0,20,0.0,0.0,3,0.04279162828408389,0.97592232737223,0.48,0.0,,,,0.0,0.0,0.0,0.7,0.0,,,192,0,192,1.0,3,0,0,0,7,7,0,0,0.0,0,841,404800,9153600,0.044223037930431745,0.0,1424415,404800,1019615,6.426217078590158,8.977506215581371,23.43651586143329,400000,0.3923049386287962,2085139,10432,0,327664.7,125108.34000000001,0.10425695000000001,6.522341728210449,416,0,0,0,0,232,0,404800,404800,390570,230,10,390570,314538,265,2,314538,314507,301,1,314507,0,329,1,0,0,232,0,0,0,0.0,0,0,0,0,0,329,35,,,,,
compression,20260917T231153-5b07_B7_mycelic_significant_cells_only-o2-c2_s2,20260917T231153-5b07,ok,B7_mycelic,hierarchy,2,tier1,,significant_cells_only-o2-c2,1000,10000,30,10,2,1,9df3bf594d527eb0,0.0,none,5,significant_cells_only,2,2,sim-3b,synthetic,none,3,none,,,20.942,4.881,362.2,2026-09-17T23:20:26Z,,2090,352,187,165,276,313,40,448,1013,0,0.1320574162679426,0.49617224880382776,0.5038277511961723,0.5038277511961723,0.6105263157894737,36,205,0.83,0.83,100,0.56,0.56,25,8.0,9.857142857142858,-5.5,2.0,0.0,0.0,10,,,,,0.5,0.5,20,0.75,0.75,4,0.4696039377046639,0.9657761865084917,0.8969655253299796,0.9528823018011305,11.703389830508474,0.5037037037037037,0.35080645161290325,0.04435483870967742,248,0.04819277108433735,0.08045977011494253,1.0,0.0,0.9661016949152542,1.0,0.6222222222222222,0.192722371967655,0.37331536388140163,742,0.40816326530612246,0.22377622377622378,1.0,0.0,0.5138888888888888,1.0,0.6518518518518519,0.168075117370892,0.428169014084507,1065,0.49019607843137253,0.30726256983240224,1.0,0.0,0.4625,1.0,0.7185185185185186,0.1320574162679426,0.5038277511961723,2090,0.7288135593220338,0.463768115942029,1.0,0.0,0.43209876543209874,1.0,248,0,0,0,87,143,0,7,11,0,0.35080645161290325,0.9556451612903226,0.04435483870967742,0.04435483870967742,0.04838709677419355,0,0,0.59,0.59,100,0.36,0.36,25,22.0,20.0,5.0,-1.0,0.0,0.0,10,,,,,0.35,0.35,20,0.75,0.75,4,0.03318639877864624,0.9871886097743842,742,244,123,121,143,210,17,112,260,0,0.192722371967655,0.6266846361185984,0.37331536388140163,0.36792452830188677,0.4366576819407008,7,139,0.64,0.71,100,0.52,0.52,25,10.0,11.692307692307692,-3.0,0.0,0.0,0.0,10,,,,,0.5,0.5,20,0.75,0.75,4,0.34235615865900354,0.9744316303571168,1065,319,169,150,179,249,21,181,435,0,0.168075117370892,0.571830985915493,0.428169014084507,0.4272300469483568,0.5070422535211268,45,236,0.68,0.75,100,0.52,0.52,25,10.0,10.76923076923077,-4.0,1.0,0.0,0.0,10,,,,,0.5,0.5,20,0.75,0.75,4,0.40167879801234935,0.9744487510639924,2090,352,187,165,276,313,40,448,1013,0,0.1320574162679426,0.49617224880382776,0.5038277511961723,0.5038277511961723,0.6105263157894737,36,205,0.83,0.83,100,0.56,0.56,25,8.0,9.857142857142858,-5.5,2.0,0.0,0.0,10,,,,,0.5,0.5,20,0.75,0.75,4,0.4696039377046639,0.9657761865084917,0.4,0.4,6.647058823529412,0.3724137931034483,0.6275862068965516,0.008403361344537815,0.4,0.016460905349794237,0.6,0.3,,19.0,539,63,472,0.87569573283859,4,3,0,2,6,3,3,2,0.0,0,814,404800,9005750,0.04494906032257169,0.0,2160209,404800,1755409,4.168925321577681,5.130285876396897,15.133145466063743,400000,0.22786712384407282,2580438,10432,0,405497.4,154826.28,0.12902190000000002,16.910903215408325,841,0,0,0,0,237,0,404800,404800,595101,248,10,595101,582264,742,2,582264,578044,1065,1,578044,0,2090,1,0,0,237,0,0,0,0.0,0,0,0,0,0,2090,21,,,,,
compression,20260917T231153-5b07_B7_mycelic_significant_cells_only-o1-c4_s1,20260917T231153-5b07,ok,B7_mycelic,hierarchy,1,tier1,,significant_cells_only-o1-c4,1000,10000,30,10,2,1,d4b3bd09fd427f49,0.0,none,5,significant_cells_only,1,4,sim-3b,synthetic,none,3,none,,,4.352,7.739,347.0,2026-09-17T23:20:30Z,,310,58,3,55,23,247,0,24,16,0,0.07419354838709677,0.9483870967741935,0.05161290322580645,0.054838709677419356,0.0935483870967742,11,184,0.0,0.0,99,0.0,0.0,25,,,,,0.0,0.0,10,,,,,0.0,0.0,20,0.0,0.0,3,0.038292560472181096,0.9804301276502532,0.6220008547056786,0.9973544973544973,21.285714285714285,0.0,0.04054054054054054,0.04504504504504504,222,0.2857142857142857,0.0,1.0,0.0,,1.0,0.0,0.057692307692307696,0.06153846153846154,260,0.8571428571428571,0.0,1.0,0.0,,1.0,0.0,0.06597222222222222,0.05555555555555555,288,0.8571428571428571,0.0,1.0,0.0,,1.0,0.0,0.07419354838709677,0.05161290322580645,310,0.8571428571428571,0.0,1.0,0.0,,1.0,222,0,0,0,9,193,0,10,10,0,0.04054054054054054,0.954954954954955,0.04504504504504504,0.04954954954954955,0.07657657657657657,0,0,0.0,0.0,99,0.0,0.0,25,,,,,0.0,0.0,10,,,,,0.0,0.0,20,0.0,0.0,3,0.03255677132923268,0.9820991396677614,260,38,1,37,15,214,0,15,16,0,0.057692307692307696,0.9384615384615385,0.06153846153846154,0.06538461538461539,0.09230769230769231,6,149,0.0,0.0,99,0.0,0.0,25,,,,,0.0,0.0,10,,,,,0.0,0.0,20,0.0,0.0,3,0.046786434038530014,0.9777966102893084,288,45,2,43,19,233,0,20,16,0,0.06597222222222222,0.9444444444444444,0.05555555555555555,0.059027777777777776,0.09375,11,182,0.0,0.0,99,0.0,0.0,25,,,,,0.0,0.0,10,,,,,0.0,0.0,20,0.0,0.0,3,0.04152382822171035,0.9792413484481075,310,58,3,55,23,247,0,24,16,0,0.07419354838709677,0.9483870967741935,0.05161290322580645,0.054838709677419356,0.0935483870967742,11,184,0.0,0.0,99,0.0,0.0,25,,,,,0.0,0.0,10,,,,,0.0,0.0,20,0.0,0.0,3,0.038292560472181096,0.9804301276502532,0.48,0.0,,,,0.0,0.0,0.0,0.7,0.0,,,180,0,180,1.0,3,0,0,0,7,7,0,0,0.0,0,841,404800,9153600,0.044223037930431745,0.0,1455786,404800,1050986,6.287737346011021,8.709535617030102,23.715709947871865,400000,0.380594984138704,2079652,10243,0,326802.4571428572,124779.12,0.10398260000000001,3.753993272781372,377,0,0,0,0,232,0,404800,404800,385972,222,10,385972,332856,260,2,332856,332158,288,1,332158,0,310,1,0,0,232,0,0,0,0.0,0,0,0,0,0,310,35,,,,,
compression,20260917T231153-5b07_B7_mycelic_significant_cells_only-o2-c4_s2,20260917T231153-5b07,ok,B7_mycelic,hierarchy,2,tier1,,significant_cells_only-o2-c4,1000,10000,30,10,2,1,9df3bf594d527eb0,0.0,none,5,significant_cells_only,2,4,sim-3b,synthetic,none,3,none,,,13.04,4.881,360.8,2026-09-17T23:20:39Z,,1905,219,135,84,294,300,24,439,848,0,0.15433070866141732,0.542257217847769,0.45774278215223096,0.45774278215223096,0.5637795275590551,33,193,0.8,0.8,100,0.56,0.56,25,8.0,11.428571428571429,-4.5,2.0,0.0,0.0,10,,,,,0.6,0.6,20,0.5,0.75,4,0.42815495880318266,0.9704121766509517,0.9058318166269499,0.9460969510230594,10.025862068965518,0.4962962962962963,0.35537190082644626,0.045454545454545456,242,0.04878048780487805,0.09302325581395349,1.0,0.0,0.9661016949152542,1.0,0.6148148148148148,0.2218798151001541,0.31587057010785824,649,0.3838383838383838,0.24305555555555555,1.0,0.0,0.7671232876712328,1.0,0.6370370370370371,0.19389978213507625,0.3790849673202614,918,0.4803921568627451,0.33146067415730335,1.0,0.0,0.7073170731707317,1.0,0.6962962962962963,0.15433070866141732,0.45774278215223096,1905,0.808695652173913,0.5238095238095238,1.0,0.0,0.40476190476190477,1.0,242,0,0,0,86,137,0,8,11,0,0.35537190082644626,0.9545454545454546,0.045454545454545456,0.045454545454545456,0.049586776859504134,0,0,0.59,0.59,100,0.32,0.32,25,24.0,21.5,6.0,-1.0,0.0,0.0,10,,,,,0.35,0.35,20,0.75,0.75,4,0.03527304792853414,0.9881348178745797,649,207,105,102,144,192,8,108,197,0,0.2218798151001541,0.6841294298921418,0.31587057010785824,0.30970724191063176,0.3852080123266564,7,133,0.64,0.69,100,0.56,0.56,25,12.0,13.714285714285714,-1.0,0.0,0.0,0.0,10,,,,,0.55,0.55,20,0.75,0.75,4,0.2910621025256286,0.9792585619947182,918,276,143,133,178,228,12,164,336,0,0.19389978213507625,0.6209150326797386,0.3790849673202614,0.3779956427015251,0.4542483660130719,40,214,0.67,0.72,100,0.56,0.56,25,12.0,13.714285714285714,-1.0,1.0,0.0,0.0,10,,,,,0.55,0.55,20,0.75,0.75,4,0.35909951043736177,0.9796218439835918,1905,219,135,84,294,300,24,439,848,0,0.15433070866141732,0.542257217847769,0.45774278215223096,0.45774278215223096,0.5637795275590551,33,193,0.8,0.8,100,0.56,0.56,25,8.0,11.428571428571429,-4.5,2.0,0.0,0.0,10,,,,,0.6,0.6,20,0.5,0.75,4,0.42815495880318266,0.9704121766509517,0.33666666666666667,0.42333333333333334,6.470588235294118,0.24822695035460993,0.75177304964539,0.010075566750629723,0.4,0.019656019656019656,0.3,0.6,,24.0,457,60,393,0.8599562363238512,4,2,1,2,6,1,5,2,0.0,0,814,404800,9005750,0.04494906032257169,0.0,1810808,404800,1406008,4.973332346665135,6.405191151117205,17.154038244319448,400000,0.28449340259799377,2343546,10243,0,368271.51428571425,140612.75999999998,0.1171773,9.440542936325073,710,0,0,0,0,237,0,404800,404800,524993,242,10,524993,516315,649,2,516315,364700,918,1,364700,0,1905,1,0,0,237,0,0,0,0.0,0,0,0,0,0,1905,21,,,,,
compression,20260917T231153-5b07_B7_mycelic_significant_cells_only-o2-c1_s1,20260917T231153-5b07,ok,B7_mycelic,hierarchy,1,tier1,,significant_cells_only-o2-c1,1000,10000,30,10,2,1,d4b3bd09fd427f49,0.0,none,5,significant_cells_only,2,1,sim-3b,synthetic,none,3,none,,,47.383,7.739,374.5,2026-09-17T23:21:17Z,,2788,721,410,311,247,373,40,704,1424,0,0.08859397417503587,0.4748923959827834,0.5251076040172167,0.5236728837876614,0.6423959827833573,33,237,0.7777777777777778,0.7878787878787878,99,0.48,0.48,25,8.0,10.083333333333334,-12.5,2.0,0.0,0.0,10,,,,,0.55,0.55,20,0.6666666666666666,0.6666666666666666,3,0.49304485763593886,0.9693719738482774,0.9174930277253516,0.946334497376164,11.45045045045045,0.4925373134328358,0.3035019455252918,0.07003891050583658,257,0.012987012987012988,0.01282051282051282,1.0,0.0,0.9333333333333333,1.0,0.6567164179104478,0.13617463617463618,0.4386694386694387,962,0.30612244897959184,0.19083969465648856,1.0,0.0,0.4583333333333333,1.0,0.6567164179104478,0.12357142857142857,0.46714285714285714,1400,0.47115384615384615,0.31213872832369943,1.0,0.0,0.41025641025641024,1.0,0.6716417910447762,0.08859397417503587,0.5251076040172167,2788,0.7454545454545455,0.4291497975708502,1.0,0.0,0.3493975903614458,1.0,257,0,0,0,78,150,2,11,16,0,0.3035019455252918,0.9299610894941635,0.07003891050583658,0.07003891050583658,0.08171206225680934,0,0,0.6060606060606061,0.6060606060606061,99,0.24,0.24,25,23.5,23.333333333333332,2.0,-1.0,0.0,0.0,10,,,,,0.3,0.3,20,0.3333333333333333,0.3333333333333333,3,0.05749414197997907,0.986147913765112,962,501,291,210,131,224,19,185,403,0,0.13617463617463618,0.5613305613305614,0.4386694386694387,0.4386694386694387,0.5187110187110187,6,156,0.696969696969697,0.7676767676767676,99,0.48,0.48,25,9.5,10.583333333333334,-11.5,0.0,0.0,0.0,10,,,,,0.45,0.5,20,0.3333333333333333,0.6666666666666666,3,0.4115213587567703,0.9728519200873316,1400,625,371,254,173,276,26,297,628,0,0.12357142857142857,0.5328571428571428,0.46714285714285714,0.4657142857142857,0.565,43,256,0.7373737373737373,0.7676767676767676,99,0.48,0.48,25,8.5,10.416666666666666,-12.0,1.0,0.0,0.0,10,,,,,0.45,0.5,20,0.6666666666666666,0.6666666666666666,3,0.43951456845039066,0.9738002827361051,2788,721,410,311,247,373,40,704,1424,0,0.08859397417503587,0.4748923959827834,0.5251076040172167,0.5236728837876614,0.6423959827833573,33,237,0.7777777777777778,0.7878787878787878,99,0.48,0.48,25,8.0,10.083333333333334,-12.5,2.0,0.0,0.0,10,,,,,0.55,0.55,20,0.6666666666666666,0.6666666666666666,3,0.49304485763593886,0.9693719738482774,0.38333333333333336,0.42,6.555555555555555,0.23943661971830985,0.7605633802816901,0.006002400960384154,0.5,0.011862396204033215,0.4,0.5,,10.8,899,66,828,0.9210233592880979,3,2,0,2,7,2,5,3,0.0,0,841,404800,9153600,0.044223037930431745,0.0,3071504,404800,2666704,2.9801686730670056,3.43255194427278,11.322407075267487,400000,0.14999790002939958,3096837,10810,0,486645.8142857143,185810.22,0.15484185,41.27327537536621,1387,0,0,0,0,232,0,404800,404800,808450,257,10,808450,910953,962,2,910953,947301,1400,1,947301,0,2788,1,0,0,232,0,0,0,0.0,0,0,0,0,0,2788,23,,,,,
compression,20260917T231153-5b07_B7_mycelic_significant_cells_only-o3-c1_s2,20260917T231153-5b07,ok,B7_mycelic,hierarchy,2,tier1,,significant_cells_only-o3-c1,1000,10000,30,10,2,1,9df3bf594d527eb0,0.0,none,5,significant_cells_only,3,1,sim-3b,synthetic,none,3,none,,,43.705,4.881,359.8,2026-09-17T23:21:23Z,,1314,194,65,129,233,213,262,283,323,0,0.17732115677321156,0.5547945205479452,0.4452054794520548,0.3219178082191781,0.4041095890410959,20,213,0.69,0.74,100,0.92,0.92,25,15.0,14.956521739130435,-1.0,2.0,0.6,0.6,10,23.0,22.833333333333332,9.5,2.0,0.5,0.5,20,0.75,0.75,4,0.28080752431666345,0.9582998425292482,0.8615478287906162,0.9208892647642064,19.43089430894309,0.45925925925925926,0.35545023696682465,0.06635071090047394,211,0.0273972602739726,0.06666666666666667,1.0,0.0,0.8867924528301887,1.0,0.6666666666666666,0.27176220806794055,0.25902335456475584,471,0.21359223300970873,0.15625,1.0,0.0,0.5945945945945946,1.0,0.7111111111111111,0.24558823529411763,0.3161764705882353,680,0.3888888888888889,0.23353293413173654,1.0,0.0,0.45977011494252873,1.0,0.762962962962963,0.17732115677321156,0.4452054794520548,1314,0.5423728813559322,0.3090128755364807,1.0,0.0,0.45454545454545453,1.0,211,0,0,0,75,115,2,7,12,0,0.35545023696682465,0.933649289099526,0.06635071090047394,0.061611374407582936,0.07109004739336493,0,0,0.53,0.53,100,0.32,0.32,25,23.0,20.5,5.0,-1.0,0.1,0.1,10,24.0,24.0,8.0,-1.0,0.3,0.3,20,0.5,0.5,4,0.045553094346874504,0.9817340129812672,471,113,40,73,128,160,49,61,73,0,0.27176220806794055,0.7409766454352441,0.25902335456475584,0.19532908704883228,0.23991507430997877,9,133,0.6,0.67,100,0.84,0.84,25,14.0,14.857142857142858,0.0,0.0,0.2,0.2,10,25.5,25.5,12.5,0.0,0.5,0.5,20,0.75,0.75,4,0.16520712396976492,0.9682324023802458,680,162,61,101,167,186,83,112,132,0,0.24558823529411763,0.6838235294117647,0.3161764705882353,0.23823529411764705,0.3029411764705882,20,209,0.61,0.69,100,0.84,0.84,25,14.0,14.571428571428571,0.0,1.0,0.6,0.6,10,23.0,22.833333333333332,9.5,1.0,0.5,0.5,20,0.75,0.75,4,0.20600673145832826,0.966631593416176,1314,194,65,129,233,213,262,283,323,0,0.17732115677321156,0.5547945205479452,0.4452054794520548,0.3219178082191781,0.4041095890410959,20,213,0.69,0.74,100,0.92,0.92,25,15.0,14.956521739130435,-1.0,2.0,0.6,0.6,10,23.0,22.833333333333332,9.5,2.0,0.5,0.5,20,0.75,0.75,4,0.28080752431666345,0.9582998425292482,0.4633333333333333,0.36666666666666664,6.411764705882353,0.45038167938931295,0.549618320610687,0.01639344262295082,0.5,0.031746031746031744,0.5,0.4,,16.8,375,70,300,0.8,4,3,0,2,6,2,4,3,0.0,0,814,404800,9005750,0.04494906032257169,0.0,5393735,404800,4988935,1.6696686062626362,1.8051447854101126,4.433255160952403,400000,0.0801774326584732,6536018,10810,0,1027088.5428571429,392161.08,0.3268009,41.06857204437256,590,0,0,0,0,237,0,404800,404800,2031408,211,10,2031408,1520032,471,2,1520032,1437495,680,1,1437495,0,1314,1,0,0,237,0,0,0,0.0,0,0,0,0,0,1314,2,2,1,,1,
compression,20260917T231153-5b07_B7_mycelic_significant_cells_only-o2-c2_s1,20260917T231153-5b07,ok,B7_mycelic,hierarchy,1,tier1,,significant_cells_only-o2-c2,1000,10000,30,10,2,1,d4b3bd09fd427f49,0.0,none,5,significant_cells_only,2,2,sim-3b,synthetic,none,3,none,,,26.847,7.739,371.8,2026-09-17T23:21:44Z,,2672,539,314,225,263,378,42,709,1280,0,0.09842814371257486,0.5052395209580839,0.49476047904191617,0.49176646706586824,0.6156437125748503,23,205,0.7878787878787878,0.7878787878787878,99,0.48,0.48,25,9.0,10.5,-11.0,2.0,0.0,0.0,10,,,,,0.6,0.6,20,0.6666666666666666,0.6666666666666666,3,0.4642095468628461,0.9724430797969779,0.9225970749515509,0.9270051301301301,7.81981981981982,0.48507462686567165,0.30196078431372547,0.07058823529411765,255,0.013157894736842105,0.012987012987012988,1.0,0.0,0.9333333333333333,1.0,0.664179104477612,0.14982973893303064,0.38933030646992056,881,0.29292929292929293,0.19696969696969696,1.0,0.0,0.5416666666666666,1.0,0.664179104477612,0.13733228097868982,0.425414364640884,1267,0.45714285714285713,0.3218390804597701,1.0,0.0,0.5063291139240507,1.0,0.6716417910447762,0.09842814371257486,0.49476047904191617,2672,0.7657657657657657,0.45627376425855515,1.0,0.0,0.3333333333333333,1.0,255,0,0,0,77,149,2,11,16,0,0.30196078431372547,0.9294117647058824,0.07058823529411765,0.07058823529411765,0.08235294117647059,0,0,0.6060606060606061,0.6060606060606061,99,0.2,0.2,25,24.0,25.2,3.0,-1.0,0.0,0.0,10,,,,,0.3,0.3,20,0.3333333333333333,0.3333333333333333,3,0.05843620755618928,0.9865304010808132,881,434,241,193,132,221,19,185,324,0,0.14982973893303064,0.6106696935300795,0.38933030646992056,0.3859250851305335,0.48127128263337116,6,156,0.7070707070707071,0.7777777777777778,99,0.48,0.48,25,10.0,11.0,-11.0,0.0,0.0,0.0,10,,,,,0.45,0.5,20,0.3333333333333333,0.6666666666666666,3,0.36326886975370926,0.9773437846231757,1267,551,316,235,174,269,26,285,513,0,0.13733228097868982,0.574585635359116,0.425414364640884,0.4214680347277032,0.5311760063141279,31,242,0.7474747474747475,0.7777777777777778,99,0.48,0.48,25,10.0,11.0,-11.0,1.0,0.0,0.0,10,,,,,0.5,0.55,20,0.6666666666666666,0.6666666666666666,3,0.399579013086581,0.9781109783588777,2672,539,314,225,263,378,42,709,1280,0,0.09842814371257486,0.5052395209580839,0.49476047904191617,0.49176646706586824,0.6156437125748503,23,205,0.7878787878787878,0.7878787878787878,99,0.48,0.48,25,9.0,10.5,-11.0,2.0,0.0,0.0,10,,,,,0.6,0.6,20,0.6666666666666666,0.6666666666666666,3,0.4642095468628461,0.9724430797969779,0.37666666666666665,0.43666666666666665,7.0,0.16901408450704225,0.8309859154929577,0.00697350069735007,0.5,0.01375515818431912,0.3,0.6,,11.6,783,66,712,0.909323116219668,3,2,0,2,7,1,6,3,0.0,0,841,404800,9153600,0.044223037930431745,0.0,2334925,404800,1930125,3.9202972258209576,4.742490771323101,14.483269305013195,400000,0.20724046370053753,2616810,10432,0,411213.0,157008.6,0.1308405,21.28254508972168,1212,0,0,0,0,232,0,404800,404800,632012,255,10,632012,710222,881,2,710222,587891,1267,1,587891,0,2672,1,0,0,232,0,0,0,0.0,0,0,0,0,0,2672,23,,,,,
compression,20260917T231153-5b07_B7_mycelic_significant_cells_only-o3-c2_s2,20260917T231153-5b07,ok,B7_mycelic,hierarchy,2,tier1,,significant_cells_only-o3-c2,1000,10000,30,10,2,1,9df3bf594d527eb0,0.0,none,5,significant_cells_only,3,2,sim-3b,synthetic,none,3,none,,,24.569,4.881,358.8,2026-09-17T23:21:48Z,,1317,158,43,115,234,204,270,281,328,0,0.1776765375854214,0.5459377372817008,0.4540622627182992,0.3249810174639332,0.4123006833712984,19,192,0.65,0.7,100,0.92,0.92,25,16.0,15.478260869565217,-1.0,2.0,0.7,0.7,10,24.0,23.857142857142858,11.0,2.0,0.45,0.45,20,0.75,0.75,4,0.28488760394237594,0.9599065864784427,0.8871162774767833,0.9380965906036547,17.705882352941178,0.4222222222222222,0.33658536585365856,0.06829268292682927,205,0.029850746268656716,0.057971014492753624,1.0,0.0,0.9791666666666666,1.0,0.6444444444444445,0.26406926406926406,0.2727272727272727,462,0.2268041237113402,0.1557377049180328,1.0,0.0,0.6376811594202898,1.0,0.6962962962962963,0.24477611940298508,0.3208955223880597,670,0.41346153846153844,0.23170731707317074,1.0,0.0,0.5180722891566265,1.0,0.7407407407407407,0.1776765375854214,0.4540622627182992,1317,0.5877192982456141,0.3076923076923077,1.0,0.0,0.5119047619047619,1.0,205,0,0,0,69,116,2,6,12,0,0.33658536585365856,0.9317073170731708,0.06829268292682927,0.06341463414634146,0.06829268292682927,0,0,0.48,0.48,100,0.32,0.32,25,24.0,21.125,5.5,-1.0,0.1,0.1,10,24.0,24.0,8.0,-1.0,0.25,0.25,20,0.5,0.5,4,0.048405909572801026,0.9838530507071912,462,98,29,69,122,158,47,56,79,0,0.26406926406926406,0.7272727272727273,0.2727272727272727,0.20562770562770563,0.2510822510822511,9,131,0.55,0.64,100,0.84,0.84,25,14.0,15.523809523809524,1.0,0.0,0.2,0.2,10,26.0,26.0,13.0,0.0,0.45,0.45,20,0.75,0.75,4,0.17909140100551116,0.9734636953778054,670,134,40,94,164,179,84,112,131,0,0.24477611940298508,0.6791044776119403,0.3208955223880597,0.2373134328358209,0.3074626865671642,19,190,0.57,0.66,100,0.84,0.84,25,12.0,15.047619047619047,0.0,1.0,0.7,0.7,10,24.0,23.857142857142858,11.0,1.0,0.45,0.45,20,0.75,0.75,4,0.20881398161390846,0.9715005487780876,1317,158,43,115,234,204,270,281,328,0,0.1776765375854214,0.5459377372817008,0.4540622627182992,0.3249810174639332,0.4123006833712984,19,192,0.65,0.7,100,0.92,0.92,25,16.0,15.478260869565217,-1.0,2.0,0.7,0.7,10,24.0,23.857142857142858,11.0,2.0,0.45,0.45,20,0.75,0.75,4,0.28488760394237594,0.9599065864784427,0.42,0.37333333333333335,6.529411764705882,0.3282442748091603,0.6717557251908397,0.01509433962264151,0.4,0.02909090909090909,0.5,0.4,,14.5,331,66,261,0.7885196374622356,4,3,0,2,6,2,4,2,0.0,0,814,404800,9005750,0.04494906032257169,0.0,4264254,404800,3859454,2.1119168792478122,2.3334259198321834,5.655265395421155,400000,0.10364160319050311,4636840,10432,0,728646.2857142857,278210.4,0.23184200000000002,22.154552698135376,533,0,0,0,0,237,0,404800,404800,1592454,205,10,1592454,1163935,462,2,1163935,1103065,670,1,1103065,0,1317,1,0,0,237,0,0,0,0.0,0,0,0,0,0,1317,1,2,1,,1,
compression,20260917T231153-5b07_B7_mycelic_significant_cells_only-o2-c4_s1,20260917T231153-5b07,ok,B7_mycelic,hierarchy,1,tier1,,significant_cells_only-o2-c4,1000,10000,30,10,2,1,d4b3bd09fd427f49,0.0,none,5,significant_cells_only,2,4,sim-3b,synthetic,none,3,none,,,15.9,7.739,370.8,2026-09-17T23:22:01Z,,2172,307,181,126,249,314,20,606,983,0,0.11464088397790055,0.5382136279926335,0.4617863720073665,0.460865561694291,0.5851749539594844,13,154,0.7474747474747475,0.7777777777777778,99,0.48,0.48,25,12.0,12.0,-9.0,2.0,0.0,0.0,10,,,,,0.5,0.5,20,0.6666666666666666,0.6666666666666666,3,0.4404940437705636,0.9796284820762726,0.9467568133087213,0.9483046124828531,6.0092592592592595,0.4626865671641791,0.2931726907630522,0.07228915662650602,249,0.013888888888888888,0.0,1.0,0.0,0.9824561403508771,1.0,0.6492537313432836,0.16361256544502617,0.35732984293193715,764,0.28421052631578947,0.192,1.0,0.0,0.855072463768116,1.0,0.664179104477612,0.15349264705882354,0.39889705882352944,1088,0.44554455445544555,0.32335329341317365,1.0,0.0,0.7894736842105263,1.0,0.664179104477612,0.11464088397790055,0.4617863720073665,2172,0.7714285714285715,0.5020080321285141,0.9906542056074766,0.009345794392523364,0.44776119402985076,1.0,249,0,0,0,73,145,2,13,16,0,0.2931726907630522,0.927710843373494,0.07228915662650602,0.07228915662650602,0.08835341365461848,0,0,0.5757575757575758,0.5757575757575758,99,0.2,0.2,25,24.0,25.6,5.0,-1.0,0.0,0.0,10,,,,,0.25,0.25,20,0.3333333333333333,0.3333333333333333,3,0.0620725659836487,0.9870710142118143,764,367,197,170,125,207,12,159,261,0,0.16361256544502617,0.6426701570680629,0.35732984293193715,0.35471204188481675,0.44502617801047123,6,150,0.6767676767676768,0.7575757575757576,99,0.48,0.48,25,12.0,13.0,-9.0,0.0,0.0,0.0,10,,,,,0.4,0.4,20,0.3333333333333333,0.6666666666666666,3,0.33706514326612724,0.9813900640294199,1088,457,247,210,167,249,16,238,418,0,0.15349264705882354,0.6011029411764706,0.39889705882352944,0.3961397058823529,0.49172794117647056,28,225,0.7171717171717171,0.7777777777777778,99,0.48,0.48,25,12.0,12.666666666666666,-9.5,1.0,0.0,0.0,10,,,,,0.45,0.45,20,0.6666666666666666,0.6666666666666666,3,0.37920558119866565,0.9823896248228896,2172,307,181,126,249,314,20,606,983,0,0.11464088397790055,0.5382136279926335,0.4617863720073665,0.460865561694291,0.5851749539594844,13,154,0.7474747474747475,0.7777777777777778,99,0.48,0.48,25,12.0,12.0,-9.0,2.0,0.0,0.0,10,,,,,0.5,0.5,20,0.6666666666666666,0.6666666666666666,3,0.4404940437705636,0.9796284820762726,0.31,0.42,6.285714285714286,0.12142857142857143,0.8785714285714286,0.008156606851549755,0.5,0.016051364365971106,0.4,0.5,,17.8,679,66,608,0.8954344624447718,3,2,0,2,7,2,5,3,0.0,0,841,404800,9153600,0.044223037930431745,0.0,1860790,404800,1455990,4.919200984528077,6.286856365771743,16.571891005273763,400000,0.27472716158764826,2351719,10243,0,369555.84285714285,141103.14,0.11758595000000001,11.743864297866821,1034,0,0,0,0,232,0,404800,404800,552357,249,10,552357,551203,764,2,551203,352430,1088,1,352430,0,2172,1,0,0,232,0,0,0,0.0,0,0,0,0,0,2172,23,,,,,
compression,20260917T231153-5b07_B7_mycelic_significant_cells_only-o3-c4_s2,20260917T231153-5b07,ok,B7_mycelic,hierarchy,2,tier1,,significant_cells_only-o3-c4,1000,10000,30,10,2,1,9df3bf594d527eb0,0.0,none,5,significant_cells_only,3,4,sim-3b,synthetic,none,3,none,,,15.611,4.881,357.8,2026-09-17T23:22:04Z,,1259,140,41,99,231,211,255,263,299,0,0.1834789515488483,0.5599682287529786,0.4400317712470214,0.30420969023034156,0.3796664019062748,12,165,0.66,0.67,100,0.92,0.92,25,16.0,16.695652173913043,1.0,2.0,0.6,0.6,10,24.0,25.5,13.5,2.0,0.65,0.65,20,0.75,0.75,4,0.26956907904987937,0.9642227883041403,0.8911691435376633,0.9351812814732983,18.128205128205128,0.4074074074074074,0.3282828282828283,0.06060606060606061,198,0.031746031746031744,0.046153846153846156,1.0,0.0,0.9787234042553191,1.0,0.6148148148148148,0.2759433962264151,0.23113207547169812,424,0.19791666666666666,0.15384615384615385,1.0,0.0,0.8529411764705882,1.0,0.6592592592592592,0.2532258064516129,0.2967741935483871,620,0.36538461538461536,0.2356687898089172,1.0,0.0,0.7560975609756098,1.0,0.7111111111111111,0.1834789515488483,0.4400317712470214,1259,0.5603448275862069,0.329004329004329,1.0,0.0,0.6987951807228916,1.0,198,0,0,0,65,114,2,7,10,0,0.3282828282828283,0.9393939393939394,0.06060606060606061,0.05555555555555555,0.06060606060606061,0,0,0.47,0.47,100,0.28,0.28,25,24.0,22.428571428571427,6.0,-1.0,0.1,0.1,10,24.0,24.0,8.0,-1.0,0.15,0.15,20,0.5,0.5,4,0.04350117899578296,0.9856647918384699,424,95,28,67,117,154,42,55,56,0,0.2759433962264151,0.7688679245283019,0.23113207547169812,0.1650943396226415,0.2028301886792453,7,123,0.54,0.6,100,0.84,0.84,25,16.0,16.80952380952381,2.0,0.0,0.2,0.2,10,26.0,26.0,13.0,0.0,0.55,0.55,20,0.75,0.75,4,0.14641665626934725,0.9795818048721375,620,133,43,90,157,179,77,100,107,0,0.2532258064516129,0.7032258064516129,0.2967741935483871,0.20806451612903226,0.2629032258064516,13,176,0.57,0.62,100,0.84,0.84,25,12.0,16.19047619047619,1.0,1.0,0.6,0.6,10,26.0,26.166666666666668,13.5,1.0,0.6,0.6,20,0.75,0.75,4,0.18698873200613803,0.9777339304054657,1259,140,41,99,231,211,255,263,299,0,0.1834789515488483,0.5599682287529786,0.4400317712470214,0.30420969023034156,0.3796664019062748,12,165,0.66,0.67,100,0.92,0.92,25,16.0,16.695652173913043,1.0,2.0,0.6,0.6,10,24.0,25.5,13.5,2.0,0.65,0.65,20,0.75,0.75,4,0.26956907904987937,0.9642227883041403,0.38333333333333336,0.39666666666666667,6.611111111111111,0.21374045801526717,0.7862595419847328,0.016877637130801686,0.4,0.032388663967611336,0.5,0.4,,15.0,298,61,233,0.7818791946308725,4,3,0,2,6,2,4,2,0.0,0,814,404800,9005750,0.04494906032257169,0.0,3371472,404800,2966672,2.6711626257017707,3.0356406100842963,7.204461674335853,400000,0.1348312182809559,3607863,10243,0,566949.9,216471.78,0.18039315,13.284927129745483,481,0,0,0,0,237,0,404800,404800,1250024,198,10,1250024,909282,424,2,909282,807366,620,1,807366,0,1259,1,0,0,237,0,0,0,0.0,0,0,0,0,0,1259,2,1,2,,1,
compression,20260917T231153-5b07_B7_mycelic_claims_only-o1-c1_s2,20260917T231153-5b07,ok,B7_mycelic,hierarchy,2,tier1,,claims_only-o1-c1,1000,10000,30,10,2,1,9df3bf594d527eb0,0.0,none,5,claims_only,1,1,sim-3b,synthetic,none,3,none,,,10.82,4.881,355.9,2026-09-17T23:22:15Z,,282,22,3,19,33,217,0,8,24,0,0.11702127659574468,0.9148936170212766,0.0851063829787234,0.10283687943262411,0.13829787234042554,18,165,0.0,0.0,100,0.0,0.0,25,,,,,0.0,0.0,10,,,,,0.0,0.0,20,0.0,0.0,4,0.07657723595242329,0.9689272055098778,0.6140059889499956,0.9984375,24.0,0.0,0.06598984771573604,0.09137055837563451,197,0.2222222222222222,0.15384615384615385,1.0,0.0,,1.0,0.0,0.08936170212765958,0.0851063829787234,235,0.8888888888888888,0.14285714285714285,1.0,0.0,,1.0,0.0,0.10344827586206896,0.0842911877394636,261,0.8,0.14814814814814814,1.0,0.0,,1.0,0.0,0.11702127659574468,0.0851063829787234,282,0.9,0.15151515151515152,1.0,0.0,,1.0,197,0,0,0,13,159,0,7,18,0,0.06598984771573604,0.9086294416243654,0.09137055837563451,0.10152284263959391,0.14213197969543148,0,0,0.0,0.0,100,0.0,0.0,25,,,,,0.0,0.0,10,,,,,0.0,0.0,20,0.0,0.0,4,0.08666018533244288,0.9851373426928488,235,23,2,21,21,186,0,8,20,0,0.08936170212765958,0.9148936170212766,0.0851063829787234,0.09361702127659574,0.13617021276595745,15,124,0.0,0.0,100,0.0,0.0,25,,,,,0.0,0.0,10,,,,,0.0,0.0,20,0.0,0.0,4,0.0654646155862889,0.9660718130977877,261,20,3,17,27,204,0,8,22,0,0.10344827586206896,0.9157088122605364,0.0842911877394636,0.09578544061302682,0.13409961685823754,18,163,0.0,0.0,100,0.0,0.0,25,,,,,0.0,0.0,10,,,,,0.0,0.0,20,0.0,0.0,4,0.06844624967714932,0.9674603930304145,282,22,3,19,33,217,0,8,24,0,0.11702127659574468,0.9148936170212766,0.0851063829787234,0.10283687943262411,0.13829787234042554,18,165,0.0,0.0,100,0.0,0.0,25,,,,,0.0,0.0,10,,,,,0.0,0.0,20,0.0,0.0,4,0.07657723595242329,0.9689272055098778,0.48333333333333334,0.0,,,,0.0,0.0,0.0,0.6,0.0,,,160,0,160,1.0,4,0,0,0,6,6,0,0,0.0,0,814,404800,9005750,0.04494906032257169,0.0,1390986,404800,986186,6.474364227964911,9.1318980395179,21.123597350446595,400000,0.4056029998397868,2103437,10810,0,330540.1,126206.22,0.10517185,10.22562575340271,325,0,0,0,0,237,0,404800,404800,426336,197,10,426336,294102,235,2,294102,265748,261,1,265748,0,282,1,0,0,237,0,0,0,0.0,0,0,0,0,0,282,35,,,,,
compression,20260917T231153-5b07_B7_mycelic_claims_only-o1-c2_s2,20260917T231153-5b07,ok,B7_mycelic,hierarchy,2,tier1,,claims_only-o1-c2,1000,10000,30,10,2,1,9df3bf594d527eb0,0.0,none,5,claims_only,1,2,sim-3b,synthetic,none,3,none,,,5.842,4.881,355.9,2026-09-17T23:22:21Z,,266,21,2,19,33,206,0,9,18,0,0.12406015037593984,0.9323308270676691,0.06766917293233082,0.07894736842105263,0.11654135338345864,16,159,0.0,0.0,100,0.0,0.0,25,,,,,0.0,0.0,10,,,,,0.0,0.0,20,0.0,0.0,4,0.0574859505151203,0.9754677809527508,0.48965776269850736,0.9984375,26.0,0.0,0.07142857142857142,0.08163265306122448,196,0.3333333333333333,0.14285714285714285,1.0,0.0,,1.0,0.0,0.09956709956709957,0.07792207792207792,231,0.9,0.13043478260869565,1.0,0.0,,1.0,0.0,0.112,0.072,250,0.9,0.14285714285714285,1.0,0.0,,1.0,0.0,0.12406015037593984,0.06766917293233082,266,0.9,0.15151515151515152,1.0,0.0,,1.0,196,0,0,0,14,159,0,7,16,0,0.07142857142857142,0.9183673469387755,0.08163265306122448,0.08673469387755102,0.12755102040816327,0,0,0.0,0.0,100,0.0,0.0,25,,,,,0.0,0.0,10,,,,,0.0,0.0,20,0.0,0.0,4,0.07433947230193973,0.9865757642866256,231,21,2,19,23,181,0,9,18,0,0.09956709956709957,0.922077922077922,0.07792207792207792,0.08225108225108226,0.12554112554112554,13,124,0.0,0.0,100,0.0,0.0,25,,,,,0.0,0.0,10,,,,,0.0,0.0,20,0.0,0.0,4,0.0602318932233521,0.9744447369307535,250,20,2,18,28,195,0,9,18,0,0.112,0.928,0.072,0.08,0.12,16,159,0.0,0.0,100,0.0,0.0,25,,,,,0.0,0.0,10,,,,,0.0,0.0,20,0.0,0.0,4,0.05806622278983594,0.9747988903754748,266,21,2,19,33,206,0,9,18,0,0.12406015037593984,0.9323308270676691,0.06766917293233082,0.07894736842105263,0.11654135338345864,16,159,0.0,0.0,100,0.0,0.0,25,,,,,0.0,0.0,10,,,,,0.0,0.0,20,0.0,0.0,4,0.0574859505151203,0.9754677809527508,0.48333333333333334,0.0,,,,0.0,0.0,0.0,0.6,0.0,,,153,0,153,1.0,4,0,0,0,6,6,0,0,0.0,0,814,404800,9005750,0.04494906032257169,0.0,1261498,404800,856698,7.13893323651722,10.51216414652538,25.532726231450976,400000,0.4669089924337398,2044445,10432,0,321269.9285714286,122666.7,0.10222225,5.332777738571167,305,0,0,0,0,237,0,404800,404800,352714,196,10,352714,259868,231,2,259868,244116,250,1,244116,0,266,1,0,0,237,0,0,0,0.0,0,0,0,0,0,266,35,,,,,
compression,20260917T231153-5b07_B7_mycelic_claims_only-o1-c4_s2,20260917T231153-5b07,ok,B7_mycelic,hierarchy,2,tier1,,claims_only-o1-c4,1000,10000,30,10,2,1,9df3bf594d527eb0,0.0,none,5,claims_only,1,4,sim-3b,synthetic,none,3,none,,,3.722,4.881,355.9,2026-09-17T23:22:24Z,,246,21,1,20,25,197,0,10,14,0,0.1016260162601626,0.943089430894309,0.056910569105691054,0.06097560975609756,0.1016260162601626,13,155,0.0,0.0,100,0.0,0.0,25,,,,,0.0,0.0,10,,,,,0.0,0.0,20,0.0,0.0,4,0.04985793750676828,0.9833896192615906,0.4113416147745534,0.996875,34.1,0.0,0.061855670103092786,0.07216494845360824,194,0.2222222222222222,0.16666666666666666,1.0,0.0,,1.0,0.0,0.08558558558558559,0.06306306306306306,222,0.6,0.15789473684210525,1.0,0.0,,1.0,0.0,0.09361702127659574,0.059574468085106386,235,0.6,0.18181818181818182,1.0,0.0,,1.0,0.0,0.1016260162601626,0.056910569105691054,246,0.6,0.2,1.0,0.0,,1.0,194,0,0,0,12,160,0,8,14,0,0.061855670103092786,0.9278350515463918,0.07216494845360824,0.07731958762886598,0.12371134020618557,0,0,0.0,0.0,100,0.0,0.0,25,,,,,0.0,0.0,10,,,,,0.0,0.0,20,0.0,0.0,4,0.06408093164020673,0.9867613440113407,222,20,1,19,19,179,0,10,14,0,0.08558558558558559,0.9369369369369369,0.06306306306306306,0.06756756756756757,0.11261261261261261,11,122,0.0,0.0,100,0.0,0.0,25,,,,,0.0,0.0,10,,,,,0.0,0.0,20,0.0,0.0,4,0.05578191497374957,0.9821278325939583,235,20,1,19,22,189,0,10,14,0,0.09361702127659574,0.9404255319148936,0.059574468085106386,0.06382978723404255,0.10638297872340426,13,154,0.0,0.0,100,0.0,0.0,25,,,,,0.0,0.0,10,,,,,0.0,0.0,20,0.0,0.0,4,0.05245707309855851,0.9828774718716917,246,21,1,20,25,197,0,10,14,0,0.1016260162601626,0.943089430894309,0.056910569105691054,0.06097560975609756,0.1016260162601626,13,155,0.0,0.0,100,0.0,0.0,25,,,,,0.0,0.0,10,,,,,0.0,0.0,20,0.0,0.0,4,0.04985793750676828,0.9833896192615906,0.48333333333333334,0.0,,,,0.0,0.0,0.0,0.6,0.0,,,142,0,142,1.0,4,0,0,0,6,6,0,0,0.0,0,814,404800,9005750,0.04494906032257169,0.0,1352088,404800,947288,6.660624160557597,9.50687647262501,24.734955642835562,400000,0.4222580672403746,2053748,10243,0,322731.8285714286,123224.88,0.10268740000000001,3.242121458053589,277,0,0,0,0,237,0,404800,404800,364090,194,10,364090,297428,222,2,297428,285770,235,1,285770,0,246,1,0,0,237,0,0,0,0.0,0,0,0,0,0,246,35,,,,,
compression,20260917T231153-5b07_B7_mycelic_claims_only-o2-c1_s2,20260917T231153-5b07,ok,B7_mycelic,hierarchy,2,tier1,,claims_only-o2-c1,1000,10000,30,10,2,1,9df3bf594d527eb0,0.0,none,5,claims_only,2,1,sim-3b,synthetic,none,3,none,,,17.411,4.881,355.9,2026-09-17T23:22:42Z,,664,60,19,41,203,241,5,67,148,0,0.3057228915662651,0.7695783132530121,0.23042168674698796,0.24849397590361447,0.3207831325301205,9,146,0.65,0.65,100,0.36,0.36,25,21.0,19.555555555555557,4.0,2.0,0.0,0.0,10,,,,,0.45,0.45,20,0.75,0.75,4,0.22619375712165196,0.976589329554061,0.9394845235738916,0.9782689330100944,5.2105263157894735,0.5111111111111111,0.36254980079681276,0.043824701195219126,251,0.05813953488372093,0.08791208791208792,1.0,0.0,0.95,1.0,0.5185185185185185,0.3159420289855073,0.1072463768115942,345,0.1797752808988764,0.1559633027522936,1.0,0.0,0.47540983606557374,1.0,0.5185185185185185,0.30708661417322836,0.11286089238845144,381,0.2111111111111111,0.17094017094017094,1.0,0.0,0.46774193548387094,1.0,0.5481481481481482,0.3057228915662651,0.23042168674698796,664,0.8842105263157894,0.42857142857142855,1.0,0.0,0.4264705882352941,1.0,251,0,0,0,91,141,0,8,11,0,0.36254980079681276,0.9561752988047809,0.043824701195219126,0.043824701195219126,0.05179282868525897,0,0,0.6,0.6,100,0.36,0.36,25,21.0,19.555555555555557,4.0,-1.0,0.0,0.0,10,,,,,0.4,0.4,20,0.75,0.75,4,0.031363133042054174,0.985915118408361,345,58,15,43,109,181,2,18,35,0,0.3159420289855073,0.8927536231884058,0.1072463768115942,0.11304347826086956,0.14782608695652175,6,112,0.61,0.61,100,0.36,0.36,25,21.0,19.555555555555557,4.0,0.0,0.0,0.0,10,,,,,0.4,0.4,20,0.75,0.75,4,0.083936330000599,0.9687556346241342,381,57,18,39,117,202,2,19,41,0,0.30708661417322836,0.8871391076115486,0.11286089238845144,0.12073490813648294,0.15748031496062992,9,144,0.61,0.61,100,0.36,0.36,25,21.0,19.555555555555557,4.0,1.0,0.0,0.0,10,,,,,0.4,0.4,20,0.75,0.75,4,0.09173994843794761,0.969069764960571,664,60,19,41,203,241,5,67,148,0,0.3057228915662651,0.7695783132530121,0.23042168674698796,0.24849397590361447,0.3207831325301205,9,146,0.65,0.65,100,0.36,0.36,25,21.0,19.555555555555557,4.0,2.0,0.0,0.0,10,,,,,0.45,0.45,20,0.75,0.75,4,0.22619375712165196,0.976589329554061,0.3933333333333333,0.26666666666666666,6.9,0.33695652173913043,0.6630434782608696,0.0,0.0,0.0,0.5,0.4,,,173,12,161,0.930635838150289,4,3,0,0,6,2,4,0,0.0,0,814,404800,9005750,0.04494906032257169,0.0,1534259,404800,1129459,5.869771661759846,7.973507670486489,19.54148068907005,400000,0.3541518550031475,2614079,10810,0,410783.8428571429,156844.74000000002,0.13070395,16.258280515670776,337,0,0,0,0,237,0,404800,404800,460853,251,10,460853,348599,345,2,348599,320007,381,1,320007,0,664,1,0,0,237,0,0,0,0.0,0,0,0,0,0,664,20,1,,,5,
compression,20260917T231153-5b07_B7_mycelic_claims_only-o2-c2_s2,20260917T231153-5b07,ok,B7_mycelic,hierarchy,2,tier1,,claims_only-o2-c2,1000,10000,30,10,2,1,9df3bf594d527eb0,0.0,none,5,claims_only,2,2,sim-3b,synthetic,none,3,none,,,10.147,4.881,355.9,2026-09-17T23:22:52Z,,624,56,17,39,197,227,5,64,131,0,0.3157051282051282,0.782051282051282,0.21794871794871795,0.23237179487179488,0.29967948717948717,8,144,0.64,0.64,100,0.36,0.36,25,22.0,20.0,5.0,2.0,0.0,0.0,10,,,,,0.4,0.4,20,0.75,0.75,4,0.21478603095307844,0.9809356357713727,0.9253556085006303,0.9770248927892645,6.408602150537634,0.5037037037037037,0.35080645161290325,0.04435483870967742,248,0.04819277108433735,0.08045977011494253,1.0,0.0,0.9661016949152542,1.0,0.5111111111111111,0.32228915662650603,0.09036144578313253,332,0.18181818181818182,0.1588785046728972,1.0,0.0,0.5423728813559322,1.0,0.5111111111111111,0.3211267605633803,0.08450704225352113,355,0.2159090909090909,0.17543859649122806,1.0,0.0,0.5333333333333333,1.0,0.5407407407407407,0.3157051282051282,0.21794871794871795,624,0.8709677419354839,0.43147208121827413,1.0,0.0,0.48484848484848486,1.0,248,0,0,0,87,143,0,7,11,0,0.35080645161290325,0.9556451612903226,0.04435483870967742,0.04435483870967742,0.04838709677419355,0,0,0.59,0.59,100,0.36,0.36,25,22.0,20.0,5.0,-1.0,0.0,0.0,10,,,,,0.35,0.35,20,0.75,0.75,4,0.03318639877864624,0.9871886097743842,332,52,14,38,107,177,2,18,28,0,0.32228915662650603,0.9096385542168675,0.09036144578313253,0.09337349397590361,0.12650602409638553,6,113,0.6,0.6,100,0.36,0.36,25,22.0,20.0,5.0,0.0,0.0,0.0,10,,,,,0.35,0.35,20,0.75,0.75,4,0.07153541888846932,0.9753828689083955,355,54,16,38,114,192,2,19,28,0,0.3211267605633803,0.9154929577464789,0.08450704225352113,0.09014084507042254,0.12394366197183099,8,144,0.6,0.6,100,0.36,0.36,25,22.0,20.0,5.0,1.0,0.0,0.0,10,,,,,0.35,0.35,20,0.75,0.75,4,0.06850072396147033,0.9757608744026409,624,56,17,39,197,227,5,64,131,0,0.3157051282051282,0.782051282051282,0.21794871794871795,0.23237179487179488,0.29967948717948717,8,144,0.64,0.64,100,0.36,0.36,25,22.0,20.0,5.0,2.0,0.0,0.0,10,,,,,0.4,0.4,20,0.75,0.75,4,0.21478603095307844,0.9809356357713727,0.4066666666666667,0.22,7.166666666666667,0.24675324675324675,0.7532467532467533,0.0,0.0,0.0,0.5,0.4,,,167,12,155,0.9281437125748503,4,3,0,0,6,2,4,0,0.0,0,814,404800,9005750,0.04494906032257169,0.0,1367751,404800,962951,6.584349051837652,9.352241183611627,23.63682891300639,400000,0.41538977580375325,2325613,10432,0,365453.4714285714,139536.78,0.11628065,9.068050861358643,316,0,0,0,0,237,0,404800,404800,381005,248,10,381005,298611,332,2,298611,283335,355,1,283335,0,624,1,0,0,237,0,0,0,0.0,0,0,0,0,0,624,20,1,,,5,
compression,20260917T231153-5b07_B7_mycelic_significant_cells_only-o3-c1_s1,20260917T231153-5b07,ok,B7_mycelic,hierarchy,1,tier1,,significant_cells_only-o3-c1,1000,10000,30,10,2,1,d4b3bd09fd427f49,0.0,none,5,significant_cells_only,3,1,sim-3b,synthetic,none,3,none,,,53.307,7.739,369.8,2026-09-17T23:22:54Z,,2016,411,164,247,231,284,351,472,678,0,0.11458333333333333,0.4895833333333333,0.5104166666666666,0.3913690476190476,0.4871031746031746,29,227,0.7171717171717171,0.7474747474747475,99,0.92,0.92,25,10.0,12.652173913043478,-9.0,2.0,0.5,0.5,10,19.0,18.0,2.0,2.0,0.6,0.6,20,0.6666666666666666,0.6666666666666666,3,0.34737648797718035,0.9560074403581328,0.868002631632481,0.9301099072865631,19.10655737704918,0.44029850746268656,0.3116279069767442,0.07441860465116279,215,0.0,0.0,1.0,0.0,0.9454545454545454,1.0,0.7238805970149254,0.19903691813804172,0.3547351524879615,623,0.18095238095238095,0.08064516129032258,1.0,0.0,0.6233766233766234,1.0,0.7313432835820896,0.1762749445676275,0.37472283813747226,902,0.37037037037037035,0.20125786163522014,1.0,0.0,0.4883720930232558,1.0,0.7611940298507462,0.11458333333333333,0.5104166666666666,2016,0.6050420168067226,0.27705627705627706,1.0,0.0,0.45555555555555555,1.0,215,0,0,0,67,124,1,8,15,0,0.3116279069767442,0.9255813953488372,0.07441860465116279,0.06976744186046512,0.07906976744186046,0,0,0.5555555555555556,0.5555555555555556,99,0.12,0.12,25,26.0,25.666666666666668,4.0,-1.0,0.1,0.1,10,19.0,19.0,2.0,-1.0,0.2,0.2,20,0.0,0.0,3,0.05657068782644656,0.9868032459659815,623,274,112,162,124,172,75,106,146,0,0.19903691813804172,0.6452648475120385,0.3547351524879615,0.2680577849117175,0.3258426966292135,6,147,0.6161616161616161,0.7171717171717171,99,0.88,0.88,25,15.0,14.818181818181818,-4.5,0.0,0.4,0.4,10,15.0,17.0,-0.5,0.0,0.5,0.5,20,0.6666666666666666,0.6666666666666666,3,0.23577427298281417,0.9677164880710966,902,349,147,202,159,222,101,183,237,0,0.1762749445676275,0.6252771618625277,0.37472283813747226,0.29933481152993346,0.3736141906873614,28,215,0.6363636363636364,0.7272727272727273,99,0.88,0.88,25,14.5,14.454545454545455,-4.5,1.0,0.4,0.4,10,15.0,16.75,-0.5,1.0,0.55,0.55,20,0.6666666666666666,0.6666666666666666,3,0.2663454536735759,0.9670106421436425,2016,411,164,247,231,284,351,472,678,0,0.11458333333333333,0.4895833333333333,0.5104166666666666,0.3913690476190476,0.4871031746031746,29,227,0.7171717171717171,0.7474747474747475,99,0.92,0.92,25,10.0,12.652173913043478,-9.0,2.0,0.5,0.5,10,19.0,18.0,2.0,2.0,0.6,0.6,20,0.6666666666666666,0.6666666666666666,3,0.34737648797718035,0.9560074403581328,0.38,0.39,6.5,0.4027777777777778,0.5972222222222222,0.010657193605683837,0.6,0.020942408376963352,0.5,0.4,,12.833333333333334,631,68,557,0.8827258320126783,3,2,0,1,7,3,4,5,0.0,0,841,404800,9153600,0.044223037930431745,0.0,6034712,404800,5629912,1.5168246637122036,1.6258868699901525,4.1417580209911335,400000,0.07104906790727812,6615750,10810,0,1039617.8571428572,396945.0,0.3307875,49.32275104522705,959,0,0,0,0,232,0,404800,404800,2210076,215,10,2210076,1730293,623,2,1730293,1689543,902,1,1689543,0,2016,1,0,0,232,0,0,0,0.0,0,0,0,0,0,2016,5,,2,,,
compression,20260917T231153-5b07_B7_mycelic_claims_only-o2-c4_s2,20260917T231153-5b07,ok,B7_mycelic,hierarchy,2,tier1,,claims_only-o2-c4,1000,10000,30,10,2,1,9df3bf594d527eb0,0.0,none,5,claims_only,2,4,sim-3b,synthetic,none,3,none,,,6.346,4.881,355.9,2026-09-17T23:22:59Z,,552,48,14,34,197,207,3,45,100,0,0.35688405797101447,0.8134057971014492,0.18659420289855072,0.19927536231884058,0.25181159420289856,6,132,0.64,0.64,100,0.32,0.32,25,24.0,21.5,6.0,2.0,0.0,0.0,10,,,,,0.5,0.5,20,0.75,0.75,4,0.18754043730432846,0.9861857131883983,0.9342765634602374,0.9873444825099171,4.595744680851064,0.4962962962962963,0.35537190082644626,0.045454545454545456,242,0.04878048780487805,0.09302325581395349,1.0,0.0,0.9661016949152542,1.0,0.5037037037037037,0.34415584415584416,0.07142857142857142,308,0.17045454545454544,0.16981132075471697,1.0,0.0,0.864406779661017,1.0,0.5037037037037037,0.3446153846153846,0.06769230769230769,325,0.20454545454545456,0.1875,1.0,0.0,0.85,1.0,0.5333333333333333,0.35688405797101447,0.18659420289855072,552,0.8723404255319149,0.4517766497461929,1.0,0.0,0.7285714285714285,1.0,242,0,0,0,86,137,0,8,11,0,0.35537190082644626,0.9545454545454546,0.045454545454545456,0.045454545454545456,0.049586776859504134,0,0,0.59,0.59,100,0.32,0.32,25,24.0,21.5,6.0,-1.0,0.0,0.0,10,,,,,0.35,0.35,20,0.75,0.75,4,0.03527304792853414,0.9881348178745797,308,43,10,33,106,166,1,14,21,0,0.34415584415584416,0.9285714285714286,0.07142857142857142,0.07792207792207792,0.09415584415584416,6,107,0.6,0.6,100,0.32,0.32,25,24.0,21.5,6.0,0.0,0.0,0.0,10,,,,,0.4,0.4,20,0.75,0.75,4,0.06489883045346564,0.9832501041158245,325,45,12,33,112,177,1,14,21,0,0.3446153846153846,0.9323076923076923,0.06769230769230769,0.07384615384615385,0.08923076923076922,6,132,0.6,0.6,100,0.32,0.32,25,24.0,21.5,6.0,1.0,0.0,0.0,10,,,,,0.4,0.4,20,0.75,0.75,4,0.061113968811688436,0.983736098928632,552,48,14,34,197,207,3,45,100,0,0.35688405797101447,0.8134057971014492,0.18659420289855072,0.19927536231884058,0.25181159420289856,6,132,0.64,0.64,100,0.32,0.32,25,24.0,21.5,6.0,2.0,0.0,0.0,10,,,,,0.5,0.5,20,0.75,0.75,4,0.18754043730432846,0.9861857131883983,0.4,0.22333333333333333,6.857142857142857,0.16901408450704225,0.8309859154929577,0.0,0.0,0.0,0.5,0.4,,,145,11,134,0.9241379310344827,4,3,0,0,6,2,4,0,0.0,0,814,404800,9005750,0.04494906032257169,0.0,1390141,404800,985341,6.4782996832695385,9.139729291686837,24.30944520775354,400000,0.4059508332648291,2207792,10243,0,346938.7428571428,132467.52,0.1103896,5.38973331451416,269,0,0,0,0,237,0,404800,404800,370463,242,10,370463,313041,308,2,313041,301837,325,1,301837,0,552,1,0,0,237,0,0,0,0.0,0,0,0,0,0,552,20,1,,,6,
compression,20260917T231153-5b07_B7_mycelic_significant_cells_only-o3-c2_s1,20260917T231153-5b07,ok,B7_mycelic,hierarchy,1,tier1,,significant_cells_only-o3-c2,1000,10000,30,10,2,1,d4b3bd09fd427f49,0.0,none,5,significant_cells_only,3,2,sim-3b,synthetic,none,3,none,,,31.42,7.739,369.8,2026-09-17T23:23:26Z,,1995,374,147,227,231,266,349,465,684,0,0.11578947368421053,0.48220551378446114,0.5177944862155388,0.3974937343358396,0.49473684210526314,19,203,0.7171717171717171,0.7474747474747475,99,0.92,0.92,25,12.0,13.391304347826088,-6.0,2.0,0.5,0.5,10,20.0,20.8,3.0,2.0,0.6,0.6,20,1.0,1.0,3,0.3569611026169198,0.9594673682810801,0.8742537148098297,0.9464778900737485,18.677419354838708,0.44029850746268656,0.3160377358490566,0.08018867924528301,212,0.0,0.0,1.0,0.0,0.9454545454545454,1.0,0.7089552238805971,0.20770519262981574,0.34003350083752093,597,0.18095238095238095,0.08870967741935484,1.0,0.0,0.6710526315789473,1.0,0.7238805970149254,0.1839080459770115,0.37471264367816093,870,0.34545454545454546,0.20625,1.0,0.0,0.5402298850574713,1.0,0.7611940298507462,0.11578947368421053,0.5177944862155388,1995,0.5867768595041323,0.2727272727272727,1.0,0.0,0.4888888888888889,1.0,212,0,0,0,67,121,1,7,16,0,0.3160377358490566,0.9198113207547169,0.08018867924528301,0.07547169811320754,0.08490566037735849,0,0,0.5555555555555556,0.5555555555555556,99,0.12,0.12,25,26.0,26.0,5.0,-1.0,0.1,0.1,10,20.0,20.0,3.0,-1.0,0.2,0.2,20,0.0,0.0,3,0.0627503322133993,0.9872786341001919,597,254,104,150,124,163,66,107,137,0,0.20770519262981574,0.6599664991624791,0.34003350083752093,0.25795644891122277,0.31993299832495814,6,143,0.6161616161616161,0.7070707070707071,99,0.84,0.84,25,16.0,16.333333333333332,-3.0,0.0,0.4,0.4,10,24.0,21.5,7.5,0.0,0.5,0.55,20,0.6666666666666666,0.6666666666666666,3,0.23124128083183504,0.9732848319206124,870,326,138,188,160,208,97,176,229,0,0.1839080459770115,0.6252873563218391,0.37471264367816093,0.29770114942528736,0.3758620689655172,22,205,0.6363636363636364,0.7272727272727273,99,0.84,0.84,25,16.0,15.761904761904763,-3.0,1.0,0.4,0.4,10,19.0,19.0,2.5,1.0,0.6,0.6,20,1.0,1.0,3,0.2703293219381265,0.972628172512839,1995,374,147,227,231,266,349,465,684,0,0.11578947368421053,0.48220551378446114,0.5177944862155388,0.3974937343358396,0.49473684210526314,19,203,0.7171717171717171,0.7474747474747475,99,0.92,0.92,25,12.0,13.391304347826088,-6.0,2.0,0.5,0.5,10,20.0,20.8,3.0,2.0,0.6,0.6,20,1.0,1.0,3,0.3569611026169198,0.9594673682810801,0.37666666666666665,0.3933333333333333,6.9411764705882355,0.3,0.7,0.01160541586073501,0.6,0.022770398481973434,0.6,0.4,,13.666666666666666,585,68,511,0.8735042735042735,3,3,0,1,7,3,4,5,0.0,0,841,404800,9153600,0.044223037930431745,0.0,4629108,404800,4224308,1.977400397657605,2.1668874523353883,5.39419282754329,400000,0.09469006521304792,4684625,10432,0,736155.3571428572,281077.5,0.23423125,27.500213384628296,886,0,0,0,0,232,0,404800,404800,1696936,212,10,1696936,1299976,597,2,1299976,1227396,870,1,1227396,0,1995,1,0,0,232,0,0,0,0.0,0,0,0,0,0,1995,5,,2,,,
compression,20260917T231153-5b07_B7_mycelic_claims_only-o3-c1_s2,20260917T231153-5b07,ok,B7_mycelic,hierarchy,2,tier1,,claims_only-o3-c1,1000,10000,30,10,2,1,9df3bf594d527eb0,0.0,none,5,claims_only,3,1,sim-3b,synthetic,none,3,none,,,29.823,4.881,355.9,2026-09-17T23:23:28Z,,563,53,14,39,172,204,9,54,124,0,0.30550621669627,0.7637655417406749,0.23623445825932504,0.2557726465364121,0.325044404973357,9,129,0.56,0.56,100,0.32,0.32,25,23.0,20.5,5.0,2.0,0.1,0.1,10,24.0,24.0,8.0,2.0,0.3,0.3,20,0.5,0.5,4,0.2329702735529086,0.975887275480882,0.9348875069899092,0.9846360982082095,4.530864197530864,0.45925925925925926,0.35545023696682465,0.06635071090047394,211,0.0273972602739726,0.06666666666666667,1.0,0.0,0.8867924528301887,1.0,0.4666666666666667,0.3103448275862069,0.11724137931034483,290,0.1282051282051282,0.13333333333333333,1.0,0.0,0.5283018867924528,1.0,0.4666666666666667,0.29878048780487804,0.12804878048780488,328,0.17721518987341772,0.15306122448979592,1.0,0.0,0.5185185185185185,1.0,0.48148148148148145,0.30550621669627,0.23623445825932504,563,0.9012345679012346,0.4127906976744186,1.0,0.0,0.4745762711864407,1.0,211,0,0,0,75,115,2,7,12,0,0.35545023696682465,0.933649289099526,0.06635071090047394,0.061611374407582936,0.07109004739336493,0,0,0.53,0.53,100,0.32,0.32,25,23.0,20.5,5.0,-1.0,0.1,0.1,10,24.0,24.0,8.0,-1.0,0.3,0.3,20,0.5,0.5,4,0.045553094346874504,0.9817340129812672,290,52,11,41,90,152,3,14,31,0,0.3103448275862069,0.8827586206896552,0.11724137931034483,0.1206896551724138,0.15172413793103448,6,96,0.54,0.54,100,0.32,0.32,25,23.0,20.5,5.0,0.0,0.1,0.1,10,24.0,24.0,8.0,0.0,0.3,0.3,20,0.5,0.5,4,0.09096998666113298,0.9677364421281983,328,50,13,37,98,173,4,15,38,0,0.29878048780487804,0.8719512195121951,0.12804878048780488,0.13414634146341464,0.1676829268292683,9,128,0.54,0.54,100,0.32,0.32,25,23.0,20.5,5.0,1.0,0.1,0.1,10,24.0,24.0,8.0,1.0,0.3,0.3,20,0.5,0.5,4,0.1050608516787751,0.9686653397441684,563,53,14,39,172,204,9,54,124,0,0.30550621669627,0.7637655417406749,0.23623445825932504,0.2557726465364121,0.325044404973357,9,129,0.56,0.56,100,0.32,0.32,25,23.0,20.5,5.0,2.0,0.1,0.1,10,24.0,24.0,8.0,2.0,0.3,0.3,20,0.5,0.5,4,0.2329702735529086,0.975887275480882,0.41333333333333333,0.20666666666666667,6.875,0.24324324324324326,0.7567567567567568,0.0,0.0,0.0,0.4,0.4,,,156,11,145,0.9294871794871795,4,2,0,0,6,2,4,0,0.0,0,814,404800,9005750,0.04494906032257169,0.0,1444262,404800,1039462,6.235537596364095,8.663856879808979,20.57262754880595,400000,0.38481445209156273,4881889,10810,0,767153.9857142858,292913.34,0.24409445000000002,28.865898847579956,296,0,0,0,0,237,0,404800,404800,437754,211,10,437754,315272,290,2,315272,286436,328,1,286436,0,563,1,0,0,237,0,0,0,0.0,0,0,0,0,0,563,,1,,,25,
compression,20260917T231153-5b07_B7_mycelic_claims_only-o3-c2_s2,20260917T231153-5b07,ok,B7_mycelic,hierarchy,2,tier1,,claims_only-o3-c2,1000,10000,30,10,2,1,9df3bf594d527eb0,0.0,none,5,claims_only,3,2,sim-3b,synthetic,none,3,none,,,16.888,4.881,355.9,2026-09-17T23:23:45Z,,511,47,11,36,163,191,8,49,100,0,0.31898238747553814,0.7886497064579256,0.21135029354207435,0.22896281800391388,0.29158512720156554,8,124,0.52,0.52,100,0.32,0.32,25,24.0,21.125,5.5,2.0,0.1,0.1,10,24.0,24.0,8.0,2.0,0.3,0.3,20,0.5,0.5,4,0.2093482971116073,0.9803854791076934,0.9241996496560085,0.9839646128443525,4.358974358974359,0.4222222222222222,0.33658536585365856,0.06829268292682927,205,0.029850746268656716,0.057971014492753624,1.0,0.0,0.9791666666666666,1.0,0.42962962962962964,0.31636363636363635,0.10181818181818182,275,0.13333333333333333,0.12643678160919541,1.0,0.0,0.5833333333333334,1.0,0.42962962962962964,0.31333333333333335,0.1,300,0.18666666666666668,0.14893617021276595,1.0,0.0,0.5714285714285714,1.0,0.45185185185185184,0.31898238747553814,0.21135029354207435,511,0.8589743589743589,0.4049079754601227,1.0,0.0,0.5185185185185185,1.0,205,0,0,0,69,116,2,6,12,0,0.33658536585365856,0.9317073170731708,0.06829268292682927,0.06341463414634146,0.06829268292682927,0,0,0.48,0.48,100,0.32,0.32,25,24.0,21.125,5.5,-1.0,0.1,0.1,10,24.0,24.0,8.0,-1.0,0.25,0.25,20,0.5,0.5,4,0.048405909572801026,0.9838530507071912,275,44,9,35,87,149,3,11,25,0,0.31636363636363635,0.8981818181818182,0.10181818181818182,0.10545454545454545,0.13090909090909092,6,97,0.49,0.49,100,0.32,0.32,25,24.0,21.125,5.5,0.0,0.1,0.1,10,24.0,24.0,8.0,0.0,0.3,0.3,20,0.5,0.5,4,0.0798928896878404,0.9744383442332948,300,45,10,35,94,164,4,12,26,0,0.31333333333333335,0.9,0.1,0.10666666666666667,0.13333333333333333,8,124,0.49,0.49,100,0.32,0.32,25,24.0,21.125,5.5,1.0,0.1,0.1,10,24.0,24.0,8.0,1.0,0.3,0.3,20,0.5,0.5,4,0.08208540767585648,0.97541874100919,511,47,11,36,163,191,8,49,100,0,0.31898238747553814,0.7886497064579256,0.21135029354207435,0.22896281800391388,0.29158512720156554,8,124,0.52,0.52,100,0.32,0.32,25,24.0,21.125,5.5,2.0,0.1,0.1,10,24.0,24.0,8.0,2.0,0.3,0.3,20,0.5,0.5,4,0.2093482971116073,0.9803854791076934,0.39666666666666667,0.17666666666666667,7.166666666666667,0.21875,0.78125,0.0,0.0,0.0,0.4,0.4,,,144,10,134,0.9305555555555556,4,2,0,0,6,2,4,0,0.0,0,814,404800,9005750,0.04494906032257169,0.0,1236750,404800,831950,7.281786941580756,10.824869283009797,26.24481267339659,400000,0.48079812488731294,3530627,10432,0,554812.8142857143,211837.62,0.17653135,16.008551836013794,269,0,0,0,0,237,0,404800,404800,343144,205,10,343144,252638,275,2,252638,236168,300,1,236168,0,511,1,0,0,237,0,0,0,0.0,0,0,0,0,0,511,,1,,,25,
compression,20260917T231153-5b07_B7_mycelic_significant_cells_only-o3-c4_s1,20260917T231153-5b07,ok,B7_mycelic,hierarchy,1,tier1,,significant_cells_only-o3-c4,1000,10000,30,10,2,1,d4b3bd09fd427f49,0.0,none,5,significant_cells_only,3,4,sim-3b,synthetic,none,3,none,,,19.569,7.739,367.8,2026-09-17T23:23:45Z,,1965,274,107,167,248,270,352,497,598,0,0.12620865139949108,0.5165394402035624,0.48346055979643765,0.356234096692112,0.4631043256997455,18,176,0.696969696969697,0.7272727272727273,99,0.92,0.92,25,12.0,14.608695652173912,-8.0,2.0,0.5,0.5,10,20.0,23.2,5.0,2.0,0.75,0.75,20,1.0,1.0,3,0.31986075991135476,0.9636266632192428,0.9119450870438837,0.9496999935068308,13.344,0.41044776119402987,0.3073170731707317,0.07317073170731707,205,0.0,0.0,1.0,0.0,0.9807692307692307,1.0,0.7089552238805971,0.21621621621621623,0.3117117117117117,555,0.17647058823529413,0.08333333333333333,1.0,0.0,0.8648648648648649,1.0,0.7238805970149254,0.19506172839506172,0.33209876543209876,810,0.33636363636363636,0.2088607594936709,1.0,0.0,0.7674418604651163,1.0,0.746268656716418,0.12620865139949108,0.48346055979643765,1965,0.680327868852459,0.31048387096774194,1.0,0.0,0.4945054945054945,1.0,205,0,0,0,63,119,0,8,15,0,0.3073170731707317,0.926829268292683,0.07317073170731707,0.07317073170731707,0.08780487804878048,0,0,0.5252525252525253,0.5252525252525253,99,0.08,0.08,25,26.0,26.0,3.5,-1.0,0.1,0.1,10,20.0,20.0,3.0,-1.0,0.2,0.2,20,0.0,0.0,3,0.060460288918616364,0.9872895572112994,555,225,82,143,120,163,62,99,111,0,0.21621621621621623,0.6882882882882883,0.3117117117117117,0.22702702702702704,0.28468468468468466,6,140,0.5858585858585859,0.696969696969697,99,0.88,0.88,25,18.0,18.045454545454547,-1.5,0.0,0.4,0.4,10,24.0,24.0,9.0,0.0,0.45,0.5,20,0.6666666666666666,0.6666666666666666,3,0.206725718224323,0.9783729836182845,810,290,110,180,158,204,89,179,180,0,0.19506172839506172,0.6679012345679012,0.33209876543209876,0.254320987654321,0.3308641975308642,23,200,0.6060606060606061,0.7171717171717171,99,0.88,0.88,25,18.0,17.5,-1.5,1.0,0.4,0.4,10,20.0,22.0,5.0,1.0,0.7,0.75,20,1.0,1.0,3,0.23363002834630273,0.9784006854989553,1965,274,107,167,248,270,352,497,598,0,0.12620865139949108,0.5165394402035624,0.48346055979643765,0.356234096692112,0.4631043256997455,18,176,0.696969696969697,0.7272727272727273,99,0.92,0.92,25,12.0,14.608695652173912,-8.0,2.0,0.5,0.5,10,20.0,23.2,5.0,2.0,0.75,0.75,20,1.0,1.0,3,0.31986075991135476,0.9636266632192428,0.3433333333333333,0.4066666666666667,6.733333333333333,0.16153846153846155,0.8384615384615385,0.012875536480686695,0.6,0.025210084033613443,0.5,0.5,,14.666666666666666,533,67,460,0.8630393996247655,3,3,0,1,7,2,5,5,0.0,0,841,404800,9153600,0.044223037930431745,0.0,3508231,404800,3103431,2.6091782439639806,2.9495097522709544,6.95939894441209,400000,0.12888960637436436,3616385,10243,0,568289.0714285715,216983.1,0.18081925000000001,15.9592604637146,790,0,0,0,0,232,0,404800,404800,1315286,205,10,1315286,992728,555,2,992728,795417,810,1,795417,0,1965,1,0,0,232,0,0,0,0.0,0,0,0,0,0,1965,5,,2,,,
compression,20260917T231153-5b07_B7_mycelic_claims_only-o3-c4_s2,20260917T231153-5b07,ok,B7_mycelic,hierarchy,2,tier1,,claims_only-o3-c4,1000,10000,30,10,2,1,9df3bf594d527eb0,0.0,none,5,claims_only,3,4,sim-3b,synthetic,none,3,none,,,10.575,4.881,355.9,2026-09-17T23:23:56Z,,448,47,12,35,156,173,6,38,75,0,0.3482142857142857,0.8191964285714286,0.18080357142857142,0.19419642857142858,0.24776785714285715,5,114,0.5,0.5,100,0.28,0.28,25,24.0,22.428571428571427,6.0,2.0,0.1,0.1,10,24.0,24.0,8.0,2.0,0.3,0.3,20,0.5,0.5,4,0.18223289472715395,0.9853472294492148,0.9342060769569644,0.9987827901430842,3.1216216216216215,0.4074074074074074,0.3282828282828283,0.06060606060606061,198,0.031746031746031744,0.046153846153846156,1.0,0.0,0.9787234042553191,1.0,0.4148148148148148,0.32669322709163345,0.06772908366533864,251,0.1267605633802817,0.12195121951219512,1.0,0.0,0.8936170212765957,1.0,0.4148148148148148,0.3283582089552239,0.06343283582089553,268,0.16901408450704225,0.14772727272727273,1.0,0.0,0.875,1.0,0.42962962962962964,0.3482142857142857,0.18080357142857142,448,0.8918918918918919,0.42948717948717946,1.0,0.0,0.75,1.0,198,0,0,0,65,114,2,7,10,0,0.3282828282828283,0.9393939393939394,0.06060606060606061,0.05555555555555555,0.06060606060606061,0,0,0.47,0.47,100,0.28,0.28,25,24.0,22.428571428571427,6.0,-1.0,0.1,0.1,10,24.0,24.0,8.0,-1.0,0.15,0.15,20,0.5,0.5,4,0.04350117899578296,0.9856647918384699,251,43,9,34,82,140,2,12,15,0,0.32669322709163345,0.9322709163346613,0.06772908366533864,0.06772908366533864,0.08764940239043825,5,91,0.48,0.48,100,0.28,0.28,25,24.0,22.428571428571427,6.0,0.0,0.1,0.1,10,24.0,24.0,8.0,0.0,0.25,0.25,20,0.5,0.5,4,0.054528991189869855,0.9819999949965758,268,45,11,34,88,151,2,12,15,0,0.3283582089552239,0.9365671641791045,0.06343283582089553,0.06343283582089553,0.08208955223880597,5,114,0.48,0.48,100,0.28,0.28,25,24.0,22.428571428571427,6.0,1.0,0.1,0.1,10,24.0,24.0,8.0,1.0,0.25,0.25,20,0.5,0.5,4,0.05070519375530435,0.9827769174697939,448,47,12,35,156,173,6,38,75,0,0.3482142857142857,0.8191964285714286,0.18080357142857142,0.19419642857142858,0.24776785714285715,5,114,0.5,0.5,100,0.28,0.28,25,24.0,22.428571428571427,6.0,2.0,0.1,0.1,10,24.0,24.0,8.0,2.0,0.3,0.3,20,0.5,0.5,4,0.18223289472715395,0.9853472294492148,0.39,0.19333333333333333,6.571428571428571,0.1875,0.8125,0.0,0.0,0.0,0.6,0.2,,,130,10,120,0.9230769230769231,4,2,0,0,6,4,2,0,0.0,0,814,404800,9005750,0.04494906032257169,0.0,1197723,404800,792923,7.519059081273383,11.357660201558033,29.07660020986359,400000,0.5044626022955571,2871142,10243,0,451179.4571428571,172268.52,0.1435571,9.748603820800781,239,0,0,0,0,237,0,404800,404800,309725,198,10,309725,247167,251,2,247167,236031,268,1,236031,0,448,1,0,0,237,0,0,0,0.0,0,0,0,0,0,448,,1,,,26,
compression,20260917T231153-5b07_B7_mycelic_claims_only-o1-c1_s1,20260917T231153-5b07,ok,B7_mycelic,hierarchy,1,tier1,,claims_only-o1-c1,1000,10000,30,10,2,1,d4b3bd09fd427f49,0.0,none,5,claims_only,1,1,sim-3b,synthetic,none,3,none,,,13.5,7.739,366.9,2026-09-17T23:23:59Z,,351,90,5,85,22,269,0,32,28,0,0.06267806267806268,0.9202279202279202,0.07977207977207977,0.08262108262108261,0.1452991452991453,14,201,0.0,0.0,99,0.0,0.0,25,,,,,0.0,0.0,10,,,,,0.0,0.0,20,0.0,0.0,3,0.05308184819674711,0.9704607655756647,0.6439282944228774,0.9976851851851851,19.25,0.0,0.03508771929824561,0.05701754385964912,228,0.3333333333333333,0.0,1.0,0.0,,1.0,0.0,0.052434456928838954,0.07116104868913857,267,0.7142857142857143,0.0,1.0,0.0,,1.0,0.0,0.05750798722044728,0.07667731629392971,313,0.625,0.0,1.0,0.0,,1.0,0.0,0.06267806267806268,0.07977207977207977,351,0.75,0.0,1.0,0.0,,1.0,228,0,0,0,8,197,0,10,13,0,0.03508771929824561,0.9429824561403509,0.05701754385964912,0.06140350877192982,0.08771929824561403,0,0,0.0,0.0,99,0.0,0.0,25,,,,,0.0,0.0,10,,,,,0.0,0.0,20,0.0,0.0,3,0.04398079638351912,0.9825772876115892,267,59,2,57,14,218,0,16,19,0,0.052434456928838954,0.9288389513108615,0.07116104868913857,0.0749063670411985,0.10112359550561797,7,158,0.0,0.0,99,0.0,0.0,25,,,,,0.0,0.0,10,,,,,0.0,0.0,20,0.0,0.0,3,0.04246315341720337,0.967556786376005,313,71,3,68,18,246,0,25,24,0,0.05750798722044728,0.9233226837060703,0.07667731629392971,0.07987220447284345,0.13099041533546327,13,195,0.0,0.0,99,0.0,0.0,25,,,,,0.0,0.0,10,,,,,0.0,0.0,20,0.0,0.0,3,0.04861409596034953,0.9687418914875063,351,90,5,85,22,269,0,32,28,0,0.06267806267806268,0.9202279202279202,0.07977207977207977,0.08262108262108261,0.1452991452991453,14,201,0.0,0.0,99,0.0,0.0,25,,,,,0.0,0.0,10,,,,,0.0,0.0,20,0.0,0.0,3,0.05308184819674711,0.9704607655756647,0.48,0.0,,,,0.0,0.0,0.0,0.7,0.0,,,204,0,204,1.0,3,0,0,0,7,7,0,0,0.0,0,841,404800,9153600,0.044223037930431745,0.0,1576648,404800,1171848,5.805734697916085,7.811251971245418,19.718661812541736,400000,0.34134119783453143,2149806,10810,0,337826.65714285715,128988.36,0.10749030000000001,12.737847089767456,458,0,0,0,0,232,0,404800,404800,464210,228,10,464210,357168,267,2,357168,350470,313,1,350470,0,351,1,0,0,232,0,0,0,0.0,0,0,0,0,0,351,35,,,,,
compression,20260917T231153-5b07_B7_mycelic_claims_only-o1-c2_s1,20260917T231153-5b07,ok,B7_mycelic,hierarchy,1,tier1,,claims_only-o1-c2,1000,10000,30,10,2,1,d4b3bd09fd427f49,0.0,none,5,claims_only,1,2,sim-3b,synthetic,none,3,none,,,7.493,7.739,366.9,2026-09-17T23:24:07Z,,329,67,2,65,21,258,0,29,21,0,0.06382978723404255,0.9361702127659575,0.06382978723404255,0.0668693009118541,0.11550151975683891,12,200,0.0,0.0,99,0.0,0.0,25,,,,,0.0,0.0,10,,,,,0.0,0.0,20,0.0,0.0,3,0.04279162828408389,0.97592232737223,0.5066757300491201,0.9973544973544973,29.857142857142858,0.0,0.0391304347826087,0.05652173913043478,230,0.2857142857142857,0.0,1.0,0.0,,1.0,0.0,0.05660377358490566,0.06415094339622641,265,0.8571428571428571,0.0,1.0,0.0,,1.0,0.0,0.059800664451827246,0.06312292358803986,301,0.8571428571428571,0.0,1.0,0.0,,1.0,0.0,0.06382978723404255,0.06382978723404255,329,0.8571428571428571,0.0,1.0,0.0,,1.0,230,0,0,0,9,198,0,10,13,0,0.0391304347826087,0.9434782608695652,0.05652173913043478,0.06086956521739131,0.08695652173913043,0,0,0.0,0.0,99,0.0,0.0,25,,,,,0.0,0.0,10,,,,,0.0,0.0,20,0.0,0.0,3,0.04330704951717269,0.9824374842997814,265,46,0,46,15,216,0,17,17,0,0.05660377358490566,0.9358490566037736,0.06415094339622641,0.06792452830188679,0.09433962264150944,7,158,0.0,0.0,99,0.0,0.0,25,,,,,0.0,0.0,10,,,,,0.0,0.0,20,0.0,0.0,3,0.04134191892002837,0.9734173906181416,301,53,1,52,18,240,0,24,19,0,0.059800664451827246,0.9368770764119602,0.06312292358803986,0.0664451827242525,0.10963455149501661,12,195,0.0,0.0,99,0.0,0.0,25,,,,,0.0,0.0,10,,,,,0.0,0.0,20,0.0,0.0,3,0.041075173123611565,0.9746299903993592,329,67,2,65,21,258,0,29,21,0,0.06382978723404255,0.9361702127659575,0.06382978723404255,0.0668693009118541,0.11550151975683891,12,200,0.0,0.0,99,0.0,0.0,25,,,,,0.0,0.0,10,,,,,0.0,0.0,20,0.0,0.0,3,0.04279162828408389,0.97592232737223,0.48,0.0,,,,0.0,0.0,0.0,0.7,0.0,,,192,0,192,1.0,3,0,0,0,7,7,0,0,0.0,0,841,404800,9153600,0.044223037930431745,0.0,1424415,404800,1019615,6.426217078590158,8.977506215581371,23.43651586143329,400000,0.3923049386287962,2085139,10432,0,327664.7,125108.34000000001,0.10425695000000001,6.737844944000244,416,0,0,0,0,232,0,404800,404800,390570,230,10,390570,314538,265,2,314538,314507,301,1,314507,0,329,1,0,0,232,0,0,0,0.0,0,0,0,0,0,329,35,,,,,
compression,20260917T231153-5b07_B7_mycelic_claims_only-o1-c4_s1,20260917T231153-5b07,ok,B7_mycelic,hierarchy,1,tier1,,claims_only-o1-c4,1000,10000,30,10,2,1,d4b3bd09fd427f49,0.0,none,5,claims_only,1,4,sim-3b,synthetic,none,3,none,,,4.767,7.739,366.9,2026-09-17T23:24:12Z,,310,58,3,55,23,247,0,24,16,0,0.07419354838709677,0.9483870967741935,0.05161290322580645,0.054838709677419356,0.0935483870967742,11,184,0.0,0.0,99,0.0,0.0,25,,,,,0.0,0.0,10,,,,,0.0,0.0,20,0.0,0.0,3,0.038292560472181096,0.9804301276502532,0.6220008547056786,0.9973544973544973,21.285714285714285,0.0,0.04054054054054054,0.04504504504504504,222,0.2857142857142857,0.0,1.0,0.0,,1.0,0.0,0.057692307692307696,0.06153846153846154,260,0.8571428571428571,0.0,1.0,0.0,,1.0,0.0,0.06597222222222222,0.05555555555555555,288,0.8571428571428571,0.0,1.0,0.0,,1.0,0.0,0.07419354838709677,0.05161290322580645,310,0.8571428571428571,0.0,1.0,0.0,,1.0,222,0,0,0,9,193,0,10,10,0,0.04054054054054054,0.954954954954955,0.04504504504504504,0.04954954954954955,0.07657657657657657,0,0,0.0,0.0,99,0.0,0.0,25,,,,,0.0,0.0,10,,,,,0.0,0.0,20,0.0,0.0,3,0.03255677132923268,0.9820991396677614,260,38,1,37,15,214,0,15,16,0,0.057692307692307696,0.9384615384615385,0.06153846153846154,0.06538461538461539,0.09230769230769231,6,149,0.0,0.0,99,0.0,0.0,25,,,,,0.0,0.0,10,,,,,0.0,0.0,20,0.0,0.0,3,0.046786434038530014,0.9777966102893084,288,45,2,43,19,233,0,20,16,0,0.06597222222222222,0.9444444444444444,0.05555555555555555,0.059027777777777776,0.09375,11,182,0.0,0.0,99,0.0,0.0,25,,,,,0.0,0.0,10,,,,,0.0,0.0,20,0.0,0.0,3,0.04152382822171035,0.9792413484481075,310,58,3,55,23,247,0,24,16,0,0.07419354838709677,0.9483870967741935,0.05161290322580645,0.054838709677419356,0.0935483870967742,11,184,0.0,0.0,99,0.0,0.0,25,,,,,0.0,0.0,10,,,,,0.0,0.0,20,0.0,0.0,3,0.038292560472181096,0.9804301276502532,0.48,0.0,,,,0.0,0.0,0.0,0.7,0.0,,,180,0,180,1.0,3,0,0,0,7,7,0,0,0.0,0,841,404800,9153600,0.044223037930431745,0.0,1455786,404800,1050986,6.287737346011021,8.709535617030102,23.715709947871865,400000,0.380594984138704,2079652,10243,0,326802.4571428572,124779.12,0.10398260000000001,4.14147686958313,377,0,0,0,0,232,0,404800,404800,385972,222,10,385972,332856,260,2,332856,332158,288,1,332158,0,310,1,0,0,232,0,0,0,0.0,0,0,0,0,0,310,35,,,,,
compression,20260917T231153-5b07_B7_mycelic_full_sketch-o1-c1_s3,20260917T231153-5b07,ok,B7_mycelic,hierarchy,3,tier1,,full_sketch-o1-c1,1000,10000,30,10,2,1,c45ec7ed8069c397,0.0,none,5,full_sketch,1,1,sim-3b,synthetic,none,3,none,,,12.79,4.139,125.2,2026-09-17T23:24:15Z,,358,56,2,54,33,279,0,18,28,0,0.09217877094972067,0.9217877094972067,0.0782122905027933,0.0893854748603352,0.12011173184357542,14,167,0.0,0.0,100,0.0,0.0,25,,,,,0.0,0.0,10,,,,,0.0,0.0,20,0.0,0.0,2,0.06530552051944882,0.9710526461784462,0.6649364435580163,0.9980506822612085,21.666666666666668,0.0,0.06306306306306306,0.06756756756756757,222,0.42857142857142855,0.0,1.0,0.0,,1.0,0.0,0.08076923076923077,0.07307692307692308,260,0.7142857142857143,0.0,1.0,0.0,,1.0,0.0,0.08544303797468354,0.0759493670886076,316,0.625,0.037037037037037035,1.0,0.0,,1.0,0.0,0.09217877094972067,0.0782122905027933,358,0.75,0.06060606060606061,1.0,0.0,,1.0,222,0,0,0,14,189,0,4,15,0,0.06306306306306306,0.9324324324324325,0.06756756756756757,0.08108108108108109,0.1036036036036036,0,0,0.0,0.0,100,0.0,0.0,25,,,,,0.0,0.0,10,,,,,0.0,0.0,20,0.0,0.0,2,0.06595601200780883,0.9848749309267278,260,58,2,56,21,212,0,8,19,0,0.08076923076923077,0.926923076923077,0.07307692307692308,0.08846153846153847,0.11538461538461539,12,149,0.0,0.0,100,0.0,0.0,25,,,,,0.0,0.0,10,,,,,0.0,0.0,20,0.0,0.0,2,0.059100839147672696,0.968071140086717,316,50,1,49,27,252,0,13,24,0,0.08544303797468354,0.9240506329113924,0.0759493670886076,0.08860759493670886,0.11708860759493671,14,154,0.0,0.0,100,0.0,0.0,25,,,,,0.0,0.0,10,,,,,0.0,0.0,20,0.0,0.0,2,0.06319273576978751,0.9690708085100442,358,56,2,54,33,279,0,18,28,0,0.09217877094972067,0.9217877094972067,0.0782122905027933,0.0893854748603352,0.12011173184357542,14,167,0.0,0.0,100,0.0,0.0,25,,,,,0.0,0.0,10,,,,,0.0,0.0,20,0.0,0.0,2,0.06530552051944882,0.9710526461784462,0.48,0.0,,,,0.0,0.0,0.0,0.8,0.0,,,170,0,170,1.0,2,0,0,0,8,8,0,0,0.0,0,779,404800,8941200,0.045273565069565605,0.0,1535994,404800,1131194,5.821116488736284,7.904214484871737,19.55420643321407,400000,0.35360866482672293,2140084,10810,0,336298.9142857143,128405.04,0.1070042,12.124597549438477,418,0,0,0,0,177,0,404800,404800,457252,222,10,457252,347162,260,2,347162,326780,316,1,326780,0,358,1,0,0,177,0,0,0,0.0,0,0,0,0,0,358,35,,,,,
compression,20260917T231153-5b07_B7_mycelic_full_sketch-o1-c2_s3,20260917T231153-5b07,ok,B7_mycelic,hierarchy,3,tier1,,full_sketch-o1-c2,1000,10000,30,10,2,1,c45ec7ed8069c397,0.0,none,5,full_sketch,1,2,sim-3b,synthetic,none,3,none,,,7.277,4.139,125.5,2026-09-17T23:24:22Z,,332,52,0,52,30,263,0,13,26,0,0.09036144578313253,0.9216867469879518,0.0783132530120482,0.09036144578313253,0.1144578313253012,15,162,0.0,0.0,100,0.0,0.0,25,,,,,0.0,0.0,10,,,,,0.0,0.0,20,0.0,0.0,2,0.06979636862384998,0.9757726718217054,0.6654513235909686,0.9981481481481482,22.0,0.0,0.059907834101382486,0.06451612903225806,217,0.42857142857142855,0.0,1.0,0.0,,1.0,0.0,0.07142857142857142,0.07539682539682539,252,0.5714285714285714,0.0,1.0,0.0,,1.0,0.0,0.08,0.07666666666666666,300,0.625,0.041666666666666664,1.0,0.0,,1.0,0.0,0.09036144578313253,0.0783132530120482,332,0.75,0.06666666666666667,1.0,0.0,,1.0,217,0,0,0,13,187,0,3,14,0,0.059907834101382486,0.9354838709677419,0.06451612903225806,0.07834101382488479,0.0967741935483871,0,0,0.0,0.0,100,0.0,0.0,25,,,,,0.0,0.0,10,,,,,0.0,0.0,20,0.0,0.0,2,0.0653752709817193,0.9870342571568345,252,56,1,55,18,208,0,7,19,0,0.07142857142857142,0.9246031746031746,0.07539682539682539,0.09126984126984126,0.11507936507936507,12,145,0.0,0.0,100,0.0,0.0,25,,,,,0.0,0.0,10,,,,,0.0,0.0,20,0.0,0.0,2,0.06589336904094999,0.9746235277711088,300,46,0,46,24,243,0,10,23,0,0.08,0.9233333333333333,0.07666666666666666,0.09,0.11333333333333333,15,157,0.0,0.0,100,0.0,0.0,25,,,,,0.0,0.0,10,,,,,0.0,0.0,20,0.0,0.0,2,0.06859359826193283,0.9745407071342258,332,52,0,52,30,263,0,13,26,0,0.09036144578313253,0.9216867469879518,0.0783132530120482,0.09036144578313253,0.1144578313253012,15,162,0.0,0.0,100,0.0,0.0,25,,,,,0.0,0.0,10,,,,,0.0,0.0,20,0.0,0.0,2,0.06979636862384998,0.9757726718217054,0.48,0.0,,,,0.0,0.0,0.0,0.8,0.0,,,165,0,165,1.0,2,0,0,0,8,8,0,0,0.0,0,779,404800,8941200,0.045273565069565605,0.0,1443669,404800,1038869,6.193386434147993,8.606667443152121,22.15800951625694,400000,0.38503410920914954,2090190,10432,0,328458.4285714286,125411.40000000001,0.1045095,6.662717580795288,391,0,0,0,0,177,0,404800,404800,403520,217,10,403520,323224,252,2,323224,312125,300,1,312125,0,332,1,0,0,177,0,0,0,0.0,0,0,0,0,0,332,35,,,,,
compression,20260917T231153-5b07_B7_mycelic_full_sketch-o1-c4_s3,20260917T231153-5b07,ok,B7_mycelic,hierarchy,3,tier1,,full_sketch-o1-c4,1000,10000,30,10,2,1,c45ec7ed8069c397,0.0,none,5,full_sketch,1,4,sim-3b,synthetic,none,3,none,,,4.23,4.139,125.5,2026-09-17T23:24:26Z,,305,34,1,33,31,239,0,17,18,0,0.10163934426229508,0.940983606557377,0.05901639344262295,0.06885245901639345,0.10819672131147541,15,147,0.0,0.0,100,0.0,0.0,25,,,,,0.0,0.0,10,,,,,0.0,0.0,20,0.0,0.0,2,0.054361472706473124,0.9827631172059816,0.6119815937182449,0.9947916666666666,29.0,0.0,0.061611374407582936,0.05687203791469194,211,0.42857142857142855,0.0,1.0,0.0,,1.0,0.0,0.07755102040816327,0.06938775510204082,245,0.5,0.0,1.0,0.0,,1.0,0.0,0.08865248226950355,0.06382978723404255,282,0.6666666666666666,0.0,1.0,0.0,,1.0,0.0,0.10163934426229508,0.05901639344262295,305,0.7777777777777778,0.0,1.0,0.0,,1.0,211,0,0,0,13,183,0,3,12,0,0.061611374407582936,0.943127962085308,0.05687203791469194,0.07109004739336493,0.0947867298578199,0,0,0.0,0.0,100,0.0,0.0,25,,,,,0.0,0.0,10,,,,,0.0,0.0,20,0.0,0.0,2,0.059134971376604735,0.9880449239832396,245,44,2,42,19,202,0,7,17,0,0.07755102040816327,0.9306122448979591,0.06938775510204082,0.08163265306122448,0.11428571428571428,12,142,0.0,0.0,100,0.0,0.0,25,,,,,0.0,0.0,10,,,,,0.0,0.0,20,0.0,0.0,2,0.06470204361379758,0.983069390552573,282,32,1,31,25,227,0,12,18,0,0.08865248226950355,0.9361702127659575,0.06382978723404255,0.07446808510638298,0.1099290780141844,15,144,0.0,0.0,100,0.0,0.0,25,,,,,0.0,0.0,10,,,,,0.0,0.0,20,0.0,0.0,2,0.05983800531667484,0.9824000676299731,305,34,1,33,31,239,0,17,18,0,0.10163934426229508,0.940983606557377,0.05901639344262295,0.06885245901639345,0.10819672131147541,15,147,0.0,0.0,100,0.0,0.0,25,,,,,0.0,0.0,10,,,,,0.0,0.0,20,0.0,0.0,2,0.054361472706473124,0.9827631172059816,0.48,0.0,,,,0.0,0.0,0.0,0.8,0.0,,,161,0,161,1.0,2,0,0,0,8,8,0,0,0.0,0,779,404800,8941200,0.045273565069565605,0.0,1445888,404800,1041088,6.183881462464589,8.58832298518473,22.871847868906137,400000,0.3842134382492162,2077313,10243,0,326434.9,124638.78,0.10386565,3.6788275241851807,357,0,0,0,0,177,0,404800,404800,390926,211,10,390926,328637,245,2,328637,321525,282,1,321525,0,305,1,0,0,177,0,0,0,0.0,0,0,0,0,0,305,35,,,,,
compression,20260917T231153-5b07_B7_mycelic_claims_only-o2-c1_s1,20260917T231153-5b07,ok,B7_mycelic,hierarchy,1,tier1,,claims_only-o2-c1,1000,10000,30,10,2,1,d4b3bd09fd427f49,0.0,none,5,claims_only,2,1,sim-3b,synthetic,none,3,none,,,21.515,7.739,366.9,2026-09-17T23:24:33Z,,775,177,53,124,175,262,22,117,199,0,0.22580645161290322,0.7148387096774194,0.28516129032258064,0.28516129032258064,0.3793548387096774,12,172,0.6565656565656566,0.6666666666666666,99,0.28,0.28,25,23.0,21.0,0.0,2.0,0.0,0.0,10,,,,,0.35,0.35,20,0.3333333333333333,0.6666666666666666,3,0.2603967115107709,0.9752354211881902,0.8808096946026432,0.987353211346267,10.366666666666667,0.4925373134328358,0.3035019455252918,0.07003891050583658,257,0.012987012987012988,0.01282051282051282,1.0,0.0,0.9333333333333333,1.0,0.5223880597014925,0.2745664739884393,0.14450867052023122,346,0.13095238095238096,0.09473684210526316,1.0,0.0,0.4126984126984127,1.0,0.5298507462686567,0.24876847290640394,0.15270935960591134,406,0.1411764705882353,0.10891089108910891,1.0,0.0,0.40625,1.0,0.5447761194029851,0.22580645161290322,0.28516129032258064,775,0.8295454545454546,0.3942857142857143,1.0,0.0,0.3939393939393939,1.0,257,0,0,0,78,150,2,11,16,0,0.3035019455252918,0.9299610894941635,0.07003891050583658,0.07003891050583658,0.08171206225680934,0,0,0.6060606060606061,0.6060606060606061,99,0.24,0.24,25,23.5,23.333333333333332,2.0,-1.0,0.0,0.0,10,,,,,0.3,0.3,20,0.3333333333333333,0.3333333333333333,3,0.05749414197997907,0.986147913765112,346,126,40,86,95,178,4,23,46,0,0.2745664739884393,0.8554913294797688,0.14450867052023122,0.1416184971098266,0.1676300578034682,5,128,0.6262626262626263,0.6363636363636364,99,0.28,0.28,25,23.0,21.0,0.0,0.0,0.0,0.0,10,,,,,0.35,0.35,20,0.3333333333333333,0.6666666666666666,3,0.11524251383571783,0.9714130068899625,406,149,48,101,101,209,7,34,55,0,0.24876847290640394,0.8472906403940886,0.15270935960591134,0.15024630541871922,0.19950738916256158,12,167,0.6262626262626263,0.6464646464646465,99,0.28,0.28,25,23.0,21.0,0.0,1.0,0.0,0.0,10,,,,,0.35,0.35,20,0.3333333333333333,0.6666666666666666,3,0.124473337417465,0.9723427723848754,775,177,53,124,175,262,22,117,199,0,0.22580645161290322,0.7148387096774194,0.28516129032258064,0.28516129032258064,0.3793548387096774,12,172,0.6565656565656566,0.6666666666666666,99,0.28,0.28,25,23.0,21.0,0.0,2.0,0.0,0.0,10,,,,,0.35,0.35,20,0.3333333333333333,0.6666666666666666,3,0.2603967115107709,0.9752354211881902,0.39666666666666667,0.19333333333333333,7.333333333333333,0.3559322033898305,0.6440677966101696,0.013043478260869565,0.3,0.024999999999999998,0.3,0.6,,23.333333333333332,251,21,227,0.9043824701195219,3,1,1,2,7,2,5,1,0.0,0,841,404800,9153600,0.044223037930431745,0.0,1760063,404800,1355263,5.200722928667894,6.754113408246222,18.331213890196157,400000,0.29514566545386395,2665969,10810,0,418937.9857142857,159958.14,0.13329845,19.976988554000854,485,0,0,0,0,232,0,404800,404800,499345,257,10,499345,426719,346,2,426719,429199,406,1,429199,0,775,1,0,0,232,0,0,0,0.0,0,0,0,0,0,775,24,1,,1,2,
compression,20260917T231153-5b07_B7_mycelic_claims_only-o2-c2_s1,20260917T231153-5b07,ok,B7_mycelic,hierarchy,1,tier1,,claims_only-o2-c2,1000,10000,30,10,2,1,d4b3bd09fd427f49,0.0,none,5,claims_only,2,2,sim-3b,synthetic,none,3,none,,,12.077,7.739,366.9,2026-09-17T23:24:45Z,,723,152,45,107,169,249,20,110,175,0,0.23374827109266944,0.7302904564315352,0.2697095435684647,0.2710926694329184,0.36099585062240663,12,172,0.6565656565656566,0.6666666666666666,99,0.28,0.28,25,24.0,22.0,2.0,2.0,0.0,0.0,10,,,,,0.3,0.3,20,0.3333333333333333,0.6666666666666666,3,0.24965999539316677,0.9785673259602483,0.8894838433036923,0.9825141293891293,10.125,0.48507462686567165,0.30196078431372547,0.07058823529411765,255,0.013157894736842105,0.012987012987012988,1.0,0.0,0.9333333333333333,1.0,0.5149253731343284,0.2787878787878788,0.12727272727272726,330,0.12195121951219512,0.08695652173913043,1.0,0.0,0.5161290322580645,1.0,0.5223880597014925,0.2545931758530184,0.13385826771653545,381,0.13414634146341464,0.10309278350515463,1.0,0.0,0.5079365079365079,1.0,0.5447761194029851,0.23374827109266944,0.2697095435684647,723,0.813953488372093,0.39644970414201186,1.0,0.0,0.5,1.0,255,0,0,0,77,149,2,11,16,0,0.30196078431372547,0.9294117647058824,0.07058823529411765,0.07058823529411765,0.08235294117647059,0,0,0.6060606060606061,0.6060606060606061,99,0.2,0.2,25,24.0,25.2,3.0,-1.0,0.0,0.0,10,,,,,0.3,0.3,20,0.3333333333333333,0.3333333333333333,3,0.05843620755618928,0.9865304010808132,330,111,36,75,92,173,3,23,39,0,0.2787878787878788,0.8727272727272727,0.12727272727272726,0.12727272727272726,0.1484848484848485,5,128,0.6262626262626263,0.6363636363636364,99,0.24,0.24,25,24.0,24.0,2.5,0.0,0.0,0.0,10,,,,,0.3,0.3,20,0.3333333333333333,0.6666666666666666,3,0.10465415500937,0.9762567197414154,381,130,43,87,97,200,6,33,45,0,0.2545931758530184,0.8661417322834646,0.13385826771653545,0.13385826771653545,0.1732283464566929,12,167,0.6262626262626263,0.6464646464646465,99,0.24,0.24,25,24.0,24.0,2.5,1.0,0.0,0.0,10,,,,,0.3,0.3,20,0.3333333333333333,0.6666666666666666,3,0.1117990291528177,0.9769666049049831,723,152,45,107,169,249,20,110,175,0,0.23374827109266944,0.7302904564315352,0.2697095435684647,0.2710926694329184,0.36099585062240663,12,172,0.6565656565656566,0.6666666666666666,99,0.28,0.28,25,24.0,22.0,2.0,2.0,0.0,0.0,10,,,,,0.3,0.3,20,0.3333333333333333,0.6666666666666666,3,0.24965999539316677,0.9785673259602483,0.41333333333333333,0.16666666666666666,7.5,0.38,0.62,0.013953488372093023,0.3,0.02666666666666666,0.3,0.6,,24.0,236,21,212,0.8983050847457628,3,1,1,2,7,2,5,1,0.0,0,841,404800,9153600,0.044223037930431745,0.0,1523860,404800,1119060,6.006851023059861,8.179722266902578,22.613542037234673,400000,0.3574428538237449,2361752,10432,0,371132.4571428571,141705.12,0.1180876,10.666916131973267,447,0,0,0,0,232,0,404800,404800,404784,255,10,404784,354536,330,2,354536,359740,381,1,359740,0,723,1,0,0,232,0,0,0,0.0,0,0,0,0,0,723,24,1,,,3,
compression,20260917T231153-5b07_B7_mycelic_full_sketch-o2-c1_s3,20260917T231153-5b07,ok,B7_mycelic,hierarchy,3,tier1,,full_sketch-o2-c1,1000,10000,30,10,2,1,c45ec7ed8069c397,0.0,none,5,full_sketch,2,1,sim-3b,synthetic,none,3,none,,,23.998,4.139,170.7,2026-09-17T23:24:50Z,,584,120,2,118,210,268,9,77,20,0,0.3595890410958904,0.9503424657534246,0.04965753424657534,0.03424657534246575,0.05650684931506849,12,198,0.64,0.64,100,0.6,0.6,25,12.0,11.333333333333334,-7.0,2.0,0.0,0.0,10,,,,,0.35,0.45,20,1.0,1.0,2,0.007521019139190802,0.9711459284971456,0.7974214978550466,0.9360962814323153,32.98969072164948,0.5037037037037037,0.3233082706766917,0.05639097744360902,266,0.08,0.0,1.0,0.0,0.95,1.0,0.5777777777777777,0.3438395415472779,0.04871060171919771,349,0.21348314606741572,0.058333333333333334,1.0,0.0,0.64,1.0,0.5851851851851851,0.3512396694214876,0.049586776859504134,484,0.4574468085106383,0.18823529411764706,1.0,0.0,0.4819277108433735,1.0,0.5851851851851851,0.3595890410958904,0.04965753424657534,584,0.5,0.22857142857142856,1.0,0.0,0.4457831325301205,1.0,266,0,0,0,86,159,1,6,14,0,0.3233082706766917,0.943609022556391,0.05639097744360902,0.05263157894736842,0.06390977443609022,0,0,0.6,0.6,100,0.32,0.32,25,23.5,20.5,5.5,-1.0,0.0,0.0,10,,,,,0.1,0.1,20,0.5,0.5,2,0.037216948294240285,0.9845853693468718,349,100,2,98,120,192,2,20,15,0,0.3438395415472779,0.9512893982808023,0.04871060171919771,0.04297994269340974,0.05730659025787966,9,168,0.62,0.63,100,0.6,0.6,25,12.0,11.666666666666666,-7.0,0.0,0.0,0.0,10,,,,,0.25,0.3,20,1.0,1.0,2,0.012471310001339244,0.9694913673079295,484,92,1,91,170,237,6,53,18,0,0.3512396694214876,0.9504132231404959,0.049586776859504134,0.0371900826446281,0.05785123966942149,12,184,0.64,0.64,100,0.6,0.6,25,12.0,11.333333333333334,-7.0,1.0,0.0,0.0,10,,,,,0.35,0.45,20,1.0,1.0,2,0.009575931914442618,0.9698175580818922,584,120,2,118,210,268,9,77,20,0,0.3595890410958904,0.9503424657534246,0.04965753424657534,0.03424657534246575,0.05650684931506849,12,198,0.64,0.64,100,0.6,0.6,25,12.0,11.333333333333334,-7.0,2.0,0.0,0.0,10,,,,,0.35,0.45,20,1.0,1.0,2,0.007521019139190802,0.9711459284971456,0.43333333333333335,0.3333333333333333,5.9375,0.39849624060150374,0.6015037593984962,0.03636363636363636,0.8,0.06956521739130435,1.0,0.0,,17.25,290,70,212,0.7310344827586207,2,2,0,2,8,8,0,6,0.0,0,779,404800,8941200,0.045273565069565605,0.10208788540907987,5729248,404800,5324448,1.5606236630007988,1.67927266826533,3.6563552747909736,400000,0.07512515851408447,4037757,10810,0,634504.6714285715,242265.42,0.20188785,22.591687440872192,608,0,0,0,0,177,0,404800,404800,2445386,266,10,2445386,1549610,349,2,1549610,1329452,484,1,1329452,0,584,1,0,0,177,0,0,0,0.0,0,0,0,0,0,584,19,1,,,,
compression,20260917T231153-5b07_B7_mycelic_claims_only-o2-c4_s1,20260917T231153-5b07,ok,B7_mycelic,hierarchy,1,tier1,,claims_only-o2-c4,1000,10000,30,10,2,1,d4b3bd09fd427f49,0.0,none,5,claims_only,2,4,sim-3b,synthetic,none,3,none,,,7.537,7.739,366.9,2026-09-17T23:24:53Z,,666,117,33,84,163,236,10,103,154,0,0.24474474474474475,0.7537537537537538,0.24624624624624625,0.24774774774774774,0.33783783783783783,11,154,0.6262626262626263,0.6363636363636364,99,0.28,0.28,25,24.0,22.857142857142858,2.0,2.0,0.0,0.0,10,,,,,0.25,0.25,20,0.3333333333333333,0.3333333333333333,3,0.2328069216438049,0.985059173896057,0.9061569863197602,0.983495972192865,9.771084337349398,0.4626865671641791,0.2931726907630522,0.07228915662650602,249,0.013888888888888888,0.0,1.0,0.0,0.9824561403508771,1.0,0.48507462686567165,0.2668711656441718,0.12269938650306748,326,0.12987012987012986,0.06896551724137931,1.0,0.0,0.8813559322033898,1.0,0.4925373134328358,0.2547945205479452,0.12054794520547946,365,0.15584415584415584,0.08602150537634409,1.0,0.0,0.8666666666666667,1.0,0.5223880597014925,0.24474474474474475,0.24624624624624625,666,0.8292682926829268,0.37423312883435583,1.0,0.0,0.8524590163934426,1.0,249,0,0,0,73,145,2,13,16,0,0.2931726907630522,0.927710843373494,0.07228915662650602,0.07228915662650602,0.08835341365461848,0,0,0.5757575757575758,0.5757575757575758,99,0.2,0.2,25,24.0,25.6,5.0,-1.0,0.0,0.0,10,,,,,0.25,0.25,20,0.3333333333333333,0.3333333333333333,3,0.0620725659836487,0.9870710142118143,326,79,23,56,87,172,3,27,37,0,0.2668711656441718,0.8773006134969326,0.12269938650306748,0.12269938650306748,0.15644171779141106,4,116,0.5858585858585859,0.5959595959595959,99,0.24,0.24,25,24.0,24.666666666666668,3.5,0.0,0.0,0.0,10,,,,,0.25,0.25,20,0.3333333333333333,0.3333333333333333,3,0.10965341690179913,0.9814917251755617,365,98,30,68,93,194,4,34,40,0,0.2547945205479452,0.8794520547945206,0.12054794520547946,0.12054794520547946,0.16164383561643836,11,152,0.5858585858585859,0.6060606060606061,99,0.24,0.24,25,24.0,24.666666666666668,3.5,1.0,0.0,0.0,10,,,,,0.25,0.25,20,0.3333333333333333,0.3333333333333333,3,0.107956467600103,0.9825298607432443,666,117,33,84,163,236,10,103,154,0,0.24474474474474475,0.7537537537537538,0.24624624624624625,0.24774774774774774,0.33783783783783783,11,154,0.6262626262626263,0.6363636363636364,99,0.28,0.28,25,24.0,22.857142857142858,2.0,2.0,0.0,0.0,10,,,,,0.25,0.25,20,0.3333333333333333,0.3333333333333333,3,0.2328069216438049,0.985059173896057,0.4,0.16666666666666666,7.666666666666667,0.08,0.92,0.010810810810810811,0.2,0.020512820512820513,0.3,0.5,,28.5,204,19,183,0.8970588235294118,3,1,0,1,7,2,5,1,0.0,0,841,404800,9153600,0.044223037930431745,0.0,1498697,404800,1093897,6.107705560229986,8.367881071069762,23.33018988148337,400000,0.36566514031942676,2233108,10243,0,350916.97142857144,133986.48,0.11165540000000002,6.271009206771851,382,0,0,0,0,232,0,404800,404800,392350,249,10,392350,353545,326,2,353545,348002,365,1,348002,0,666,1,0,0,232,0,0,0,0.0,0,0,0,0,0,666,24,1,,,3,
compression,20260917T231153-5b07_B7_mycelic_full_sketch-o2-c2_s3,20260917T231153-5b07,ok,B7_mycelic,hierarchy,3,tier1,,full_sketch-o2-c2,1000,10000,30,10,2,1,c45ec7ed8069c397,0.0,none,5,full_sketch,2,2,sim-3b,synthetic,none,3,none,,,13.565,4.139,171.0,2026-09-17T23:25:04Z,,571,109,0,109,217,257,9,69,19,0,0.38003502626970226,0.9509632224168126,0.04903677758318739,0.03327495621716287,0.050788091068301226,12,191,0.64,0.64,100,0.6,0.6,25,12.0,12.0,-7.0,2.0,0.0,0.0,10,,,,,0.45,0.45,20,1.0,1.0,2,0.012788055895083176,0.9773391366291617,0.8180202026899077,0.9360300372446313,32.845360824742265,0.4962962962962963,0.3281853281853282,0.05405405405405406,259,0.08108108108108109,0.011764705882352941,1.0,0.0,0.95,1.0,0.5777777777777777,0.3538011695906433,0.04678362573099415,342,0.1978021978021978,0.08264462809917356,1.0,0.0,0.6933333333333334,1.0,0.5851851851851851,0.3670886075949367,0.04852320675105485,474,0.4791666666666667,0.21839080459770116,1.0,0.0,0.5476190476190477,1.0,0.5851851851851851,0.38003502626970226,0.04903677758318739,571,0.5208333333333334,0.2626728110599078,1.0,0.0,0.5357142857142857,1.0,259,0,0,0,85,157,1,3,13,0,0.3281853281853282,0.9459459459459459,0.05405405405405406,0.05019305019305019,0.05791505791505792,0,0,0.6,0.6,100,0.28,0.28,25,22.0,20.428571428571427,5.0,-1.0,0.0,0.0,10,,,,,0.1,0.1,20,0.5,0.5,2,0.03769896270122239,0.9875059125081723,342,91,1,90,121,189,2,16,14,0,0.3538011695906433,0.9532163742690059,0.04678362573099415,0.04093567251461988,0.05263157894736842,8,164,0.62,0.63,100,0.6,0.6,25,12.0,12.933333333333334,-7.0,0.0,0.0,0.0,10,,,,,0.35,0.35,20,1.0,1.0,2,0.017705728885478923,0.9767700563708589,474,82,0,82,174,230,6,47,17,0,0.3670886075949367,0.9514767932489452,0.04852320675105485,0.035864978902953586,0.052742616033755275,12,182,0.64,0.64,100,0.6,0.6,25,12.0,12.0,-7.0,1.0,0.0,0.0,10,,,,,0.45,0.45,20,1.0,1.0,2,0.01470287116711605,0.9762190464817969,571,109,0,109,217,257,9,69,19,0,0.38003502626970226,0.9509632224168126,0.04903677758318739,0.03327495621716287,0.050788091068301226,12,191,0.64,0.64,100,0.6,0.6,25,12.0,12.0,-7.0,2.0,0.0,0.0,10,,,,,0.45,0.45,20,1.0,1.0,2,0.012788055895083176,0.9773391366291617,0.3933333333333333,0.37,6.1875,0.34507042253521125,0.6549295774647887,0.0392156862745098,0.8,0.07476635514018691,1.0,0.0,,17.75,273,69,196,0.717948717948718,2,2,0,2,8,8,0,6,0.0,0,779,404800,8941200,0.045273565069565605,0.10208788540907987,4514980,404800,4110180,1.9803409981882534,2.175379180473848,4.5643238254314085,400000,0.09731933881241212,3312268,10432,0,520499.2571428571,198736.08000000002,0.16561340000000002,12.302612781524658,561,0,0,0,0,177,0,404800,404800,1958932,259,10,1958932,1165776,342,2,1165776,985472,474,1,985472,0,571,1,0,0,177,0,0,0,0.0,0,0,0,0,0,571,19,1,,,,
compression,20260917T231153-5b07_B7_mycelic_full_sketch-o2-c4_s3,20260917T231153-5b07,ok,B7_mycelic,hierarchy,3,tier1,,full_sketch-o2-c4,1000,10000,30,10,2,1,c45ec7ed8069c397,0.0,none,5,full_sketch,2,4,sim-3b,synthetic,none,3,none,,,8.73,4.139,171.0,2026-09-17T23:25:13Z,,558,89,2,87,215,237,9,81,16,0,0.38530465949820786,0.9551971326164874,0.044802867383512544,0.02867383512544803,0.044802867383512544,13,179,0.65,0.65,100,0.6,0.6,25,12.0,13.333333333333334,-5.0,2.0,0.0,0.0,10,,,,,0.35,0.35,20,1.0,1.0,2,0.015768145411156113,0.985529323474786,0.849475842869875,0.9501957486461524,34.50526315789474,0.5037037037037037,0.3387096774193548,0.056451612903225805,248,0.08108108108108109,0.011904761904761904,1.0,0.0,0.95,1.0,0.5777777777777777,0.3611940298507463,0.050746268656716415,335,0.2247191011235955,0.08264462809917356,1.0,0.0,0.9466666666666667,1.0,0.5925925925925926,0.37365010799136067,0.047516198704103674,463,0.5,0.20809248554913296,1.0,0.0,0.9036144578313253,1.0,0.5925925925925926,0.38530465949820786,0.044802867383512544,558,0.5425531914893617,0.24651162790697675,1.0,0.0,0.9036144578313253,1.0,248,0,0,0,84,147,1,3,13,0,0.3387096774193548,0.9435483870967742,0.056451612903225805,0.05241935483870968,0.06048387096774194,0,0,0.6,0.6,100,0.32,0.32,25,22.0,21.125,5.0,-1.0,0.0,0.0,10,,,,,0.1,0.1,20,0.5,0.5,2,0.042009707767446426,0.9895903529287368,335,79,1,78,121,178,2,19,15,0,0.3611940298507463,0.9492537313432836,0.050746268656716415,0.04477611940298507,0.056716417910447764,7,158,0.62,0.63,100,0.6,0.6,25,12.0,14.666666666666666,-3.0,0.0,0.0,0.0,10,,,,,0.3,0.3,20,1.0,1.0,2,0.029689932788966103,0.9849138133859812,463,67,1,66,173,214,6,54,16,0,0.37365010799136067,0.9524838012958964,0.047516198704103674,0.03455723542116631,0.04967602591792657,13,173,0.65,0.65,100,0.6,0.6,25,12.0,13.333333333333334,-5.0,1.0,0.0,0.0,10,,,,,0.35,0.35,20,1.0,1.0,2,0.021397502067948063,0.9849541702310268,558,89,2,87,215,237,9,81,16,0,0.38530465949820786,0.9551971326164874,0.044802867383512544,0.02867383512544803,0.044802867383512544,13,179,0.65,0.65,100,0.6,0.6,25,12.0,13.333333333333334,-5.0,2.0,0.0,0.0,10,,,,,0.35,0.35,20,1.0,1.0,2,0.015768145411156113,0.985529323474786,0.33666666666666667,0.39,5.882352941176471,0.19285714285714287,0.8071428571428572,0.043010752688172046,0.8,0.08163265306122451,1.0,0.0,,19.0,255,69,178,0.6980392156862745,2,2,0,2,8,8,0,6,0.0,0,779,404800,8941200,0.045273565069565605,0.10208788540907987,3618407,404800,3213607,2.471032142044828,2.7822941635364873,5.712277832436784,400000,0.12447072712998197,2876539,10243,0,452027.5571428572,172592.34000000003,0.14382695,7.430434942245483,515,0,0,0,0,177,0,404800,404800,1565260,248,10,1565260,914236,335,2,914236,734111,463,1,734111,0,558,1,0,0,177,0,0,0,0.0,0,0,0,0,0,558,19,1,,,,
compression,20260917T231153-5b07_B7_mycelic_claims_only-o3-c1_s1,20260917T231153-5b07,ok,B7_mycelic,hierarchy,1,tier1,,claims_only-o3-c1,1000,10000,30,10,2,1,d4b3bd09fd427f49,0.0,none,5,claims_only,3,1,sim-3b,synthetic,none,3,none,,,32.406,7.739,366.9,2026-09-17T23:25:26Z,,697,144,32,112,154,229,24,108,182,0,0.22094691535150646,0.7044476327116213,0.29555236728837875,0.2926829268292683,0.38593974175035867,9,142,0.6060606060606061,0.6060606060606061,99,0.16,0.16,25,25.0,24.25,3.0,2.0,0.1,0.1,10,19.0,19.0,2.0,2.0,0.25,0.25,20,0.0,0.0,3,0.2697864650809559,0.9771035382516875,0.9192784770425502,0.9841776471984804,8.076923076923077,0.44029850746268656,0.3116279069767442,0.07441860465116279,215,0.0,0.0,1.0,0.0,0.9454545454545454,1.0,0.4701492537313433,0.2696245733788396,0.14675767918088736,293,0.0821917808219178,0.05063291139240506,1.0,0.0,0.5614035087719298,1.0,0.4701492537313433,0.245014245014245,0.15384615384615385,351,0.12,0.08139534883720931,1.0,0.0,0.5517241379310345,1.0,0.48507462686567165,0.22094691535150646,0.29555236728837875,697,0.8461538461538461,0.38961038961038963,1.0,0.0,0.5333333333333333,1.0,215,0,0,0,67,124,1,8,15,0,0.3116279069767442,0.9255813953488372,0.07441860465116279,0.06976744186046512,0.07906976744186046,0,0,0.5555555555555556,0.5555555555555556,99,0.12,0.12,25,26.0,25.666666666666668,4.0,-1.0,0.1,0.1,10,19.0,19.0,2.0,-1.0,0.2,0.2,20,0.0,0.0,3,0.05657068782644656,0.9868032459659815,293,107,26,81,79,151,4,20,39,0,0.2696245733788396,0.8532423208191127,0.14675767918088736,0.13993174061433447,0.16723549488054607,3,107,0.5757575757575758,0.5858585858585859,99,0.16,0.16,25,25.0,24.25,3.0,0.0,0.1,0.1,10,19.0,19.0,2.0,0.0,0.2,0.2,20,0.0,0.0,3,0.11212798559403199,0.9721962449796976,351,123,30,93,86,181,7,30,47,0,0.245014245014245,0.8461538461538461,0.15384615384615385,0.150997150997151,0.2022792022792023,9,137,0.5757575757575758,0.5858585858585859,99,0.16,0.16,25,25.0,24.25,3.0,1.0,0.1,0.1,10,19.0,19.0,2.0,1.0,0.25,0.25,20,0.0,0.0,3,0.12426326061750169,0.9732661096203508,697,144,32,112,154,229,24,108,182,0,0.22094691535150646,0.7044476327116213,0.29555236728837875,0.2926829268292683,0.38593974175035867,9,142,0.6060606060606061,0.6060606060606061,99,0.16,0.16,25,25.0,24.25,3.0,2.0,0.1,0.1,10,19.0,19.0,2.0,2.0,0.25,0.25,20,0.0,0.0,3,0.2697864650809559,0.9771035382516875,0.44333333333333336,0.13,7.5,0.46153846153846156,0.5384615384615384,0.0,0.0,0.0,0.1,0.6,,,213,17,196,0.92018779342723,3,0,0,0,7,1,6,0,0.0,0,841,404800,9153600,0.044223037930431745,0.0,1628951,404800,1224151,5.619321882610342,7.47750890208806,19.625104250862414,400000,0.32675707490334116,4865830,10810,0,764630.4285714285,291949.8,0.24329150000000002,31.121511220932007,412,0,0,0,0,232,0,404800,404800,466423,215,10,466423,381886,293,2,381886,375842,351,1,375842,0,697,1,0,0,232,0,0,0,0.0,0,0,0,0,0,697,4,1,,1,24,
compression,20260917T231153-5b07_B7_mycelic_claims_only-o3-c2_s1,20260917T231153-5b07,ok,B7_mycelic,hierarchy,1,tier1,,claims_only-o3-c2,1000,10000,30,10,2,1,d4b3bd09fd427f49,0.0,none,5,claims_only,3,2,sim-3b,synthetic,none,3,none,,,18.036,7.739,366.9,2026-09-17T23:25:44Z,,643,121,28,93,153,210,19,98,163,0,0.2379471228615863,0.7169517884914464,0.28304821150855364,0.27993779160186627,0.36858475894245724,9,138,0.6060606060606061,0.6060606060606061,99,0.2,0.2,25,24.0,21.6,2.0,2.0,0.1,0.1,10,20.0,20.0,3.0,2.0,0.25,0.25,20,0.0,0.0,3,0.2607632068651764,0.9808254152633101,0.9192784770425502,0.9841776471984804,8.076923076923077,0.44029850746268656,0.3160377358490566,0.08018867924528301,212,0.0,0.0,1.0,0.0,0.9454545454545454,1.0,0.4701492537313433,0.28113879003558717,0.14590747330960854,281,0.0821917808219178,0.05063291139240506,1.0,0.0,0.631578947368421,1.0,0.4701492537313433,0.2599388379204893,0.1437308868501529,327,0.12162162162162163,0.08235294117647059,1.0,0.0,0.6206896551724138,1.0,0.4925373134328358,0.2379471228615863,0.28304821150855364,643,0.8333333333333334,0.39215686274509803,1.0,0.0,0.6,1.0,212,0,0,0,67,121,1,7,16,0,0.3160377358490566,0.9198113207547169,0.08018867924528301,0.07547169811320754,0.08490566037735849,0,0,0.5555555555555556,0.5555555555555556,99,0.12,0.12,25,26.0,26.0,5.0,-1.0,0.1,0.1,10,20.0,20.0,3.0,-1.0,0.2,0.2,20,0.0,0.0,3,0.0627503322133993,0.9872786341001919,281,94,23,71,79,142,4,19,37,0,0.28113879003558717,0.8540925266903915,0.14590747330960854,0.1387900355871886,0.1601423487544484,3,103,0.5757575757575758,0.5858585858585859,99,0.16,0.16,25,25.0,24.5,3.5,0.0,0.1,0.1,10,20.0,20.0,3.0,0.0,0.2,0.2,20,0.0,0.0,3,0.1165367591649681,0.9777467235777793,327,106,27,79,85,168,5,27,42,0,0.2599388379204893,0.8562691131498471,0.1437308868501529,0.14067278287461774,0.18042813455657492,9,133,0.5757575757575758,0.5858585858585859,99,0.16,0.16,25,25.0,24.5,3.5,1.0,0.1,0.1,10,20.0,20.0,3.0,1.0,0.25,0.25,20,0.0,0.0,3,0.11924103317793618,0.9785682503033185,643,121,28,93,153,210,19,98,163,0,0.2379471228615863,0.7169517884914464,0.28304821150855364,0.27993779160186627,0.36858475894245724,9,138,0.6060606060606061,0.6060606060606061,99,0.2,0.2,25,24.0,21.6,2.0,2.0,0.1,0.1,10,20.0,20.0,3.0,2.0,0.25,0.25,20,0.0,0.0,3,0.2607632068651764,0.9808254152633101,0.4266666666666667,0.13,7.666666666666667,0.4358974358974359,0.5641025641025641,0.0,0.0,0.0,0.1,0.6,,,195,17,178,0.9128205128205128,3,0,0,0,7,1,6,0,0.0,0,841,404800,9153600,0.044223037930431745,0.0,1372922,404800,968122,6.667239653818644,9.455006703700567,25.198966009915953,400000,0.4131710672828425,3531948,10432,0,555020.4,211916.88,0.17659740000000002,16.814529418945312,371,0,0,0,0,232,0,404800,404800,363253,212,10,363253,302394,281,2,302394,302475,327,1,302475,0,643,1,0,0,232,0,0,0,0.0,0,0,0,0,0,643,4,1,,,24,
compression,20260917T231153-5b07_B7_mycelic_claims_only-o3-c4_s1,20260917T231153-5b07,ok,B7_mycelic,hierarchy,1,tier1,,claims_only-o3-c4,1000,10000,30,10,2,1,d4b3bd09fd427f49,0.0,none,5,claims_only,3,4,sim-3b,synthetic,none,3,none,,,10.995,7.739,366.9,2026-09-17T23:25:55Z,,573,100,24,76,148,197,8,86,134,0,0.2582897033158813,0.7521815008726004,0.24781849912739964,0.24781849912739964,0.33507853403141363,9,128,0.5757575757575758,0.5757575757575758,99,0.2,0.2,25,24.0,22.4,2.0,2.0,0.1,0.1,10,20.0,20.0,3.0,2.0,0.25,0.25,20,0.0,0.0,3,0.2344638401958798,0.9866453410684803,0.9364504166132961,0.9877114197530864,6.013333333333334,0.41044776119402987,0.3073170731707317,0.07317073170731707,205,0.0,0.0,1.0,0.0,0.9807692307692307,1.0,0.43283582089552236,0.2693726937269373,0.12915129151291513,271,0.07352941176470588,0.0410958904109589,1.0,0.0,0.9245283018867925,1.0,0.43283582089552236,0.26143790849673204,0.12418300653594772,306,0.13043478260869565,0.075,1.0,0.0,0.9074074074074074,1.0,0.4701492537313433,0.2582897033158813,0.24781849912739964,573,0.84,0.3918918918918919,1.0,0.0,0.8596491228070176,1.0,205,0,0,0,63,119,0,8,15,0,0.3073170731707317,0.926829268292683,0.07317073170731707,0.07317073170731707,0.08780487804878048,0,0,0.5252525252525253,0.5252525252525253,99,0.08,0.08,25,26.0,26.0,3.5,-1.0,0.1,0.1,10,20.0,20.0,3.0,-1.0,0.2,0.2,20,0.0,0.0,3,0.060460288918616364,0.9872895572112994,271,73,17,56,73,142,2,21,33,0,0.2693726937269373,0.8708487084870848,0.12915129151291513,0.12546125461254612,0.15867158671586715,3,99,0.5353535353535354,0.5454545454545454,99,0.12,0.12,25,24.0,24.0,2.0,0.0,0.1,0.1,10,20.0,20.0,3.0,0.0,0.2,0.2,20,0.0,0.0,3,0.11040309539856036,0.982226861993999,306,86,22,64,80,162,2,26,36,0,0.26143790849673204,0.8758169934640523,0.12418300653594772,0.12418300653594772,0.16339869281045752,9,126,0.5353535353535354,0.5454545454545454,99,0.12,0.12,25,24.0,24.0,2.0,1.0,0.1,0.1,10,20.0,20.0,3.0,1.0,0.25,0.25,20,0.0,0.0,3,0.1098322069882069,0.9832447584501806,573,100,24,76,148,197,8,86,134,0,0.2582897033158813,0.7521815008726004,0.24781849912739964,0.24781849912739964,0.33507853403141363,9,128,0.5757575757575758,0.5757575757575758,99,0.2,0.2,25,24.0,22.4,2.0,2.0,0.1,0.1,10,20.0,20.0,3.0,2.0,0.25,0.25,20,0.0,0.0,3,0.2344638401958798,0.9866453410684803,0.42,0.13,7.666666666666667,0.05128205128205128,0.9487179487179487,0.0,0.0,0.0,0.1,0.6,,,177,14,163,0.9209039548022598,3,0,0,0,7,1,6,0,0.0,0,841,404800,9153600,0.044223037930431745,0.0,1321993,404800,917193,6.924091126049835,9.980015111323352,27.33633765465834,400000,0.4361132280774057,2882948,10243,0,453034.6857142857,172976.88,0.1441474,9.994328498840332,329,0,0,0,0,232,0,404800,404800,334851,205,10,334851,290906,271,2,290906,291436,306,1,291436,0,573,1,0,0,232,0,0,0,0.0,0,0,0,0,0,573,4,1,,,24,
compression,20260917T231153-5b07_B7_mycelic_full_sketch-o3-c1_s3,20260917T231153-5b07,ok,B7_mycelic,hierarchy,3,tier1,,full_sketch-o3-c1,1000,10000,30,10,2,1,c45ec7ed8069c397,0.0,none,5,full_sketch,3,1,sim-3b,synthetic,none,3,none,,,47.465,4.139,413.9,2026-09-17T23:26:00Z,,604,100,2,98,244,255,38,52,15,0,0.40397350993377484,0.9122516556291391,0.08774834437086093,0.024834437086092714,0.039735099337748346,7,159,0.64,0.64,100,0.84,0.84,25,16.0,15.285714285714286,-3.0,2.0,0.7,0.7,10,14.0,15.714285714285714,5.0,2.0,0.3,0.35,20,1.0,1.0,2,0.008832295751468808,0.9736973303927988,0.8460423114980097,0.9606394262504058,28.70754716981132,0.4666666666666667,0.33624454148471616,0.048034934497816595,229,0.08823529411764706,0.012987012987012988,1.0,0.0,0.9272727272727272,1.0,0.6444444444444445,0.38080495356037153,0.05263157894736842,323,0.20430107526881722,0.056910569105691054,1.0,0.0,0.7236842105263158,1.0,0.6814814814814815,0.39539748953974896,0.07531380753138076,478,0.47619047619047616,0.20105820105820105,1.0,0.0,0.5777777777777777,1.0,0.6814814814814815,0.40397350993377484,0.08774834437086093,604,0.5619047619047619,0.24180327868852458,1.0,0.0,0.5,1.0,229,0,0,0,77,137,1,4,10,0,0.33624454148471616,0.9519650655021834,0.048034934497816595,0.043668122270742356,0.05240174672489083,0,0,0.55,0.55,100,0.28,0.28,25,17.0,17.571428571428573,-4.0,-1.0,0.1,0.1,10,28.0,28.0,13.0,-1.0,0.05,0.05,20,0.5,0.5,2,0.031138911284972735,0.9856841802400658,323,89,2,87,123,171,5,12,12,0,0.38080495356037153,0.9473684210526315,0.05263157894736842,0.03715170278637771,0.04643962848297214,7,144,0.57,0.6,100,0.84,0.84,25,17.0,15.80952380952381,-2.0,0.0,0.6,0.6,10,19.0,19.833333333333332,10.5,0.0,0.2,0.25,20,0.5,0.5,2,0.010858521854124182,0.9737068190677464,478,79,1,78,189,219,22,34,14,0,0.39539748953974896,0.9246861924686193,0.07531380753138076,0.029288702928870293,0.04184100418410042,7,148,0.64,0.64,100,0.84,0.84,25,16.0,15.285714285714286,-3.0,1.0,0.7,0.7,10,14.0,15.714285714285714,5.0,1.0,0.3,0.35,20,1.0,1.0,2,0.004240870761412385,0.9726299026346574,604,100,2,98,244,255,38,52,15,0,0.40397350993377484,0.9122516556291391,0.08774834437086093,0.024834437086092714,0.039735099337748346,7,159,0.64,0.64,100,0.84,0.84,25,16.0,15.285714285714286,-3.0,2.0,0.7,0.7,10,14.0,15.714285714285714,5.0,2.0,0.3,0.35,20,1.0,1.0,2,0.008832295751468808,0.9736973303927988,0.43333333333333335,0.31666666666666665,5.666666666666667,0.42142857142857143,0.5785714285714285,0.031746031746031744,0.6,0.06030150753768844,1.0,0.0,,17.666666666666668,258,69,183,0.7093023255813954,2,2,0,1,8,8,0,5,0.0,0,779,404800,8941200,0.045273565069565605,0.22692618860615224,19887068,404800,19482268,0.44959870404224495,0.45894040673293274,1.0691841497862278,400000,0.020531490481498355,12821969,10810,0,2014880.8428571427,769318.1399999999,0.64109845,46.12018442153931,528,0,0,0,0,177,0,404800,404800,8362638,229,10,8362638,5927066,323,2,5927066,5192564,478,1,5192564,0,604,1,0,0,177,0,0,0,0.0,0,0,0,0,0,604,2,5,,,,
compression,20260917T231153-5b07_B7_mycelic_full_sketch-o1-c1_s4,20260917T231153-5b07,ok,B7_mycelic,hierarchy,4,tier1,,full_sketch-o1-c1,1000,10000,30,10,2,1,43d2c39c01e88b89,0.0,none,5,full_sketch,1,1,sim-3b,synthetic,none,3,none,,,15.028,4.507,130.3,2026-09-17T23:26:16Z,,407,112,8,104,47,290,0,41,29,0,0.11547911547911548,0.9287469287469288,0.07125307125307126,0.08353808353808354,0.14496314496314497,15,228,0.0,0.0,100,0.0,0.0,25,,,,,0.0,0.0,10,,,,,0.0,0.0,16,0.0,0.0,3,0.06086669302831123,0.9727586877381036,0.9033122794833338,1.0,2.090909090909091,0.0,0.07307692307692308,0.05384615384615385,260,0.7777777777777778,0.05263157894736842,1.0,0.0,,1.0,0.0,0.10197368421052631,0.05592105263157895,304,0.9,0.06451612903225806,1.0,0.0,,1.0,0.0,0.10893854748603352,0.0670391061452514,358,0.8181818181818182,0.07692307692307693,1.0,0.0,,1.0,0.0,0.11547911547911548,0.07125307125307126,407,0.9090909090909091,0.0851063829787234,1.0,0.0,,1.0,260,0,0,0,19,219,0,8,14,0,0.07307692307692308,0.9461538461538461,0.05384615384615385,0.06538461538461539,0.09615384615384616,0,0,0.0,0.0,100,0.0,0.0,25,,,,,0.0,0.0,10,,,,,0.0,0.0,16,0.0,0.0,3,0.05339458741915013,0.9880099720345348,304,78,7,71,31,240,0,16,17,0,0.10197368421052631,0.944078947368421,0.05592105263157895,0.06907894736842106,0.10197368421052631,12,180,0.0,0.0,100,0.0,0.0,25,,,,,0.0,0.0,10,,,,,0.0,0.0,16,0.0,0.0,3,0.041393629416188404,0.9723146820477674,358,92,6,86,39,267,0,28,24,0,0.10893854748603352,0.9329608938547486,0.0670391061452514,0.08100558659217877,0.12849162011173185,15,221,0.0,0.0,100,0.0,0.0,25,,,,,0.0,0.0,10,,,,,0.0,0.0,16,0.0,0.0,3,0.05540421536419749,0.9720865493961837,407,112,8,104,47,290,0,41,29,0,0.11547911547911548,0.9287469287469288,0.07125307125307126,0.08353808353808354,0.14496314496314497,15,228,0.0,0.0,100,0.0,0.0,25,,,,,0.0,0.0,10,,,,,0.0,0.0,16,0.0,0.0,3,0.06086669302831123,0.9727586877381036,0.4875,0.0,,,,0.0,0.0,0.0,0.7,0.0,,,212,0,212,1.0,3,0,0,0,7,7,0,0,0.0,0,759,404800,9271000,0.043663035271276025,0.0,1752960,404800,1348160,5.28876871120847,6.876780204130074,18.54749005705689,400000,0.296700688345597,2193654,10810,0,344717.0571428571,131619.24,0.10968270000000001,14.175690650939941,488,0,0,0,0,244,0,404800,404800,499852,260,10,499852,423430,304,2,423430,424878,358,1,424878,0,407,1,0,0,244,0,0,0,0.0,0,0,0,0,0,407,35,,,,,
compression,20260917T231153-5b07_B7_mycelic_full_sketch-o1-c2_s4,20260917T231153-5b07,ok,B7_mycelic,hierarchy,4,tier1,,full_sketch-o1-c2,1000,10000,30,10,2,1,43d2c39c01e88b89,0.0,none,5,full_sketch,1,2,sim-3b,synthetic,none,3,none,,,8.323,4.507,130.5,2026-09-17T23:26:24Z,,384,101,8,93,45,273,0,39,27,0,0.1171875,0.9296875,0.0703125,0.08333333333333333,0.140625,13,215,0.0,0.0,100,0.0,0.0,25,,,,,0.0,0.0,10,,,,,0.0,0.0,16,0.0,0.0,3,0.06291739096137676,0.9788754982218203,0.8641011696688864,1.0,2.4545454545454546,0.0,0.06827309236947791,0.05220883534136546,249,0.7777777777777778,0.058823529411764705,1.0,0.0,,1.0,0.0,0.10309278350515463,0.048109965635738834,291,0.9,0.06666666666666667,1.0,0.0,,1.0,0.0,0.11242603550295859,0.0621301775147929,338,0.8181818181818182,0.07894736842105263,1.0,0.0,,1.0,0.0,0.1171875,0.0703125,384,0.9090909090909091,0.08888888888888889,1.0,0.0,,1.0,249,0,0,0,17,211,0,8,13,0,0.06827309236947791,0.9477911646586346,0.05220883534136546,0.0642570281124498,0.0963855421686747,0,0,0.0,0.0,100,0.0,0.0,25,,,,,0.0,0.0,10,,,,,0.0,0.0,16,0.0,0.0,3,0.05324036891476535,0.9889833408023154,291,67,6,61,30,231,0,16,14,0,0.10309278350515463,0.9518900343642611,0.048109965635738834,0.061855670103092786,0.09278350515463918,11,174,0.0,0.0,100,0.0,0.0,25,,,,,0.0,0.0,10,,,,,0.0,0.0,16,0.0,0.0,3,0.03969548300037326,0.9778398128972805,338,83,6,77,38,252,0,27,21,0,0.11242603550295859,0.9378698224852071,0.0621301775147929,0.07692307692307693,0.12130177514792899,13,212,0.0,0.0,100,0.0,0.0,25,,,,,0.0,0.0,10,,,,,0.0,0.0,16,0.0,0.0,3,0.05507776024888614,0.9780564743860595,384,101,8,93,45,273,0,39,27,0,0.1171875,0.9296875,0.0703125,0.08333333333333333,0.140625,13,215,0.0,0.0,100,0.0,0.0,25,,,,,0.0,0.0,10,,,,,0.0,0.0,16,0.0,0.0,3,0.06291739096137676,0.9788754982218203,0.4875,0.0,,,,0.0,0.0,0.0,0.7,0.0,,,201,0,201,1.0,3,0,0,0,7,7,0,0,0.0,0,759,404800,9271000,0.043663035271276025,0.0,1618506,404800,1213706,5.728122107672137,7.638587928213258,21.0072418449937,400000,0.32956910487383273,2133532,10432,0,335269.3142857143,128011.92000000001,0.10667660000000001,7.550312042236328,460,0,0,0,0,244,0,404800,404800,441324,249,10,441324,383428,291,2,383428,388954,338,1,388954,0,384,1,0,0,244,0,0,0,0.0,0,0,0,0,0,384,35,,,,,
compression,20260917T231153-5b07_B7_mycelic_full_sketch-o3-c2_s3,20260917T231153-5b07,ok,B7_mycelic,hierarchy,3,tier1,,full_sketch-o3-c2,1000,10000,30,10,2,1,c45ec7ed8069c397,0.0,none,5,full_sketch,3,2,sim-3b,synthetic,none,3,none,,,26.99,4.139,400.3,2026-09-17T23:26:28Z,,583,93,0,93,246,242,34,48,13,0,0.4219554030874786,0.9193825042881647,0.08061749571183534,0.022298456260720412,0.032590051457975985,6,155,0.64,0.64,100,0.84,0.84,25,16.0,16.0,-3.0,2.0,0.7,0.7,10,14.0,16.285714285714285,6.0,2.0,0.35,0.4,20,1.0,1.0,2,0.00898872418823546,0.9790613170000956,0.8531306720011491,0.9610260240325023,29.27102803738318,0.45925925925925926,0.3393665158371041,0.04524886877828054,221,0.07462686567164178,0.013333333333333334,1.0,0.0,0.9444444444444444,1.0,0.6370370370370371,0.39171974522292996,0.050955414012738856,314,0.20212765957446807,0.07317073170731707,1.0,0.0,0.8,1.0,0.6814814814814815,0.4103671706263499,0.06911447084233262,463,0.4811320754716981,0.21578947368421053,1.0,0.0,0.6444444444444445,1.0,0.6814814814814815,0.4219554030874786,0.08061749571183534,583,0.5660377358490566,0.25609756097560976,1.0,0.0,0.5777777777777777,1.0,221,0,0,0,75,134,1,2,9,0,0.3393665158371041,0.9547511312217195,0.04524886877828054,0.04072398190045249,0.04524886877828054,0,0,0.54,0.54,100,0.28,0.28,25,18.0,19.285714285714285,-3.0,-1.0,0.1,0.1,10,28.0,28.0,13.0,-1.0,0.05,0.05,20,0.5,0.5,2,0.028504129280113668,0.9877801473796612,314,80,0,80,123,167,5,8,11,0,0.39171974522292996,0.9490445859872612,0.050955414012738856,0.03503184713375796,0.041401273885350316,6,143,0.56,0.59,100,0.84,0.84,25,18.0,16.666666666666668,-1.0,0.0,0.6,0.6,10,21.0,20.666666666666668,11.0,0.0,0.3,0.35,20,0.5,0.5,2,0.014316687496079228,0.9792848403623212,463,71,0,71,190,211,20,30,12,0,0.4103671706263499,0.9308855291576674,0.06911447084233262,0.02591792656587473,0.03455723542116631,6,147,0.64,0.64,100,0.84,0.84,25,16.0,16.0,-3.0,1.0,0.7,0.7,10,14.0,16.285714285714285,6.0,1.0,0.35,0.4,20,1.0,1.0,2,0.0068561315493580344,0.9782571404028327,583,93,0,93,246,242,34,48,13,0,0.4219554030874786,0.9193825042881647,0.08061749571183534,0.022298456260720412,0.032590051457975985,6,155,0.64,0.64,100,0.84,0.84,25,16.0,16.0,-3.0,2.0,0.7,0.7,10,14.0,16.285714285714285,6.0,2.0,0.35,0.4,20,1.0,1.0,2,0.00898872418823546,0.9790613170000956,0.38333333333333336,0.3433333333333333,5.8125,0.39285714285714285,0.6071428571428572,0.03468208092485549,0.6,0.06557377049180327,1.0,0.0,,18.333333333333332,241,68,167,0.6929460580912863,2,2,0,1,8,8,0,5,0.0,0,779,404800,8941200,0.045273565069565605,0.22692618860615224,16172846,404800,15768046,0.5528526024423902,0.5670455299280583,1.2581469560447818,400000,0.025367759581624762,9052819,10432,0,1422585.842857143,543169.14,0.45264095,25.7653386592865,485,0,0,0,0,177,0,404800,404800,7106642,221,10,7106642,4679046,314,2,4679046,3982358,463,1,3982358,0,583,1,0,0,177,0,0,0,0.0,0,0,0,0,0,583,2,5,,,,
compression,20260917T231153-5b07_B7_mycelic_full_sketch-o1-c4_s4,20260917T231153-5b07,ok,B7_mycelic,hierarchy,4,tier1,,full_sketch-o1-c4,1000,10000,30,10,2,1,43d2c39c01e88b89,0.0,none,5,full_sketch,1,4,sim-3b,synthetic,none,3,none,,,4.954,4.507,130.5,2026-09-17T23:26:29Z,,358,71,3,68,44,265,0,29,20,0,0.12290502793296089,0.9441340782122905,0.055865921787709494,0.0670391061452514,0.12011173184357542,10,203,0.0,0.0,100,0.0,0.0,25,,,,,0.0,0.0,10,,,,,0.0,0.0,16,0.0,0.0,3,0.053677726433934106,0.9866386202886827,0.7447886788843474,1.0,2.6,0.0,0.07024793388429752,0.04132231404958678,242,0.875,0.0,1.0,0.0,,1.0,0.0,0.09859154929577464,0.03873239436619718,284,0.8888888888888888,0.0,1.0,0.0,,1.0,0.0,0.11214953271028037,0.04984423676012461,321,0.8888888888888888,0.027777777777777776,1.0,0.0,,1.0,0.0,0.12290502793296089,0.055865921787709494,358,0.8888888888888888,0.045454545454545456,1.0,0.0,,1.0,242,0,0,0,17,210,0,5,10,0,0.07024793388429752,0.9586776859504132,0.04132231404958678,0.049586776859504134,0.08677685950413223,0,0,0.0,0.0,100,0.0,0.0,25,,,,,0.0,0.0,10,,,,,0.0,0.0,16,0.0,0.0,3,0.04039268978478394,0.9908059129252799,284,48,5,43,28,231,0,14,11,0,0.09859154929577464,0.9612676056338029,0.03873239436619718,0.04929577464788732,0.09154929577464789,8,169,0.0,0.0,100,0.0,0.0,25,,,,,0.0,0.0,10,,,,,0.0,0.0,16,0.0,0.0,3,0.03640246423642557,0.9871066895885384,321,59,3,56,36,248,0,21,16,0,0.11214953271028037,0.9501557632398754,0.04984423676012461,0.06230529595015576,0.10903426791277258,10,202,0.0,0.0,100,0.0,0.0,25,,,,,0.0,0.0,10,,,,,0.0,0.0,16,0.0,0.0,3,0.048873604922701736,0.9865683089725462,358,71,3,68,44,265,0,29,20,0,0.12290502793296089,0.9441340782122905,0.055865921787709494,0.0670391061452514,0.12011173184357542,10,203,0.0,0.0,100,0.0,0.0,25,,,,,0.0,0.0,10,,,,,0.0,0.0,16,0.0,0.0,3,0.053677726433934106,0.9866386202886827,0.4875,0.0,,,,0.0,0.0,0.0,0.7,0.0,,,187,0,187,1.0,3,0,0,0,7,7,0,0,0.0,0,759,404800,9271000,0.043663035271276025,0.0,1745083,404800,1340283,5.3126412898412285,6.917195845951937,19.312169312169313,400000,0.2984444330040745,2151921,10243,0,338159.01428571425,129115.26,0.10759605,4.254289627075195,405,0,0,0,0,244,0,404800,404800,480060,242,10,480060,434224,284,2,434224,425999,321,1,425999,0,358,1,0,0,244,0,0,0,0.0,0,0,0,0,0,358,35,,,,,
compression,20260917T231153-5b07_B7_mycelic_full_sketch-o3-c4_s3,20260917T231153-5b07,ok,B7_mycelic,hierarchy,3,tier1,,full_sketch-o3-c4,1000,10000,30,10,2,1,c45ec7ed8069c397,0.0,none,5,full_sketch,3,4,sim-3b,synthetic,none,3,none,,,16.365,4.139,409.8,2026-09-17T23:26:44Z,,579,74,2,72,247,224,34,61,13,0,0.4265975820379965,0.918825561312608,0.08117443868739206,0.022452504317789293,0.03281519861830743,8,150,0.64,0.64,100,0.84,0.84,25,16.0,17.0,-1.0,2.0,0.7,0.7,10,16.0,17.142857142857142,6.0,2.0,0.4,0.4,20,1.0,1.0,2,0.009197114302110666,0.9852363843530696,0.8656843552663986,0.9537561381950599,30.35514018691589,0.45925925925925926,0.35046728971962615,0.04672897196261682,214,0.07462686567164178,0.013333333333333334,1.0,0.0,0.9444444444444444,1.0,0.6370370370370371,0.40129449838187703,0.05177993527508091,309,0.20212765957446807,0.08064516129032258,1.0,0.0,0.9324324324324325,1.0,0.6814814814814815,0.41612200435729846,0.06971677559912855,459,0.4766355140186916,0.21465968586387435,1.0,0.0,0.8555555555555555,1.0,0.6814814814814815,0.4265975820379965,0.08117443868739206,579,0.5700934579439252,0.25101214574898784,1.0,0.0,0.8222222222222222,1.0,214,0,0,0,75,127,0,2,10,0,0.35046728971962615,0.9532710280373832,0.04672897196261682,0.04672897196261682,0.0514018691588785,0,0,0.54,0.54,100,0.28,0.28,25,20.0,20.142857142857142,-1.0,-1.0,0.1,0.1,10,28.0,28.0,13.0,-1.0,0.05,0.05,20,0.5,0.5,2,0.03572390149458769,0.9889949295319709,309,71,1,70,124,159,4,10,12,0,0.40129449838187703,0.948220064724919,0.05177993527508091,0.038834951456310676,0.045307443365695796,6,141,0.56,0.59,100,0.84,0.84,25,20.0,17.38095238095238,1.0,0.0,0.6,0.6,10,22.0,22.0,13.0,0.0,0.3,0.3,20,0.5,0.5,2,0.024647723599630994,0.9858127721433203,459,57,1,56,191,198,19,38,13,0,0.41612200435729846,0.9302832244008714,0.06971677559912855,0.02832244008714597,0.037037037037037035,8,144,0.64,0.64,100,0.84,0.84,25,16.0,17.0,-1.0,1.0,0.7,0.7,10,16.0,17.142857142857142,6.0,1.0,0.4,0.4,20,1.0,1.0,2,0.015019096743428812,0.9847941236704559,579,74,2,72,247,224,34,61,13,0,0.4265975820379965,0.918825561312608,0.08117443868739206,0.022452504317789293,0.03281519861830743,8,150,0.64,0.64,100,0.84,0.84,25,16.0,17.0,-1.0,2.0,0.7,0.7,10,16.0,17.142857142857142,6.0,2.0,0.4,0.4,20,1.0,1.0,2,0.009197114302110666,0.9852363843530696,0.3933333333333333,0.33666666666666667,6.266666666666667,0.16379310344827586,0.8362068965517242,0.03614457831325301,0.6,0.06818181818181818,1.0,0.0,,20.666666666666668,233,67,160,0.6866952789699571,2,2,0,1,8,8,0,5,0.0,0,779,404800,8941200,0.045273565069565605,0.22692618860615224,12868682,404800,12463882,0.6948030886146693,0.7173687940883907,1.5236439854813149,400000,0.032092730017822695,6802134,10243,0,1068906.7714285715,408128.04,0.34010670000000004,15.157849311828613,454,0,0,0,0,177,0,404800,404800,5868300,214,10,5868300,3614634,309,2,3614634,2980948,459,1,2980948,0,579,1,0,0,177,0,0,0,0.0,0,0,0,0,0,579,2,5,,,,
compression,20260917T231153-5b07_B7_mycelic_order_capped-o1-c1_s3,20260917T231153-5b07,ok,B7_mycelic,hierarchy,3,tier1,,order_capped-o1-c1,1000,10000,30,10,2,1,c45ec7ed8069c397,0.0,none,5,order_capped,1,1,sim-3b,synthetic,none,3,none,,,12.372,4.139,371.6,2026-09-17T23:26:56Z,,358,56,2,54,33,279,0,18,28,0,0.09217877094972067,0.9217877094972067,0.0782122905027933,0.0893854748603352,0.12011173184357542,14,167,0.0,0.0,100,0.0,0.0,25,,,,,0.0,0.0,10,,,,,0.0,0.0,20,0.0,0.0,2,0.06530552051944882,0.9710526461784462,0.6649364435580163,0.9980506822612085,21.666666666666668,0.0,0.06306306306306306,0.06756756756756757,222,0.42857142857142855,0.0,1.0,0.0,,1.0,0.0,0.08076923076923077,0.07307692307692308,260,0.7142857142857143,0.0,1.0,0.0,,1.0,0.0,0.08544303797468354,0.0759493670886076,316,0.625,0.037037037037037035,1.0,0.0,,1.0,0.0,0.09217877094972067,0.0782122905027933,358,0.75,0.06060606060606061,1.0,0.0,,1.0,222,0,0,0,14,189,0,4,15,0,0.06306306306306306,0.9324324324324325,0.06756756756756757,0.08108108108108109,0.1036036036036036,0,0,0.0,0.0,100,0.0,0.0,25,,,,,0.0,0.0,10,,,,,0.0,0.0,20,0.0,0.0,2,0.06595601200780883,0.9848749309267278,260,58,2,56,21,212,0,8,19,0,0.08076923076923077,0.926923076923077,0.07307692307692308,0.08846153846153847,0.11538461538461539,12,149,0.0,0.0,100,0.0,0.0,25,,,,,0.0,0.0,10,,,,,0.0,0.0,20,0.0,0.0,2,0.059100839147672696,0.968071140086717,316,50,1,49,27,252,0,13,24,0,0.08544303797468354,0.9240506329113924,0.0759493670886076,0.08860759493670886,0.11708860759493671,14,154,0.0,0.0,100,0.0,0.0,25,,,,,0.0,0.0,10,,,,,0.0,0.0,20,0.0,0.0,2,0.06319273576978751,0.9690708085100442,358,56,2,54,33,279,0,18,28,0,0.09217877094972067,0.9217877094972067,0.0782122905027933,0.0893854748603352,0.12011173184357542,14,167,0.0,0.0,100,0.0,0.0,25,,,,,0.0,0.0,10,,,,,0.0,0.0,20,0.0,0.0,2,0.06530552051944882,0.9710526461784462,0.48,0.0,,,,0.0,0.0,0.0,0.8,0.0,,,170,0,170,1.0,2,0,0,0,8,8,0,0,0.0,0,779,404800,8941200,0.045273565069565605,0.0,1535994,404800,1131194,5.821116488736284,7.904214484871737,19.55420643321407,400000,0.35360866482672293,2140084,10810,0,336298.9142857143,128405.04,0.1070042,11.69853687286377,418,0,0,0,0,177,0,404800,404800,457252,222,10,457252,347162,260,2,347162,326780,316,1,326780,0,358,1,0,0,177,0,0,0,0.0,0,0,0,0,0,358,35,,,,,
compression,20260917T231153-5b07_B7_mycelic_full_sketch-o2-c1_s4,20260917T231153-5b07,ok,B7_mycelic,hierarchy,4,tier1,,full_sketch-o2-c1,1000,10000,30,10,2,1,43d2c39c01e88b89,0.0,none,5,full_sketch,2,1,sim-3b,synthetic,none,3,none,,,28.055,4.507,178.3,2026-09-17T23:26:58Z,,753,231,13,218,200,346,9,165,33,0,0.2656042496679947,0.9442231075697212,0.055776892430278883,0.04780876494023904,0.07702523240371846,10,265,0.62,0.63,100,0.48,0.48,25,8.0,9.916666666666666,-7.0,2.0,0.0,0.0,10,,,,,0.375,0.375,16,0.3333333333333333,0.3333333333333333,3,0.024251192244351568,0.9764424273041125,0.7832517321770694,0.9681692174382649,34.66304347826087,0.5259259259259259,0.2903225806451613,0.03225806451612903,310,0.1,0.022222222222222223,1.0,0.0,1.0,1.0,0.5555555555555556,0.29207920792079206,0.04702970297029703,404,0.21348314606741572,0.025423728813559324,1.0,0.0,0.6351351351351351,1.0,0.5555555555555556,0.27615780445969124,0.04974271012006861,583,0.4065934065934066,0.12422360248447205,1.0,0.0,0.5063291139240507,1.0,0.5555555555555556,0.2656042496679947,0.055776892430278883,753,0.4725274725274725,0.18,1.0,0.0,0.4936708860759494,1.0,310,0,0,0,90,200,1,10,9,0,0.2903225806451613,0.967741935483871,0.03225806451612903,0.035483870967741936,0.054838709677419356,0,0,0.62,0.62,100,0.36,0.36,25,17.0,17.88888888888889,0.0,-1.0,0.0,0.0,10,,,,,0.1875,0.1875,16,0.3333333333333333,0.3333333333333333,3,0.023376139270734096,0.9878922683029921,404,139,5,134,118,237,2,30,17,0,0.29207920792079206,0.9529702970297029,0.04702970297029703,0.04702970297029703,0.06683168316831684,7,223,0.62,0.63,100,0.48,0.48,25,8.0,10.5,-7.0,0.0,0.0,0.0,10,,,,,0.3125,0.3125,16,0.3333333333333333,0.3333333333333333,3,0.01932805272858032,0.9722983497582832,583,173,9,164,161,295,5,98,24,0,0.27615780445969124,0.9502572898799314,0.04974271012006861,0.04631217838765009,0.07204116638078903,10,256,0.62,0.63,100,0.48,0.48,25,8.0,9.916666666666666,-7.0,1.0,0.0,0.0,10,,,,,0.375,0.375,16,0.3333333333333333,0.3333333333333333,3,0.02125877858531592,0.9749466001976659,753,231,13,218,200,346,9,165,33,0,0.2656042496679947,0.9442231075697212,0.055776892430278883,0.04780876494023904,0.07702523240371846,10,265,0.62,0.63,100,0.48,0.48,25,8.0,9.916666666666666,-7.0,2.0,0.0,0.0,10,,,,,0.375,0.375,16,0.3333333333333333,0.3333333333333333,3,0.024251192244351568,0.9764424273041125,0.42916666666666664,0.29583333333333334,5.916666666666667,0.5625,0.4375,0.013651877133105802,0.4,0.026402640264026403,0.6,0.2,,12.5,363,70,289,0.7961432506887053,3,1,0,1,7,5,2,3,0.0,0,759,404800,9271000,0.043663035271276025,0.10926306609356506,5900664,404800,5495864,1.5711791079783564,1.6869049161332959,3.83314273050745,400000,0.07278200479487848,4052502,10810,0,636821.7428571429,243150.12,0.2026251,26.300785779953003,725,0,0,0,0,244,0,404800,404800,2418642,310,10,2418642,1604576,404,2,1604576,1472646,583,1,1472646,0,753,1,0,0,244,0,0,0,0.0,0,0,0,0,0,753,23,,,,,
compression,20260917T231153-5b07_B7_mycelic_order_capped-o1-c2_s3,20260917T231153-5b07,ok,B7_mycelic,hierarchy,3,tier1,,order_capped-o1-c2,1000,10000,30,10,2,1,c45ec7ed8069c397,0.0,none,5,order_capped,1,2,sim-3b,synthetic,none,3,none,,,7.135,4.139,310.1,2026-09-17T23:27:04Z,,332,52,0,52,30,263,0,13,26,0,0.09036144578313253,0.9216867469879518,0.0783132530120482,0.09036144578313253,0.1144578313253012,15,162,0.0,0.0,100,0.0,0.0,25,,,,,0.0,0.0,10,,,,,0.0,0.0,20,0.0,0.0,2,0.06979636862384998,0.9757726718217054,0.6654513235909686,0.9981481481481482,22.0,0.0,0.059907834101382486,0.06451612903225806,217,0.42857142857142855,0.0,1.0,0.0,,1.0,0.0,0.07142857142857142,0.07539682539682539,252,0.5714285714285714,0.0,1.0,0.0,,1.0,0.0,0.08,0.07666666666666666,300,0.625,0.041666666666666664,1.0,0.0,,1.0,0.0,0.09036144578313253,0.0783132530120482,332,0.75,0.06666666666666667,1.0,0.0,,1.0,217,0,0,0,13,187,0,3,14,0,0.059907834101382486,0.9354838709677419,0.06451612903225806,0.07834101382488479,0.0967741935483871,0,0,0.0,0.0,100,0.0,0.0,25,,,,,0.0,0.0,10,,,,,0.0,0.0,20,0.0,0.0,2,0.0653752709817193,0.9870342571568345,252,56,1,55,18,208,0,7,19,0,0.07142857142857142,0.9246031746031746,0.07539682539682539,0.09126984126984126,0.11507936507936507,12,145,0.0,0.0,100,0.0,0.0,25,,,,,0.0,0.0,10,,,,,0.0,0.0,20,0.0,0.0,2,0.06589336904094999,0.9746235277711088,300,46,0,46,24,243,0,10,23,0,0.08,0.9233333333333333,0.07666666666666666,0.09,0.11333333333333333,15,157,0.0,0.0,100,0.0,0.0,25,,,,,0.0,0.0,10,,,,,0.0,0.0,20,0.0,0.0,2,0.06859359826193283,0.9745407071342258,332,52,0,52,30,263,0,13,26,0,0.09036144578313253,0.9216867469879518,0.0783132530120482,0.09036144578313253,0.1144578313253012,15,162,0.0,0.0,100,0.0,0.0,25,,,,,0.0,0.0,10,,,,,0.0,0.0,20,0.0,0.0,2,0.06979636862384998,0.9757726718217054,0.48,0.0,,,,0.0,0.0,0.0,0.8,0.0,,,165,0,165,1.0,2,0,0,0,8,8,0,0,0.0,0,779,404800,8941200,0.045273565069565605,0.0,1443669,404800,1038869,6.193386434147993,8.606667443152121,22.15800951625694,400000,0.38503410920914954,2090190,10432,0,328458.4285714286,125411.40000000001,0.1045095,6.519376277923584,391,0,0,0,0,177,0,404800,404800,403520,217,10,403520,323224,252,2,323224,312125,300,1,312125,0,332,1,0,0,177,0,0,0,0.0,0,0,0,0,0,332,35,,,,,
compression,20260917T231153-5b07_B7_mycelic_order_capped-o1-c4_s3,20260917T231153-5b07,ok,B7_mycelic,hierarchy,3,tier1,,order_capped-o1-c4,1000,10000,30,10,2,1,c45ec7ed8069c397,0.0,none,5,order_capped,1,4,sim-3b,synthetic,none,3,none,,,4.417,4.139,310.1,2026-09-17T23:27:08Z,,305,34,1,33,31,239,0,17,18,0,0.10163934426229508,0.940983606557377,0.05901639344262295,0.06885245901639345,0.10819672131147541,15,147,0.0,0.0,100,0.0,0.0,25,,,,,0.0,0.0,10,,,,,0.0,0.0,20,0.0,0.0,2,0.054361472706473124,0.9827631172059816,0.6119815937182449,0.9947916666666666,29.0,0.0,0.061611374407582936,0.05687203791469194,211,0.42857142857142855,0.0,1.0,0.0,,1.0,0.0,0.07755102040816327,0.06938775510204082,245,0.5,0.0,1.0,0.0,,1.0,0.0,0.08865248226950355,0.06382978723404255,282,0.6666666666666666,0.0,1.0,0.0,,1.0,0.0,0.10163934426229508,0.05901639344262295,305,0.7777777777777778,0.0,1.0,0.0,,1.0,211,0,0,0,13,183,0,3,12,0,0.061611374407582936,0.943127962085308,0.05687203791469194,0.07109004739336493,0.0947867298578199,0,0,0.0,0.0,100,0.0,0.0,25,,,,,0.0,0.0,10,,,,,0.0,0.0,20,0.0,0.0,2,0.059134971376604735,0.9880449239832396,245,44,2,42,19,202,0,7,17,0,0.07755102040816327,0.9306122448979591,0.06938775510204082,0.08163265306122448,0.11428571428571428,12,142,0.0,0.0,100,0.0,0.0,25,,,,,0.0,0.0,10,,,,,0.0,0.0,20,0.0,0.0,2,0.06470204361379758,0.983069390552573,282,32,1,31,25,227,0,12,18,0,0.08865248226950355,0.9361702127659575,0.06382978723404255,0.07446808510638298,0.1099290780141844,15,144,0.0,0.0,100,0.0,0.0,25,,,,,0.0,0.0,10,,,,,0.0,0.0,20,0.0,0.0,2,0.05983800531667484,0.9824000676299731,305,34,1,33,31,239,0,17,18,0,0.10163934426229508,0.940983606557377,0.05901639344262295,0.06885245901639345,0.10819672131147541,15,147,0.0,0.0,100,0.0,0.0,25,,,,,0.0,0.0,10,,,,,0.0,0.0,20,0.0,0.0,2,0.054361472706473124,0.9827631172059816,0.48,0.0,,,,0.0,0.0,0.0,0.8,0.0,,,161,0,161,1.0,2,0,0,0,8,8,0,0,0.0,0,779,404800,8941200,0.045273565069565605,0.0,1445888,404800,1041088,6.183881462464589,8.58832298518473,22.871847868906137,400000,0.3842134382492162,2077313,10243,0,326434.9,124638.78,0.10386565,3.8330929279327393,357,0,0,0,0,177,0,404800,404800,390926,211,10,390926,328637,245,2,328637,321525,282,1,321525,0,305,1,0,0,177,0,0,0,0.0,0,0,0,0,0,305,35,,,,,
compression,20260917T231153-5b07_B7_mycelic_full_sketch-o2-c2_s4,20260917T231153-5b07,ok,B7_mycelic,hierarchy,4,tier1,,full_sketch-o2-c2,1000,10000,30,10,2,1,43d2c39c01e88b89,0.0,none,5,full_sketch,2,2,sim-3b,synthetic,none,3,none,,,15.792,4.507,179.1,2026-09-17T23:27:13Z,,724,213,10,203,199,342,9,149,25,0,0.27486187845303867,0.9530386740331491,0.04696132596685083,0.03867403314917127,0.06629834254143646,6,246,0.62,0.63,100,0.48,0.48,25,8.0,10.333333333333334,-6.5,2.0,0.0,0.0,10,,,,,0.375,0.375,16,0.3333333333333333,0.3333333333333333,3,0.01978365259591848,0.9811096194467472,0.7926860966718733,0.9770426146592852,36.58695652173913,0.5259259259259259,0.297029702970297,0.019801980198019802,303,0.1,0.022222222222222223,1.0,0.0,1.0,1.0,0.5555555555555556,0.30025445292620867,0.030534351145038167,393,0.21348314606741572,0.025423728813559324,1.0,0.0,0.6891891891891891,1.0,0.5555555555555556,0.28698752228163993,0.0374331550802139,561,0.4065934065934066,0.12422360248447205,1.0,0.0,0.5822784810126582,1.0,0.5555555555555556,0.27486187845303867,0.04696132596685083,724,0.4725274725274725,0.18090452261306533,1.0,0.0,0.569620253164557,1.0,303,0,0,0,90,200,1,7,5,0,0.297029702970297,0.9801980198019802,0.019801980198019802,0.0231023102310231,0.039603960396039604,0,0,0.62,0.62,100,0.36,0.36,25,18.0,18.444444444444443,1.0,-1.0,0.0,0.0,10,,,,,0.1875,0.1875,16,0.3333333333333333,0.3333333333333333,3,0.012813750545107973,0.9897114403140848,393,123,3,120,118,237,2,26,10,0,0.30025445292620867,0.9694656488549618,0.030534351145038167,0.030534351145038167,0.04834605597964377,5,217,0.62,0.63,100,0.48,0.48,25,8.0,11.166666666666666,-6.0,0.0,0.0,0.0,10,,,,,0.3125,0.3125,16,0.3333333333333333,0.3333333333333333,3,0.009638715760015279,0.9791043646149772,561,158,7,151,161,293,5,86,16,0,0.28698752228163993,0.9625668449197861,0.0374331550802139,0.0338680926916221,0.0570409982174688,6,241,0.62,0.63,100,0.48,0.48,25,8.0,10.333333333333334,-6.5,1.0,0.0,0.0,10,,,,,0.375,0.375,16,0.3333333333333333,0.3333333333333333,3,0.01425730193285325,0.9803892092412312,724,213,10,203,199,342,9,149,25,0,0.27486187845303867,0.9530386740331491,0.04696132596685083,0.03867403314917127,0.06629834254143646,6,246,0.62,0.63,100,0.48,0.48,25,8.0,10.333333333333334,-6.5,2.0,0.0,0.0,10,,,,,0.375,0.375,16,0.3333333333333333,0.3333333333333333,3,0.01978365259591848,0.9811096194467472,0.4083333333333333,0.2916666666666667,6.363636363636363,0.5340909090909091,0.46590909090909094,0.015267175572519083,0.4,0.02941176470588235,0.6,0.2,,13.0,330,68,258,0.7818181818181819,3,1,0,1,7,5,2,3,0.0,0,759,404800,9271000,0.043663035271276025,0.10926306609356506,4642964,404800,4238164,1.9967848124603162,2.187503834207454,4.77062312952054,400000,0.09438049117495217,3328948,10432,0,523120.39999999997,199736.88,0.1664474,14.071715831756592,662,0,0,0,0,244,0,404800,404800,1943352,303,10,1943352,1209554,393,2,1209554,1085258,561,1,1085258,0,724,1,0,0,244,0,0,0,0.0,0,0,0,0,0,724,23,,,,,
compression,20260917T231153-5b07_B7_mycelic_full_sketch-o2-c4_s4,20260917T231153-5b07,ok,B7_mycelic,hierarchy,4,tier1,,full_sketch-o2-c4,1000,10000,30,10,2,1,43d2c39c01e88b89,0.0,none,5,full_sketch,2,4,sim-3b,synthetic,none,3,none,,,10.341,4.507,177.1,2026-09-17T23:27:24Z,,730,184,8,176,205,321,10,163,31,0,0.2808219178082192,0.9438356164383561,0.056164383561643834,0.04657534246575343,0.08082191780821918,6,229,0.63,0.64,100,0.48,0.48,25,12.0,12.666666666666666,-4.0,2.0,0.0,0.0,10,,,,,0.4375,0.4375,16,0.3333333333333333,0.3333333333333333,3,0.033452906011836044,0.9868775635460826,0.8068964838366677,0.9686200779594991,37.73118279569893,0.5185185185185185,0.30067567567567566,0.016891891891891893,296,0.10256410256410256,0.011235955056179775,1.0,0.0,1.0,1.0,0.562962962962963,0.3049095607235142,0.031007751937984496,387,0.2,0.025423728813559324,1.0,0.0,0.9863013698630136,1.0,0.562962962962963,0.2926391382405745,0.04129263913824058,557,0.42857142857142855,0.13496932515337423,1.0,0.0,0.9113924050632911,1.0,0.562962962962963,0.2808219178082192,0.056164383561643834,730,0.5054945054945055,0.2,1.0,0.0,0.8860759493670886,1.0,296,0,0,0,89,194,1,8,4,0,0.30067567567567566,0.9831081081081081,0.016891891891891893,0.02027027027027027,0.037162162162162164,0,0,0.61,0.61,100,0.36,0.36,25,20.0,20.444444444444443,3.0,-1.0,0.0,0.0,10,,,,,0.125,0.125,16,0.3333333333333333,0.3333333333333333,3,0.010610944939028834,0.9903406746687583,387,114,5,109,118,231,2,26,10,0,0.3049095607235142,0.9689922480620154,0.031007751937984496,0.031007751937984496,0.046511627906976744,4,215,0.63,0.64,100,0.48,0.48,25,12.0,12.666666666666666,-4.0,0.0,0.0,0.0,10,,,,,0.375,0.375,16,0.3333333333333333,0.3333333333333333,3,0.018234552615693053,0.9872268006777085,557,143,8,135,163,278,5,93,18,0,0.2926391382405745,0.9587073608617595,0.04129263913824058,0.03770197486535009,0.06463195691202872,7,235,0.63,0.64,100,0.48,0.48,25,12.0,12.666666666666666,-4.0,1.0,0.0,0.0,10,,,,,0.4375,0.4375,16,0.3333333333333333,0.3333333333333333,3,0.02470017110432781,0.9869981962389778,730,184,8,176,205,321,10,163,31,0,0.2808219178082192,0.9438356164383561,0.056164383561643834,0.04657534246575343,0.08082191780821918,6,229,0.63,0.64,100,0.48,0.48,25,12.0,12.666666666666666,-4.0,2.0,0.0,0.0,10,,,,,0.4375,0.4375,16,0.3333333333333333,0.3333333333333333,3,0.033452906011836044,0.9868775635460826,0.37916666666666665,0.325,6.454545454545454,0.3068181818181818,0.6931818181818181,0.016,0.4,0.030769230769230767,0.6,0.2,,14.0,318,68,246,0.7735849056603774,3,1,0,1,7,5,2,3,0.0,0,759,404800,9271000,0.043663035271276025,0.10926306609356506,3782839,404800,3378039,2.450804805597066,2.744491700658281,5.717552534754899,400000,0.11841189518534274,2909230,10243,0,457164.71428571426,174553.8,0.14546150000000002,8.717310428619385,628,0,0,0,0,244,0,404800,404800,1621498,296,10,1621498,1013631,387,2,1013631,742910,557,1,742910,0,730,1,0,0,244,0,0,0,0.0,0,0,0,0,0,730,23,,,,,
compression,20260917T231153-5b07_B7_mycelic_order_capped-o2-c1_s3,20260917T231153-5b07,ok,B7_mycelic,hierarchy,3,tier1,,order_capped-o2-c1,1000,10000,30,10,2,1,c45ec7ed8069c397,0.0,none,5,order_capped,2,1,sim-3b,synthetic,none,3,none,,,23.986,4.139,310.7,2026-09-17T23:27:32Z,,592,122,3,119,207,269,9,84,23,0,0.34966216216216217,0.9459459459459459,0.05405405405405406,0.03885135135135135,0.06587837837837837,12,197,0.64,0.64,100,0.6,0.6,25,10.0,10.666666666666666,-7.0,2.0,0.0,0.0,10,,,,,0.35,0.45,20,1.0,1.0,2,0.011975518050716717,0.9710260513081352,0.7981903622463238,0.9438282401952018,32.28865979381443,0.5037037037037037,0.3233082706766917,0.05639097744360902,266,0.08,0.0,1.0,0.0,0.95,1.0,0.5777777777777777,0.34285714285714286,0.045714285714285714,350,0.21348314606741572,0.058333333333333334,1.0,0.0,0.64,1.0,0.5777777777777777,0.34575569358178054,0.051759834368530024,483,0.45161290322580644,0.19161676646706588,1.0,0.0,0.4819277108433735,1.0,0.5851851851851851,0.34966216216216217,0.05405405405405406,592,0.48936170212765956,0.2318840579710145,1.0,0.0,0.4457831325301205,1.0,266,0,0,0,86,159,1,6,14,0,0.3233082706766917,0.943609022556391,0.05639097744360902,0.05263157894736842,0.06390977443609022,0,0,0.6,0.6,100,0.32,0.32,25,23.5,20.5,5.5,-1.0,0.0,0.0,10,,,,,0.1,0.1,20,0.5,0.5,2,0.037216948294240285,0.9845853693468718,350,102,3,99,120,193,2,21,14,0,0.34285714285714286,0.9542857142857143,0.045714285714285714,0.04,0.054285714285714284,9,168,0.62,0.63,100,0.6,0.6,25,12.0,12.066666666666666,-7.0,0.0,0.0,0.0,10,,,,,0.25,0.3,20,1.0,1.0,2,0.010045895986805017,0.970045895986805,483,95,2,93,167,238,6,53,19,0,0.34575569358178054,0.94824016563147,0.051759834368530024,0.039337474120082816,0.062111801242236024,12,182,0.63,0.63,100,0.6,0.6,25,10.0,10.8,-7.0,1.0,0.0,0.0,10,,,,,0.35,0.45,20,1.0,1.0,2,0.011627307677818903,0.9699906252002987,592,122,3,119,207,269,9,84,23,0,0.34966216216216217,0.9459459459459459,0.05405405405405406,0.03885135135135135,0.06587837837837837,12,197,0.64,0.64,100,0.6,0.6,25,10.0,10.666666666666666,-7.0,2.0,0.0,0.0,10,,,,,0.35,0.45,20,1.0,1.0,2,0.011975518050716717,0.9710260513081352,0.4266666666666667,0.34,6.0,0.3925925925925926,0.6074074074074074,0.0365296803652968,0.8,0.06986899563318777,1.0,0.0,,17.125,289,70,211,0.7301038062283737,2,2,0,2,8,8,0,6,0.0,0,779,404800,8941200,0.045273565069565605,0.0,5463050,404800,5058250,1.636668161558104,1.7676469134582118,3.8943153240341086,400000,0.07907873276330747,3932719,10810,0,617998.7000000001,235963.14,0.19663595,22.492117166519165,606,0,0,0,0,177,0,404800,404800,2295962,266,10,2295962,1475284,350,2,1475284,1287004,483,1,1287004,0,592,1,0,0,177,0,0,0,0.0,0,0,0,0,0,592,19,1,,,,
compression,20260917T231153-5b07_B7_mycelic_order_capped-o2-c2_s3,20260917T231153-5b07,ok,B7_mycelic,hierarchy,3,tier1,,order_capped-o2-c2,1000,10000,30,10,2,1,c45ec7ed8069c397,0.0,none,5,order_capped,2,2,sim-3b,synthetic,none,3,none,,,13.738,4.139,310.7,2026-09-17T23:27:46Z,,581,105,0,105,214,261,9,75,22,0,0.3683304647160069,0.9466437177280551,0.05335628227194492,0.0378657487091222,0.05679862306368331,12,192,0.64,0.64,100,0.6,0.6,25,12.0,11.866666666666667,-7.0,2.0,0.0,0.0,10,,,,,0.45,0.45,20,1.0,1.0,2,0.017760880493456067,0.9777574848479118,0.8179201126088347,0.9437619960075179,32.8041237113402,0.4962962962962963,0.3281853281853282,0.05405405405405406,259,0.08108108108108109,0.011764705882352941,1.0,0.0,0.95,1.0,0.5777777777777777,0.3538011695906433,0.043859649122807015,342,0.1978021978021978,0.08264462809917356,1.0,0.0,0.6933333333333334,1.0,0.5777777777777777,0.36075949367088606,0.05063291139240506,474,0.47368421052631576,0.2222222222222222,1.0,0.0,0.5476190476190477,1.0,0.5851851851851851,0.3683304647160069,0.05335628227194492,581,0.5104166666666666,0.26635514018691586,1.0,0.0,0.5357142857142857,1.0,259,0,0,0,85,157,1,3,13,0,0.3281853281853282,0.9459459459459459,0.05405405405405406,0.05019305019305019,0.05791505791505792,0,0,0.6,0.6,100,0.28,0.28,25,22.0,20.428571428571427,5.0,-1.0,0.0,0.0,10,,,,,0.1,0.1,20,0.5,0.5,2,0.03769896270122239,0.9875059125081723,342,92,1,91,121,190,2,16,13,0,0.3538011695906433,0.956140350877193,0.043859649122807015,0.038011695906432746,0.049707602339181284,8,164,0.62,0.63,100,0.6,0.6,25,12.0,12.933333333333334,-7.0,0.0,0.0,0.0,10,,,,,0.35,0.35,20,1.0,1.0,2,0.0158140881237385,0.9778023922173057,474,81,0,81,171,233,6,46,18,0,0.36075949367088606,0.9493670886075949,0.05063291139240506,0.0379746835443038,0.05485232067510549,12,182,0.63,0.63,100,0.6,0.6,25,12.0,12.0,-7.0,1.0,0.0,0.0,10,,,,,0.45,0.45,20,1.0,1.0,2,0.01743039871768015,0.9768355192449774,581,105,0,105,214,261,9,75,22,0,0.3683304647160069,0.9466437177280551,0.05335628227194492,0.0378657487091222,0.05679862306368331,12,192,0.64,0.64,100,0.6,0.6,25,12.0,11.866666666666667,-7.0,2.0,0.0,0.0,10,,,,,0.45,0.45,20,1.0,1.0,2,0.017760880493456067,0.9777574848479118,0.38666666666666666,0.37666666666666665,6.1875,0.3402777777777778,0.6597222222222222,0.0392156862745098,0.8,0.07476635514018691,1.0,0.0,,17.75,274,70,196,0.7153284671532847,2,2,0,2,8,8,0,6,0.0,0,779,404800,8941200,0.045273565069565605,0.0,4286456,404800,3881656,2.0859189969522607,2.303449867788387,4.904522745374241,400000,0.10304880185158087,3234747,10432,0,508317.38571428566,194084.81999999998,0.16173735,12.425196886062622,563,0,0,0,0,177,0,404800,404800,1823052,259,10,1823052,1106254,342,2,1106254,952350,474,1,952350,0,581,1,0,0,177,0,0,0,0.0,0,0,0,0,0,581,19,1,,,,
compression,20260917T231153-5b07_B7_mycelic_order_capped-o2-c4_s3,20260917T231153-5b07,ok,B7_mycelic,hierarchy,3,tier1,,order_capped-o2-c4,1000,10000,30,10,2,1,c45ec7ed8069c397,0.0,none,5,order_capped,2,4,sim-3b,synthetic,none,3,none,,,8.984,4.139,310.7,2026-09-17T23:27:55Z,,557,93,3,90,208,239,9,82,19,0,0.3734290843806104,0.9497307001795332,0.05026929982046679,0.03411131059245961,0.05206463195691203,13,179,0.64,0.64,100,0.6,0.6,25,12.0,13.333333333333334,-5.0,2.0,0.0,0.0,10,,,,,0.35,0.35,20,1.0,1.0,2,0.02174431440821563,0.9860648076438473,0.8447742544347192,0.9496659161849412,35.52127659574468,0.5037037037037037,0.3387096774193548,0.056451612903225805,248,0.08108108108108109,0.011904761904761904,1.0,0.0,0.95,1.0,0.5777777777777777,0.3611940298507463,0.050746268656716415,335,0.2247191011235955,0.08264462809917356,1.0,0.0,0.9466666666666667,1.0,0.5777777777777777,0.3676148796498906,0.05032822757111598,457,0.4891304347826087,0.20238095238095238,1.0,0.0,0.8795180722891566,1.0,0.5851851851851851,0.3734290843806104,0.05026929982046679,557,0.5161290322580645,0.23557692307692307,1.0,0.0,0.8795180722891566,1.0,248,0,0,0,84,147,1,3,13,0,0.3387096774193548,0.9435483870967742,0.056451612903225805,0.05241935483870968,0.06048387096774194,0,0,0.6,0.6,100,0.32,0.32,25,22.0,21.125,5.0,-1.0,0.0,0.0,10,,,,,0.1,0.1,20,0.5,0.5,2,0.042009707767446426,0.9895903529287368,335,82,1,81,121,178,2,19,15,0,0.3611940298507463,0.9492537313432836,0.050746268656716415,0.04477611940298507,0.056716417910447764,7,158,0.62,0.63,100,0.6,0.6,25,12.0,14.666666666666666,-3.0,0.0,0.0,0.0,10,,,,,0.3,0.3,20,1.0,1.0,2,0.030313999284382658,0.9855378798813975,457,72,2,70,168,215,6,51,17,0,0.3676148796498906,0.949671772428884,0.05032822757111598,0.037199124726477024,0.0525164113785558,13,172,0.63,0.63,100,0.6,0.6,25,12.0,13.6,-5.0,1.0,0.0,0.0,10,,,,,0.35,0.35,20,1.0,1.0,2,0.02453897953289534,0.9854285084874834,557,93,3,90,208,239,9,82,19,0,0.3734290843806104,0.9497307001795332,0.05026929982046679,0.03411131059245961,0.05206463195691203,13,179,0.64,0.64,100,0.6,0.6,25,12.0,13.333333333333334,-5.0,2.0,0.0,0.0,10,,,,,0.35,0.35,20,1.0,1.0,2,0.02174431440821563,0.9860648076438473,0.33666666666666667,0.39,5.882352941176471,0.19285714285714287,0.8071428571428572,0.0427807486631016,0.8,0.08121827411167513,1.0,0.0,,19.0,257,70,179,0.6964980544747081,2,2,0,2,8,8,0,6,0.0,0,779,404800,8941200,0.045273565069565605,0.0,3426648,404800,3021848,2.6093138250558563,2.9588516695743796,6.181983113144146,400000,0.13236933161429695,2817231,10243,0,442707.72857142857,169033.86000000002,0.14086155000000003,7.744300365447998,518,0,0,0,0,177,0,404800,404800,1446332,248,10,1446332,866414,335,2,866414,709102,457,1,709102,0,557,1,0,0,177,0,0,0,0.0,0,0,0,0,0,557,19,1,,,,
compression,20260917T231153-5b07_B7_mycelic_full_sketch-o3-c1_s4,20260917T231153-5b07,ok,B7_mycelic,hierarchy,4,tier1,,full_sketch-o3-c1,1000,10000,30,10,2,1,43d2c39c01e88b89,0.0,none,5,full_sketch,3,1,sim-3b,synthetic,none,3,none,,,53.779,4.507,407.3,2026-09-17T23:28:18Z,,788,210,10,200,240,315,52,150,31,0,0.30456852791878175,0.8946700507614214,0.10532994923857868,0.046954314720812185,0.07106598984771574,7,234,0.63,0.64,100,0.76,0.8,25,9.0,11.947368421052632,-6.0,2.0,0.7,0.7,10,15.0,14.0,0.0,2.0,0.375,0.375,16,0.6666666666666666,0.6666666666666666,3,0.022201627539408096,0.9742002839028081,0.819273505415916,0.987969127312181,31.96330275229358,0.5481481481481482,0.3181818181818182,0.038461538461538464,286,0.07228915662650602,0.01098901098901099,1.0,0.0,0.9838709677419355,1.0,0.6518518518518519,0.3282442748091603,0.06870229007633588,393,0.21,0.007751937984496124,1.0,0.0,0.6625,1.0,0.674074074074074,0.3152542372881356,0.08813559322033898,590,0.42990654205607476,0.10215053763440861,1.0,0.0,0.5591397849462365,1.0,0.674074074074074,0.30456852791878175,0.10532994923857868,788,0.5420560747663551,0.14166666666666666,1.0,0.0,0.5,1.0,286,0,0,0,91,174,5,10,6,0,0.3181818181818182,0.9615384615384616,0.038461538461538464,0.03146853146853147,0.05244755244755245,0,0,0.62,0.62,100,0.4,0.4,25,21.0,21.3,2.5,-1.0,0.2,0.2,10,24.0,24.0,11.5,-1.0,0.125,0.125,16,0.6666666666666666,0.6666666666666666,3,0.01791884557418754,0.986450314105656,393,121,5,116,129,208,14,29,13,0,0.3282442748091603,0.9312977099236641,0.06870229007633588,0.04071246819338423,0.058524173027989825,7,206,0.63,0.64,100,0.68,0.72,25,12.0,11.764705882352942,-6.0,0.0,0.6,0.6,10,17.5,16.333333333333332,3.5,0.0,0.25,0.25,16,0.6666666666666666,0.6666666666666666,3,0.014183057339545415,0.9713712029231568,590,157,7,150,186,265,31,87,21,0,0.3152542372881356,0.911864406779661,0.08813559322033898,0.04406779661016949,0.06610169491525424,7,225,0.63,0.64,100,0.76,0.8,25,9.0,12.0,-6.0,1.0,0.7,0.7,10,15.0,14.428571428571429,0.0,1.0,0.375,0.375,16,0.6666666666666666,0.6666666666666666,3,0.018805435005539425,0.9733392336739451,788,210,10,200,240,315,52,150,31,0,0.30456852791878175,0.8946700507614214,0.10532994923857868,0.046954314720812185,0.07106598984771574,7,234,0.63,0.64,100,0.76,0.8,25,9.0,11.947368421052632,-6.0,2.0,0.7,0.7,10,15.0,14.0,0.0,2.0,0.375,0.375,16,0.6666666666666666,0.6666666666666666,3,0.022201627539408096,0.9742002839028081,0.45,0.3,5.538461538461538,0.5363636363636364,0.4636363636363636,0.022813688212927757,0.6,0.04395604395604396,0.7,0.2,,12.0,334,71,257,0.7694610778443114,3,2,0,2,7,5,2,4,0.0,0,759,404800,9271000,0.043663035271276025,0.23432416995703892,19483176,404800,19078376,0.4758464431055799,0.48594282867682237,1.1341000180555671,400000,0.020966145126817923,12435698,10810,0,1954181.1142857145,746141.88,0.6217849000000001,51.91736721992493,652,0,0,0,0,244,0,404800,404800,8174764,286,10,8174764,5747514,393,2,5747514,5156098,590,1,5156098,0,788,1,0,0,244,0,0,0,0.0,0,0,0,0,0,788,2,6,,,,1
compression,20260917T231153-5b07_B7_mycelic_order_capped-o3-c1_s3,20260917T231153-5b07,ok,B7_mycelic,hierarchy,3,tier1,,order_capped-o3-c1,1000,10000,30,10,2,1,c45ec7ed8069c397,0.0,none,5,order_capped,3,1,sim-3b,synthetic,none,3,none,,,43.602,4.139,358.0,2026-09-17T23:28:39Z,,605,107,4,103,235,254,40,61,15,0,0.3884297520661157,0.9090909090909091,0.09090909090909091,0.02809917355371901,0.047933884297520664,7,159,0.63,0.64,100,0.84,0.84,25,14.0,14.19047619047619,-5.0,2.0,0.7,0.7,10,14.0,16.428571428571427,5.0,2.0,0.3,0.35,20,1.0,1.0,2,0.005477029398525983,0.9735424750833772,0.8511911458272267,0.9606394262504058,28.245283018867923,0.4666666666666667,0.33624454148471616,0.048034934497816595,229,0.08823529411764706,0.012987012987012988,1.0,0.0,0.9272727272727272,1.0,0.6518518518518519,0.37538461538461537,0.04923076923076923,325,0.1935483870967742,0.05737704918032787,1.0,0.0,0.72,1.0,0.674074074074074,0.38266384778012685,0.07188160676532769,473,0.4563106796116505,0.20441988950276244,1.0,0.0,0.5681818181818182,1.0,0.6814814814814815,0.3884297520661157,0.09090909090909091,605,0.5480769230769231,0.2425531914893617,1.0,0.0,0.4943820224719101,1.0,229,0,0,0,77,137,1,4,10,0,0.33624454148471616,0.9519650655021834,0.048034934497816595,0.043668122270742356,0.05240174672489083,0,0,0.55,0.55,100,0.28,0.28,25,17.0,17.571428571428573,-4.0,-1.0,0.1,0.1,10,28.0,28.0,13.0,-1.0,0.05,0.05,20,0.5,0.5,2,0.031138911284972735,0.9856841802400658,325,95,3,92,122,172,6,15,10,0,0.37538461538461537,0.9507692307692308,0.04923076923076923,0.03076923076923077,0.04,7,144,0.57,0.61,100,0.84,0.84,25,17.0,15.904761904761905,-4.0,0.0,0.6,0.6,10,19.0,20.0,11.0,0.0,0.2,0.25,20,0.5,0.5,2,0.006628426695508673,0.9746003238977128,473,85,3,82,181,219,21,39,13,0,0.38266384778012685,0.9281183932346723,0.07188160676532769,0.02959830866807611,0.046511627906976744,7,148,0.62,0.63,100,0.84,0.84,25,14.0,14.571428571428571,-4.0,1.0,0.7,0.7,10,14.0,16.571428571428573,5.0,1.0,0.3,0.35,20,1.0,1.0,2,0.006660513453275927,0.9730029485414461,605,107,4,103,235,254,40,61,15,0,0.3884297520661157,0.9090909090909091,0.09090909090909091,0.02809917355371901,0.047933884297520664,7,159,0.63,0.64,100,0.84,0.84,25,14.0,14.19047619047619,-5.0,2.0,0.7,0.7,10,14.0,16.428571428571427,5.0,2.0,0.3,0.35,20,1.0,1.0,2,0.005477029398525983,0.9735424750833772,0.4266666666666667,0.32666666666666666,5.666666666666667,0.4125874125874126,0.5874125874125874,0.030927835051546393,0.6,0.058823529411764705,1.0,0.0,,17.666666666666668,264,70,188,0.7121212121212122,2,2,0,1,8,8,0,5,0.0,0,779,404800,8941200,0.045273565069565605,9.621768288576074e-06,16328642,404800,15923842,0.5475776858847172,0.5614976586680526,1.3149051704132513,400000,0.02511956599418658,10985804,10810,0,1726340.6285714286,659148.24,0.5492902000000001,42.14994835853577,540,0,0,0,0,177,0,404800,404800,6799882,229,10,6799882,4817986,325,2,4817986,4305974,473,1,4305974,0,605,1,0,0,177,0,0,0,0.0,0,0,0,0,0,605,2,5,,,,
compression,20260917T231153-5b07_B7_mycelic_full_sketch-o3-c2_s4,20260917T231153-5b07,ok,B7_mycelic,hierarchy,4,tier1,,full_sketch-o3-c2,1000,10000,30,10,2,1,43d2c39c01e88b89,0.0,none,5,full_sketch,3,2,sim-3b,synthetic,none,3,none,,,29.484,4.507,416.3,2026-09-17T23:28:47Z,,725,191,9,182,237,294,46,128,20,0,0.32689655172413795,0.9089655172413793,0.0910344827586207,0.03586206896551724,0.05931034482758621,5,219,0.64,0.65,100,0.76,0.8,25,10.0,12.526315789473685,-6.0,2.0,0.7,0.7,10,16.0,15.142857142857142,3.0,2.0,0.3125,0.3125,16,0.6666666666666666,0.6666666666666666,3,0.015804443514430323,0.9788067004725003,0.8339967681760464,0.9873490417307729,32.07339449541284,0.5407407407407407,0.32116788321167883,0.032846715328467155,274,0.07407407407407407,0.011363636363636364,1.0,0.0,0.9682539682539683,1.0,0.6518518518518519,0.33962264150943394,0.05660377358490566,371,0.20202020202020202,0.007936507936507936,1.0,0.0,0.7037037037037037,1.0,0.6814814814814815,0.33516483516483514,0.07326007326007326,546,0.42990654205607476,0.09836065573770492,1.0,0.0,0.6063829787234043,1.0,0.6814814814814815,0.32689655172413795,0.0910344827586207,725,0.5514018691588785,0.13924050632911392,1.0,0.0,0.5473684210526316,1.0,274,0,0,0,88,169,5,8,4,0,0.32116788321167883,0.9671532846715328,0.032846715328467155,0.025547445255474453,0.043795620437956206,0,0,0.63,0.63,100,0.32,0.32,25,22.0,21.375,2.5,-1.0,0.2,0.2,10,24.0,24.0,11.5,-1.0,0.0625,0.0625,16,0.6666666666666666,0.6666666666666666,3,0.013501687232261092,0.9879542419767866,371,104,3,101,126,200,12,24,9,0,0.33962264150943394,0.9433962264150944,0.05660377358490566,0.03234501347708895,0.04851752021563342,5,196,0.64,0.65,100,0.68,0.72,25,12.0,12.235294117647058,-6.0,0.0,0.5,0.5,10,16.0,16.8,5.0,0.0,0.1875,0.1875,16,0.6666666666666666,0.6666666666666666,3,0.01109787752962876,0.9765335548735657,546,141,6,135,183,250,27,73,13,0,0.33516483516483514,0.9267399267399268,0.07326007326007326,0.03296703296703297,0.05311355311355311,5,214,0.64,0.65,100,0.76,0.8,25,10.0,12.526315789473685,-6.0,1.0,0.7,0.7,10,16.0,16.0,3.0,1.0,0.3125,0.3125,16,0.6666666666666666,0.6666666666666666,3,0.012687540966396346,0.9782125158649324,725,191,9,182,237,294,46,128,20,0,0.32689655172413795,0.9089655172413793,0.0910344827586207,0.03586206896551724,0.05931034482758621,5,219,0.64,0.65,100,0.76,0.8,25,10.0,12.526315789473685,-6.0,2.0,0.7,0.7,10,16.0,15.142857142857142,3.0,2.0,0.3125,0.3125,16,0.6666666666666666,0.6666666666666666,3,0.015804443514430323,0.9788067004725003,0.4166666666666667,0.3,6.0,0.5,0.5,0.02608695652173913,0.6,0.049999999999999996,0.7,0.2,,12.666666666666666,300,70,224,0.7466666666666667,3,2,0,2,7,5,2,4,0.0,0,759,404800,9271000,0.043663035271276025,0.23432416995703892,15729200,404800,15324400,0.5894133204485924,0.6049829030826656,1.34266269810466,400000,0.026102163869384774,8784785,10432,0,1380466.2142857143,527087.1,0.43923925,27.804177045822144,588,0,0,0,0,244,0,404800,404800,6904936,274,10,6904936,4494630,371,2,4494630,3924834,546,1,3924834,0,725,1,0,0,244,0,0,0,0.0,0,0,0,0,0,725,2,6,,,,1
compression,20260917T231153-5b07_B7_mycelic_order_capped-o3-c2_s3,20260917T231153-5b07,ok,B7_mycelic,hierarchy,3,tier1,,order_capped-o3-c2,1000,10000,30,10,2,1,c45ec7ed8069c397,0.0,none,5,order_capped,3,2,sim-3b,synthetic,none,3,none,,,25.102,4.139,353.4,2026-09-17T23:29:04Z,,589,97,1,96,239,242,38,57,13,0,0.4057724957555178,0.9134125636672326,0.0865874363327674,0.022071307300509338,0.03395585738539898,6,155,0.63,0.64,100,0.84,0.84,25,14.0,15.428571428571429,-4.0,2.0,0.7,0.7,10,14.0,16.857142857142858,6.0,2.0,0.4,0.45,20,1.0,1.0,2,0.005967876913686083,0.9794958807270494,0.8637586221617545,0.9613868941803496,28.416666666666668,0.45925925925925926,0.3393665158371041,0.04524886877828054,221,0.07462686567164178,0.013333333333333334,1.0,0.0,0.9444444444444444,1.0,0.6444444444444445,0.3860759493670886,0.05063291139240506,316,0.19148936170212766,0.07377049180327869,1.0,0.0,0.7972972972972973,1.0,0.674074074074074,0.3969631236442516,0.06941431670281996,461,0.45714285714285713,0.22404371584699453,1.0,0.0,0.6404494382022472,1.0,0.6814814814814815,0.4057724957555178,0.0865874363327674,589,0.5566037735849056,0.26359832635983266,1.0,0.0,0.5777777777777777,1.0,221,0,0,0,75,134,1,2,9,0,0.3393665158371041,0.9547511312217195,0.04524886877828054,0.04072398190045249,0.04524886877828054,0,0,0.54,0.54,100,0.28,0.28,25,18.0,19.285714285714285,-3.0,-1.0,0.1,0.1,10,28.0,28.0,13.0,-1.0,0.05,0.05,20,0.5,0.5,2,0.028504129280113668,0.9877801473796612,316,85,0,85,122,167,7,11,9,0,0.3860759493670886,0.9493670886075949,0.05063291139240506,0.028481012658227847,0.03481012658227848,6,143,0.56,0.6,100,0.84,0.84,25,18.0,16.571428571428573,-1.0,0.0,0.6,0.6,10,21.0,21.0,12.0,0.0,0.3,0.35,20,0.5,0.5,2,0.008404888916884887,0.9799238762586573,461,75,1,74,183,211,21,35,11,0,0.3969631236442516,0.93058568329718,0.06941431670281996,0.02386117136659436,0.03470715835140998,6,147,0.62,0.63,100,0.84,0.84,25,16.0,15.80952380952381,-1.0,1.0,0.7,0.7,10,14.0,17.142857142857142,6.0,1.0,0.4,0.45,20,1.0,1.0,2,0.005615503409615282,0.9790602477261856,589,97,1,96,239,242,38,57,13,0,0.4057724957555178,0.9134125636672326,0.0865874363327674,0.022071307300509338,0.03395585738539898,6,155,0.63,0.64,100,0.84,0.84,25,14.0,15.428571428571429,-4.0,2.0,0.7,0.7,10,14.0,16.857142857142858,6.0,2.0,0.4,0.45,20,1.0,1.0,2,0.005967876913686083,0.9794958807270494,0.4,0.33,6.133333333333334,0.3923076923076923,0.6076923076923078,0.03428571428571429,0.6,0.06486486486486487,1.0,0.0,,18.333333333333332,245,70,169,0.689795918367347,2,2,0,1,8,8,0,5,0.0,0,779,404800,8941200,0.045273565069565605,9.621768288576074e-06,13066762,404800,12661962,0.6842705178222425,0.7061464881982745,1.5833982958970696,400000,0.03159068081234172,7776841,10432,0,1222075.0142857141,466610.46,0.38884205000000005,23.791855335235596,498,0,0,0,0,177,0,404800,404800,5646842,221,10,5646842,3741316,316,2,3741316,3273804,461,1,3273804,0,589,1,0,0,177,0,0,0,0.0,0,0,0,0,0,589,2,5,,,,
compression,20260917T231153-5b07_B7_mycelic_full_sketch-o3-c4_s4,20260917T231153-5b07,ok,B7_mycelic,hierarchy,4,tier1,,full_sketch-o3-c4,1000,10000,30,10,2,1,43d2c39c01e88b89,0.0,none,5,full_sketch,3,4,sim-3b,synthetic,none,3,none,,,18.475,4.507,399.7,2026-09-17T23:29:06Z,,712,177,10,167,234,280,43,132,23,0,0.32865168539325845,0.9073033707865169,0.09269662921348315,0.04073033707865169,0.06882022471910113,5,205,0.64,0.65,100,0.76,0.8,25,16.0,15.368421052631579,-4.0,2.0,0.7,0.7,10,20.0,18.857142857142858,9.0,2.0,0.4375,0.4375,16,0.6666666666666666,0.6666666666666666,3,0.026823537480796467,0.9855280494858045,0.8424775714258301,0.9818787931839402,33.10909090909091,0.5333333333333333,0.32567049808429116,0.03065134099616858,261,0.05,0.011764705882352941,1.0,0.0,0.9682539682539683,1.0,0.6518518518518519,0.3455056179775281,0.05337078651685393,356,0.19,0.016260162601626018,1.0,0.0,0.9259259259259259,1.0,0.6814814814814815,0.34022556390977443,0.07330827067669173,532,0.4485981308411215,0.11602209944751381,1.0,0.0,0.8421052631578947,1.0,0.6814814814814815,0.32865168539325845,0.09269662921348315,712,0.5607476635514018,0.15384615384615385,1.0,0.0,0.8125,1.0,261,0,0,0,85,161,5,7,3,0,0.32567049808429116,0.9693486590038314,0.03065134099616858,0.022988505747126436,0.0421455938697318,0,0,0.63,0.63,100,0.28,0.28,25,24.0,23.571428571428573,6.0,-1.0,0.2,0.2,10,28.0,28.0,15.5,-1.0,0.0625,0.0625,16,0.6666666666666666,0.6666666666666666,3,0.012519133416588942,0.9895306276694628,356,100,5,95,123,193,12,21,7,0,0.3455056179775281,0.9466292134831461,0.05337078651685393,0.028089887640449437,0.042134831460674156,4,193,0.64,0.65,100,0.68,0.72,25,16.0,14.352941176470589,-4.0,0.0,0.5,0.5,10,20.0,20.0,10.0,0.0,0.3125,0.3125,16,0.6666666666666666,0.6666666666666666,3,0.01601337857871667,0.9867931891055869,532,133,8,125,181,238,26,74,13,0,0.34022556390977443,0.9266917293233082,0.07330827067669173,0.03383458646616541,0.05639097744360902,6,208,0.64,0.65,100,0.76,0.8,25,16.0,15.368421052631579,-4.0,1.0,0.7,0.7,10,20.0,19.428571428571427,9.0,1.0,0.4375,0.4375,16,0.6666666666666666,0.6666666666666666,3,0.020446281178365507,0.9858553273204063,712,177,10,167,234,280,43,132,23,0,0.32865168539325845,0.9073033707865169,0.09269662921348315,0.04073033707865169,0.06882022471910113,5,205,0.64,0.65,100,0.76,0.8,25,16.0,15.368421052631579,-4.0,2.0,0.7,0.7,10,20.0,18.857142857142858,9.0,2.0,0.4375,0.4375,16,0.6666666666666666,0.6666666666666666,3,0.026823537480796467,0.9855280494858045,0.3375,0.375,6.333333333333333,0.3235294117647059,0.6764705882352942,0.026785714285714284,0.6,0.05128205128205128,0.7,0.2,,12.666666666666666,294,70,218,0.7414965986394558,3,2,0,2,7,5,2,4,0.0,0,759,404800,9271000,0.043663035271276025,0.23432416995703892,12550338,404800,12145538,0.7387052045928962,0.7633255933166567,1.617833830264783,400000,0.03293390543918268,6633385,10243,0,1042389.0714285715,398003.10000000003,0.33166925,16.686866521835327,566,0,0,0,0,244,0,404800,404800,5730502,261,10,5730502,3511895,356,2,3511895,2903141,532,1,2903141,0,712,1,0,0,244,0,0,0,0.0,0,0,0,0,0,712,2,6,,,,1
compression,20260917T231153-5b07_B7_mycelic_order_capped-o3-c4_s3,20260917T231153-5b07,ok,B7_mycelic,hierarchy,3,tier1,,order_capped-o3-c4,1000,10000,30,10,2,1,c45ec7ed8069c397,0.0,none,5,order_capped,3,4,sim-3b,synthetic,none,3,none,,,15.621,4.139,338.0,2026-09-17T23:29:20Z,,578,78,3,75,236,225,37,67,13,0,0.4083044982698962,0.9134948096885813,0.08650519031141868,0.02249134948096886,0.0328719723183391,8,149,0.62,0.63,100,0.84,0.84,25,16.0,17.0,-1.0,2.0,0.7,0.7,10,16.0,17.714285714285715,6.0,2.0,0.4,0.4,20,1.0,1.0,2,0.009303860651234949,0.9853012909838418,0.8701143826505383,0.9533198753478436,30.066037735849058,0.45925925925925926,0.35046728971962615,0.04672897196261682,214,0.07462686567164178,0.013333333333333334,1.0,0.0,0.9444444444444444,1.0,0.6444444444444445,0.3967741935483871,0.05161290322580645,310,0.20430107526881722,0.07317073170731707,1.0,0.0,0.9324324324324325,1.0,0.6666666666666666,0.4026548672566372,0.07079646017699115,452,0.4519230769230769,0.2087912087912088,1.0,0.0,0.8314606741573034,1.0,0.674074074074074,0.4083044982698962,0.08650519031141868,578,0.5523809523809524,0.24152542372881355,1.0,0.0,0.7888888888888889,1.0,214,0,0,0,75,127,0,2,10,0,0.35046728971962615,0.9532710280373832,0.04672897196261682,0.04672897196261682,0.0514018691588785,0,0,0.54,0.54,100,0.28,0.28,25,20.0,20.142857142857142,-1.0,-1.0,0.1,0.1,10,28.0,28.0,13.0,-1.0,0.05,0.05,20,0.5,0.5,2,0.03572390149458769,0.9889949295319709,310,75,1,74,123,160,5,11,11,0,0.3967741935483871,0.9483870967741935,0.05161290322580645,0.035483870967741936,0.041935483870967745,6,141,0.56,0.6,100,0.84,0.84,25,20.0,17.38095238095238,1.0,0.0,0.6,0.6,10,22.0,22.0,13.0,0.0,0.25,0.25,20,0.5,0.5,2,0.02138842967130669,0.9859045587035647,452,61,2,59,182,199,20,39,12,0,0.4026548672566372,0.9292035398230089,0.07079646017699115,0.02654867256637168,0.035398230088495575,8,143,0.61,0.62,100,0.84,0.84,25,20.0,17.38095238095238,1.0,1.0,0.7,0.7,10,16.0,17.714285714285715,6.0,1.0,0.4,0.4,20,1.0,1.0,2,0.013741004813313647,0.9852598427165143,578,78,3,75,236,225,37,67,13,0,0.4083044982698962,0.9134948096885813,0.08650519031141868,0.02249134948096886,0.0328719723183391,8,149,0.62,0.63,100,0.84,0.84,25,16.0,17.0,-1.0,2.0,0.7,0.7,10,16.0,17.714285714285715,6.0,2.0,0.4,0.4,20,1.0,1.0,2,0.009303860651234949,0.9853012909838418,0.3933333333333333,0.33666666666666667,6.266666666666667,0.19827586206896552,0.8017241379310345,0.036585365853658534,0.6,0.06896551724137931,1.0,0.0,,20.666666666666668,233,69,158,0.6781115879828327,2,2,0,1,8,8,0,5,0.0,0,779,404800,8941200,0.045273565069565605,9.621768288576074e-06,10233121,404800,9828321,0.873751028645122,0.9097382960935037,1.9657875748119231,400000,0.04069871140757409,5868010,10243,0,922115.8571428572,352080.60000000003,0.2934005,14.261323928833008,460,0,0,0,0,177,0,404800,404800,4548406,214,10,4548406,2848338,310,2,2848338,2431577,452,1,2431577,0,578,1,0,0,177,0,0,0,0.0,0,0,0,0,0,578,2,5,,,,
compression,20260917T231153-5b07_B7_mycelic_order_capped-o1-c1_s4,20260917T231153-5b07,ok,B7_mycelic,hierarchy,4,tier1,,order_capped-o1-c1,1000,10000,30,10,2,1,43d2c39c01e88b89,0.0,none,5,order_capped,1,1,sim-3b,synthetic,none,3,none,,,15.779,4.507,378.1,2026-09-17T23:29:22Z,,407,112,8,104,47,290,0,41,29,0,0.11547911547911548,0.9287469287469288,0.07125307125307126,0.08353808353808354,0.14496314496314497,15,228,0.0,0.0,100,0.0,0.0,25,,,,,0.0,0.0,10,,,,,0.0,0.0,16,0.0,0.0,3,0.06086669302831123,0.9727586877381036,0.9033122794833338,1.0,2.090909090909091,0.0,0.07307692307692308,0.05384615384615385,260,0.7777777777777778,0.05263157894736842,1.0,0.0,,1.0,0.0,0.10197368421052631,0.05592105263157895,304,0.9,0.06451612903225806,1.0,0.0,,1.0,0.0,0.10893854748603352,0.0670391061452514,358,0.8181818181818182,0.07692307692307693,1.0,0.0,,1.0,0.0,0.11547911547911548,0.07125307125307126,407,0.9090909090909091,0.0851063829787234,1.0,0.0,,1.0,260,0,0,0,19,219,0,8,14,0,0.07307692307692308,0.9461538461538461,0.05384615384615385,0.06538461538461539,0.09615384615384616,0,0,0.0,0.0,100,0.0,0.0,25,,,,,0.0,0.0,10,,,,,0.0,0.0,16,0.0,0.0,3,0.05339458741915013,0.9880099720345348,304,78,7,71,31,240,0,16,17,0,0.10197368421052631,0.944078947368421,0.05592105263157895,0.06907894736842106,0.10197368421052631,12,180,0.0,0.0,100,0.0,0.0,25,,,,,0.0,0.0,10,,,,,0.0,0.0,16,0.0,0.0,3,0.041393629416188404,0.9723146820477674,358,92,6,86,39,267,0,28,24,0,0.10893854748603352,0.9329608938547486,0.0670391061452514,0.08100558659217877,0.12849162011173185,15,221,0.0,0.0,100,0.0,0.0,25,,,,,0.0,0.0,10,,,,,0.0,0.0,16,0.0,0.0,3,0.05540421536419749,0.9720865493961837,407,112,8,104,47,290,0,41,29,0,0.11547911547911548,0.9287469287469288,0.07125307125307126,0.08353808353808354,0.14496314496314497,15,228,0.0,0.0,100,0.0,0.0,25,,,,,0.0,0.0,10,,,,,0.0,0.0,16,0.0,0.0,3,0.06086669302831123,0.9727586877381036,0.4875,0.0,,,,0.0,0.0,0.0,0.7,0.0,,,212,0,212,1.0,3,0,0,0,7,7,0,0,0.0,0,759,404800,9271000,0.043663035271276025,0.0,1752960,404800,1348160,5.28876871120847,6.876780204130074,18.54749005705689,400000,0.296700688345597,2193654,10810,0,344717.0571428571,131619.24,0.10968270000000001,14.822669506072998,488,0,0,0,0,244,0,404800,404800,499852,260,10,499852,423430,304,2,423430,424878,358,1,424878,0,407,1,0,0,244,0,0,0,0.0,0,0,0,0,0,407,35,,,,,
compression,20260917T231153-5b07_B7_mycelic_order_capped-o1-c2_s4,20260917T231153-5b07,ok,B7_mycelic,hierarchy,4,tier1,,order_capped-o1-c2,1000,10000,30,10,2,1,43d2c39c01e88b89,0.0,none,5,order_capped,1,2,sim-3b,synthetic,none,3,none,,,8.531,4.507,335.4,2026-09-17T23:29:31Z,,384,101,8,93,45,273,0,39,27,0,0.1171875,0.9296875,0.0703125,0.08333333333333333,0.140625,13,215,0.0,0.0,100,0.0,0.0,25,,,,,0.0,0.0,10,,,,,0.0,0.0,16,0.0,0.0,3,0.06291739096137676,0.9788754982218203,0.8641011696688864,1.0,2.4545454545454546,0.0,0.06827309236947791,0.05220883534136546,249,0.7777777777777778,0.058823529411764705,1.0,0.0,,1.0,0.0,0.10309278350515463,0.048109965635738834,291,0.9,0.06666666666666667,1.0,0.0,,1.0,0.0,0.11242603550295859,0.0621301775147929,338,0.8181818181818182,0.07894736842105263,1.0,0.0,,1.0,0.0,0.1171875,0.0703125,384,0.9090909090909091,0.08888888888888889,1.0,0.0,,1.0,249,0,0,0,17,211,0,8,13,0,0.06827309236947791,0.9477911646586346,0.05220883534136546,0.0642570281124498,0.0963855421686747,0,0,0.0,0.0,100,0.0,0.0,25,,,,,0.0,0.0,10,,,,,0.0,0.0,16,0.0,0.0,3,0.05324036891476535,0.9889833408023154,291,67,6,61,30,231,0,16,14,0,0.10309278350515463,0.9518900343642611,0.048109965635738834,0.061855670103092786,0.09278350515463918,11,174,0.0,0.0,100,0.0,0.0,25,,,,,0.0,0.0,10,,,,,0.0,0.0,16,0.0,0.0,3,0.03969548300037326,0.9778398128972805,338,83,6,77,38,252,0,27,21,0,0.11242603550295859,0.9378698224852071,0.0621301775147929,0.07692307692307693,0.12130177514792899,13,212,0.0,0.0,100,0.0,0.0,25,,,,,0.0,0.0,10,,,,,0.0,0.0,16,0.0,0.0,3,0.05507776024888614,0.9780564743860595,384,101,8,93,45,273,0,39,27,0,0.1171875,0.9296875,0.0703125,0.08333333333333333,0.140625,13,215,0.0,0.0,100,0.0,0.0,25,,,,,0.0,0.0,10,,,,,0.0,0.0,16,0.0,0.0,3,0.06291739096137676,0.9788754982218203,0.4875,0.0,,,,0.0,0.0,0.0,0.7,0.0,,,201,0,201,1.0,3,0,0,0,7,7,0,0,0.0,0,759,404800,9271000,0.043663035271276025,0.0,1618506,404800,1213706,5.728122107672137,7.638587928213258,21.0072418449937,400000,0.32956910487383273,2133532,10432,0,335269.3142857143,128011.92000000001,0.10667660000000001,7.7501630783081055,460,0,0,0,0,244,0,404800,404800,441324,249,10,441324,383428,291,2,383428,388954,338,1,388954,0,384,1,0,0,244,0,0,0,0.0,0,0,0,0,0,384,35,,,,,
compression,20260917T231153-5b07_B7_mycelic_order2_plus_significant-o1-c1_s3,20260917T231153-5b07,ok,B7_mycelic,hierarchy,3,tier1,,order2_plus_significant-o1-c1,1000,10000,30,10,2,1,c45ec7ed8069c397,0.0,none,5,order2_plus_significant,1,1,sim-3b,synthetic,none,3,none,,,13.052,4.139,310.8,2026-09-17T23:29:33Z,,358,56,2,54,33,279,0,18,28,0,0.09217877094972067,0.9217877094972067,0.0782122905027933,0.0893854748603352,0.12011173184357542,14,167,0.0,0.0,100,0.0,0.0,25,,,,,0.0,0.0,10,,,,,0.0,0.0,20,0.0,0.0,2,0.06530552051944882,0.9710526461784462,0.6649364435580163,0.9980506822612085,21.666666666666668,0.0,0.06306306306306306,0.06756756756756757,222,0.42857142857142855,0.0,1.0,0.0,,1.0,0.0,0.08076923076923077,0.07307692307692308,260,0.7142857142857143,0.0,1.0,0.0,,1.0,0.0,0.08544303797468354,0.0759493670886076,316,0.625,0.037037037037037035,1.0,0.0,,1.0,0.0,0.09217877094972067,0.0782122905027933,358,0.75,0.06060606060606061,1.0,0.0,,1.0,222,0,0,0,14,189,0,4,15,0,0.06306306306306306,0.9324324324324325,0.06756756756756757,0.08108108108108109,0.1036036036036036,0,0,0.0,0.0,100,0.0,0.0,25,,,,,0.0,0.0,10,,,,,0.0,0.0,20,0.0,0.0,2,0.06595601200780883,0.9848749309267278,260,58,2,56,21,212,0,8,19,0,0.08076923076923077,0.926923076923077,0.07307692307692308,0.08846153846153847,0.11538461538461539,12,149,0.0,0.0,100,0.0,0.0,25,,,,,0.0,0.0,10,,,,,0.0,0.0,20,0.0,0.0,2,0.059100839147672696,0.968071140086717,316,50,1,49,27,252,0,13,24,0,0.08544303797468354,0.9240506329113924,0.0759493670886076,0.08860759493670886,0.11708860759493671,14,154,0.0,0.0,100,0.0,0.0,25,,,,,0.0,0.0,10,,,,,0.0,0.0,20,0.0,0.0,2,0.06319273576978751,0.9690708085100442,358,56,2,54,33,279,0,18,28,0,0.09217877094972067,0.9217877094972067,0.0782122905027933,0.0893854748603352,0.12011173184357542,14,167,0.0,0.0,100,0.0,0.0,25,,,,,0.0,0.0,10,,,,,0.0,0.0,20,0.0,0.0,2,0.06530552051944882,0.9710526461784462,0.48,0.0,,,,0.0,0.0,0.0,0.8,0.0,,,170,0,170,1.0,2,0,0,0,8,8,0,0,0.0,0,779,404800,8941200,0.045273565069565605,0.0,1535994,404800,1131194,5.821116488736284,7.904214484871737,19.55420643321407,400000,0.35360866482672293,2140084,10810,0,336298.9142857143,128405.04,0.1070042,12.38249659538269,418,0,0,0,0,177,0,404800,404800,457252,222,10,457252,347162,260,2,347162,326780,316,1,326780,0,358,1,0,0,177,0,0,0,0.0,0,0,0,0,0,358,35,,,,,
compression,20260917T231153-5b07_B7_mycelic_order_capped-o1-c4_s4,20260917T231153-5b07,ok,B7_mycelic,hierarchy,4,tier1,,order_capped-o1-c4,1000,10000,30,10,2,1,43d2c39c01e88b89,0.0,none,5,order_capped,1,4,sim-3b,synthetic,none,3,none,,,5.072,4.507,335.4,2026-09-17T23:29:36Z,,358,71,3,68,44,265,0,29,20,0,0.12290502793296089,0.9441340782122905,0.055865921787709494,0.0670391061452514,0.12011173184357542,10,203,0.0,0.0,100,0.0,0.0,25,,,,,0.0,0.0,10,,,,,0.0,0.0,16,0.0,0.0,3,0.053677726433934106,0.9866386202886827,0.7447886788843474,1.0,2.6,0.0,0.07024793388429752,0.04132231404958678,242,0.875,0.0,1.0,0.0,,1.0,0.0,0.09859154929577464,0.03873239436619718,284,0.8888888888888888,0.0,1.0,0.0,,1.0,0.0,0.11214953271028037,0.04984423676012461,321,0.8888888888888888,0.027777777777777776,1.0,0.0,,1.0,0.0,0.12290502793296089,0.055865921787709494,358,0.8888888888888888,0.045454545454545456,1.0,0.0,,1.0,242,0,0,0,17,210,0,5,10,0,0.07024793388429752,0.9586776859504132,0.04132231404958678,0.049586776859504134,0.08677685950413223,0,0,0.0,0.0,100,0.0,0.0,25,,,,,0.0,0.0,10,,,,,0.0,0.0,16,0.0,0.0,3,0.04039268978478394,0.9908059129252799,284,48,5,43,28,231,0,14,11,0,0.09859154929577464,0.9612676056338029,0.03873239436619718,0.04929577464788732,0.09154929577464789,8,169,0.0,0.0,100,0.0,0.0,25,,,,,0.0,0.0,10,,,,,0.0,0.0,16,0.0,0.0,3,0.03640246423642557,0.9871066895885384,321,59,3,56,36,248,0,21,16,0,0.11214953271028037,0.9501557632398754,0.04984423676012461,0.06230529595015576,0.10903426791277258,10,202,0.0,0.0,100,0.0,0.0,25,,,,,0.0,0.0,10,,,,,0.0,0.0,16,0.0,0.0,3,0.048873604922701736,0.9865683089725462,358,71,3,68,44,265,0,29,20,0,0.12290502793296089,0.9441340782122905,0.055865921787709494,0.0670391061452514,0.12011173184357542,10,203,0.0,0.0,100,0.0,0.0,25,,,,,0.0,0.0,10,,,,,0.0,0.0,16,0.0,0.0,3,0.053677726433934106,0.9866386202886827,0.4875,0.0,,,,0.0,0.0,0.0,0.7,0.0,,,187,0,187,1.0,3,0,0,0,7,7,0,0,0.0,0,759,404800,9271000,0.043663035271276025,0.0,1745083,404800,1340283,5.3126412898412285,6.917195845951937,19.312169312169313,400000,0.2984444330040745,2151921,10243,0,338159.01428571425,129115.26,0.10759605,4.361309766769409,405,0,0,0,0,244,0,404800,404800,480060,242,10,480060,434224,284,2,434224,425999,321,1,425999,0,358,1,0,0,244,0,0,0,0.0,0,0,0,0,0,358,35,,,,,
compression,20260917T231153-5b07_B7_mycelic_order2_plus_significant-o1-c2_s3,20260917T231153-5b07,ok,B7_mycelic,hierarchy,3,tier1,,order2_plus_significant-o1-c2,1000,10000,30,10,2,1,c45ec7ed8069c397,0.0,none,5,order2_plus_significant,1,2,sim-3b,synthetic,none,3,none,,,7.084,4.139,310.8,2026-09-17T23:29:40Z,,332,52,0,52,30,263,0,13,26,0,0.09036144578313253,0.9216867469879518,0.0783132530120482,0.09036144578313253,0.1144578313253012,15,162,0.0,0.0,100,0.0,0.0,25,,,,,0.0,0.0,10,,,,,0.0,0.0,20,0.0,0.0,2,0.06979636862384998,0.9757726718217054,0.6654513235909686,0.9981481481481482,22.0,0.0,0.059907834101382486,0.06451612903225806,217,0.42857142857142855,0.0,1.0,0.0,,1.0,0.0,0.07142857142857142,0.07539682539682539,252,0.5714285714285714,0.0,1.0,0.0,,1.0,0.0,0.08,0.07666666666666666,300,0.625,0.041666666666666664,1.0,0.0,,1.0,0.0,0.09036144578313253,0.0783132530120482,332,0.75,0.06666666666666667,1.0,0.0,,1.0,217,0,0,0,13,187,0,3,14,0,0.059907834101382486,0.9354838709677419,0.06451612903225806,0.07834101382488479,0.0967741935483871,0,0,0.0,0.0,100,0.0,0.0,25,,,,,0.0,0.0,10,,,,,0.0,0.0,20,0.0,0.0,2,0.0653752709817193,0.9870342571568345,252,56,1,55,18,208,0,7,19,0,0.07142857142857142,0.9246031746031746,0.07539682539682539,0.09126984126984126,0.11507936507936507,12,145,0.0,0.0,100,0.0,0.0,25,,,,,0.0,0.0,10,,,,,0.0,0.0,20,0.0,0.0,2,0.06589336904094999,0.9746235277711088,300,46,0,46,24,243,0,10,23,0,0.08,0.9233333333333333,0.07666666666666666,0.09,0.11333333333333333,15,157,0.0,0.0,100,0.0,0.0,25,,,,,0.0,0.0,10,,,,,0.0,0.0,20,0.0,0.0,2,0.06859359826193283,0.9745407071342258,332,52,0,52,30,263,0,13,26,0,0.09036144578313253,0.9216867469879518,0.0783132530120482,0.09036144578313253,0.1144578313253012,15,162,0.0,0.0,100,0.0,0.0,25,,,,,0.0,0.0,10,,,,,0.0,0.0,20,0.0,0.0,2,0.06979636862384998,0.9757726718217054,0.48,0.0,,,,0.0,0.0,0.0,0.8,0.0,,,165,0,165,1.0,2,0,0,0,8,8,0,0,0.0,0,779,404800,8941200,0.045273565069565605,0.0,1443669,404800,1038869,6.193386434147993,8.606667443152121,22.15800951625694,400000,0.38503410920914954,2090190,10432,0,328458.4285714286,125411.40000000001,0.1045095,6.457055330276489,391,0,0,0,0,177,0,404800,404800,403520,217,10,403520,323224,252,2,323224,312125,300,1,312125,0,332,1,0,0,177,0,0,0,0.0,0,0,0,0,0,332,35,,,,,
compression,20260917T231153-5b07_B7_mycelic_order2_plus_significant-o1-c4_s3,20260917T231153-5b07,ok,B7_mycelic,hierarchy,3,tier1,,order2_plus_significant-o1-c4,1000,10000,30,10,2,1,c45ec7ed8069c397,0.0,none,5,order2_plus_significant,1,4,sim-3b,synthetic,none,3,none,,,4.304,4.139,310.8,2026-09-17T23:29:45Z,,305,34,1,33,31,239,0,17,18,0,0.10163934426229508,0.940983606557377,0.05901639344262295,0.06885245901639345,0.10819672131147541,15,147,0.0,0.0,100,0.0,0.0,25,,,,,0.0,0.0,10,,,,,0.0,0.0,20,0.0,0.0,2,0.054361472706473124,0.9827631172059816,0.6119815937182449,0.9947916666666666,29.0,0.0,0.061611374407582936,0.05687203791469194,211,0.42857142857142855,0.0,1.0,0.0,,1.0,0.0,0.07755102040816327,0.06938775510204082,245,0.5,0.0,1.0,0.0,,1.0,0.0,0.08865248226950355,0.06382978723404255,282,0.6666666666666666,0.0,1.0,0.0,,1.0,0.0,0.10163934426229508,0.05901639344262295,305,0.7777777777777778,0.0,1.0,0.0,,1.0,211,0,0,0,13,183,0,3,12,0,0.061611374407582936,0.943127962085308,0.05687203791469194,0.07109004739336493,0.0947867298578199,0,0,0.0,0.0,100,0.0,0.0,25,,,,,0.0,0.0,10,,,,,0.0,0.0,20,0.0,0.0,2,0.059134971376604735,0.9880449239832396,245,44,2,42,19,202,0,7,17,0,0.07755102040816327,0.9306122448979591,0.06938775510204082,0.08163265306122448,0.11428571428571428,12,142,0.0,0.0,100,0.0,0.0,25,,,,,0.0,0.0,10,,,,,0.0,0.0,20,0.0,0.0,2,0.06470204361379758,0.983069390552573,282,32,1,31,25,227,0,12,18,0,0.08865248226950355,0.9361702127659575,0.06382978723404255,0.07446808510638298,0.1099290780141844,15,144,0.0,0.0,100,0.0,0.0,25,,,,,0.0,0.0,10,,,,,0.0,0.0,20,0.0,0.0,2,0.05983800531667484,0.9824000676299731,305,34,1,33,31,239,0,17,18,0,0.10163934426229508,0.940983606557377,0.05901639344262295,0.06885245901639345,0.10819672131147541,15,147,0.0,0.0,100,0.0,0.0,25,,,,,0.0,0.0,10,,,,,0.0,0.0,20,0.0,0.0,2,0.054361472706473124,0.9827631172059816,0.48,0.0,,,,0.0,0.0,0.0,0.8,0.0,,,161,0,161,1.0,2,0,0,0,8,8,0,0,0.0,0,779,404800,8941200,0.045273565069565605,0.0,1445888,404800,1041088,6.183881462464589,8.58832298518473,22.871847868906137,400000,0.3842134382492162,2077313,10243,0,326434.9,124638.78,0.10386565,3.7270760536193848,357,0,0,0,0,177,0,404800,404800,390926,211,10,390926,328637,245,2,328637,321525,282,1,321525,0,305,1,0,0,177,0,0,0,0.0,0,0,0,0,0,305,35,,,,,
compression,20260917T231153-5b07_B7_mycelic_order_capped-o2-c1_s4,20260917T231153-5b07,ok,B7_mycelic,hierarchy,4,tier1,,order_capped-o2-c1,1000,10000,30,10,2,1,43d2c39c01e88b89,0.0,none,5,order_capped,2,1,sim-3b,synthetic,none,3,none,,,28.728,4.507,335.9,2026-09-17T23:30:05Z,,757,223,18,205,201,339,9,169,39,0,0.2655217965653897,0.9365918097754293,0.06340819022457067,0.05548216644649934,0.08718626155878467,11,266,0.62,0.63,100,0.48,0.48,25,7.5,10.25,-7.0,2.0,0.0,0.0,10,,,,,0.375,0.375,16,0.3333333333333333,0.3333333333333333,3,0.031474378589517044,0.9759922121430179,0.7999778844324241,0.968848565264352,32.34782608695652,0.5259259259259259,0.2903225806451613,0.03225806451612903,310,0.1,0.022222222222222223,1.0,0.0,1.0,1.0,0.5555555555555556,0.29064039408866993,0.05172413793103448,406,0.21348314606741572,0.025423728813559324,1.0,0.0,0.6351351351351351,1.0,0.5555555555555556,0.2714535901926445,0.05779334500875657,571,0.38461538461538464,0.12258064516129032,1.0,0.0,0.5189873417721519,1.0,0.5555555555555556,0.2655217965653897,0.06340819022457067,757,0.5494505494505495,0.208955223880597,1.0,0.0,0.5063291139240507,1.0,310,0,0,0,90,200,1,10,9,0,0.2903225806451613,0.967741935483871,0.03225806451612903,0.035483870967741936,0.054838709677419356,0,0,0.62,0.62,100,0.36,0.36,25,17.0,17.88888888888889,0.0,-1.0,0.0,0.0,10,,,,,0.1875,0.1875,16,0.3333333333333333,0.3333333333333333,3,0.023376139270734096,0.9878922683029921,406,144,7,137,118,237,2,30,19,0,0.29064039408866993,0.9482758620689655,0.05172413793103448,0.05172413793103448,0.07142857142857142,7,223,0.62,0.63,100,0.48,0.48,25,8.0,10.5,-7.0,0.0,0.0,0.0,10,,,,,0.3125,0.3125,16,0.3333333333333333,0.3333333333333333,3,0.022780265810278144,0.9710561278792438,571,171,12,159,155,286,5,97,28,0,0.2714535901926445,0.9422066549912435,0.05779334500875657,0.0542907180385289,0.08231173380035026,11,257,0.62,0.63,100,0.48,0.48,25,8.0,10.5,-7.0,1.0,0.0,0.0,10,,,,,0.375,0.375,16,0.3333333333333333,0.3333333333333333,3,0.02798203310971978,0.9736913150711909,757,223,18,205,201,339,9,169,39,0,0.2655217965653897,0.9365918097754293,0.06340819022457067,0.05548216644649934,0.08718626155878467,11,266,0.62,0.63,100,0.48,0.48,25,7.5,10.25,-7.0,2.0,0.0,0.0,10,,,,,0.375,0.375,16,0.3333333333333333,0.3333333333333333,3,0.031474378589517044,0.9759922121430179,0.43333333333333335,0.29583333333333334,5.916666666666667,0.5520833333333334,0.44791666666666663,0.013333333333333334,0.4,0.02580645161290323,0.6,0.2,,12.0,369,69,296,0.8021680216802168,3,1,0,1,7,5,2,3,0.0,0,759,404800,9271000,0.043663035271276025,7.655209369976269e-05,5614840,404800,5210040,1.6511601399149396,1.779448910181112,4.080409282083874,400000,0.07677484241963593,3938379,10810,0,618888.1285714285,236302.74,0.19691895,26.882728099822998,734,0,0,0,0,244,0,404800,404800,2272076,310,10,2272076,1529998,406,2,1529998,1407966,571,1,1407966,0,757,1,0,0,244,0,0,0,0.0,0,0,0,0,0,757,23,,,,,
compression,20260917T231153-5b07_B7_mycelic_order2_plus_significant-o2-c1_s3,20260917T231153-5b07,ok,B7_mycelic,hierarchy,3,tier1,,order2_plus_significant-o2-c1,1000,10000,30,10,2,1,c45ec7ed8069c397,0.0,none,5,order2_plus_significant,2,1,sim-3b,synthetic,none,3,none,,,24.63,4.139,311.2,2026-09-17T23:30:09Z,,592,122,3,119,207,269,9,84,23,0,0.34966216216216217,0.9459459459459459,0.05405405405405406,0.03885135135135135,0.06587837837837837,12,197,0.64,0.64,100,0.6,0.6,25,10.0,10.666666666666666,-7.0,2.0,0.0,0.0,10,,,,,0.35,0.45,20,1.0,1.0,2,0.011975518050716717,0.9710260513081352,0.7981903622463238,0.9438282401952018,32.28865979381443,0.5037037037037037,0.3233082706766917,0.05639097744360902,266,0.08,0.0,1.0,0.0,0.95,1.0,0.5777777777777777,0.34285714285714286,0.045714285714285714,350,0.21348314606741572,0.058333333333333334,1.0,0.0,0.64,1.0,0.5777777777777777,0.34575569358178054,0.051759834368530024,483,0.45161290322580644,0.19161676646706588,1.0,0.0,0.4819277108433735,1.0,0.5851851851851851,0.34966216216216217,0.05405405405405406,592,0.48936170212765956,0.2318840579710145,1.0,0.0,0.4457831325301205,1.0,266,0,0,0,86,159,1,6,14,0,0.3233082706766917,0.943609022556391,0.05639097744360902,0.05263157894736842,0.06390977443609022,0,0,0.6,0.6,100,0.32,0.32,25,23.5,20.5,5.5,-1.0,0.0,0.0,10,,,,,0.1,0.1,20,0.5,0.5,2,0.037216948294240285,0.9845853693468718,350,102,3,99,120,193,2,21,14,0,0.34285714285714286,0.9542857142857143,0.045714285714285714,0.04,0.054285714285714284,9,168,0.62,0.63,100,0.6,0.6,25,12.0,12.066666666666666,-7.0,0.0,0.0,0.0,10,,,,,0.25,0.3,20,1.0,1.0,2,0.010045895986805017,0.970045895986805,483,95,2,93,167,238,6,53,19,0,0.34575569358178054,0.94824016563147,0.051759834368530024,0.039337474120082816,0.062111801242236024,12,182,0.63,0.63,100,0.6,0.6,25,10.0,10.8,-7.0,1.0,0.0,0.0,10,,,,,0.35,0.45,20,1.0,1.0,2,0.011627307677818903,0.9699906252002987,592,122,3,119,207,269,9,84,23,0,0.34966216216216217,0.9459459459459459,0.05405405405405406,0.03885135135135135,0.06587837837837837,12,197,0.64,0.64,100,0.6,0.6,25,10.0,10.666666666666666,-7.0,2.0,0.0,0.0,10,,,,,0.35,0.45,20,1.0,1.0,2,0.011975518050716717,0.9710260513081352,0.4266666666666667,0.34,6.0,0.3925925925925926,0.6074074074074074,0.0365296803652968,0.8,0.06986899563318777,1.0,0.0,,17.125,289,70,211,0.7301038062283737,2,2,0,2,8,8,0,6,0.0,0,779,404800,8941200,0.045273565069565605,0.0,5463050,404800,5058250,1.636668161558104,1.7676469134582118,3.8943153240341086,400000,0.07907873276330747,3932719,10810,0,617998.7000000001,235963.14,0.19663595,23.189617156982422,606,0,0,0,0,177,0,404800,404800,2295962,266,10,2295962,1475284,350,2,1475284,1287004,483,1,1287004,0,592,1,0,0,177,0,0,0,0.0,0,0,0,0,0,592,19,1,,,,
compression,20260917T231153-5b07_B7_mycelic_order_capped-o2-c2_s4,20260917T231153-5b07,ok,B7_mycelic,hierarchy,4,tier1,,order_capped-o2-c2,1000,10000,30,10,2,1,43d2c39c01e88b89,0.0,none,5,order_capped,2,2,sim-3b,synthetic,none,3,none,,,16.333,4.507,335.9,2026-09-17T23:30:21Z,,718,202,13,189,200,333,9,146,30,0,0.2785515320334262,0.9456824512534819,0.054317548746518104,0.04596100278551532,0.07381615598885793,8,250,0.62,0.63,100,0.48,0.48,25,8.0,11.166666666666666,-6.0,2.0,0.0,0.0,10,,,,,0.375,0.375,16,0.3333333333333333,0.3333333333333333,3,0.02726561401012988,0.9813046112246144,0.8106380791461901,0.9777219624853721,33.29347826086956,0.5259259259259259,0.297029702970297,0.019801980198019802,303,0.1,0.022222222222222223,1.0,0.0,1.0,1.0,0.5555555555555556,0.29949238578680204,0.03807106598984772,394,0.21348314606741572,0.025423728813559324,1.0,0.0,0.6891891891891891,1.0,0.5555555555555556,0.28440366972477066,0.045871559633027525,545,0.38461538461538464,0.12258064516129032,1.0,0.0,0.5822784810126582,1.0,0.5555555555555556,0.2785515320334262,0.054317548746518104,718,0.5494505494505495,0.21,1.0,0.0,0.5822784810126582,1.0,303,0,0,0,90,200,1,7,5,0,0.297029702970297,0.9801980198019802,0.019801980198019802,0.0231023102310231,0.039603960396039604,0,0,0.62,0.62,100,0.36,0.36,25,18.0,18.444444444444443,1.0,-1.0,0.0,0.0,10,,,,,0.1875,0.1875,16,0.3333333333333333,0.3333333333333333,3,0.012813750545107973,0.9897114403140848,394,127,5,122,118,237,2,24,13,0,0.29949238578680204,0.9619289340101523,0.03807106598984772,0.03807106598984772,0.05583756345177665,5,217,0.62,0.63,100,0.48,0.48,25,8.0,11.166666666666666,-6.0,0.0,0.0,0.0,10,,,,,0.3125,0.3125,16,0.3333333333333333,0.3333333333333333,3,0.016681400190223634,0.978610334200376,545,154,9,145,155,283,5,82,20,0,0.28440366972477066,0.9541284403669725,0.045871559633027525,0.04220183486238532,0.06605504587155964,8,244,0.62,0.63,100,0.48,0.48,25,8.0,11.166666666666666,-6.0,1.0,0.0,0.0,10,,,,,0.375,0.375,16,0.3333333333333333,0.3333333333333333,3,0.022219642004305158,0.9800178071419198,718,202,13,189,200,333,9,146,30,0,0.2785515320334262,0.9456824512534819,0.054317548746518104,0.04596100278551532,0.07381615598885793,8,250,0.62,0.63,100,0.48,0.48,25,8.0,11.166666666666666,-6.0,2.0,0.0,0.0,10,,,,,0.375,0.375,16,0.3333333333333333,0.3333333333333333,3,0.02726561401012988,0.9813046112246144,0.4166666666666667,0.2916666666666667,6.363636363636363,0.5340909090909091,0.46590909090909094,0.0149812734082397,0.4,0.02888086642599278,0.6,0.2,,12.5,335,68,263,0.7850746268656716,3,1,0,1,7,5,2,3,0.0,0,759,404800,9271000,0.043663035271276025,7.655209369976269e-05,4400674,404800,3995874,2.1067227429252884,2.3201432277394134,5.120696207006257,400000,0.10010325650908912,3245844,10432,0,510061.2,194750.64,0.1622922,14.488471508026123,672,0,0,0,0,244,0,404800,404800,1810496,303,10,1810496,1146196,394,2,1146196,1039182,545,1,1039182,0,718,1,0,0,244,0,0,0,0.0,0,0,0,0,0,718,23,,,,,
compression,20260917T231153-5b07_B7_mycelic_order2_plus_significant-o2-c2_s3,20260917T231153-5b07,ok,B7_mycelic,hierarchy,3,tier1,,order2_plus_significant-o2-c2,1000,10000,30,10,2,1,c45ec7ed8069c397,0.0,none,5,order2_plus_significant,2,2,sim-3b,synthetic,none,3,none,,,13.731,4.139,311.2,2026-09-17T23:30:23Z,,581,105,0,105,214,261,9,75,22,0,0.3683304647160069,0.9466437177280551,0.05335628227194492,0.0378657487091222,0.05679862306368331,12,192,0.64,0.64,100,0.6,0.6,25,12.0,11.866666666666667,-7.0,2.0,0.0,0.0,10,,,,,0.45,0.45,20,1.0,1.0,2,0.017760880493456067,0.9777574848479118,0.8179201126088347,0.9437619960075179,32.8041237113402,0.4962962962962963,0.3281853281853282,0.05405405405405406,259,0.08108108108108109,0.011764705882352941,1.0,0.0,0.95,1.0,0.5777777777777777,0.3538011695906433,0.043859649122807015,342,0.1978021978021978,0.08264462809917356,1.0,0.0,0.6933333333333334,1.0,0.5777777777777777,0.36075949367088606,0.05063291139240506,474,0.47368421052631576,0.2222222222222222,1.0,0.0,0.5476190476190477,1.0,0.5851851851851851,0.3683304647160069,0.05335628227194492,581,0.5104166666666666,0.26635514018691586,1.0,0.0,0.5357142857142857,1.0,259,0,0,0,85,157,1,3,13,0,0.3281853281853282,0.9459459459459459,0.05405405405405406,0.05019305019305019,0.05791505791505792,0,0,0.6,0.6,100,0.28,0.28,25,22.0,20.428571428571427,5.0,-1.0,0.0,0.0,10,,,,,0.1,0.1,20,0.5,0.5,2,0.03769896270122239,0.9875059125081723,342,92,1,91,121,190,2,16,13,0,0.3538011695906433,0.956140350877193,0.043859649122807015,0.038011695906432746,0.049707602339181284,8,164,0.62,0.63,100,0.6,0.6,25,12.0,12.933333333333334,-7.0,0.0,0.0,0.0,10,,,,,0.35,0.35,20,1.0,1.0,2,0.0158140881237385,0.9778023922173057,474,81,0,81,171,233,6,46,18,0,0.36075949367088606,0.9493670886075949,0.05063291139240506,0.0379746835443038,0.05485232067510549,12,182,0.63,0.63,100,0.6,0.6,25,12.0,12.0,-7.0,1.0,0.0,0.0,10,,,,,0.45,0.45,20,1.0,1.0,2,0.01743039871768015,0.9768355192449774,581,105,0,105,214,261,9,75,22,0,0.3683304647160069,0.9466437177280551,0.05335628227194492,0.0378657487091222,0.05679862306368331,12,192,0.64,0.64,100,0.6,0.6,25,12.0,11.866666666666667,-7.0,2.0,0.0,0.0,10,,,,,0.45,0.45,20,1.0,1.0,2,0.017760880493456067,0.9777574848479118,0.38666666666666666,0.37666666666666665,6.1875,0.3402777777777778,0.6597222222222222,0.0392156862745098,0.8,0.07476635514018691,1.0,0.0,,17.75,274,70,196,0.7153284671532847,2,2,0,2,8,8,0,6,0.0,0,779,404800,8941200,0.045273565069565605,0.0,4286456,404800,3881656,2.0859189969522607,2.303449867788387,4.904522745374241,400000,0.10304880185158087,3234747,10432,0,508317.38571428566,194084.81999999998,0.16173735,12.438375234603882,563,0,0,0,0,177,0,404800,404800,1823052,259,10,1823052,1106254,342,2,1106254,952350,474,1,952350,0,581,1,0,0,177,0,0,0,0.0,0,0,0,0,0,581,19,1,,,,
compression,20260917T231153-5b07_B7_mycelic_order_capped-o2-c4_s4,20260917T231153-5b07,ok,B7_mycelic,hierarchy,4,tier1,,order_capped-o2-c4,1000,10000,30,10,2,1,43d2c39c01e88b89,0.0,none,5,order_capped,2,4,sim-3b,synthetic,none,3,none,,,10.214,4.507,335.9,2026-09-17T23:30:31Z,,727,168,8,160,206,318,10,161,32,0,0.2833562585969739,0.9422283356258597,0.0577716643741403,0.048143053645116916,0.07977991746905089,9,234,0.63,0.64,100,0.48,0.48,25,8.0,12.0,-4.0,2.0,0.0,0.0,10,,,,,0.4375,0.4375,16,0.3333333333333333,0.3333333333333333,3,0.03470294123129686,0.9865598875861799,0.8291007009445127,0.9719802930132627,33.01075268817204,0.5185185185185185,0.30067567567567566,0.016891891891891893,296,0.10256410256410256,0.011235955056179775,1.0,0.0,1.0,1.0,0.562962962962963,0.30256410256410254,0.038461538461538464,390,0.2,0.025423728813559324,1.0,0.0,0.9863013698630136,1.0,0.562962962962963,0.28884826325411334,0.04753199268738574,547,0.4175824175824176,0.13924050632911392,1.0,0.0,0.9113924050632911,1.0,0.562962962962963,0.2833562585969739,0.0577716643741403,727,0.5824175824175825,0.23300970873786409,1.0,0.0,0.8987341772151899,1.0,296,0,0,0,89,194,1,8,4,0,0.30067567567567566,0.9831081081081081,0.016891891891891893,0.02027027027027027,0.037162162162162164,0,0,0.61,0.61,100,0.36,0.36,25,20.0,20.444444444444443,3.0,-1.0,0.0,0.0,10,,,,,0.125,0.125,16,0.3333333333333333,0.3333333333333333,3,0.010610944939028834,0.9903406746687583,390,115,5,110,118,232,2,25,13,0,0.30256410256410254,0.9615384615384616,0.038461538461538464,0.038461538461538464,0.05384615384615385,4,215,0.63,0.64,100,0.48,0.48,25,8.0,12.0,-4.0,0.0,0.0,0.0,10,,,,,0.375,0.375,16,0.3333333333333333,0.3333333333333333,3,0.02437394796593737,0.9859124095043991,547,134,7,127,158,273,5,90,21,0,0.28884826325411334,0.9524680073126143,0.04753199268738574,0.043875685557586835,0.06946983546617916,9,238,0.63,0.64,100,0.48,0.48,25,8.0,12.0,-4.0,1.0,0.0,0.0,10,,,,,0.4375,0.4375,16,0.3333333333333333,0.3333333333333333,3,0.030007892943654482,0.9861322073860675,727,168,8,160,206,318,10,161,32,0,0.2833562585969739,0.9422283356258597,0.0577716643741403,0.048143053645116916,0.07977991746905089,9,234,0.63,0.64,100,0.48,0.48,25,8.0,12.0,-4.0,2.0,0.0,0.0,10,,,,,0.4375,0.4375,16,0.3333333333333333,0.3333333333333333,3,0.03470294123129686,0.9865598875861799,0.3958333333333333,0.325,6.5,0.3068181818181818,0.6931818181818181,0.015873015873015872,0.4,0.030534351145038167,0.6,0.2,,13.0,320,68,248,0.775,3,1,0,1,7,5,2,3,0.0,0,759,404800,9271000,0.043663035271276025,7.655209369976269e-05,3608128,404800,3203328,2.569476470901254,2.894177555342444,6.160141076599437,400000,0.12487013505953808,2852988,10243,0,448326.6857142857,171179.28,0.1426494,8.625635147094727,630,0,0,0,0,244,0,404800,404800,1504998,296,10,1504998,963671,390,2,963671,734659,547,1,734659,0,727,1,0,0,244,0,0,0,0.0,0,0,0,0,0,727,23,,,,,
compression,20260917T231153-5b07_B7_mycelic_order2_plus_significant-o2-c4_s3,20260917T231153-5b07,ok,B7_mycelic,hierarchy,3,tier1,,order2_plus_significant-o2-c4,1000,10000,30,10,2,1,c45ec7ed8069c397,0.0,none,5,order2_plus_significant,2,4,sim-3b,synthetic,none,3,none,,,8.75,4.139,311.2,2026-09-17T23:30:32Z,,557,93,3,90,208,239,9,82,19,0,0.3734290843806104,0.9497307001795332,0.05026929982046679,0.03411131059245961,0.05206463195691203,13,179,0.64,0.64,100,0.6,0.6,25,12.0,13.333333333333334,-5.0,2.0,0.0,0.0,10,,,,,0.35,0.35,20,1.0,1.0,2,0.02174431440821563,0.9860648076438473,0.8447742544347192,0.9496659161849412,35.52127659574468,0.5037037037037037,0.3387096774193548,0.056451612903225805,248,0.08108108108108109,0.011904761904761904,1.0,0.0,0.95,1.0,0.5777777777777777,0.3611940298507463,0.050746268656716415,335,0.2247191011235955,0.08264462809917356,1.0,0.0,0.9466666666666667,1.0,0.5777777777777777,0.3676148796498906,0.05032822757111598,457,0.4891304347826087,0.20238095238095238,1.0,0.0,0.8795180722891566,1.0,0.5851851851851851,0.3734290843806104,0.05026929982046679,557,0.5161290322580645,0.23557692307692307,1.0,0.0,0.8795180722891566,1.0,248,0,0,0,84,147,1,3,13,0,0.3387096774193548,0.9435483870967742,0.056451612903225805,0.05241935483870968,0.06048387096774194,0,0,0.6,0.6,100,0.32,0.32,25,22.0,21.125,5.0,-1.0,0.0,0.0,10,,,,,0.1,0.1,20,0.5,0.5,2,0.042009707767446426,0.9895903529287368,335,82,1,81,121,178,2,19,15,0,0.3611940298507463,0.9492537313432836,0.050746268656716415,0.04477611940298507,0.056716417910447764,7,158,0.62,0.63,100,0.6,0.6,25,12.0,14.666666666666666,-3.0,0.0,0.0,0.0,10,,,,,0.3,0.3,20,1.0,1.0,2,0.030313999284382658,0.9855378798813975,457,72,2,70,168,215,6,51,17,0,0.3676148796498906,0.949671772428884,0.05032822757111598,0.037199124726477024,0.0525164113785558,13,172,0.63,0.63,100,0.6,0.6,25,12.0,13.6,-5.0,1.0,0.0,0.0,10,,,,,0.35,0.35,20,1.0,1.0,2,0.02453897953289534,0.9854285084874834,557,93,3,90,208,239,9,82,19,0,0.3734290843806104,0.9497307001795332,0.05026929982046679,0.03411131059245961,0.05206463195691203,13,179,0.64,0.64,100,0.6,0.6,25,12.0,13.333333333333334,-5.0,2.0,0.0,0.0,10,,,,,0.35,0.35,20,1.0,1.0,2,0.02174431440821563,0.9860648076438473,0.33666666666666667,0.39,5.882352941176471,0.19285714285714287,0.8071428571428572,0.0427807486631016,0.8,0.08121827411167513,1.0,0.0,,19.0,257,70,179,0.6964980544747081,2,2,0,2,8,8,0,6,0.0,0,779,404800,8941200,0.045273565069565605,0.0,3426648,404800,3021848,2.6093138250558563,2.9588516695743796,6.181983113144146,400000,0.13236933161429695,2817231,10243,0,442707.72857142857,169033.86000000002,0.14086155000000003,7.510866403579712,518,0,0,0,0,177,0,404800,404800,1446332,248,10,1446332,866414,335,2,866414,709102,457,1,709102,0,557,1,0,0,177,0,0,0,0.0,0,0,0,0,0,557,19,1,,,,
compression,20260917T231153-5b07_B7_mycelic_order_capped-o3-c1_s4,20260917T231153-5b07,ok,B7_mycelic,hierarchy,4,tier1,,order_capped-o3-c1,1000,10000,30,10,2,1,43d2c39c01e88b89,0.0,none,5,order_capped,3,1,sim-3b,synthetic,none,3,none,,,47.819,4.507,351.1,2026-09-17T23:31:19Z,,793,194,12,182,231,309,60,156,37,0,0.29129886506935687,0.8776796973518285,0.1223203026481715,0.05296343001261034,0.07818411097099622,7,234,0.63,0.64,100,0.76,0.8,25,11.0,11.578947368421053,-5.0,2.0,0.7,0.7,10,15.0,14.714285714285714,2.0,2.0,0.3125,0.3125,16,0.6666666666666666,0.6666666666666666,3,0.02794422931873446,0.9731614095504539,0.833434479322879,0.9930660636761828,28.296296296296298,0.5481481481481482,0.3181818181818182,0.038461538461538464,286,0.07228915662650602,0.01098901098901099,1.0,0.0,0.9838709677419355,1.0,0.6518518518518519,0.3265822784810127,0.07088607594936709,395,0.21,0.007751937984496124,1.0,0.0,0.6625,1.0,0.6518518518518519,0.2998236331569665,0.09347442680776014,567,0.39805825242718446,0.1,1.0,0.0,0.5168539325842697,1.0,0.674074074074074,0.29129886506935687,0.1223203026481715,793,0.5849056603773585,0.16883116883116883,1.0,0.0,0.4946236559139785,1.0,286,0,0,0,91,174,5,10,6,0,0.3181818181818182,0.9615384615384616,0.038461538461538464,0.03146853146853147,0.05244755244755245,0,0,0.62,0.62,100,0.4,0.4,25,21.0,21.3,2.5,-1.0,0.2,0.2,10,24.0,24.0,11.5,-1.0,0.125,0.125,16,0.6666666666666666,0.6666666666666666,3,0.01791884557418754,0.986450314105656,395,125,6,119,129,208,14,30,14,0,0.3265822784810127,0.9291139240506329,0.07088607594936709,0.043037974683544304,0.060759493670886074,7,206,0.63,0.64,100,0.68,0.72,25,11.0,11.705882352941176,-6.0,0.0,0.6,0.6,10,17.0,16.166666666666668,3.5,0.0,0.25,0.25,16,0.6666666666666666,0.6666666666666666,3,0.015638371833929358,0.9705132436757942,567,149,8,141,170,257,29,87,24,0,0.2998236331569665,0.9065255731922398,0.09347442680776014,0.04938271604938271,0.07231040564373897,7,225,0.63,0.64,100,0.68,0.72,25,11.0,11.647058823529411,-7.0,1.0,0.6,0.6,10,14.5,14.166666666666666,1.0,1.0,0.3125,0.3125,16,0.6666666666666666,0.6666666666666666,3,0.0226976682895701,0.9718609387966894,793,194,12,182,231,309,60,156,37,0,0.29129886506935687,0.8776796973518285,0.1223203026481715,0.05296343001261034,0.07818411097099622,7,234,0.63,0.64,100,0.76,0.8,25,11.0,11.578947368421053,-5.0,2.0,0.7,0.7,10,15.0,14.714285714285714,2.0,2.0,0.3125,0.3125,16,0.6666666666666666,0.6666666666666666,3,0.02794422931873446,0.9731614095504539,0.44583333333333336,0.3,5.538461538461538,0.5272727272727272,0.4727272727272728,0.02214022140221402,0.6,0.04270462633451957,0.7,0.2,,11.833333333333334,343,72,265,0.7725947521865889,3,2,0,2,7,5,2,4,0.0,0,759,404800,9271000,0.043663035271276025,3.0966143682906686e-05,16066100,404800,15661300,0.5770535475317594,0.5919687382273502,1.3879935192035961,400000,0.025540663929558848,10656371,10810,0,1674572.5857142857,639382.26,0.53281855,45.97705078125,669,0,0,0,0,244,0,404800,404800,6679426,286,10,6679426,4699286,395,2,4699286,4282588,567,1,4282588,0,793,1,0,0,244,0,0,0,0.0,0,0,0,0,0,793,2,6,,,,1
compression,20260917T231153-5b07_B7_mycelic_order2_plus_significant-o3-c1_s3,20260917T231153-5b07,ok,B7_mycelic,hierarchy,3,tier1,,order2_plus_significant-o3-c1,1000,10000,30,10,2,1,c45ec7ed8069c397,0.0,none,5,order2_plus_significant,3,1,sim-3b,synthetic,none,3,none,,,49.383,4.139,334.3,2026-09-17T23:31:21Z,,1727,247,67,180,247,264,421,365,430,0,0.14302258251302838,0.5072379849449913,0.49276201505500866,0.3167342211928199,0.4169079328314997,13,176,0.67,0.68,100,0.88,0.88,25,11.5,11.772727272727273,-7.5,2.0,0.8,0.8,10,18.0,16.875,6.0,2.0,0.3,0.45,20,1.0,1.0,2,0.26827941648201614,0.950902162494383,0.8796192765460713,0.9637565606186373,22.37391304347826,0.4666666666666667,0.33624454148471616,0.048034934497816595,229,0.08823529411764706,0.012987012987012988,1.0,0.0,0.9272727272727272,1.0,0.6888888888888889,0.25697211155378485,0.26095617529880477,502,0.20408163265306123,0.07751937984496124,1.0,0.0,0.6710526315789473,1.0,0.6962962962962963,0.23704663212435234,0.3005181347150259,772,0.47115384615384615,0.20218579234972678,1.0,0.0,0.5,1.0,0.725925925925926,0.14302258251302838,0.49276201505500866,1727,0.5727272727272728,0.2388663967611336,1.0,0.0,0.43478260869565216,1.0,229,0,0,0,77,137,1,4,10,0,0.33624454148471616,0.9519650655021834,0.048034934497816595,0.043668122270742356,0.05240174672489083,0,0,0.55,0.55,100,0.28,0.28,25,17.0,17.571428571428573,-4.0,-1.0,0.1,0.1,10,28.0,28.0,13.0,-1.0,0.05,0.05,20,0.5,0.5,2,0.031138911284972735,0.9856841802400658,502,189,48,141,129,176,70,66,61,0,0.25697211155378485,0.7390438247011952,0.26095617529880477,0.15139442231075698,0.19721115537848605,7,144,0.59,0.64,100,0.84,0.84,25,13.0,13.380952380952381,-5.0,0.0,0.8,0.8,10,20.0,19.75,8.5,0.0,0.2,0.3,20,1.0,1.0,2,0.12170872279274467,0.9703143004819877,772,209,63,146,183,226,120,131,112,0,0.23704663212435234,0.6994818652849741,0.3005181347150259,0.18652849740932642,0.2551813471502591,13,164,0.62,0.65,100,0.84,0.84,25,11.0,12.095238095238095,-7.0,1.0,0.8,0.8,10,18.0,17.5,7.5,1.0,0.3,0.45,20,1.0,1.0,2,0.1553498124973089,0.9673828207400001,1727,247,67,180,247,264,421,365,430,0,0.14302258251302838,0.5072379849449913,0.49276201505500866,0.3167342211928199,0.4169079328314997,13,176,0.67,0.68,100,0.88,0.88,25,11.5,11.772727272727273,-7.5,2.0,0.8,0.8,10,18.0,16.875,6.0,2.0,0.3,0.45,20,1.0,1.0,2,0.26827941648201614,0.950902162494383,0.4533333333333333,0.31666666666666665,5.866666666666666,0.3925925925925926,0.6074074074074074,0.01928374655647383,0.7,0.03753351206434317,1.0,0.0,,16.0,435,72,356,0.8183908045977012,2,2,0,2,8,8,0,5,0.0,0,779,404800,8941200,0.045273565069565605,0.0,7424170,404800,7019370,1.2043366463860607,1.2737895281200449,2.967942555779209,400000,0.05698517103386771,7187037,10810,0,1129391.5285714285,431222.22000000003,0.35935185000000003,46.157766819000244,747,0,0,0,0,177,0,404800,404800,3012592,229,10,3012592,2093080,502,2,2093080,1913698,772,1,1913698,0,1727,1,0,0,177,0,0,0,0.0,0,0,0,0,0,1727,2,2,1,,,
compression,20260917T231153-5b07_B7_mycelic_order_capped-o3-c2_s4,20260917T231153-5b07,ok,B7_mycelic,hierarchy,4,tier1,,order_capped-o3-c2,1000,10000,30,10,2,1,43d2c39c01e88b89,0.0,none,5,order_capped,3,2,sim-3b,synthetic,none,3,none,,,27.188,4.507,351.6,2026-09-17T23:31:47Z,,740,175,11,164,228,297,54,138,23,0,0.3081081081081081,0.8959459459459459,0.10405405405405406,0.03783783783783784,0.062162162162162166,5,219,0.64,0.65,100,0.76,0.8,25,12.0,12.947368421052632,-5.0,2.0,0.7,0.7,10,16.0,15.142857142857142,3.0,2.0,0.25,0.25,16,0.6666666666666666,0.6666666666666666,3,0.01765491248054793,0.9780729909297833,0.849085693844184,0.9921823359980062,27.444444444444443,0.5407407407407407,0.32116788321167883,0.032846715328467155,274,0.07407407407407407,0.011363636363636364,1.0,0.0,0.9682539682539683,1.0,0.6518518518518519,0.33689839572192515,0.058823529411764705,374,0.20202020202020202,0.007936507936507936,1.0,0.0,0.7037037037037037,1.0,0.6592592592592592,0.3150943396226415,0.07924528301886792,530,0.3883495145631068,0.09580838323353294,1.0,0.0,0.5666666666666667,1.0,0.6814814814814815,0.3081081081081081,0.10405405405405406,740,0.5943396226415094,0.16666666666666666,1.0,0.0,0.5531914893617021,1.0,274,0,0,0,88,169,5,8,4,0,0.32116788321167883,0.9671532846715328,0.032846715328467155,0.025547445255474453,0.043795620437956206,0,0,0.63,0.63,100,0.32,0.32,25,22.0,21.375,2.5,-1.0,0.2,0.2,10,24.0,24.0,11.5,-1.0,0.0625,0.0625,16,0.6666666666666666,0.6666666666666666,3,0.013501687232261092,0.9879542419767866,374,108,4,104,126,202,13,24,9,0,0.33689839572192515,0.9411764705882353,0.058823529411764705,0.03208556149732621,0.0481283422459893,5,196,0.64,0.65,100,0.68,0.72,25,12.0,12.352941176470589,-6.0,0.0,0.5,0.5,10,20.0,18.4,10.0,0.0,0.1875,0.1875,16,0.6666666666666666,0.6666666666666666,3,0.01105707886884758,0.9767717030875052,530,134,7,127,167,248,28,73,14,0,0.3150943396226415,0.9207547169811321,0.07924528301886792,0.033962264150943396,0.05471698113207547,5,214,0.64,0.65,100,0.68,0.72,25,12.0,12.352941176470589,-6.0,1.0,0.6,0.6,10,17.0,16.666666666666668,5.0,1.0,0.25,0.25,16,0.6666666666666666,0.6666666666666666,3,0.013256067049220667,0.9777414811204999,740,175,11,164,228,297,54,138,23,0,0.3081081081081081,0.8959459459459459,0.10405405405405406,0.03783783783783784,0.062162162162162166,5,219,0.64,0.65,100,0.76,0.8,25,12.0,12.947368421052632,-5.0,2.0,0.7,0.7,10,16.0,15.142857142857142,3.0,2.0,0.25,0.25,16,0.6666666666666666,0.6666666666666666,3,0.01765491248054793,0.9780729909297833,0.425,0.3,6.0,0.5,0.5,0.02531645569620253,0.6,0.048582995951417005,0.7,0.2,,12.666666666666666,309,72,231,0.7475728155339806,3,2,0,2,7,5,2,4,0.0,0,759,404800,9271000,0.043663035271276025,3.0966143682906686e-05,12749544,404800,12344744,0.7271632616821433,0.7510078783326734,1.6826992885145926,400000,0.03240245403225859,7551070,10432,0,1186596.7142857143,453064.19999999995,0.3775535,25.525370597839355,603,0,0,0,0,244,0,404800,404800,5509600,274,10,5509600,3609814,374,2,3609814,3225330,530,1,3225330,0,740,1,0,0,244,0,0,0,0.0,0,0,0,0,0,740,2,6,,,,1
compression,20260917T231153-5b07_B7_mycelic_order2_plus_significant-o3-c2_s3,20260917T231153-5b07,ok,B7_mycelic,hierarchy,3,tier1,,order2_plus_significant-o3-c2,1000,10000,30,10,2,1,c45ec7ed8069c397,0.0,none,5,order2_plus_significant,3,2,sim-3b,synthetic,none,3,none,,,29.09,4.139,335.1,2026-09-17T23:31:51Z,,1714,217,57,160,247,252,441,356,418,0,0.1441073512252042,0.49883313885647607,0.5011668611435239,0.3144690781796966,0.4159859976662777,13,173,0.66,0.67,100,0.84,0.84,25,12.0,12.19047619047619,-7.0,2.0,0.8,0.8,10,19.0,17.75,7.0,2.0,0.35,0.5,20,1.0,1.0,2,0.26784457219534663,0.9526508890739573,0.8936613276888529,0.9564278394904608,22.157894736842106,0.45925925925925926,0.3393665158371041,0.04524886877828054,221,0.07462686567164178,0.013333333333333334,1.0,0.0,0.9444444444444444,1.0,0.6888888888888889,0.26597938144329897,0.2618556701030928,485,0.19,0.10077519379844961,1.0,0.0,0.7466666666666667,1.0,0.7037037037037037,0.24697986577181208,0.3006711409395973,745,0.4716981132075472,0.22282608695652173,1.0,0.0,0.5681818181818182,1.0,0.7111111111111111,0.1441073512252042,0.5011668611435239,1714,0.5963302752293578,0.2591093117408907,1.0,0.0,0.5217391304347826,1.0,221,0,0,0,75,134,1,2,9,0,0.3393665158371041,0.9547511312217195,0.04524886877828054,0.04072398190045249,0.04524886877828054,0,0,0.54,0.54,100,0.28,0.28,25,18.0,19.285714285714285,-3.0,-1.0,0.1,0.1,10,28.0,28.0,13.0,-1.0,0.05,0.05,20,0.5,0.5,2,0.028504129280113668,0.9877801473796612,485,170,42,128,129,171,74,58,53,0,0.26597938144329897,0.7381443298969073,0.2618556701030928,0.1402061855670103,0.18350515463917524,6,143,0.59,0.64,100,0.84,0.84,25,14.0,13.80952380952381,-4.0,0.0,0.8,0.8,10,21.0,20.25,8.5,0.0,0.3,0.4,20,1.0,1.0,2,0.11527945805873467,0.9750732724917245,745,182,55,127,184,218,124,119,100,0,0.24697986577181208,0.6993288590604027,0.3006711409395973,0.174496644295302,0.24026845637583893,13,164,0.63,0.66,100,0.84,0.84,25,14.0,13.047619047619047,-6.0,1.0,0.8,0.8,10,19.0,18.0,8.0,1.0,0.35,0.5,20,1.0,1.0,2,0.14833948023375793,0.9721757582605215,1714,217,57,160,247,252,441,356,418,0,0.1441073512252042,0.49883313885647607,0.5011668611435239,0.3144690781796966,0.4159859976662777,13,173,0.66,0.67,100,0.84,0.84,25,12.0,12.19047619047619,-7.0,2.0,0.8,0.8,10,19.0,17.75,7.0,2.0,0.35,0.5,20,1.0,1.0,2,0.26784457219534663,0.9526508890739573,0.39666666666666667,0.35,6.133333333333334,0.3602941176470588,0.6397058823529411,0.02127659574468085,0.7,0.04129793510324484,1.0,0.0,,16.571428571428573,402,73,322,0.8009950248756219,2,2,0,2,8,8,0,5,0.0,0,779,404800,8941200,0.045273565069565605,0.0,5776356,404800,5371556,1.5478962861707277,1.6645456176943887,3.7515388055931544,400000,0.07446631851180552,5092264,10432,0,800212.9142857144,305535.84,0.25461320000000004,26.0080988407135,690,0,0,0,0,177,0,404800,404800,2383342,221,10,2383342,1568724,485,2,1568724,1419490,745,1,1419490,0,1714,1,0,0,177,0,0,0,0.0,0,0,0,0,0,1714,3,2,1,,,
compression,20260917T231153-5b07_B7_mycelic_order_capped-o3-c4_s4,20260917T231153-5b07,ok,B7_mycelic,hierarchy,4,tier1,,order_capped-o3-c4,1000,10000,30,10,2,1,43d2c39c01e88b89,0.0,none,5,order_capped,3,4,sim-3b,synthetic,none,3,none,,,17.005,4.507,346.2,2026-09-17T23:32:04Z,,724,157,9,148,231,280,50,139,24,0,0.319060773480663,0.8977900552486188,0.10220994475138122,0.04005524861878453,0.06629834254143646,6,207,0.64,0.65,100,0.76,0.8,25,12.0,14.31578947368421,-4.0,2.0,0.7,0.7,10,20.0,18.285714285714285,9.0,2.0,0.375,0.375,16,0.6666666666666666,0.6666666666666666,3,0.02551481532894895,0.984257524088924,0.8614445880424448,0.9868730940388387,28.844036697247706,0.5333333333333333,0.32567049808429116,0.03065134099616858,261,0.05,0.011764705882352941,1.0,0.0,0.9682539682539683,1.0,0.6518518518518519,0.3397790055248619,0.06077348066298342,362,0.19,0.016260162601626018,1.0,0.0,0.9259259259259259,1.0,0.6592592592592592,0.3223938223938224,0.08108108108108109,518,0.4174757281553398,0.12574850299401197,1.0,0.0,0.8131868131868132,1.0,0.6814814814814815,0.319060773480663,0.10220994475138122,724,0.6226415094339622,0.19913419913419914,1.0,0.0,0.8,1.0,261,0,0,0,85,161,5,7,3,0,0.32567049808429116,0.9693486590038314,0.03065134099616858,0.022988505747126436,0.0421455938697318,0,0,0.63,0.63,100,0.28,0.28,25,24.0,23.571428571428573,6.0,-1.0,0.2,0.2,10,28.0,28.0,15.5,-1.0,0.0625,0.0625,16,0.6666666666666666,0.6666666666666666,3,0.012519133416588942,0.9895306276694628,362,102,5,97,123,195,13,22,9,0,0.3397790055248619,0.9392265193370166,0.06077348066298342,0.03314917127071823,0.04696132596685083,4,192,0.64,0.65,100,0.68,0.72,25,12.0,13.411764705882353,-4.0,0.0,0.5,0.5,10,20.0,18.4,10.0,0.0,0.3125,0.3125,16,0.6666666666666666,0.6666666666666666,3,0.019832503837183234,0.985571765018304,518,123,7,116,167,236,27,73,15,0,0.3223938223938224,0.918918918918919,0.08108108108108109,0.03667953667953668,0.05791505791505792,6,206,0.64,0.65,100,0.68,0.72,25,12.0,13.411764705882353,-4.0,1.0,0.6,0.6,10,18.0,17.333333333333332,6.0,1.0,0.375,0.375,16,0.6666666666666666,0.6666666666666666,3,0.02213447434241047,0.9846781279091399,724,157,9,148,231,280,50,139,24,0,0.319060773480663,0.8977900552486188,0.10220994475138122,0.04005524861878453,0.06629834254143646,6,207,0.64,0.65,100,0.76,0.8,25,12.0,14.31578947368421,-4.0,2.0,0.7,0.7,10,20.0,18.285714285714285,9.0,2.0,0.375,0.375,16,0.6666666666666666,0.6666666666666666,3,0.02551481532894895,0.984257524088924,0.3625,0.35833333333333334,6.142857142857143,0.3235294117647059,0.6764705882352942,0.02643171806167401,0.6,0.05063291139240507,0.7,0.2,,12.666666666666666,299,72,221,0.7391304347826086,3,2,0,2,7,5,2,4,0.0,0,759,404800,9271000,0.043663035271276025,3.0966143682906686e-05,10039177,404800,9634377,0.9234820742776026,0.962283290346641,2.0734508385723136,400000,0.0415179933274357,5734791,10243,0,901181.4428571429,344087.46,0.28673955,15.371502161026001,570,0,0,0,0,244,0,404800,404800,4471290,261,10,4471290,2789267,362,2,2789267,2373820,518,1,2373820,0,724,1,0,0,244,0,0,0,0.0,0,0,0,0,0,724,2,6,,,,1
compression,20260917T231153-5b07_B7_mycelic_order2_plus_significant-o3-c4_s3,20260917T231153-5b07,ok,B7_mycelic,hierarchy,3,tier1,,order2_plus_significant-o3-c4,1000,10000,30,10,2,1,c45ec7ed8069c397,0.0,none,5,order2_plus_significant,3,4,sim-3b,synthetic,none,3,none,,,18.309,4.139,335.1,2026-09-17T23:32:09Z,,1730,181,55,126,239,235,463,374,419,0,0.13815028901734103,0.49017341040462425,0.5098265895953757,0.3138728323699422,0.41098265895953756,11,144,0.65,0.66,100,0.84,0.84,25,16.0,14.285714285714286,-3.0,2.0,0.8,0.8,10,20.0,19.0,8.0,2.0,0.35,0.35,20,1.0,1.0,2,0.2701715159719893,0.955793778822999,0.8835863186538336,0.9553493067467125,22.154545454545456,0.45925925925925926,0.35046728971962615,0.04672897196261682,214,0.07462686567164178,0.013333333333333334,1.0,0.0,0.9444444444444444,1.0,0.6888888888888889,0.27157894736842103,0.25473684210526315,475,0.1919191919191919,0.10077519379844961,1.0,0.0,0.8918918918918919,1.0,0.6962962962962963,0.24965325936199723,0.29958391123439665,721,0.44761904761904764,0.20555555555555555,1.0,0.0,0.8023255813953488,1.0,0.7037037037037037,0.13815028901734103,0.5098265895953757,1730,0.5871559633027523,0.22594142259414227,1.0,0.0,0.5666666666666667,1.0,214,0,0,0,75,127,0,2,10,0,0.35046728971962615,0.9532710280373832,0.04672897196261682,0.04672897196261682,0.0514018691588785,0,0,0.54,0.54,100,0.28,0.28,25,20.0,20.142857142857142,-1.0,-1.0,0.1,0.1,10,28.0,28.0,13.0,-1.0,0.05,0.05,20,0.5,0.5,2,0.03572390149458769,0.9889949295319709,475,161,41,120,129,163,72,62,49,0,0.27157894736842103,0.7452631578947368,0.25473684210526315,0.13263157894736843,0.17894736842105263,6,141,0.59,0.64,100,0.84,0.84,25,16.0,15.80952380952381,-2.0,0.0,0.8,0.8,10,22.0,21.5,9.5,0.0,0.25,0.25,20,1.0,1.0,2,0.11290191734434313,0.9802703383969746,721,174,58,116,180,203,126,122,90,0,0.24965325936199723,0.7004160887656034,0.29958391123439665,0.1622746185852982,0.2260748959778086,15,160,0.62,0.65,100,0.84,0.84,25,16.0,14.857142857142858,-3.0,1.0,0.8,0.8,10,20.0,19.0,8.0,1.0,0.35,0.35,20,1.0,1.0,2,0.1416951448790749,0.9782090349376695,1730,181,55,126,239,235,463,374,419,0,0.13815028901734103,0.49017341040462425,0.5098265895953757,0.3138728323699422,0.41098265895953756,11,144,0.65,0.66,100,0.84,0.84,25,16.0,14.285714285714286,-3.0,2.0,0.8,0.8,10,20.0,19.0,8.0,2.0,0.35,0.35,20,1.0,1.0,2,0.2701715159719893,0.955793778822999,0.33666666666666667,0.39,5.944444444444445,0.19285714285714287,0.8071428571428572,0.02258064516129032,0.7,0.04375,1.0,0.0,,18.285714285714285,382,72,303,0.7931937172774869,2,2,0,2,8,8,0,5,0.0,0,779,404800,8941200,0.045273565069565605,0.0,4397336,404800,3992536,2.0333219931340247,2.2394788675668797,4.828836924951367,400000,0.10018694884654766,3906712,10243,0,613911.8857142858,234402.72,0.1953356,15.133406639099121,643,0,0,0,0,177,0,404800,404800,1851626,214,10,1851626,1193090,475,2,1193090,947820,721,1,947820,0,1730,1,0,0,177,0,0,0,0.0,0,0,0,0,0,1730,3,2,1,,,
compression,20260917T231153-5b07_B7_mycelic_order2_plus_significant-o1-c1_s4,20260917T231153-5b07,ok,B7_mycelic,hierarchy,4,tier1,,order2_plus_significant-o1-c1,1000,10000,30,10,2,1,43d2c39c01e88b89,0.0,none,5,order2_plus_significant,1,1,sim-3b,synthetic,none,3,none,,,15.515,4.507,317.5,2026-09-17T23:32:19Z,,407,112,8,104,47,290,0,41,29,0,0.11547911547911548,0.9287469287469288,0.07125307125307126,0.08353808353808354,0.14496314496314497,15,228,0.0,0.0,100,0.0,0.0,25,,,,,0.0,0.0,10,,,,,0.0,0.0,16,0.0,0.0,3,0.06086669302831123,0.9727586877381036,0.9033122794833338,1.0,2.090909090909091,0.0,0.07307692307692308,0.05384615384615385,260,0.7777777777777778,0.05263157894736842,1.0,0.0,,1.0,0.0,0.10197368421052631,0.05592105263157895,304,0.9,0.06451612903225806,1.0,0.0,,1.0,0.0,0.10893854748603352,0.0670391061452514,358,0.8181818181818182,0.07692307692307693,1.0,0.0,,1.0,0.0,0.11547911547911548,0.07125307125307126,407,0.9090909090909091,0.0851063829787234,1.0,0.0,,1.0,260,0,0,0,19,219,0,8,14,0,0.07307692307692308,0.9461538461538461,0.05384615384615385,0.06538461538461539,0.09615384615384616,0,0,0.0,0.0,100,0.0,0.0,25,,,,,0.0,0.0,10,,,,,0.0,0.0,16,0.0,0.0,3,0.05339458741915013,0.9880099720345348,304,78,7,71,31,240,0,16,17,0,0.10197368421052631,0.944078947368421,0.05592105263157895,0.06907894736842106,0.10197368421052631,12,180,0.0,0.0,100,0.0,0.0,25,,,,,0.0,0.0,10,,,,,0.0,0.0,16,0.0,0.0,3,0.041393629416188404,0.9723146820477674,358,92,6,86,39,267,0,28,24,0,0.10893854748603352,0.9329608938547486,0.0670391061452514,0.08100558659217877,0.12849162011173185,15,221,0.0,0.0,100,0.0,0.0,25,,,,,0.0,0.0,10,,,,,0.0,0.0,16,0.0,0.0,3,0.05540421536419749,0.9720865493961837,407,112,8,104,47,290,0,41,29,0,0.11547911547911548,0.9287469287469288,0.07125307125307126,0.08353808353808354,0.14496314496314497,15,228,0.0,0.0,100,0.0,0.0,25,,,,,0.0,0.0,10,,,,,0.0,0.0,16,0.0,0.0,3,0.06086669302831123,0.9727586877381036,0.4875,0.0,,,,0.0,0.0,0.0,0.7,0.0,,,212,0,212,1.0,3,0,0,0,7,7,0,0,0.0,0,759,404800,9271000,0.043663035271276025,0.0,1752960,404800,1348160,5.28876871120847,6.876780204130074,18.54749005705689,400000,0.296700688345597,2193654,10810,0,344717.0571428571,131619.24,0.10968270000000001,14.601356506347656,488,0,0,0,0,244,0,404800,404800,499852,260,10,499852,423430,304,2,423430,424878,358,1,424878,0,407,1,0,0,244,0,0,0,0.0,0,0,0,0,0,407,35,,,,,
compression,20260917T231153-5b07_B7_mycelic_significant_cells_only-o1-c1_s3,20260917T231153-5b07,ok,B7_mycelic,hierarchy,3,tier1,,significant_cells_only-o1-c1,1000,10000,30,10,2,1,c45ec7ed8069c397,0.0,none,5,significant_cells_only,1,1,sim-3b,synthetic,none,3,none,,,13.077,4.139,334.1,2026-09-17T23:32:22Z,,358,56,2,54,33,279,0,18,28,0,0.09217877094972067,0.9217877094972067,0.0782122905027933,0.0893854748603352,0.12011173184357542,14,167,0.0,0.0,100,0.0,0.0,25,,,,,0.0,0.0,10,,,,,0.0,0.0,20,0.0,0.0,2,0.06530552051944882,0.9710526461784462,0.6649364435580163,0.9980506822612085,21.666666666666668,0.0,0.06306306306306306,0.06756756756756757,222,0.42857142857142855,0.0,1.0,0.0,,1.0,0.0,0.08076923076923077,0.07307692307692308,260,0.7142857142857143,0.0,1.0,0.0,,1.0,0.0,0.08544303797468354,0.0759493670886076,316,0.625,0.037037037037037035,1.0,0.0,,1.0,0.0,0.09217877094972067,0.0782122905027933,358,0.75,0.06060606060606061,1.0,0.0,,1.0,222,0,0,0,14,189,0,4,15,0,0.06306306306306306,0.9324324324324325,0.06756756756756757,0.08108108108108109,0.1036036036036036,0,0,0.0,0.0,100,0.0,0.0,25,,,,,0.0,0.0,10,,,,,0.0,0.0,20,0.0,0.0,2,0.06595601200780883,0.9848749309267278,260,58,2,56,21,212,0,8,19,0,0.08076923076923077,0.926923076923077,0.07307692307692308,0.08846153846153847,0.11538461538461539,12,149,0.0,0.0,100,0.0,0.0,25,,,,,0.0,0.0,10,,,,,0.0,0.0,20,0.0,0.0,2,0.059100839147672696,0.968071140086717,316,50,1,49,27,252,0,13,24,0,0.08544303797468354,0.9240506329113924,0.0759493670886076,0.08860759493670886,0.11708860759493671,14,154,0.0,0.0,100,0.0,0.0,25,,,,,0.0,0.0,10,,,,,0.0,0.0,20,0.0,0.0,2,0.06319273576978751,0.9690708085100442,358,56,2,54,33,279,0,18,28,0,0.09217877094972067,0.9217877094972067,0.0782122905027933,0.0893854748603352,0.12011173184357542,14,167,0.0,0.0,100,0.0,0.0,25,,,,,0.0,0.0,10,,,,,0.0,0.0,20,0.0,0.0,2,0.06530552051944882,0.9710526461784462,0.48,0.0,,,,0.0,0.0,0.0,0.8,0.0,,,170,0,170,1.0,2,0,0,0,8,8,0,0,0.0,0,779,404800,8941200,0.045273565069565605,0.0,1535994,404800,1131194,5.821116488736284,7.904214484871737,19.55420643321407,400000,0.35360866482672293,2140084,10810,0,336298.9142857143,128405.04,0.1070042,12.335474014282227,418,0,0,0,0,177,0,404800,404800,457252,222,10,457252,347162,260,2,347162,326780,316,1,326780,0,358,1,0,0,177,0,0,0,0.0,0,0,0,0,0,358,35,,,,,
compression,20260917T231153-5b07_B7_mycelic_order2_plus_significant-o1-c2_s4,20260917T231153-5b07,ok,B7_mycelic,hierarchy,4,tier1,,order2_plus_significant-o1-c2,1000,10000,30,10,2,1,43d2c39c01e88b89,0.0,none,5,order2_plus_significant,1,2,sim-3b,synthetic,none,3,none,,,8.483,4.507,317.5,2026-09-17T23:32:28Z,,384,101,8,93,45,273,0,39,27,0,0.1171875,0.9296875,0.0703125,0.08333333333333333,0.140625,13,215,0.0,0.0,100,0.0,0.0,25,,,,,0.0,0.0,10,,,,,0.0,0.0,16,0.0,0.0,3,0.06291739096137676,0.9788754982218203,0.8641011696688864,1.0,2.4545454545454546,0.0,0.06827309236947791,0.05220883534136546,249,0.7777777777777778,0.058823529411764705,1.0,0.0,,1.0,0.0,0.10309278350515463,0.048109965635738834,291,0.9,0.06666666666666667,1.0,0.0,,1.0,0.0,0.11242603550295859,0.0621301775147929,338,0.8181818181818182,0.07894736842105263,1.0,0.0,,1.0,0.0,0.1171875,0.0703125,384,0.9090909090909091,0.08888888888888889,1.0,0.0,,1.0,249,0,0,0,17,211,0,8,13,0,0.06827309236947791,0.9477911646586346,0.05220883534136546,0.0642570281124498,0.0963855421686747,0,0,0.0,0.0,100,0.0,0.0,25,,,,,0.0,0.0,10,,,,,0.0,0.0,16,0.0,0.0,3,0.05324036891476535,0.9889833408023154,291,67,6,61,30,231,0,16,14,0,0.10309278350515463,0.9518900343642611,0.048109965635738834,0.061855670103092786,0.09278350515463918,11,174,0.0,0.0,100,0.0,0.0,25,,,,,0.0,0.0,10,,,,,0.0,0.0,16,0.0,0.0,3,0.03969548300037326,0.9778398128972805,338,83,6,77,38,252,0,27,21,0,0.11242603550295859,0.9378698224852071,0.0621301775147929,0.07692307692307693,0.12130177514792899,13,212,0.0,0.0,100,0.0,0.0,25,,,,,0.0,0.0,10,,,,,0.0,0.0,16,0.0,0.0,3,0.05507776024888614,0.9780564743860595,384,101,8,93,45,273,0,39,27,0,0.1171875,0.9296875,0.0703125,0.08333333333333333,0.140625,13,215,0.0,0.0,100,0.0,0.0,25,,,,,0.0,0.0,10,,,,,0.0,0.0,16,0.0,0.0,3,0.06291739096137676,0.9788754982218203,0.4875,0.0,,,,0.0,0.0,0.0,0.7,0.0,,,201,0,201,1.0,3,0,0,0,7,7,0,0,0.0,0,759,404800,9271000,0.043663035271276025,0.0,1618506,404800,1213706,5.728122107672137,7.638587928213258,21.0072418449937,400000,0.32956910487383273,2133532,10432,0,335269.3142857143,128011.92000000001,0.10667660000000001,7.711892604827881,460,0,0,0,0,244,0,404800,404800,441324,249,10,441324,383428,291,2,383428,388954,338,1,388954,0,384,1,0,0,244,0,0,0,0.0,0,0,0,0,0,384,35,,,,,
compression,20260917T231153-5b07_B7_mycelic_significant_cells_only-o1-c2_s3,20260917T231153-5b07,ok,B7_mycelic,hierarchy,3,tier1,,significant_cells_only-o1-c2,1000,10000,30,10,2,1,c45ec7ed8069c397,0.0,none,5,significant_cells_only,1,2,sim-3b,synthetic,none,3,none,,,7.186,4.139,334.1,2026-09-17T23:32:30Z,,332,52,0,52,30,263,0,13,26,0,0.09036144578313253,0.9216867469879518,0.0783132530120482,0.09036144578313253,0.1144578313253012,15,162,0.0,0.0,100,0.0,0.0,25,,,,,0.0,0.0,10,,,,,0.0,0.0,20,0.0,0.0,2,0.06979636862384998,0.9757726718217054,0.6654513235909686,0.9981481481481482,22.0,0.0,0.059907834101382486,0.06451612903225806,217,0.42857142857142855,0.0,1.0,0.0,,1.0,0.0,0.07142857142857142,0.07539682539682539,252,0.5714285714285714,0.0,1.0,0.0,,1.0,0.0,0.08,0.07666666666666666,300,0.625,0.041666666666666664,1.0,0.0,,1.0,0.0,0.09036144578313253,0.0783132530120482,332,0.75,0.06666666666666667,1.0,0.0,,1.0,217,0,0,0,13,187,0,3,14,0,0.059907834101382486,0.9354838709677419,0.06451612903225806,0.07834101382488479,0.0967741935483871,0,0,0.0,0.0,100,0.0,0.0,25,,,,,0.0,0.0,10,,,,,0.0,0.0,20,0.0,0.0,2,0.0653752709817193,0.9870342571568345,252,56,1,55,18,208,0,7,19,0,0.07142857142857142,0.9246031746031746,0.07539682539682539,0.09126984126984126,0.11507936507936507,12,145,0.0,0.0,100,0.0,0.0,25,,,,,0.0,0.0,10,,,,,0.0,0.0,20,0.0,0.0,2,0.06589336904094999,0.9746235277711088,300,46,0,46,24,243,0,10,23,0,0.08,0.9233333333333333,0.07666666666666666,0.09,0.11333333333333333,15,157,0.0,0.0,100,0.0,0.0,25,,,,,0.0,0.0,10,,,,,0.0,0.0,20,0.0,0.0,2,0.06859359826193283,0.9745407071342258,332,52,0,52,30,263,0,13,26,0,0.09036144578313253,0.9216867469879518,0.0783132530120482,0.09036144578313253,0.1144578313253012,15,162,0.0,0.0,100,0.0,0.0,25,,,,,0.0,0.0,10,,,,,0.0,0.0,20,0.0,0.0,2,0.06979636862384998,0.9757726718217054,0.48,0.0,,,,0.0,0.0,0.0,0.8,0.0,,,165,0,165,1.0,2,0,0,0,8,8,0,0,0.0,0,779,404800,8941200,0.045273565069565605,0.0,1443669,404800,1038869,6.193386434147993,8.606667443152121,22.15800951625694,400000,0.38503410920914954,2090190,10432,0,328458.4285714286,125411.40000000001,0.1045095,6.575181245803833,391,0,0,0,0,177,0,404800,404800,403520,217,10,403520,323224,252,2,323224,312125,300,1,312125,0,332,1,0,0,177,0,0,0,0.0,0,0,0,0,0,332,35,,,,,
compression,20260917T231153-5b07_B7_mycelic_order2_plus_significant-o1-c4_s4,20260917T231153-5b07,ok,B7_mycelic,hierarchy,4,tier1,,order2_plus_significant-o1-c4,1000,10000,30,10,2,1,43d2c39c01e88b89,0.0,none,5,order2_plus_significant,1,4,sim-3b,synthetic,none,3,none,,,5.181,4.507,317.5,2026-09-17T23:32:33Z,,358,71,3,68,44,265,0,29,20,0,0.12290502793296089,0.9441340782122905,0.055865921787709494,0.0670391061452514,0.12011173184357542,10,203,0.0,0.0,100,0.0,0.0,25,,,,,0.0,0.0,10,,,,,0.0,0.0,16,0.0,0.0,3,0.053677726433934106,0.9866386202886827,0.7447886788843474,1.0,2.6,0.0,0.07024793388429752,0.04132231404958678,242,0.875,0.0,1.0,0.0,,1.0,0.0,0.09859154929577464,0.03873239436619718,284,0.8888888888888888,0.0,1.0,0.0,,1.0,0.0,0.11214953271028037,0.04984423676012461,321,0.8888888888888888,0.027777777777777776,1.0,0.0,,1.0,0.0,0.12290502793296089,0.055865921787709494,358,0.8888888888888888,0.045454545454545456,1.0,0.0,,1.0,242,0,0,0,17,210,0,5,10,0,0.07024793388429752,0.9586776859504132,0.04132231404958678,0.049586776859504134,0.08677685950413223,0,0,0.0,0.0,100,0.0,0.0,25,,,,,0.0,0.0,10,,,,,0.0,0.0,16,0.0,0.0,3,0.04039268978478394,0.9908059129252799,284,48,5,43,28,231,0,14,11,0,0.09859154929577464,0.9612676056338029,0.03873239436619718,0.04929577464788732,0.09154929577464789,8,169,0.0,0.0,100,0.0,0.0,25,,,,,0.0,0.0,10,,,,,0.0,0.0,16,0.0,0.0,3,0.03640246423642557,0.9871066895885384,321,59,3,56,36,248,0,21,16,0,0.11214953271028037,0.9501557632398754,0.04984423676012461,0.06230529595015576,0.10903426791277258,10,202,0.0,0.0,100,0.0,0.0,25,,,,,0.0,0.0,10,,,,,0.0,0.0,16,0.0,0.0,3,0.048873604922701736,0.9865683089725462,358,71,3,68,44,265,0,29,20,0,0.12290502793296089,0.9441340782122905,0.055865921787709494,0.0670391061452514,0.12011173184357542,10,203,0.0,0.0,100,0.0,0.0,25,,,,,0.0,0.0,10,,,,,0.0,0.0,16,0.0,0.0,3,0.053677726433934106,0.9866386202886827,0.4875,0.0,,,,0.0,0.0,0.0,0.7,0.0,,,187,0,187,1.0,3,0,0,0,7,7,0,0,0.0,0,759,404800,9271000,0.043663035271276025,0.0,1745083,404800,1340283,5.3126412898412285,6.917195845951937,19.312169312169313,400000,0.2984444330040745,2151921,10243,0,338159.01428571425,129115.26,0.10759605,4.453589916229248,405,0,0,0,0,244,0,404800,404800,480060,242,10,480060,434224,284,2,434224,425999,321,1,425999,0,358,1,0,0,244,0,0,0,0.0,0,0,0,0,0,358,35,,,,,
compression,20260917T231153-5b07_B7_mycelic_significant_cells_only-o1-c4_s3,20260917T231153-5b07,ok,B7_mycelic,hierarchy,3,tier1,,significant_cells_only-o1-c4,1000,10000,30,10,2,1,c45ec7ed8069c397,0.0,none,5,significant_cells_only,1,4,sim-3b,synthetic,none,3,none,,,4.46,4.139,334.1,2026-09-17T23:32:34Z,,305,34,1,33,31,239,0,17,18,0,0.10163934426229508,0.940983606557377,0.05901639344262295,0.06885245901639345,0.10819672131147541,15,147,0.0,0.0,100,0.0,0.0,25,,,,,0.0,0.0,10,,,,,0.0,0.0,20,0.0,0.0,2,0.054361472706473124,0.9827631172059816,0.6119815937182449,0.9947916666666666,29.0,0.0,0.061611374407582936,0.05687203791469194,211,0.42857142857142855,0.0,1.0,0.0,,1.0,0.0,0.07755102040816327,0.06938775510204082,245,0.5,0.0,1.0,0.0,,1.0,0.0,0.08865248226950355,0.06382978723404255,282,0.6666666666666666,0.0,1.0,0.0,,1.0,0.0,0.10163934426229508,0.05901639344262295,305,0.7777777777777778,0.0,1.0,0.0,,1.0,211,0,0,0,13,183,0,3,12,0,0.061611374407582936,0.943127962085308,0.05687203791469194,0.07109004739336493,0.0947867298578199,0,0,0.0,0.0,100,0.0,0.0,25,,,,,0.0,0.0,10,,,,,0.0,0.0,20,0.0,0.0,2,0.059134971376604735,0.9880449239832396,245,44,2,42,19,202,0,7,17,0,0.07755102040816327,0.9306122448979591,0.06938775510204082,0.08163265306122448,0.11428571428571428,12,142,0.0,0.0,100,0.0,0.0,25,,,,,0.0,0.0,10,,,,,0.0,0.0,20,0.0,0.0,2,0.06470204361379758,0.983069390552573,282,32,1,31,25,227,0,12,18,0,0.08865248226950355,0.9361702127659575,0.06382978723404255,0.07446808510638298,0.1099290780141844,15,144,0.0,0.0,100,0.0,0.0,25,,,,,0.0,0.0,10,,,,,0.0,0.0,20,0.0,0.0,2,0.05983800531667484,0.9824000676299731,305,34,1,33,31,239,0,17,18,0,0.10163934426229508,0.940983606557377,0.05901639344262295,0.06885245901639345,0.10819672131147541,15,147,0.0,0.0,100,0.0,0.0,25,,,,,0.0,0.0,10,,,,,0.0,0.0,20,0.0,0.0,2,0.054361472706473124,0.9827631172059816,0.48,0.0,,,,0.0,0.0,0.0,0.8,0.0,,,161,0,161,1.0,2,0,0,0,8,8,0,0,0.0,0,779,404800,8941200,0.045273565069565605,0.0,1445888,404800,1041088,6.183881462464589,8.58832298518473,22.871847868906137,400000,0.3842134382492162,2077313,10243,0,326434.9,124638.78,0.10386565,3.8781235218048096,357,0,0,0,0,177,0,404800,404800,390926,211,10,390926,328637,245,2,328637,321525,282,1,321525,0,305,1,0,0,177,0,0,0,0.0,0,0,0,0,0,305,35,,,,,
compression,20260917T231153-5b07_B7_mycelic_order2_plus_significant-o2-c1_s4,20260917T231153-5b07,ok,B7_mycelic,hierarchy,4,tier1,,order2_plus_significant-o2-c1,1000,10000,30,10,2,1,43d2c39c01e88b89,0.0,none,5,order2_plus_significant,2,1,sim-3b,synthetic,none,3,none,,,29.491,4.507,317.9,2026-09-17T23:33:03Z,,757,223,18,205,201,339,9,169,39,0,0.2655217965653897,0.9365918097754293,0.06340819022457067,0.05548216644649934,0.08718626155878467,11,266,0.62,0.63,100,0.48,0.48,25,7.5,10.25,-7.0,2.0,0.0,0.0,10,,,,,0.375,0.375,16,0.3333333333333333,0.3333333333333333,3,0.031474378589517044,0.9759922121430179,0.7999778844324241,0.968848565264352,32.34782608695652,0.5259259259259259,0.2903225806451613,0.03225806451612903,310,0.1,0.022222222222222223,1.0,0.0,1.0,1.0,0.5555555555555556,0.29064039408866993,0.05172413793103448,406,0.21348314606741572,0.025423728813559324,1.0,0.0,0.6351351351351351,1.0,0.5555555555555556,0.2714535901926445,0.05779334500875657,571,0.38461538461538464,0.12258064516129032,1.0,0.0,0.5189873417721519,1.0,0.5555555555555556,0.2655217965653897,0.06340819022457067,757,0.5494505494505495,0.208955223880597,1.0,0.0,0.5063291139240507,1.0,310,0,0,0,90,200,1,10,9,0,0.2903225806451613,0.967741935483871,0.03225806451612903,0.035483870967741936,0.054838709677419356,0,0,0.62,0.62,100,0.36,0.36,25,17.0,17.88888888888889,0.0,-1.0,0.0,0.0,10,,,,,0.1875,0.1875,16,0.3333333333333333,0.3333333333333333,3,0.023376139270734096,0.9878922683029921,406,144,7,137,118,237,2,30,19,0,0.29064039408866993,0.9482758620689655,0.05172413793103448,0.05172413793103448,0.07142857142857142,7,223,0.62,0.63,100,0.48,0.48,25,8.0,10.5,-7.0,0.0,0.0,0.0,10,,,,,0.3125,0.3125,16,0.3333333333333333,0.3333333333333333,3,0.022780265810278144,0.9710561278792438,571,171,12,159,155,286,5,97,28,0,0.2714535901926445,0.9422066549912435,0.05779334500875657,0.0542907180385289,0.08231173380035026,11,257,0.62,0.63,100,0.48,0.48,25,8.0,10.5,-7.0,1.0,0.0,0.0,10,,,,,0.375,0.375,16,0.3333333333333333,0.3333333333333333,3,0.02798203310971978,0.9736913150711909,757,223,18,205,201,339,9,169,39,0,0.2655217965653897,0.9365918097754293,0.06340819022457067,0.05548216644649934,0.08718626155878467,11,266,0.62,0.63,100,0.48,0.48,25,7.5,10.25,-7.0,2.0,0.0,0.0,10,,,,,0.375,0.375,16,0.3333333333333333,0.3333333333333333,3,0.031474378589517044,0.9759922121430179,0.43333333333333335,0.29583333333333334,5.916666666666667,0.5520833333333334,0.44791666666666663,0.013333333333333334,0.4,0.02580645161290323,0.6,0.2,,12.0,369,69,296,0.8021680216802168,3,1,0,1,7,5,2,3,0.0,0,759,404800,9271000,0.043663035271276025,7.655209369976269e-05,5614840,404800,5210040,1.6511601399149396,1.779448910181112,4.080409282083874,400000,0.07677484241963593,3938379,10810,0,618888.1285714285,236302.74,0.19691895,27.61270236968994,734,0,0,0,0,244,0,404800,404800,2272076,310,10,2272076,1529998,406,2,1529998,1407966,571,1,1407966,0,757,1,0,0,244,0,0,0,0.0,0,0,0,0,0,757,23,,,,,
compression,20260917T231153-5b07_B7_mycelic_order2_plus_significant-o2-c2_s4,20260917T231153-5b07,ok,B7_mycelic,hierarchy,4,tier1,,order2_plus_significant-o2-c2,1000,10000,30,10,2,1,43d2c39c01e88b89,0.0,none,5,order2_plus_significant,2,2,sim-3b,synthetic,none,3,none,,,16.702,4.507,317.9,2026-09-17T23:33:20Z,,718,202,13,189,200,333,9,146,30,0,0.2785515320334262,0.9456824512534819,0.054317548746518104,0.04596100278551532,0.07381615598885793,8,250,0.62,0.63,100,0.48,0.48,25,8.0,11.166666666666666,-6.0,2.0,0.0,0.0,10,,,,,0.375,0.375,16,0.3333333333333333,0.3333333333333333,3,0.02726561401012988,0.9813046112246144,0.8106380791461901,0.9777219624853721,33.29347826086956,0.5259259259259259,0.297029702970297,0.019801980198019802,303,0.1,0.022222222222222223,1.0,0.0,1.0,1.0,0.5555555555555556,0.29949238578680204,0.03807106598984772,394,0.21348314606741572,0.025423728813559324,1.0,0.0,0.6891891891891891,1.0,0.5555555555555556,0.28440366972477066,0.045871559633027525,545,0.38461538461538464,0.12258064516129032,1.0,0.0,0.5822784810126582,1.0,0.5555555555555556,0.2785515320334262,0.054317548746518104,718,0.5494505494505495,0.21,1.0,0.0,0.5822784810126582,1.0,303,0,0,0,90,200,1,7,5,0,0.297029702970297,0.9801980198019802,0.019801980198019802,0.0231023102310231,0.039603960396039604,0,0,0.62,0.62,100,0.36,0.36,25,18.0,18.444444444444443,1.0,-1.0,0.0,0.0,10,,,,,0.1875,0.1875,16,0.3333333333333333,0.3333333333333333,3,0.012813750545107973,0.9897114403140848,394,127,5,122,118,237,2,24,13,0,0.29949238578680204,0.9619289340101523,0.03807106598984772,0.03807106598984772,0.05583756345177665,5,217,0.62,0.63,100,0.48,0.48,25,8.0,11.166666666666666,-6.0,0.0,0.0,0.0,10,,,,,0.3125,0.3125,16,0.3333333333333333,0.3333333333333333,3,0.016681400190223634,0.978610334200376,545,154,9,145,155,283,5,82,20,0,0.28440366972477066,0.9541284403669725,0.045871559633027525,0.04220183486238532,0.06605504587155964,8,244,0.62,0.63,100,0.48,0.48,25,8.0,11.166666666666666,-6.0,1.0,0.0,0.0,10,,,,,0.375,0.375,16,0.3333333333333333,0.3333333333333333,3,0.022219642004305158,0.9800178071419198,718,202,13,189,200,333,9,146,30,0,0.2785515320334262,0.9456824512534819,0.054317548746518104,0.04596100278551532,0.07381615598885793,8,250,0.62,0.63,100,0.48,0.48,25,8.0,11.166666666666666,-6.0,2.0,0.0,0.0,10,,,,,0.375,0.375,16,0.3333333333333333,0.3333333333333333,3,0.02726561401012988,0.9813046112246144,0.4166666666666667,0.2916666666666667,6.363636363636363,0.5340909090909091,0.46590909090909094,0.0149812734082397,0.4,0.02888086642599278,0.6,0.2,,12.5,335,68,263,0.7850746268656716,3,1,0,1,7,5,2,3,0.0,0,759,404800,9271000,0.043663035271276025,7.655209369976269e-05,4400674,404800,3995874,2.1067227429252884,2.3201432277394134,5.120696207006257,400000,0.10010325650908912,3245844,10432,0,510061.2,194750.64,0.1622922,14.969568014144897,672,0,0,0,0,244,0,404800,404800,1810496,303,10,1810496,1146196,394,2,1146196,1039182,545,1,1039182,0,718,1,0,0,244,0,0,0,0.0,0,0,0,0,0,718,23,,,,,
compression,20260917T231153-5b07_B7_mycelic_significant_cells_only-o2-c1_s3,20260917T231153-5b07,ok,B7_mycelic,hierarchy,3,tier1,,significant_cells_only-o2-c1,1000,10000,30,10,2,1,c45ec7ed8069c397,0.0,none,5,significant_cells_only,2,1,sim-3b,synthetic,none,3,none,,,45.456,4.139,354.3,2026-09-17T23:33:20Z,,2521,597,314,283,263,375,70,652,1161,0,0.10432368107893693,0.5117017056723523,0.48829829432764776,0.47560491868306226,0.603728679095597,46,231,0.77,0.82,100,0.64,0.64,25,11.0,11.125,-5.5,2.0,0.0,0.0,10,,,,,0.4,0.45,20,1.0,1.0,2,0.4408837753956521,0.9648517775397776,0.8995463077879419,0.9262757741784022,12.521367521367521,0.5037037037037037,0.3233082706766917,0.05639097744360902,266,0.08,0.0,1.0,0.0,0.95,1.0,0.6888888888888889,0.16039823008849557,0.4004424778761062,904,0.28431372549019607,0.15862068965517243,1.0,0.0,0.6052631578947368,1.0,0.7111111111111111,0.14036418816388468,0.4393019726858877,1318,0.44339622641509435,0.24864864864864866,1.0,0.0,0.5238095238095238,1.0,0.725925925925926,0.10432368107893693,0.48829829432764776,2521,0.7117117117117117,0.3612167300380228,1.0,0.0,0.4588235294117647,1.0,266,0,0,0,86,159,1,6,14,0,0.3233082706766917,0.943609022556391,0.05639097744360902,0.05263157894736842,0.06390977443609022,0,0,0.6,0.6,100,0.32,0.32,25,23.5,20.5,5.5,-1.0,0.0,0.0,10,,,,,0.1,0.1,20,0.5,0.5,2,0.037216948294240285,0.9845853693468718,904,435,216,219,145,231,23,166,339,0,0.16039823008849557,0.5995575221238938,0.4004424778761062,0.38827433628318586,0.47123893805309736,8,162,0.7,0.77,100,0.64,0.64,25,11.5,12.75,-4.0,0.0,0.0,0.0,10,,,,,0.4,0.45,20,1.0,1.0,2,0.35760105362703454,0.969290175022656,1318,520,268,252,185,293,35,261,544,0,0.14036418816388468,0.5606980273141123,0.4393019726858877,0.4279210925644917,0.5235204855842185,55,239,0.72,0.8,100,0.64,0.64,25,11.5,12.1875,-4.5,1.0,0.0,0.0,10,,,,,0.4,0.45,20,1.0,1.0,2,0.3989003721072897,0.9701623853131619,2521,597,314,283,263,375,70,652,1161,0,0.10432368107893693,0.5117017056723523,0.48829829432764776,0.47560491868306226,0.603728679095597,46,231,0.77,0.82,100,0.64,0.64,25,11.0,11.125,-5.5,2.0,0.0,0.0,10,,,,,0.4,0.45,20,1.0,1.0,2,0.4408837753956521,0.9648517775397776,0.38333333333333336,0.46,6.9,0.2222222222222222,0.7777777777777778,0.012345679012345678,0.9,0.024357239512855212,0.5,0.5,,20.88888888888889,803,74,720,0.8966376089663761,2,2,0,2,8,3,5,7,0.0,0,779,404800,8941200,0.045273565069565605,0.0,3033277,404800,2628477,2.9477030947058247,3.4016656794029396,11.021387744234579,400000,0.1521793799222896,3102144,10810,0,487479.77142857143,186128.63999999998,0.1551072,40.02679634094238,1267,0,0,0,0,177,0,404800,404800,811259,266,10,811259,883351,904,2,883351,933867,1318,1,933867,0,2521,1,0,0,177,0,0,0,0.0,0,0,0,0,0,2521,19,,,,,
compression,20260917T231153-5b07_B7_mycelic_order2_plus_significant-o2-c4_s4,20260917T231153-5b07,ok,B7_mycelic,hierarchy,4,tier1,,order2_plus_significant-o2-c4,1000,10000,30,10,2,1,43d2c39c01e88b89,0.0,none,5,order2_plus_significant,2,4,sim-3b,synthetic,none,3,none,,,10.261,4.507,317.9,2026-09-17T23:33:30Z,,727,168,8,160,206,318,10,161,32,0,0.2833562585969739,0.9422283356258597,0.0577716643741403,0.048143053645116916,0.07977991746905089,9,234,0.63,0.64,100,0.48,0.48,25,8.0,12.0,-4.0,2.0,0.0,0.0,10,,,,,0.4375,0.4375,16,0.3333333333333333,0.3333333333333333,3,0.03470294123129686,0.9865598875861799,0.8291007009445127,0.9719802930132627,33.01075268817204,0.5185185185185185,0.30067567567567566,0.016891891891891893,296,0.10256410256410256,0.011235955056179775,1.0,0.0,1.0,1.0,0.562962962962963,0.30256410256410254,0.038461538461538464,390,0.2,0.025423728813559324,1.0,0.0,0.9863013698630136,1.0,0.562962962962963,0.28884826325411334,0.04753199268738574,547,0.4175824175824176,0.13924050632911392,1.0,0.0,0.9113924050632911,1.0,0.562962962962963,0.2833562585969739,0.0577716643741403,727,0.5824175824175825,0.23300970873786409,1.0,0.0,0.8987341772151899,1.0,296,0,0,0,89,194,1,8,4,0,0.30067567567567566,0.9831081081081081,0.016891891891891893,0.02027027027027027,0.037162162162162164,0,0,0.61,0.61,100,0.36,0.36,25,20.0,20.444444444444443,3.0,-1.0,0.0,0.0,10,,,,,0.125,0.125,16,0.3333333333333333,0.3333333333333333,3,0.010610944939028834,0.9903406746687583,390,115,5,110,118,232,2,25,13,0,0.30256410256410254,0.9615384615384616,0.038461538461538464,0.038461538461538464,0.05384615384615385,4,215,0.63,0.64,100,0.48,0.48,25,8.0,12.0,-4.0,0.0,0.0,0.0,10,,,,,0.375,0.375,16,0.3333333333333333,0.3333333333333333,3,0.02437394796593737,0.9859124095043991,547,134,7,127,158,273,5,90,21,0,0.28884826325411334,0.9524680073126143,0.04753199268738574,0.043875685557586835,0.06946983546617916,9,238,0.63,0.64,100,0.48,0.48,25,8.0,12.0,-4.0,1.0,0.0,0.0,10,,,,,0.4375,0.4375,16,0.3333333333333333,0.3333333333333333,3,0.030007892943654482,0.9861322073860675,727,168,8,160,206,318,10,161,32,0,0.2833562585969739,0.9422283356258597,0.0577716643741403,0.048143053645116916,0.07977991746905089,9,234,0.63,0.64,100,0.48,0.48,25,8.0,12.0,-4.0,2.0,0.0,0.0,10,,,,,0.4375,0.4375,16,0.3333333333333333,0.3333333333333333,3,0.03470294123129686,0.9865598875861799,0.3958333333333333,0.325,6.5,0.3068181818181818,0.6931818181818181,0.015873015873015872,0.4,0.030534351145038167,0.6,0.2,,13.0,320,68,248,0.775,3,1,0,1,7,5,2,3,0.0,0,759,404800,9271000,0.043663035271276025,7.655209369976269e-05,3608128,404800,3203328,2.569476470901254,2.894177555342444,6.160141076599437,400000,0.12487013505953808,2852988,10243,0,448326.6857142857,171179.28,0.1426494,8.603968381881714,630,0,0,0,0,244,0,404800,404800,1504998,296,10,1504998,963671,390,2,963671,734659,547,1,734659,0,727,1,0,0,244,0,0,0,0.0,0,0,0,0,0,727,23,,,,,
compression,20260917T231153-5b07_B7_mycelic_significant_cells_only-o2-c2_s3,20260917T231153-5b07,ok,B7_mycelic,hierarchy,3,tier1,,significant_cells_only-o2-c2,1000,10000,30,10,2,1,c45ec7ed8069c397,0.0,none,5,significant_cells_only,2,2,sim-3b,synthetic,none,3,none,,,25.445,4.139,352.3,2026-09-17T23:33:46Z,,2416,447,244,203,268,364,63,648,1073,0,0.11092715231788079,0.5298013245033113,0.47019867549668876,0.45778145695364236,0.589817880794702,30,184,0.79,0.81,100,0.64,0.64,25,12.0,12.75,-3.5,2.0,0.0,0.0,10,,,,,0.5,0.5,20,1.0,1.0,2,0.4243395607861878,0.966054497751681,0.9147029536559118,0.943827487084066,12.290598290598291,0.4962962962962963,0.3281853281853282,0.05405405405405406,259,0.08108108108108109,0.011764705882352941,1.0,0.0,0.95,1.0,0.6814814814814815,0.17067307692307693,0.3786057692307692,832,0.28,0.176056338028169,1.0,0.0,0.6447368421052632,1.0,0.6962962962962963,0.1517476555839727,0.4083546462063086,1173,0.4,0.24719101123595505,1.0,0.0,0.5476190476190477,1.0,0.7185185185185186,0.11092715231788079,0.47019867549668876,2416,0.7130434782608696,0.3843283582089552,1.0,0.0,0.4418604651162791,1.0,259,0,0,0,85,157,1,3,13,0,0.3281853281853282,0.9459459459459459,0.05405405405405406,0.05019305019305019,0.05791505791505792,0,0,0.6,0.6,100,0.28,0.28,25,22.0,20.428571428571427,5.0,-1.0,0.0,0.0,10,,,,,0.1,0.1,20,0.5,0.5,2,0.03769896270122239,0.9875059125081723,832,391,191,200,142,227,21,148,294,0,0.17067307692307693,0.6213942307692307,0.3786057692307692,0.3629807692307692,0.4411057692307692,7,160,0.68,0.76,100,0.64,0.64,25,12.0,13.625,-2.0,0.0,0.0,0.0,10,,,,,0.45,0.5,20,1.0,1.0,2,0.33811861860583026,0.9742848678134816,1173,452,231,221,178,281,28,235,451,0,0.1517476555839727,0.5916453537936914,0.4083546462063086,0.39641943734015345,0.48678601875532823,52,234,0.7,0.78,100,0.64,0.64,25,12.0,13.0,-3.0,1.0,0.0,0.0,10,,,,,0.45,0.5,20,1.0,1.0,2,0.3725692793744786,0.9745075633040594,2416,447,244,203,268,364,63,648,1073,0,0.11092715231788079,0.5298013245033113,0.47019867549668876,0.45778145695364236,0.589817880794702,30,184,0.79,0.81,100,0.64,0.64,25,12.0,12.75,-3.5,2.0,0.0,0.0,10,,,,,0.5,0.5,20,1.0,1.0,2,0.4243395607861878,0.966054497751681,0.39666666666666667,0.45666666666666667,7.166666666666667,0.09420289855072464,0.9057971014492754,0.01393188854489164,0.9,0.0274390243902439,0.5,0.5,,21.11111111111111,719,73,637,0.885952712100139,2,2,0,2,8,3,5,7,0.0,0,779,404800,8941200,0.045273565069565605,0.0,2380219,404800,1975419,3.7564610651372834,4.526229625208627,13.614250715261294,400000,0.20248868721015642,2636617,10432,0,414325.5285714286,158197.02000000002,0.13183085000000003,20.76636815071106,1117,0,0,0,0,177,0,404800,404800,656753,259,10,656753,708223,832,2,708223,610443,1173,1,610443,0,2416,1,0,0,177,0,0,0,0.0,0,0,0,0,0,2416,19,,,,,
compression,20260917T231153-5b07_B7_mycelic_significant_cells_only-o2-c4_s3,20260917T231153-5b07,ok,B7_mycelic,hierarchy,3,tier1,,significant_cells_only-o2-c4,1000,10000,30,10,2,1,c45ec7ed8069c397,0.0,none,5,significant_cells_only,2,4,sim-3b,synthetic,none,3,none,,,15.553,4.139,350.3,2026-09-17T23:34:01Z,,2083,284,159,125,293,316,48,583,843,0,0.14066250600096014,0.57225156024964,0.42774843975036003,0.4167066730676908,0.5463274123859817,18,164,0.78,0.8,100,0.64,0.64,25,12.0,13.0,-3.5,2.0,0.0,0.0,10,,,,,0.65,0.65,20,1.0,1.0,2,0.3888991864443099,0.9721925133766192,0.9486379973192258,0.9625823543703196,6.689075630252101,0.5037037037037037,0.3387096774193548,0.056451612903225805,248,0.08108108108108109,0.011904761904761904,1.0,0.0,0.95,1.0,0.6888888888888889,0.2097902097902098,0.31888111888111886,715,0.29245283018867924,0.21333333333333335,1.0,0.0,0.8947368421052632,1.0,0.7037037037037037,0.1849246231155779,0.35678391959798994,995,0.43119266055045874,0.2717391304347826,1.0,0.0,0.7906976744186046,1.0,0.7111111111111111,0.14066250600096014,0.42774843975036003,2083,0.7672413793103449,0.46075085324232085,0.9747899159663865,0.025210084033613446,0.4634146341463415,1.0,248,0,0,0,84,147,1,3,13,0,0.3387096774193548,0.9435483870967742,0.056451612903225805,0.05241935483870968,0.06048387096774194,0,0,0.6,0.6,100,0.32,0.32,25,22.0,21.125,5.0,-1.0,0.0,0.0,10,,,,,0.1,0.1,20,0.5,0.5,2,0.042009707767446426,0.9895903529287368,715,329,138,191,150,206,17,131,211,0,0.2097902097902098,0.6811188811188811,0.31888111888111886,0.3006993006993007,0.3734265734265734,6,155,0.7,0.77,100,0.64,0.64,25,12.0,14.5,-1.5,0.0,0.0,0.0,10,,,,,0.65,0.7,20,1.0,1.0,2,0.28141151785379825,0.9807122171544974,995,372,171,201,184,247,23,209,332,0,0.1849246231155779,0.6432160804020101,0.35678391959798994,0.34472361809045227,0.43417085427135677,44,217,0.71,0.79,100,0.64,0.64,25,12.0,14.25,-2.5,1.0,0.0,0.0,10,,,,,0.65,0.7,20,1.0,1.0,2,0.3258285440799028,0.9802615231471362,2083,284,159,125,293,316,48,583,843,0,0.14066250600096014,0.57225156024964,0.42774843975036003,0.4167066730676908,0.5463274123859817,18,164,0.78,0.8,100,0.64,0.64,25,12.0,13.0,-3.5,2.0,0.0,0.0,10,,,,,0.65,0.65,20,1.0,1.0,2,0.3888991864443099,0.9721925133766192,0.38666666666666666,0.42,7.266666666666667,0.07142857142857142,0.9285714285714286,0.016822429906542057,0.9,0.03302752293577982,0.6,0.4,,20.88888888888889,607,72,526,0.8665568369028006,2,2,0,2,8,4,4,7,0.0,0,779,404800,8941200,0.045273565069565605,0.0,1934798,404800,1529998,4.621257619658486,5.843929207750598,15.739138547440797,400000,0.26143825024607875,2375081,10243,0,373227.0142857143,142504.86000000002,0.11875405000000001,11.622823715209961,969,0,0,0,0,177,0,404800,404800,568087,248,10,568087,586985,715,2,586985,374926,995,1,374926,0,2083,1,0,0,177,0,0,0,0.0,0,0,0,0,0,2083,19,,,,,
compression,20260917T231153-5b07_B7_mycelic_order2_plus_significant-o3-c1_s4,20260917T231153-5b07,ok,B7_mycelic,hierarchy,4,tier1,,order2_plus_significant-o3-c1,1000,10000,30,10,2,1,43d2c39c01e88b89,0.0,none,5,order2_plus_significant,3,1,sim-3b,synthetic,none,3,none,,,59.947,4.507,356.5,2026-09-17T23:34:30Z,,2570,414,124,290,248,321,483,705,813,0,0.09649805447470818,0.49571984435797667,0.5042801556420233,0.3801556420233463,0.47315175097276263,16,242,0.67,0.7,100,0.92,0.92,25,11.0,10.826086956521738,-7.0,2.0,0.7,0.7,10,14.0,14.0,2.0,2.0,0.3125,0.3125,16,0.6666666666666666,0.6666666666666666,3,0.33302243425234707,0.9528667922290006,0.8604927421859622,0.973220169889126,23.623931623931625,0.5481481481481482,0.3181818181818182,0.038461538461538464,286,0.07228915662650602,0.01098901098901099,1.0,0.0,0.9838709677419355,1.0,0.7037037037037037,0.20351390922401172,0.3074670571010249,683,0.22429906542056074,0.02877697841726619,1.0,0.0,0.6428571428571429,1.0,0.7111111111111111,0.17583497053045186,0.34577603143418467,1018,0.3944954128440367,0.11173184357541899,1.0,0.0,0.4945054945054945,1.0,0.7407407407407407,0.09649805447470818,0.5042801556420233,2570,0.6140350877192983,0.18951612903225806,1.0,0.0,0.4639175257731959,1.0,286,0,0,0,91,174,5,10,6,0,0.3181818181818182,0.9615384615384616,0.038461538461538464,0.03146853146853147,0.05244755244755245,0,0,0.62,0.62,100,0.4,0.4,25,21.0,21.3,2.5,-1.0,0.2,0.2,10,24.0,24.0,11.5,-1.0,0.125,0.125,16,0.6666666666666666,0.6666666666666666,3,0.01791884557418754,0.986450314105656,683,288,80,208,139,214,92,120,118,0,0.20351390922401172,0.6925329428989752,0.3074670571010249,0.20790629575402636,0.26500732064421667,7,203,0.63,0.66,100,0.88,0.88,25,11.5,11.772727272727273,-5.0,0.0,0.7,0.7,10,16.0,15.428571428571429,3.0,0.0,0.25,0.25,16,0.6666666666666666,0.6666666666666666,3,0.17567566913381671,0.9677693733797904,1018,342,105,237,179,264,126,223,226,0,0.17583497053045186,0.6542239685658153,0.34577603143418467,0.26129666011787817,0.32220039292730845,16,237,0.63,0.67,100,0.88,0.88,25,11.5,11.545454545454545,-5.0,1.0,0.7,0.7,10,16.0,15.285714285714286,3.0,1.0,0.3125,0.3125,16,0.6666666666666666,0.6666666666666666,3,0.22823390296211182,0.9669372428442334,2570,414,124,290,248,321,483,705,813,0,0.09649805447470818,0.49571984435797667,0.5042801556420233,0.3801556420233463,0.47315175097276263,16,242,0.67,0.7,100,0.92,0.92,25,11.0,10.826086956521738,-7.0,2.0,0.7,0.7,10,14.0,14.0,2.0,2.0,0.3125,0.3125,16,0.6666666666666666,0.6666666666666666,3,0.33302243425234707,0.9528667922290006,0.44166666666666665,0.30416666666666664,5.615384615384615,0.5181818181818182,0.4818181818181818,0.010676156583629894,0.6,0.02097902097902098,0.6,0.3,,10.666666666666666,634,72,556,0.8769716088328076,3,2,0,2,7,4,3,4,0.0,0,759,404800,9271000,0.043663035271276025,3.506065493303415e-05,7758534,404800,7353734,1.1949422403768546,1.2607200641198064,3.0518354464547883,400000,0.054394135006787026,7121784,10810,0,1119137.4857142856,427307.04,0.3560892,55.194708824157715,1006,0,0,0,0,244,0,404800,404800,3037844,286,10,3037844,2217752,683,2,2217752,2098138,1018,1,2098138,0,2570,1,0,0,244,0,0,0,0.0,0,0,0,0,0,2570,3,2,,,,
compression,20260917T231153-5b07_B7_mycelic_significant_cells_only-o3-c1_s3,20260917T231153-5b07,ok,B7_mycelic,hierarchy,3,tier1,,significant_cells_only-o3-c1,1000,10000,30,10,2,1,c45ec7ed8069c397,0.0,none,5,significant_cells_only,3,1,sim-3b,synthetic,none,3,none,,,53.961,4.139,349.3,2026-09-17T23:34:56Z,,1839,345,117,228,261,281,391,424,482,0,0.14192495921696574,0.5252854812398042,0.47471451876019577,0.3235454051114736,0.4312126155519304,20,185,0.69,0.71,100,0.92,0.92,25,12.0,12.08695652173913,-4.0,2.0,0.8,0.8,10,17.5,17.0,6.5,2.0,0.3,0.35,20,1.0,1.0,2,0.2791831862122738,0.9550379028107562,0.8898972840873848,0.9759056649955268,19.068376068376068,0.4666666666666667,0.33624454148471616,0.048034934497816595,229,0.08823529411764706,0.012987012987012988,1.0,0.0,0.9272727272727272,1.0,0.7333333333333333,0.24734982332155478,0.2915194346289753,566,0.24271844660194175,0.12142857142857143,1.0,0.0,0.6623376623376623,1.0,0.7407407407407407,0.21461716937354988,0.33178654292343385,862,0.41284403669724773,0.22162162162162163,1.0,0.0,0.5172413793103449,1.0,0.7555555555555555,0.14192495921696574,0.47471451876019577,1839,0.6637168141592921,0.28735632183908044,1.0,0.0,0.45652173913043476,1.0,229,0,0,0,77,137,1,4,10,0,0.33624454148471616,0.9519650655021834,0.048034934497816595,0.043668122270742356,0.05240174672489083,0,0,0.55,0.55,100,0.28,0.28,25,17.0,17.571428571428573,-4.0,-1.0,0.1,0.1,10,28.0,28.0,13.0,-1.0,0.05,0.05,20,0.5,0.5,2,0.031138911284972735,0.9856841802400658,566,258,83,175,140,180,74,81,91,0,0.24734982332155478,0.7084805653710248,0.2915194346289753,0.19257950530035337,0.254416961130742,6,142,0.62,0.69,100,0.88,0.88,25,13.0,13.090909090909092,-4.0,0.0,0.8,0.8,10,18.5,17.75,7.5,0.0,0.25,0.3,20,1.0,1.0,2,0.16192830496363275,0.9693487996632795,862,299,109,190,185,231,126,160,160,0,0.21461716937354988,0.6682134570765661,0.33178654292343385,0.22621809744779584,0.308584686774942,20,172,0.66,0.7,100,0.88,0.88,25,11.5,12.5,-4.0,1.0,0.8,0.8,10,18.0,17.5,7.5,1.0,0.3,0.35,20,1.0,1.0,2,0.19482327211411127,0.9673253879199222,1839,345,117,228,261,281,391,424,482,0,0.14192495921696574,0.5252854812398042,0.47471451876019577,0.3235454051114736,0.4312126155519304,20,185,0.69,0.71,100,0.92,0.92,25,12.0,12.08695652173913,-4.0,2.0,0.8,0.8,10,17.5,17.0,6.5,2.0,0.3,0.35,20,1.0,1.0,2,0.2791831862122738,0.9550379028107562,0.43666666666666665,0.34,6.333333333333333,0.40625,0.59375,0.015418502202643172,0.7,0.030172413793103446,0.8,0.2,,15.0,526,72,447,0.8498098859315589,2,2,0,2,8,6,2,5,0.0,0,779,404800,8941200,0.045273565069565605,0.0,6080825,404800,5676025,1.4703925865322551,1.5752573323760906,3.9938108706411217,400000,0.0704718531014222,6732550,10810,0,1057972.142857143,403953.0,0.3366275,50.23552989959717,868,0,0,0,0,177,0,404800,404800,2238764,229,10,2238764,1737166,566,2,1737166,1700095,862,1,1700095,0,1839,1,0,0,177,0,0,0,0.0,0,0,0,0,0,1839,2,1,1,,,
compression,20260917T231153-5b07_B7_mycelic_order2_plus_significant-o3-c2_s4,20260917T231153-5b07,ok,B7_mycelic,hierarchy,4,tier1,,order2_plus_significant-o3-c2,1000,10000,30,10,2,1,43d2c39c01e88b89,0.0,none,5,order2_plus_significant,3,2,sim-3b,synthetic,none,3,none,,,35.189,4.507,351.6,2026-09-17T23:35:06Z,,2546,343,98,245,249,315,494,692,796,0,0.09780047132757266,0.49332285938727416,0.5066771406127258,0.377847604084839,0.46975648075412413,11,211,0.68,0.7,100,0.92,0.92,25,12.0,12.08695652173913,-3.0,2.0,0.7,0.7,10,14.0,14.285714285714286,2.0,2.0,0.25,0.25,16,0.6666666666666666,0.6666666666666666,3,0.3337648613720039,0.9559172572871648,0.865996892978262,0.9836159506906211,23.603448275862068,0.5407407407407407,0.32116788321167883,0.032846715328467155,274,0.07407407407407407,0.011363636363636364,1.0,0.0,0.9682539682539683,1.0,0.7111111111111111,0.20512820512820512,0.3092006033182504,663,0.205607476635514,0.029411764705882353,1.0,0.0,0.6823529411764706,1.0,0.7111111111111111,0.18153846153846154,0.34564102564102567,975,0.3944954128440367,0.11299435028248588,1.0,0.0,0.5434782608695652,1.0,0.7407407407407407,0.09780047132757266,0.5066771406127258,2546,0.6403508771929824,0.20080321285140562,1.0,0.0,0.5204081632653061,1.0,274,0,0,0,88,169,5,8,4,0,0.32116788321167883,0.9671532846715328,0.032846715328467155,0.025547445255474453,0.043795620437956206,0,0,0.63,0.63,100,0.32,0.32,25,22.0,21.375,2.5,-1.0,0.2,0.2,10,24.0,24.0,11.5,-1.0,0.0625,0.0625,16,0.6666666666666666,0.6666666666666666,3,0.013501687232261092,0.9879542419767866,663,268,73,195,136,209,91,113,114,0,0.20512820512820512,0.6907993966817496,0.3092006033182504,0.21116138763197587,0.2669683257918552,5,194,0.64,0.67,100,0.88,0.88,25,13.0,12.818181818181818,-3.5,0.0,0.7,0.7,10,16.0,16.0,4.0,0.0,0.1875,0.1875,16,0.6666666666666666,0.6666666666666666,3,0.18289435392006995,0.9717329662880942,975,321,96,225,177,256,124,205,213,0,0.18153846153846154,0.6543589743589744,0.34564102564102567,0.2605128205128205,0.318974358974359,14,224,0.64,0.67,100,0.88,0.88,25,12.0,12.363636363636363,-3.5,1.0,0.7,0.7,10,16.0,15.714285714285714,4.0,1.0,0.25,0.25,16,0.6666666666666666,0.6666666666666666,3,0.23224155804969038,0.9717287375368698,2546,343,98,245,249,315,494,692,796,0,0.09780047132757266,0.49332285938727416,0.5066771406127258,0.377847604084839,0.46975648075412413,11,211,0.68,0.7,100,0.92,0.92,25,12.0,12.08695652173913,-3.0,2.0,0.7,0.7,10,14.0,14.285714285714286,2.0,2.0,0.25,0.25,16,0.6666666666666666,0.6666666666666666,3,0.3337648613720039,0.9559172572871648,0.375,0.3416666666666667,6.3076923076923075,0.4803921568627451,0.5196078431372548,0.011650485436893204,0.6,0.02285714285714286,0.5,0.4,,12.0,587,72,509,0.8671209540034072,3,2,0,2,7,3,4,4,0.0,0,759,404800,9271000,0.043663035271276025,3.588988981803826e-05,5900852,404800,5496052,1.5711290505167728,1.6868472132359738,3.8712269004128865,400000,0.07277951518653754,5043371,10432,0,792529.7285714287,302602.26,0.25216855,30.449571132659912,918,0,0,0,0,244,0,404800,404800,2394848,274,10,2394848,1659371,663,2,1659371,1441833,975,1,1441833,0,2546,1,0,0,244,0,0,0,0.0,0,0,0,0,0,2546,3,2,,,,
compression,20260917T231153-5b07_B7_mycelic_significant_cells_only-o3-c2_s3,20260917T231153-5b07,ok,B7_mycelic,hierarchy,3,tier1,,significant_cells_only-o3-c2,1000,10000,30,10,2,1,c45ec7ed8069c397,0.0,none,5,significant_cells_only,3,2,sim-3b,synthetic,none,3,none,,,30.534,4.139,349.3,2026-09-17T23:35:26Z,,1798,313,100,213,257,263,408,411,459,0,0.14293659621802002,0.517797552836485,0.482202447163515,0.32146829810901,0.43159065628476084,18,180,0.68,0.7,100,0.88,0.88,25,13.0,12.454545454545455,-4.0,2.0,0.8,0.8,10,19.0,17.75,7.0,2.0,0.35,0.4,20,1.0,1.0,2,0.27907380006295407,0.9569183914487868,0.8981788762317424,0.9772760663957977,18.637931034482758,0.45925925925925926,0.3393665158371041,0.04524886877828054,221,0.07462686567164178,0.013333333333333334,1.0,0.0,0.9444444444444444,1.0,0.7185185185185186,0.2541436464088398,0.285451197053407,543,0.22115384615384615,0.13768115942028986,1.0,0.0,0.7368421052631579,1.0,0.725925925925926,0.22262773722627738,0.3309002433090024,822,0.42592592592592593,0.24043715846994534,1.0,0.0,0.5747126436781609,1.0,0.7407407407407407,0.14293659621802002,0.482202447163515,1798,0.6607142857142857,0.3035019455252918,1.0,0.0,0.5217391304347826,1.0,221,0,0,0,75,134,1,2,9,0,0.3393665158371041,0.9547511312217195,0.04524886877828054,0.04072398190045249,0.04524886877828054,0,0,0.54,0.54,100,0.28,0.28,25,18.0,19.285714285714285,-3.0,-1.0,0.1,0.1,10,28.0,28.0,13.0,-1.0,0.05,0.05,20,0.5,0.5,2,0.028504129280113668,0.9877801473796612,543,239,75,164,138,177,81,73,74,0,0.2541436464088398,0.714548802946593,0.285451197053407,0.1731123388581952,0.23388581952117865,5,141,0.61,0.67,100,0.88,0.88,25,14.0,14.272727272727273,-3.5,0.0,0.8,0.8,10,21.0,20.25,8.5,0.0,0.35,0.4,20,1.0,1.0,2,0.1470801954040057,0.9739678565458108,822,272,97,175,183,221,131,146,141,0,0.22262773722627738,0.6690997566909975,0.3309002433090024,0.2141119221411192,0.2980535279805353,18,171,0.64,0.68,100,0.88,0.88,25,13.0,13.545454545454545,-4.0,1.0,0.8,0.8,10,19.0,18.0,8.0,1.0,0.35,0.4,20,1.0,1.0,2,0.18735549597026321,0.9717406240867196,1798,313,100,213,257,263,408,411,459,0,0.14293659621802002,0.517797552836485,0.482202447163515,0.32146829810901,0.43159065628476084,18,180,0.68,0.7,100,0.88,0.88,25,13.0,12.454545454545455,-4.0,2.0,0.8,0.8,10,19.0,17.75,7.0,2.0,0.35,0.4,20,1.0,1.0,2,0.27907380006295407,0.9569183914487868,0.3933333333333333,0.38333333333333336,6.411764705882353,0.35384615384615387,0.6461538461538461,0.016908212560386472,0.7,0.0330188679245283,0.8,0.2,,15.428571428571429,484,70,407,0.8409090909090909,2,2,0,2,8,6,2,5,0.0,0,779,404800,8941200,0.045273565069565605,0.0,4733958,404800,4329158,1.8887366554582867,2.065343884422791,5.093928783443649,400000,0.09239672010122985,4767345,10432,0,749154.2142857143,286040.7,0.23836725000000003,27.093360900878906,793,0,0,0,0,177,0,404800,404800,1755266,221,10,1755266,1312020,543,2,1312020,1261872,822,1,1261872,0,1798,1,0,0,177,0,0,0,0.0,0,0,0,0,0,1798,3,1,1,,,
compression,20260917T231153-5b07_B7_mycelic_order2_plus_significant-o3-c4_s4,20260917T231153-5b07,ok,B7_mycelic,hierarchy,4,tier1,,order2_plus_significant-o3-c4,1000,10000,30,10,2,1,43d2c39c01e88b89,0.0,none,5,order2_plus_significant,3,4,sim-3b,synthetic,none,3,none,,,22.457,4.507,349.8,2026-09-17T23:35:28Z,,2544,269,87,182,256,306,505,695,782,0,0.10062893081761007,0.49410377358490565,0.5058962264150944,0.37224842767295596,0.46658805031446543,11,198,0.7,0.71,100,0.92,0.92,25,8.0,12.0,-4.0,2.0,0.7,0.7,10,16.0,15.428571428571429,4.0,2.0,0.4375,0.4375,16,0.6666666666666666,0.6666666666666666,3,0.3296983194861178,0.9574498918131615,0.8732977592530048,0.953704636934988,21.54621848739496,0.5333333333333333,0.32567049808429116,0.03065134099616858,261,0.05,0.011764705882352941,1.0,0.0,0.9682539682539683,1.0,0.7185185185185186,0.21428571428571427,0.2968253968253968,630,0.19090909090909092,0.044444444444444446,1.0,0.0,0.8823529411764706,1.0,0.7185185185185186,0.19414316702819956,0.3264642082429501,922,0.4144144144144144,0.13966480446927373,1.0,0.0,0.8064516129032258,1.0,0.7481481481481481,0.10062893081761007,0.5058962264150944,2544,0.6666666666666666,0.23046875,1.0,0.0,0.49,1.0,261,0,0,0,85,161,5,7,3,0,0.32567049808429116,0.9693486590038314,0.03065134099616858,0.022988505747126436,0.0421455938697318,0,0,0.63,0.63,100,0.28,0.28,25,24.0,23.571428571428573,6.0,-1.0,0.2,0.2,10,28.0,28.0,15.5,-1.0,0.0625,0.0625,16,0.6666666666666666,0.6666666666666666,3,0.012519133416588942,0.9895306276694628,630,248,71,177,135,201,84,107,103,0,0.21428571428571427,0.7031746031746032,0.2968253968253968,0.2015873015873016,0.25873015873015875,4,190,0.65,0.68,100,0.88,0.88,25,14.0,13.272727272727273,-3.5,0.0,0.7,0.7,10,16.0,18.857142857142858,8.0,0.0,0.375,0.375,16,0.6666666666666666,0.6666666666666666,3,0.17961786205299118,0.9780305604656898,922,296,98,198,179,242,117,200,184,0,0.19414316702819956,0.6735357917570499,0.3264642082429501,0.2418655097613883,0.3091106290672451,14,214,0.65,0.68,100,0.88,0.88,25,12.0,12.909090909090908,-3.5,1.0,0.7,0.7,10,16.0,17.142857142857142,8.0,1.0,0.4375,0.4375,16,0.6666666666666666,0.6666666666666666,3,0.21957147989863018,0.9777059701372419,2544,269,87,182,256,306,505,695,782,0,0.10062893081761007,0.49410377358490565,0.5058962264150944,0.37224842767295596,0.46658805031446543,11,198,0.7,0.71,100,0.92,0.92,25,8.0,12.0,-4.0,2.0,0.7,0.7,10,16.0,15.428571428571429,4.0,2.0,0.4375,0.4375,16,0.6666666666666666,0.6666666666666666,3,0.3296983194861178,0.9574498918131615,0.37083333333333335,0.38333333333333336,6.538461538461538,0.2647058823529412,0.7352941176470589,0.012526096033402923,0.6,0.024539877300613498,0.6,0.3,,12.666666666666666,551,72,473,0.8584392014519057,3,2,0,2,7,4,3,4,0.0,0,759,404800,9271000,0.043663035271276025,3.7268932617769825e-05,4514732,404800,4109932,2.0534995211232916,2.255755083052469,4.842188830217849,400000,0.09732521122003965,3890758,10243,0,611404.8285714285,233445.47999999998,0.1945379,17.774843454360962,847,0,0,0,0,244,0,404800,404800,1914630,261,10,1914630,1263984,630,2,1263984,931318,922,1,931318,0,2544,1,0,0,244,0,0,0,0.0,0,0,0,0,0,2544,3,2,,,,
compression,20260917T231153-5b07_B7_mycelic_significant_cells_only-o1-c1_s4,20260917T231153-5b07,ok,B7_mycelic,hierarchy,4,tier1,,significant_cells_only-o1-c1,1000,10000,30,10,2,1,43d2c39c01e88b89,0.0,none,5,significant_cells_only,1,1,sim-3b,synthetic,none,3,none,,,15.492,4.507,347.8,2026-09-17T23:35:44Z,,407,112,8,104,47,290,0,41,29,0,0.11547911547911548,0.9287469287469288,0.07125307125307126,0.08353808353808354,0.14496314496314497,15,228,0.0,0.0,100,0.0,0.0,25,,,,,0.0,0.0,10,,,,,0.0,0.0,16,0.0,0.0,3,0.06086669302831123,0.9727586877381036,0.9033122794833338,1.0,2.090909090909091,0.0,0.07307692307692308,0.05384615384615385,260,0.7777777777777778,0.05263157894736842,1.0,0.0,,1.0,0.0,0.10197368421052631,0.05592105263157895,304,0.9,0.06451612903225806,1.0,0.0,,1.0,0.0,0.10893854748603352,0.0670391061452514,358,0.8181818181818182,0.07692307692307693,1.0,0.0,,1.0,0.0,0.11547911547911548,0.07125307125307126,407,0.9090909090909091,0.0851063829787234,1.0,0.0,,1.0,260,0,0,0,19,219,0,8,14,0,0.07307692307692308,0.9461538461538461,0.05384615384615385,0.06538461538461539,0.09615384615384616,0,0,0.0,0.0,100,0.0,0.0,25,,,,,0.0,0.0,10,,,,,0.0,0.0,16,0.0,0.0,3,0.05339458741915013,0.9880099720345348,304,78,7,71,31,240,0,16,17,0,0.10197368421052631,0.944078947368421,0.05592105263157895,0.06907894736842106,0.10197368421052631,12,180,0.0,0.0,100,0.0,0.0,25,,,,,0.0,0.0,10,,,,,0.0,0.0,16,0.0,0.0,3,0.041393629416188404,0.9723146820477674,358,92,6,86,39,267,0,28,24,0,0.10893854748603352,0.9329608938547486,0.0670391061452514,0.08100558659217877,0.12849162011173185,15,221,0.0,0.0,100,0.0,0.0,25,,,,,0.0,0.0,10,,,,,0.0,0.0,16,0.0,0.0,3,0.05540421536419749,0.9720865493961837,407,112,8,104,47,290,0,41,29,0,0.11547911547911548,0.9287469287469288,0.07125307125307126,0.08353808353808354,0.14496314496314497,15,228,0.0,0.0,100,0.0,0.0,25,,,,,0.0,0.0,10,,,,,0.0,0.0,16,0.0,0.0,3,0.06086669302831123,0.9727586877381036,0.4875,0.0,,,,0.0,0.0,0.0,0.7,0.0,,,212,0,212,1.0,3,0,0,0,7,7,0,0,0.0,0,759,404800,9271000,0.043663035271276025,0.0,1752960,404800,1348160,5.28876871120847,6.876780204130074,18.54749005705689,400000,0.296700688345597,2193654,10810,0,344717.0571428571,131619.24,0.10968270000000001,14.615994691848755,488,0,0,0,0,244,0,404800,404800,499852,260,10,499852,423430,304,2,423430,424878,358,1,424878,0,407,1,0,0,244,0,0,0,0.0,0,0,0,0,0,407,35,,,,,
compression,20260917T231153-5b07_B7_mycelic_significant_cells_only-o3-c4_s3,20260917T231153-5b07,ok,B7_mycelic,hierarchy,3,tier1,,significant_cells_only-o3-c4,1000,10000,30,10,2,1,c45ec7ed8069c397,0.0,none,5,significant_cells_only,3,4,sim-3b,synthetic,none,3,none,,,19.481,4.139,348.3,2026-09-17T23:35:46Z,,1816,223,69,154,257,254,410,426,469,0,0.14151982378854625,0.5159691629955947,0.4840308370044053,0.32268722466960353,0.42345814977973567,15,156,0.69,0.7,100,0.84,0.84,25,12.0,12.761904761904763,-4.0,2.0,0.8,0.8,10,20.0,19.0,8.0,2.0,0.4,0.4,20,1.0,1.0,2,0.28306203858554296,0.9598994799031524,0.9096591742075923,0.9543362678919974,15.422413793103448,0.45925925925925926,0.35046728971962615,0.04672897196261682,214,0.07462686567164178,0.013333333333333334,1.0,0.0,0.9444444444444444,1.0,0.7111111111111111,0.2556390977443609,0.2781954887218045,532,0.22549019607843138,0.13970588235294118,1.0,0.0,0.8918918918918919,1.0,0.7185185185185186,0.22698612862547288,0.3266078184110971,793,0.3944954128440367,0.23333333333333334,1.0,0.0,0.7906976744186046,1.0,0.7333333333333333,0.14151982378854625,0.4840308370044053,1816,0.6695652173913044,0.30739299610894943,1.0,0.0,0.4945054945054945,1.0,214,0,0,0,75,127,0,2,10,0,0.35046728971962615,0.9532710280373832,0.04672897196261682,0.04672897196261682,0.0514018691588785,0,0,0.54,0.54,100,0.28,0.28,25,20.0,20.142857142857142,-1.0,-1.0,0.1,0.1,10,28.0,28.0,13.0,-1.0,0.05,0.05,20,0.5,0.5,2,0.03572390149458769,0.9889949295319709,532,213,61,152,136,173,75,75,73,0,0.2556390977443609,0.7218045112781954,0.2781954887218045,0.16729323308270677,0.2274436090225564,5,139,0.61,0.67,100,0.84,0.84,25,12.0,14.285714285714286,-3.0,0.0,0.8,0.8,10,22.0,21.5,9.5,0.0,0.3,0.35,20,1.0,1.0,2,0.14621058778824123,0.9789173547055344,793,238,78,160,180,210,124,144,135,0,0.22698612862547288,0.6733921815889029,0.3266078184110971,0.2055485498108449,0.2837326607818411,19,171,0.64,0.68,100,0.84,0.84,25,12.0,13.523809523809524,-3.0,1.0,0.8,0.8,10,20.0,19.0,8.0,1.0,0.35,0.4,20,1.0,1.0,2,0.18436205514444273,0.9777249724619447,1816,223,69,154,257,254,410,426,469,0,0.14151982378854625,0.5159691629955947,0.4840308370044053,0.32268722466960353,0.42345814977973567,15,156,0.69,0.7,100,0.84,0.84,25,12.0,12.761904761904763,-4.0,2.0,0.8,0.8,10,20.0,19.0,8.0,2.0,0.4,0.4,20,1.0,1.0,2,0.28306203858554296,0.9598994799031524,0.35333333333333333,0.4,6.5,0.12878787878787878,0.8712121212121212,0.01871657754010695,0.7,0.036458333333333336,0.8,0.2,,18.285714285714285,444,70,367,0.8265765765765766,2,2,0,2,8,6,2,5,0.0,0,779,404800,8941200,0.045273565069565605,0.0,3596422,404800,3191622,2.486137611214702,2.801459571340215,6.550761588676177,400000,0.12532812469647095,3669964,10243,0,576708.6285714286,220197.84,0.1834982,15.909974813461304,713,0,0,0,0,177,0,404800,404800,1364910,214,10,1364910,1013637,532,2,1013637,813075,793,1,813075,0,1816,1,0,0,177,0,0,0,0.0,0,0,0,0,0,1816,3,2,1,,,
compression,20260917T231153-5b07_B7_mycelic_significant_cells_only-o1-c2_s4,20260917T231153-5b07,ok,B7_mycelic,hierarchy,4,tier1,,significant_cells_only-o1-c2,1000,10000,30,10,2,1,43d2c39c01e88b89,0.0,none,5,significant_cells_only,1,2,sim-3b,synthetic,none,3,none,,,8.777,4.507,347.8,2026-09-17T23:35:53Z,,384,101,8,93,45,273,0,39,27,0,0.1171875,0.9296875,0.0703125,0.08333333333333333,0.140625,13,215,0.0,0.0,100,0.0,0.0,25,,,,,0.0,0.0,10,,,,,0.0,0.0,16,0.0,0.0,3,0.06291739096137676,0.9788754982218203,0.8641011696688864,1.0,2.4545454545454546,0.0,0.06827309236947791,0.05220883534136546,249,0.7777777777777778,0.058823529411764705,1.0,0.0,,1.0,0.0,0.10309278350515463,0.048109965635738834,291,0.9,0.06666666666666667,1.0,0.0,,1.0,0.0,0.11242603550295859,0.0621301775147929,338,0.8181818181818182,0.07894736842105263,1.0,0.0,,1.0,0.0,0.1171875,0.0703125,384,0.9090909090909091,0.08888888888888889,1.0,0.0,,1.0,249,0,0,0,17,211,0,8,13,0,0.06827309236947791,0.9477911646586346,0.05220883534136546,0.0642570281124498,0.0963855421686747,0,0,0.0,0.0,100,0.0,0.0,25,,,,,0.0,0.0,10,,,,,0.0,0.0,16,0.0,0.0,3,0.05324036891476535,0.9889833408023154,291,67,6,61,30,231,0,16,14,0,0.10309278350515463,0.9518900343642611,0.048109965635738834,0.061855670103092786,0.09278350515463918,11,174,0.0,0.0,100,0.0,0.0,25,,,,,0.0,0.0,10,,,,,0.0,0.0,16,0.0,0.0,3,0.03969548300037326,0.9778398128972805,338,83,6,77,38,252,0,27,21,0,0.11242603550295859,0.9378698224852071,0.0621301775147929,0.07692307692307693,0.12130177514792899,13,212,0.0,0.0,100,0.0,0.0,25,,,,,0.0,0.0,10,,,,,0.0,0.0,16,0.0,0.0,3,0.05507776024888614,0.9780564743860595,384,101,8,93,45,273,0,39,27,0,0.1171875,0.9296875,0.0703125,0.08333333333333333,0.140625,13,215,0.0,0.0,100,0.0,0.0,25,,,,,0.0,0.0,10,,,,,0.0,0.0,16,0.0,0.0,3,0.06291739096137676,0.9788754982218203,0.4875,0.0,,,,0.0,0.0,0.0,0.7,0.0,,,201,0,201,1.0,3,0,0,0,7,7,0,0,0.0,0,759,404800,9271000,0.043663035271276025,0.0,1618506,404800,1213706,5.728122107672137,7.638587928213258,21.0072418449937,400000,0.32956910487383273,2133532,10432,0,335269.3142857143,128011.92000000001,0.10667660000000001,7.980506658554077,460,0,0,0,0,244,0,404800,404800,441324,249,10,441324,383428,291,2,383428,388954,338,1,388954,0,384,1,0,0,244,0,0,0,0.0,0,0,0,0,0,384,35,,,,,
compression,20260917T231153-5b07_B7_mycelic_significant_cells_only-o1-c4_s4,20260917T231153-5b07,ok,B7_mycelic,hierarchy,4,tier1,,significant_cells_only-o1-c4,1000,10000,30,10,2,1,43d2c39c01e88b89,0.0,none,5,significant_cells_only,1,4,sim-3b,synthetic,none,3,none,,,5.439,4.507,347.8,2026-09-17T23:35:59Z,,358,71,3,68,44,265,0,29,20,0,0.12290502793296089,0.9441340782122905,0.055865921787709494,0.0670391061452514,0.12011173184357542,10,203,0.0,0.0,100,0.0,0.0,25,,,,,0.0,0.0,10,,,,,0.0,0.0,16,0.0,0.0,3,0.053677726433934106,0.9866386202886827,0.7447886788843474,1.0,2.6,0.0,0.07024793388429752,0.04132231404958678,242,0.875,0.0,1.0,0.0,,1.0,0.0,0.09859154929577464,0.03873239436619718,284,0.8888888888888888,0.0,1.0,0.0,,1.0,0.0,0.11214953271028037,0.04984423676012461,321,0.8888888888888888,0.027777777777777776,1.0,0.0,,1.0,0.0,0.12290502793296089,0.055865921787709494,358,0.8888888888888888,0.045454545454545456,1.0,0.0,,1.0,242,0,0,0,17,210,0,5,10,0,0.07024793388429752,0.9586776859504132,0.04132231404958678,0.049586776859504134,0.08677685950413223,0,0,0.0,0.0,100,0.0,0.0,25,,,,,0.0,0.0,10,,,,,0.0,0.0,16,0.0,0.0,3,0.04039268978478394,0.9908059129252799,284,48,5,43,28,231,0,14,11,0,0.09859154929577464,0.9612676056338029,0.03873239436619718,0.04929577464788732,0.09154929577464789,8,169,0.0,0.0,100,0.0,0.0,25,,,,,0.0,0.0,10,,,,,0.0,0.0,16,0.0,0.0,3,0.03640246423642557,0.9871066895885384,321,59,3,56,36,248,0,21,16,0,0.11214953271028037,0.9501557632398754,0.04984423676012461,0.06230529595015576,0.10903426791277258,10,202,0.0,0.0,100,0.0,0.0,25,,,,,0.0,0.0,10,,,,,0.0,0.0,16,0.0,0.0,3,0.048873604922701736,0.9865683089725462,358,71,3,68,44,265,0,29,20,0,0.12290502793296089,0.9441340782122905,0.055865921787709494,0.0670391061452514,0.12011173184357542,10,203,0.0,0.0,100,0.0,0.0,25,,,,,0.0,0.0,10,,,,,0.0,0.0,16,0.0,0.0,3,0.053677726433934106,0.9866386202886827,0.4875,0.0,,,,0.0,0.0,0.0,0.7,0.0,,,187,0,187,1.0,3,0,0,0,7,7,0,0,0.0,0,759,404800,9271000,0.043663035271276025,0.0,1745083,404800,1340283,5.3126412898412285,6.917195845951937,19.312169312169313,400000,0.2984444330040745,2151921,10243,0,338159.01428571425,129115.26,0.10759605,4.6338255405426025,405,0,0,0,0,244,0,404800,404800,480060,242,10,480060,434224,284,2,434224,425999,321,1,425999,0,358,1,0,0,244,0,0,0,0.0,0,0,0,0,0,358,35,,,,,
compression,20260917T231153-5b07_B7_mycelic_claims_only-o1-c1_s3,20260917T231153-5b07,ok,B7_mycelic,hierarchy,3,tier1,,claims_only-o1-c1,1000,10000,30,10,2,1,c45ec7ed8069c397,0.0,none,5,claims_only,1,1,sim-3b,synthetic,none,3,none,,,13.012,4.139,348.3,2026-09-17T23:35:59Z,,358,56,2,54,33,279,0,18,28,0,0.09217877094972067,0.9217877094972067,0.0782122905027933,0.0893854748603352,0.12011173184357542,14,167,0.0,0.0,100,0.0,0.0,25,,,,,0.0,0.0,10,,,,,0.0,0.0,20,0.0,0.0,2,0.06530552051944882,0.9710526461784462,0.6649364435580163,0.9980506822612085,21.666666666666668,0.0,0.06306306306306306,0.06756756756756757,222,0.42857142857142855,0.0,1.0,0.0,,1.0,0.0,0.08076923076923077,0.07307692307692308,260,0.7142857142857143,0.0,1.0,0.0,,1.0,0.0,0.08544303797468354,0.0759493670886076,316,0.625,0.037037037037037035,1.0,0.0,,1.0,0.0,0.09217877094972067,0.0782122905027933,358,0.75,0.06060606060606061,1.0,0.0,,1.0,222,0,0,0,14,189,0,4,15,0,0.06306306306306306,0.9324324324324325,0.06756756756756757,0.08108108108108109,0.1036036036036036,0,0,0.0,0.0,100,0.0,0.0,25,,,,,0.0,0.0,10,,,,,0.0,0.0,20,0.0,0.0,2,0.06595601200780883,0.9848749309267278,260,58,2,56,21,212,0,8,19,0,0.08076923076923077,0.926923076923077,0.07307692307692308,0.08846153846153847,0.11538461538461539,12,149,0.0,0.0,100,0.0,0.0,25,,,,,0.0,0.0,10,,,,,0.0,0.0,20,0.0,0.0,2,0.059100839147672696,0.968071140086717,316,50,1,49,27,252,0,13,24,0,0.08544303797468354,0.9240506329113924,0.0759493670886076,0.08860759493670886,0.11708860759493671,14,154,0.0,0.0,100,0.0,0.0,25,,,,,0.0,0.0,10,,,,,0.0,0.0,20,0.0,0.0,2,0.06319273576978751,0.9690708085100442,358,56,2,54,33,279,0,18,28,0,0.09217877094972067,0.9217877094972067,0.0782122905027933,0.0893854748603352,0.12011173184357542,14,167,0.0,0.0,100,0.0,0.0,25,,,,,0.0,0.0,10,,,,,0.0,0.0,20,0.0,0.0,2,0.06530552051944882,0.9710526461784462,0.48,0.0,,,,0.0,0.0,0.0,0.8,0.0,,,170,0,170,1.0,2,0,0,0,8,8,0,0,0.0,0,779,404800,8941200,0.045273565069565605,0.0,1535994,404800,1131194,5.821116488736284,7.904214484871737,19.55420643321407,400000,0.35360866482672293,2140084,10810,0,336298.9142857143,128405.04,0.1070042,12.264670610427856,418,0,0,0,0,177,0,404800,404800,457252,222,10,457252,347162,260,2,347162,326780,316,1,326780,0,358,1,0,0,177,0,0,0,0.0,0,0,0,0,0,358,35,,,,,
compression,20260917T231153-5b07_B7_mycelic_claims_only-o1-c2_s3,20260917T231153-5b07,ok,B7_mycelic,hierarchy,3,tier1,,claims_only-o1-c2,1000,10000,30,10,2,1,c45ec7ed8069c397,0.0,none,5,claims_only,1,2,sim-3b,synthetic,none,3,none,,,7.399,4.139,348.3,2026-09-17T23:36:07Z,,332,52,0,52,30,263,0,13,26,0,0.09036144578313253,0.9216867469879518,0.0783132530120482,0.09036144578313253,0.1144578313253012,15,162,0.0,0.0,100,0.0,0.0,25,,,,,0.0,0.0,10,,,,,0.0,0.0,20,0.0,0.0,2,0.06979636862384998,0.9757726718217054,0.6654513235909686,0.9981481481481482,22.0,0.0,0.059907834101382486,0.06451612903225806,217,0.42857142857142855,0.0,1.0,0.0,,1.0,0.0,0.07142857142857142,0.07539682539682539,252,0.5714285714285714,0.0,1.0,0.0,,1.0,0.0,0.08,0.07666666666666666,300,0.625,0.041666666666666664,1.0,0.0,,1.0,0.0,0.09036144578313253,0.0783132530120482,332,0.75,0.06666666666666667,1.0,0.0,,1.0,217,0,0,0,13,187,0,3,14,0,0.059907834101382486,0.9354838709677419,0.06451612903225806,0.07834101382488479,0.0967741935483871,0,0,0.0,0.0,100,0.0,0.0,25,,,,,0.0,0.0,10,,,,,0.0,0.0,20,0.0,0.0,2,0.0653752709817193,0.9870342571568345,252,56,1,55,18,208,0,7,19,0,0.07142857142857142,0.9246031746031746,0.07539682539682539,0.09126984126984126,0.11507936507936507,12,145,0.0,0.0,100,0.0,0.0,25,,,,,0.0,0.0,10,,,,,0.0,0.0,20,0.0,0.0,2,0.06589336904094999,0.9746235277711088,300,46,0,46,24,243,0,10,23,0,0.08,0.9233333333333333,0.07666666666666666,0.09,0.11333333333333333,15,157,0.0,0.0,100,0.0,0.0,25,,,,,0.0,0.0,10,,,,,0.0,0.0,20,0.0,0.0,2,0.06859359826193283,0.9745407071342258,332,52,0,52,30,263,0,13,26,0,0.09036144578313253,0.9216867469879518,0.0783132530120482,0.09036144578313253,0.1144578313253012,15,162,0.0,0.0,100,0.0,0.0,25,,,,,0.0,0.0,10,,,,,0.0,0.0,20,0.0,0.0,2,0.06979636862384998,0.9757726718217054,0.48,0.0,,,,0.0,0.0,0.0,0.8,0.0,,,165,0,165,1.0,2,0,0,0,8,8,0,0,0.0,0,779,404800,8941200,0.045273565069565605,0.0,1443669,404800,1038869,6.193386434147993,8.606667443152121,22.15800951625694,400000,0.38503410920914954,2090190,10432,0,328458.4285714286,125411.40000000001,0.1045095,6.722237825393677,391,0,0,0,0,177,0,404800,404800,403520,217,10,403520,323224,252,2,323224,312125,300,1,312125,0,332,1,0,0,177,0,0,0,0.0,0,0,0,0,0,332,35,,,,,
compression,20260917T231153-5b07_B7_mycelic_claims_only-o1-c4_s3,20260917T231153-5b07,ok,B7_mycelic,hierarchy,3,tier1,,claims_only-o1-c4,1000,10000,30,10,2,1,c45ec7ed8069c397,0.0,none,5,claims_only,1,4,sim-3b,synthetic,none,3,none,,,4.407,4.139,347.3,2026-09-17T23:36:11Z,,305,34,1,33,31,239,0,17,18,0,0.10163934426229508,0.940983606557377,0.05901639344262295,0.06885245901639345,0.10819672131147541,15,147,0.0,0.0,100,0.0,0.0,25,,,,,0.0,0.0,10,,,,,0.0,0.0,20,0.0,0.0,2,0.054361472706473124,0.9827631172059816,0.6119815937182449,0.9947916666666666,29.0,0.0,0.061611374407582936,0.05687203791469194,211,0.42857142857142855,0.0,1.0,0.0,,1.0,0.0,0.07755102040816327,0.06938775510204082,245,0.5,0.0,1.0,0.0,,1.0,0.0,0.08865248226950355,0.06382978723404255,282,0.6666666666666666,0.0,1.0,0.0,,1.0,0.0,0.10163934426229508,0.05901639344262295,305,0.7777777777777778,0.0,1.0,0.0,,1.0,211,0,0,0,13,183,0,3,12,0,0.061611374407582936,0.943127962085308,0.05687203791469194,0.07109004739336493,0.0947867298578199,0,0,0.0,0.0,100,0.0,0.0,25,,,,,0.0,0.0,10,,,,,0.0,0.0,20,0.0,0.0,2,0.059134971376604735,0.9880449239832396,245,44,2,42,19,202,0,7,17,0,0.07755102040816327,0.9306122448979591,0.06938775510204082,0.08163265306122448,0.11428571428571428,12,142,0.0,0.0,100,0.0,0.0,25,,,,,0.0,0.0,10,,,,,0.0,0.0,20,0.0,0.0,2,0.06470204361379758,0.983069390552573,282,32,1,31,25,227,0,12,18,0,0.08865248226950355,0.9361702127659575,0.06382978723404255,0.07446808510638298,0.1099290780141844,15,144,0.0,0.0,100,0.0,0.0,25,,,,,0.0,0.0,10,,,,,0.0,0.0,20,0.0,0.0,2,0.05983800531667484,0.9824000676299731,305,34,1,33,31,239,0,17,18,0,0.10163934426229508,0.940983606557377,0.05901639344262295,0.06885245901639345,0.10819672131147541,15,147,0.0,0.0,100,0.0,0.0,25,,,,,0.0,0.0,10,,,,,0.0,0.0,20,0.0,0.0,2,0.054361472706473124,0.9827631172059816,0.48,0.0,,,,0.0,0.0,0.0,0.8,0.0,,,161,0,161,1.0,2,0,0,0,8,8,0,0,0.0,0,779,404800,8941200,0.045273565069565605,0.0,1445888,404800,1041088,6.183881462464589,8.58832298518473,22.871847868906137,400000,0.3842134382492162,2077313,10243,0,326434.9,124638.78,0.10386565,3.8370378017425537,357,0,0,0,0,177,0,404800,404800,390926,211,10,390926,328637,245,2,328637,321525,282,1,321525,0,305,1,0,0,177,0,0,0,0.0,0,0,0,0,0,305,35,,,,,
compression,20260917T231153-5b07_B7_mycelic_claims_only-o2-c1_s3,20260917T231153-5b07,ok,B7_mycelic,hierarchy,3,tier1,,claims_only-o2-c1,1000,10000,30,10,2,1,c45ec7ed8069c397,0.0,none,5,claims_only,2,1,sim-3b,synthetic,none,3,none,,,20.768,4.139,347.3,2026-09-17T23:36:32Z,,764,125,34,91,210,284,5,109,156,0,0.27486910994764396,0.7892670157068062,0.2107329842931937,0.21596858638743455,0.3036649214659686,7,139,0.67,0.68,100,0.36,0.36,25,12.0,17.88888888888889,-5.0,2.0,0.0,0.0,10,,,,,0.2,0.2,20,0.5,0.5,2,0.19491876642569503,0.9766468354157195,0.9551392281747009,0.9884958791208791,5.263736263736264,0.5037037037037037,0.3233082706766917,0.05639097744360902,266,0.08,0.0,1.0,0.0,0.95,1.0,0.5333333333333333,0.3162162162162162,0.12162162162162163,370,0.25301204819277107,0.11965811965811966,1.0,0.0,0.5076923076923077,1.0,0.5333333333333333,0.286697247706422,0.12614678899082568,436,0.2857142857142857,0.12,1.0,0.0,0.5,1.0,0.5703703703703704,0.27486910994764396,0.2107329842931937,764,0.8777777777777778,0.37142857142857144,1.0,0.0,0.4714285714285714,1.0,266,0,0,0,86,159,1,6,14,0,0.3233082706766917,0.943609022556391,0.05639097744360902,0.05263157894736842,0.06390977443609022,0,0,0.6,0.6,100,0.32,0.32,25,23.5,20.5,5.5,-1.0,0.0,0.0,10,,,,,0.1,0.1,20,0.5,0.5,2,0.037216948294240285,0.9845853693468718,370,121,32,89,117,189,2,19,43,0,0.3162162162162162,0.8783783783783784,0.12162162162162163,0.11891891891891893,0.15405405405405406,5,123,0.62,0.64,100,0.32,0.32,25,21.0,19.25,1.0,0.0,0.0,0.0,10,,,,,0.2,0.2,20,0.5,0.5,2,0.08918640858964325,0.9684111164968957,436,117,32,85,125,229,2,27,53,0,0.286697247706422,0.8738532110091743,0.12614678899082568,0.12385321100917432,0.16055045871559634,7,129,0.62,0.64,100,0.32,0.32,25,21.0,19.25,1.0,1.0,0.0,0.0,10,,,,,0.2,0.2,20,0.5,0.5,2,0.0973136060585333,0.969424259059402,764,125,34,91,210,284,5,109,156,0,0.27486910994764396,0.7892670157068062,0.2107329842931937,0.21596858638743455,0.3036649214659686,7,139,0.67,0.68,100,0.36,0.36,25,12.0,17.88888888888889,-5.0,2.0,0.0,0.0,10,,,,,0.2,0.2,20,0.5,0.5,2,0.19491876642569503,0.9766468354157195,0.47333333333333333,0.12666666666666668,6.25,0.16279069767441862,0.8372093023255813,0.004901960784313725,0.1,0.009345794392523364,0.3,0.6,,20.0,224,20,203,0.90625,2,1,0,0,8,2,6,1,0.0,0,779,404800,8941200,0.045273565069565605,0.0,1720726,404800,1315926,5.196178822194818,6.794606991578553,17.959987144464083,400000,0.3039684602325663,2665337,10810,0,418838.67142857146,159920.22,0.13326685,19.382177352905273,450,0,0,0,0,177,0,404800,404800,497840,266,10,497840,417428,370,2,417428,400658,436,1,400658,0,764,1,0,0,177,0,0,0,0.0,0,0,0,0,0,764,19,,,2,5,
compression,20260917T231153-5b07_B7_mycelic_claims_only-o2-c2_s3,20260917T231153-5b07,ok,B7_mycelic,hierarchy,3,tier1,,claims_only-o2-c2,1000,10000,30,10,2,1,c45ec7ed8069c397,0.0,none,5,claims_only,2,2,sim-3b,synthetic,none,3,none,,,12.273,4.139,347.3,2026-09-17T23:36:44Z,,715,112,25,87,208,268,5,93,141,0,0.2909090909090909,0.7958041958041958,0.2041958041958042,0.2097902097902098,0.2951048951048951,7,135,0.67,0.68,100,0.36,0.36,25,12.0,17.666666666666668,-5.0,2.0,0.0,0.0,10,,,,,0.25,0.25,20,0.5,0.5,2,0.19354389498971417,0.9810990362478256,0.9616052190613884,0.9887907608695652,4.141304347826087,0.4962962962962963,0.3281853281853282,0.05405405405405406,259,0.08108108108108109,0.011764705882352941,1.0,0.0,0.95,1.0,0.5259259259259259,0.3202247191011236,0.12078651685393259,356,0.25925925925925924,0.14035087719298245,1.0,0.0,0.578125,1.0,0.5259259259259259,0.29539951573849876,0.12832929782082325,413,0.27710843373493976,0.13934426229508196,1.0,0.0,0.5692307692307692,1.0,0.5703703703703704,0.2909090909090909,0.2041958041958042,715,0.8571428571428571,0.3942307692307692,1.0,0.0,0.5285714285714286,1.0,259,0,0,0,85,157,1,3,13,0,0.3281853281853282,0.9459459459459459,0.05405405405405406,0.05019305019305019,0.05791505791505792,0,0,0.6,0.6,100,0.28,0.28,25,22.0,20.428571428571427,5.0,-1.0,0.0,0.0,10,,,,,0.1,0.1,20,0.5,0.5,2,0.03769896270122239,0.9875059125081723,356,110,24,86,114,185,2,14,41,0,0.3202247191011236,0.8792134831460674,0.12078651685393259,0.11797752808988764,0.14887640449438203,4,121,0.62,0.64,100,0.28,0.28,25,18.0,19.0,-3.0,0.0,0.0,0.0,10,,,,,0.2,0.2,20,0.5,0.5,2,0.09537541336908767,0.9754783980110001,413,105,24,81,122,219,2,19,51,0,0.29539951573849876,0.8716707021791767,0.12832929782082325,0.12590799031476999,0.15738498789346247,7,130,0.62,0.64,100,0.28,0.28,25,18.0,19.0,-3.0,1.0,0.0,0.0,10,,,,,0.2,0.2,20,0.5,0.5,2,0.1062708760651554,0.9757670649260506,715,112,25,87,208,268,5,93,141,0,0.2909090909090909,0.7958041958041958,0.2041958041958042,0.2097902097902098,0.2951048951048951,7,135,0.67,0.68,100,0.36,0.36,25,12.0,17.666666666666668,-5.0,2.0,0.0,0.0,10,,,,,0.25,0.25,20,0.5,0.5,2,0.19354389498971417,0.9810990362478256,0.5133333333333333,0.08333333333333333,7.0,0.18518518518518517,0.8148148148148149,0.005405405405405406,0.1,0.010256410256410256,0.4,0.5,,20.0,205,20,184,0.8975609756097561,2,1,0,0,8,3,5,1,0.0,0,779,404800,8941200,0.045273565069565605,0.0,1549023,404800,1144223,5.772154448320006,7.81421104102959,21.149888587689293,400000,0.34958220556657227,2373218,10432,0,372934.2571428571,142393.08,0.1186609,10.806758403778076,411,0,0,0,0,177,0,404800,404800,422754,259,10,422754,364950,356,2,364950,356519,413,1,356519,0,715,1,0,0,177,0,0,0,0.0,0,0,0,0,0,715,19,,,1,6,
compression,20260917T231153-5b07_B7_mycelic_claims_only-o2-c4_s3,20260917T231153-5b07,ok,B7_mycelic,hierarchy,3,tier1,,claims_only-o2-c4,1000,10000,30,10,2,1,c45ec7ed8069c397,0.0,none,5,claims_only,2,4,sim-3b,synthetic,none,3,none,,,7.413,4.139,347.3,2026-09-17T23:36:52Z,,638,88,22,66,205,229,4,87,113,0,0.3213166144200627,0.8166144200626959,0.1833855799373041,0.1896551724137931,0.27586206896551724,6,122,0.67,0.68,100,0.4,0.4,25,16.0,17.2,-1.0,2.0,0.0,0.0,10,,,,,0.25,0.25,20,0.5,0.5,2,0.17824101079550642,0.987276621063297,0.9709810605479471,0.9887907608695652,3.6956521739130435,0.5037037037037037,0.3387096774193548,0.056451612903225805,248,0.08108108108108109,0.011904761904761904,1.0,0.0,0.95,1.0,0.5259259259259259,0.3425076452599388,0.09785932721712538,327,0.27848101265822783,0.14285714285714285,1.0,0.0,0.875,1.0,0.5259259259259259,0.3242506811989101,0.09264305177111716,367,0.2962962962962963,0.13445378151260504,1.0,0.0,0.8615384615384616,1.0,0.5777777777777777,0.3213166144200627,0.1833855799373041,638,0.8666666666666667,0.3902439024390244,1.0,0.0,0.8,1.0,248,0,0,0,84,147,1,3,13,0,0.3387096774193548,0.9435483870967742,0.056451612903225805,0.05241935483870968,0.06048387096774194,0,0,0.6,0.6,100,0.32,0.32,25,22.0,21.125,5.0,-1.0,0.0,0.0,10,,,,,0.1,0.1,20,0.5,0.5,2,0.042009707767446426,0.9895903529287368,327,92,21,71,112,169,2,14,30,0,0.3425076452599388,0.9021406727828746,0.09785932721712538,0.09174311926605505,0.12844036697247707,3,118,0.61,0.63,100,0.32,0.32,25,20.0,19.625,1.0,0.0,0.0,0.0,10,,,,,0.2,0.2,20,0.5,0.5,2,0.07748145375053797,0.985738334484483,367,84,21,63,119,194,2,20,32,0,0.3242506811989101,0.9073569482288828,0.09264305177111716,0.08719346049046321,0.12806539509536785,6,119,0.61,0.63,100,0.32,0.32,25,20.0,19.625,1.0,1.0,0.0,0.0,10,,,,,0.2,0.2,20,0.5,0.5,2,0.07452369845895661,0.9850542688972412,638,88,22,66,205,229,4,87,113,0,0.3213166144200627,0.8166144200626959,0.1833855799373041,0.1896551724137931,0.27586206896551724,6,122,0.67,0.68,100,0.4,0.4,25,16.0,17.2,-1.0,2.0,0.0,0.0,10,,,,,0.25,0.25,20,0.5,0.5,2,0.17824101079550642,0.987276621063297,0.51,0.08333333333333333,7.5,0.11538461538461539,0.8846153846153846,0.006024096385542169,0.1,0.011363636363636364,0.4,0.5,,20.0,186,20,165,0.8870967741935484,2,1,0,0,8,3,5,1,0.0,0,779,404800,8941200,0.045273565069565605,0.0,1509738,404800,1104938,5.922352090230225,8.092037743294194,22.32186100389956,400000,0.3620112621703661,2238708,10243,0,351796.97142857144,134322.48,0.1119354,6.248261213302612,366,0,0,0,0,177,0,404800,404800,400558,248,10,400558,355856,327,2,355856,348524,367,1,348524,0,638,1,0,0,177,0,0,0,0.0,0,0,0,0,0,638,19,,,,6,
compression,20260917T231153-5b07_B7_mycelic_significant_cells_only-o2-c1_s4,20260917T231153-5b07,ok,B7_mycelic,hierarchy,4,tier1,,significant_cells_only-o2-c1,1000,10000,30,10,2,1,43d2c39c01e88b89,0.0,none,5,significant_cells_only,2,1,sim-3b,synthetic,none,3,none,,,54.198,4.507,372.1,2026-09-17T23:36:53Z,,2936,816,438,378,234,432,95,770,1405,0,0.07970027247956403,0.4891008174386921,0.510899182561308,0.5040871934604905,0.6059264305177112,26,247,0.7,0.75,100,0.44,0.44,25,5.0,5.363636363636363,-12.0,2.0,0.0,0.0,10,,,,,0.375,0.375,16,0.3333333333333333,0.3333333333333333,3,0.47266239415880745,0.968575200698317,0.9020133076563387,0.9573971235332464,12.701923076923077,0.5259259259259259,0.2903225806451613,0.03225806451612903,310,0.1,0.022222222222222223,1.0,0.0,1.0,1.0,0.6222222222222222,0.13575129533678756,0.39896373056994816,965,0.34444444444444444,0.12213740458015267,1.0,0.0,0.6027397260273972,1.0,0.6222222222222222,0.1087866108786611,0.45188284518828453,1434,0.44565217391304346,0.19230769230769232,1.0,0.0,0.5,1.0,0.6370370370370371,0.07970027247956403,0.510899182561308,2936,0.7373737373737373,0.33760683760683763,1.0,0.0,0.44871794871794873,1.0,310,0,0,0,90,200,1,10,9,0,0.2903225806451613,0.967741935483871,0.03225806451612903,0.035483870967741936,0.054838709677419356,0,0,0.62,0.62,100,0.36,0.36,25,17.0,17.88888888888889,0.0,-1.0,0.0,0.0,10,,,,,0.1875,0.1875,16,0.3333333333333333,0.3333333333333333,3,0.023376139270734096,0.9878922683029921,965,621,320,301,131,263,34,186,351,0,0.13575129533678756,0.6010362694300518,0.39896373056994816,0.38756476683937824,0.46735751295336786,6,211,0.63,0.73,100,0.44,0.44,25,6.0,6.909090909090909,-8.0,0.0,0.0,0.0,10,,,,,0.3125,0.3125,16,0.3333333333333333,0.3333333333333333,3,0.36064254974789095,0.9730777829085128,1434,733,389,344,156,327,46,303,602,0,0.1087866108786611,0.5481171548117155,0.45188284518828453,0.44630404463040446,0.5313807531380753,49,314,0.64,0.73,100,0.44,0.44,25,6.0,6.818181818181818,-8.0,1.0,0.0,0.0,10,,,,,0.3125,0.3125,16,0.3333333333333333,0.3333333333333333,3,0.4195708857065739,0.9732668410761697,2936,816,438,378,234,432,95,770,1405,0,0.07970027247956403,0.4891008174386921,0.510899182561308,0.5040871934604905,0.6059264305177112,26,247,0.7,0.75,100,0.44,0.44,25,5.0,5.363636363636363,-12.0,2.0,0.0,0.0,10,,,,,0.375,0.375,16,0.3333333333333333,0.3333333333333333,3,0.47266239415880745,0.968575200698317,0.42916666666666664,0.30833333333333335,5.6923076923076925,0.5825242718446602,0.41747572815533984,0.005159958720330237,0.5,0.010214504596527068,0.4,0.4,,14.2,1040,71,964,0.926923076923077,3,1,0,1,7,3,4,4,0.0,0,759,404800,9271000,0.043663035271276025,0.0,3348263,404800,2943463,2.7688983810411547,3.1496913669375153,10.784709466604161,400000,0.13589435301208136,3160778,10810,0,496693.6857142857,189646.68,0.1580389,47.769346475601196,1569,0,0,0,0,244,0,404800,404800,859643,310,10,859643,1064277,965,2,1064277,1019543,1434,1,1019543,0,2936,1,0,0,244,0,0,0,0.0,0,0,0,0,0,2936,24,,,,,
compression,20260917T231153-5b07_B7_mycelic_significant_cells_only-o2-c2_s4,20260917T231153-5b07,ok,B7_mycelic,hierarchy,4,tier1,,significant_cells_only-o2-c2,1000,10000,30,10,2,1,43d2c39c01e88b89,0.0,none,5,significant_cells_only,2,2,sim-3b,synthetic,none,3,none,,,31.489,4.507,368.2,2026-09-17T23:37:25Z,,2855,596,324,272,250,452,84,735,1334,0,0.08756567425569177,0.5033274956217163,0.4966725043782837,0.48896672504378286,0.5866900175131349,24,230,0.7,0.73,100,0.44,0.44,25,6.0,7.090909090909091,-12.0,2.0,0.0,0.0,10,,,,,0.375,0.375,16,0.3333333333333333,0.3333333333333333,3,0.45992271098233,0.9709559859385472,0.9203782612056313,0.950564600840336,10.549019607843137,0.5259259259259259,0.297029702970297,0.019801980198019802,303,0.1,0.022222222222222223,1.0,0.0,1.0,1.0,0.6148148148148148,0.14505494505494507,0.3758241758241758,910,0.34444444444444444,0.12121212121212122,1.0,0.0,0.6438356164383562,1.0,0.6148148148148148,0.1183206106870229,0.4297709923664122,1310,0.43478260869565216,0.18064516129032257,1.0,0.0,0.5675675675675675,1.0,0.6222222222222222,0.08756567425569177,0.4966725043782837,2855,0.7878787878787878,0.364,1.0,0.0,0.4358974358974359,1.0,303,0,0,0,90,200,1,7,5,0,0.297029702970297,0.9801980198019802,0.019801980198019802,0.0231023102310231,0.039603960396039604,0,0,0.62,0.62,100,0.36,0.36,25,18.0,18.444444444444443,1.0,-1.0,0.0,0.0,10,,,,,0.1875,0.1875,16,0.3333333333333333,0.3333333333333333,3,0.012813750545107973,0.9897114403140848,910,546,270,276,132,265,33,171,309,0,0.14505494505494507,0.6241758241758242,0.3758241758241758,0.3648351648351648,0.43846153846153846,4,202,0.63,0.72,100,0.44,0.44,25,6.0,7.636363636363637,-10.0,0.0,0.0,0.0,10,,,,,0.3125,0.3125,16,0.3333333333333333,0.3333333333333333,3,0.34177178944798764,0.9769366246128229,1310,651,335,316,155,321,41,271,522,0,0.1183206106870229,0.5702290076335877,0.4297709923664122,0.42290076335877863,0.5038167938931297,34,291,0.64,0.72,100,0.44,0.44,25,6.0,7.454545454545454,-12.0,1.0,0.0,0.0,10,,,,,0.3125,0.3125,16,0.3333333333333333,0.3333333333333333,3,0.3999380936418971,0.9770373302831185,2855,596,324,272,250,452,84,735,1334,0,0.08756567425569177,0.5033274956217163,0.4966725043782837,0.48896672504378286,0.5866900175131349,24,230,0.7,0.73,100,0.44,0.44,25,6.0,7.090909090909091,-12.0,2.0,0.0,0.0,10,,,,,0.375,0.375,16,0.3333333333333333,0.3333333333333333,3,0.45992271098233,0.9709559859385472,0.375,0.3416666666666667,6.3076923076923075,0.5242718446601942,0.47572815533980584,0.005773672055427252,0.5,0.011415525114155252,0.4,0.4,,18.2,934,68,861,0.9218415417558886,3,1,0,1,7,3,4,4,0.0,0,759,404800,9271000,0.043663035271276025,0.0,2552992,404800,2148192,3.6314254020380794,4.315722244566594,13.18508468405431,400000,0.1862030954402586,2668885,10432,0,419396.2142857144,160133.1,0.13344425000000001,25.50412082672119,1410,0,0,0,0,244,0,404800,404800,703143,303,10,703143,831816,910,2,831816,613233,1310,1,613233,0,2855,1,0,0,244,0,0,0,0.0,0,0,0,0,0,2855,24,,,,,
compression,20260917T231153-5b07_B7_mycelic_claims_only-o3-c1_s3,20260917T231153-5b07,ok,B7_mycelic,hierarchy,3,tier1,,claims_only-o3-c1,1000,10000,30,10,2,1,c45ec7ed8069c397,0.0,none,5,claims_only,3,1,sim-3b,synthetic,none,3,none,,,33.43,4.139,347.3,2026-09-17T23:37:26Z,,679,108,20,88,193,256,7,92,131,0,0.28424153166421207,0.7967599410898379,0.203240058910162,0.20913107511045656,0.2916053019145803,4,120,0.62,0.64,100,0.4,0.4,25,13.0,16.1,-4.5,2.0,0.1,0.1,10,28.0,28.0,13.0,2.0,0.15,0.15,20,0.5,0.5,2,0.19036886182216023,0.978648006379086,0.9500538924973456,0.9765973199624678,3.2873563218390807,0.4666666666666667,0.33624454148471616,0.048034934497816595,229,0.08823529411764706,0.012987012987012988,1.0,0.0,0.9272727272727272,1.0,0.5185185185185185,0.3238993710691824,0.11006289308176101,318,0.19480519480519481,0.11650485436893204,1.0,0.0,0.603448275862069,1.0,0.5185185185185185,0.2890625,0.1171875,384,0.23076923076923078,0.11711711711711711,1.0,0.0,0.5932203389830508,1.0,0.5555555555555556,0.28424153166421207,0.203240058910162,679,0.8823529411764706,0.37305699481865284,1.0,0.0,0.5555555555555556,1.0,229,0,0,0,77,137,1,4,10,0,0.33624454148471616,0.9519650655021834,0.048034934497816595,0.043668122270742356,0.05240174672489083,0,0,0.55,0.55,100,0.28,0.28,25,17.0,17.571428571428573,-4.0,-1.0,0.1,0.1,10,28.0,28.0,13.0,-1.0,0.05,0.05,20,0.5,0.5,2,0.031138911284972735,0.9856841802400658,318,104,18,86,103,166,1,14,34,0,0.3238993710691824,0.889937106918239,0.11006289308176101,0.11006289308176101,0.13836477987421383,3,108,0.58,0.61,100,0.32,0.32,25,14.5,16.875,-4.0,0.0,0.1,0.1,10,28.0,28.0,13.0,0.0,0.1,0.1,20,0.5,0.5,2,0.08292699032153099,0.9707095339900038,384,100,18,82,111,206,1,22,44,0,0.2890625,0.8828125,0.1171875,0.1171875,0.1484375,4,112,0.58,0.61,100,0.32,0.32,25,14.5,16.875,-4.0,1.0,0.1,0.1,10,28.0,28.0,13.0,1.0,0.1,0.1,20,0.5,0.5,2,0.09333745409567352,0.9715706289762792,679,108,20,88,193,256,7,92,131,0,0.28424153166421207,0.7967599410898379,0.203240058910162,0.20913107511045656,0.2916053019145803,4,120,0.62,0.64,100,0.4,0.4,25,13.0,16.1,-4.5,2.0,0.1,0.1,10,28.0,28.0,13.0,2.0,0.15,0.15,20,0.5,0.5,2,0.19036886182216023,0.978648006379086,0.4633333333333333,0.08,7.0,0.1111111111111111,0.8888888888888888,0.0,0.0,0.0,0.3,0.6,,,196,19,177,0.9030612244897959,2,1,0,0,8,2,6,0,0.0,0,779,404800,8941200,0.045273565069565605,0.0,1635830,404800,1231030,5.465849140803139,7.263186112442426,18.822152426342424,400000,0.3249311552114896,4954240,10810,0,778523.4285714285,297254.39999999997,0.247712,32.04473257064819,398,0,0,0,0,177,0,404800,404800,475036,229,10,475036,387236,318,2,387236,368758,384,1,368758,0,679,1,0,0,177,0,0,0,0.0,0,0,0,0,0,679,2,,,1,21,
compression,20260917T231153-5b07_B7_mycelic_significant_cells_only-o2-c4_s4,20260917T231153-5b07,ok,B7_mycelic,hierarchy,4,tier1,,significant_cells_only-o2-c4,1000,10000,30,10,2,1,43d2c39c01e88b89,0.0,none,5,significant_cells_only,2,4,sim-3b,synthetic,none,3,none,,,18.245,4.507,367.7,2026-09-17T23:37:43Z,,2331,346,194,152,231,377,52,670,1001,0,0.0990990990990991,0.5482625482625483,0.4517374517374517,0.4444444444444444,0.546975546975547,12,164,0.67,0.7,100,0.44,0.44,25,8.0,8.727272727272727,-8.0,2.0,0.0,0.0,10,,,,,0.4375,0.4375,16,0.3333333333333333,0.3333333333333333,3,0.4220642586780007,0.9776198142335563,0.9297366624740399,0.9525883838383838,8.474747474747474,0.5185185185185185,0.30067567567567566,0.016891891891891893,296,0.10256410256410256,0.011235955056179775,1.0,0.0,1.0,1.0,0.6074074074074074,0.17098445595854922,0.3069948186528497,772,0.3595505617977528,0.12121212121212122,1.0,0.0,0.9444444444444444,1.0,0.6148148148148148,0.13989169675090252,0.3664259927797834,1108,0.45555555555555555,0.18064516129032257,1.0,0.0,0.6301369863013698,1.0,0.6,0.0990990990990991,0.4517374517374517,2331,0.8105263157894737,0.4155844155844156,0.96,0.04,0.48484848484848486,1.0,296,0,0,0,89,194,1,8,4,0,0.30067567567567566,0.9831081081081081,0.016891891891891893,0.02027027027027027,0.037162162162162164,0,0,0.61,0.61,100,0.36,0.36,25,20.0,20.444444444444443,3.0,-1.0,0.0,0.0,10,,,,,0.125,0.125,16,0.3333333333333333,0.3333333333333333,3,0.010610944939028834,0.9903406746687583,772,455,223,232,132,252,29,151,208,0,0.17098445595854922,0.6930051813471503,0.3069948186528497,0.2979274611398964,0.3756476683937824,3,197,0.63,0.71,100,0.44,0.44,25,12.0,10.181818181818182,-4.0,0.0,0.0,0.0,10,,,,,0.375,0.375,16,0.3333333333333333,0.3333333333333333,3,0.2814552296619738,0.9835277685220774,1108,541,272,269,155,301,33,246,373,0,0.13989169675090252,0.6335740072202166,0.3664259927797834,0.36101083032490977,0.44945848375451264,21,244,0.63,0.72,100,0.44,0.44,25,8.0,9.818181818181818,-4.0,1.0,0.0,0.0,10,,,,,0.375,0.375,16,0.3333333333333333,0.3333333333333333,3,0.34247005663355573,0.9814592263086461,2331,346,194,152,231,377,52,670,1001,0,0.0990990990990991,0.5482625482625483,0.4517374517374517,0.4444444444444444,0.546975546975547,12,164,0.67,0.7,100,0.44,0.44,25,8.0,8.727272727272727,-8.0,2.0,0.0,0.0,10,,,,,0.4375,0.4375,16,0.3333333333333333,0.3333333333333333,3,0.4220642586780007,0.9776198142335563,0.3625,0.3416666666666667,6.4,0.34951456310679613,0.6504854368932038,0.006887052341597796,0.5,0.01358695652173913,0.4,0.4,,21.0,793,67,721,0.9092055485498108,3,1,0,1,7,3,4,4,0.0,0,759,404800,9271000,0.043663035271276025,0.0,2062060,404800,1657260,4.4959894474457585,5.594173515320469,13.80190228354416,400000,0.2413622485307073,2400335,10243,0,377195.5,144020.1,0.12001675,13.428475856781006,1192,0,0,0,0,244,0,404800,404800,671719,296,10,671719,615600,772,2,615600,369941,1108,1,369941,0,2331,1,0,0,244,0,0,0,0.0,0,0,0,0,0,2331,24,,,,,
compression,20260917T231153-5b07_B7_mycelic_claims_only-o3-c2_s3,20260917T231153-5b07,ok,B7_mycelic,hierarchy,3,tier1,,claims_only-o3-c2,1000,10000,30,10,2,1,c45ec7ed8069c397,0.0,none,5,claims_only,3,2,sim-3b,synthetic,none,3,none,,,18.563,4.139,347.3,2026-09-17T23:37:44Z,,628,96,15,81,188,236,7,79,118,0,0.29936305732484075,0.8009554140127388,0.19904458598726116,0.2054140127388535,0.28503184713375795,4,115,0.63,0.64,100,0.4,0.4,25,16.0,17.3,-4.0,2.0,0.1,0.1,10,28.0,28.0,13.0,2.0,0.15,0.15,20,0.5,0.5,2,0.1927011536976935,0.9827760599074451,0.9482186296608746,0.9882711705371804,4.402298850574713,0.45925925925925926,0.3393665158371041,0.04524886877828054,221,0.07462686567164178,0.013333333333333334,1.0,0.0,0.9444444444444444,1.0,0.5111111111111111,0.3310580204778157,0.08532423208191127,293,0.1891891891891892,0.12371134020618557,1.0,0.0,0.7272727272727273,1.0,0.5111111111111111,0.2994350282485876,0.10734463276836158,354,0.2236842105263158,0.1320754716981132,1.0,0.0,0.7142857142857143,1.0,0.5555555555555556,0.29936305732484075,0.19904458598726116,628,0.8372093023255814,0.3882978723404255,1.0,0.0,0.6666666666666666,1.0,221,0,0,0,75,134,1,2,9,0,0.3393665158371041,0.9547511312217195,0.04524886877828054,0.04072398190045249,0.04524886877828054,0,0,0.54,0.54,100,0.28,0.28,25,18.0,19.285714285714285,-3.0,-1.0,0.1,0.1,10,28.0,28.0,13.0,-1.0,0.05,0.05,20,0.5,0.5,2,0.028504129280113668,0.9877801473796612,293,94,14,80,97,159,1,12,24,0,0.3310580204778157,0.9146757679180887,0.08532423208191127,0.08532423208191127,0.10921501706484642,2,106,0.57,0.61,100,0.28,0.28,25,18.0,19.285714285714285,-3.0,0.0,0.1,0.1,10,28.0,28.0,13.0,0.0,0.1,0.1,20,0.5,0.5,2,0.06457626226334713,0.9769219946685028,354,89,14,75,106,193,1,17,37,0,0.2994350282485876,0.8926553672316384,0.10734463276836158,0.10734463276836158,0.1327683615819209,4,111,0.57,0.61,100,0.28,0.28,25,18.0,19.285714285714285,-3.0,1.0,0.1,0.1,10,28.0,28.0,13.0,1.0,0.1,0.1,20,0.5,0.5,2,0.09001451983036642,0.9773092044846767,628,96,15,81,188,236,7,79,118,0,0.29936305732484075,0.8009554140127388,0.19904458598726116,0.2054140127388535,0.28503184713375795,4,115,0.63,0.64,100,0.4,0.4,25,16.0,17.3,-4.0,2.0,0.1,0.1,10,28.0,28.0,13.0,2.0,0.15,0.15,20,0.5,0.5,2,0.1927011536976935,0.9827760599074451,0.47,0.04,,0.21428571428571427,0.7857142857142857,0.0,0.0,0.0,0.3,0.6,,,179,18,161,0.8994413407821229,2,1,0,0,8,2,6,0,0.0,0,779,404800,8941200,0.045273565069565605,0.0,1429296,404800,1024496,6.255667125633878,8.72741328419047,22.950339973664555,400000,0.39043588261935624,3592730,10432,0,564571.8571428572,215563.8,0.1796365,17.411612510681152,361,0,0,0,0,177,0,404800,404800,389589,221,10,389589,321970,293,2,321970,312937,354,1,312937,0,628,1,0,0,177,0,0,0,0.0,0,0,0,0,0,628,2,,,1,21,
compression,20260917T231153-5b07_B7_mycelic_claims_only-o3-c4_s3,20260917T231153-5b07,ok,B7_mycelic,hierarchy,3,tier1,,claims_only-o3-c4,1000,10000,30,10,2,1,c45ec7ed8069c397,0.0,none,5,claims_only,3,4,sim-3b,synthetic,none,3,none,,,11.472,4.139,347.3,2026-09-17T23:37:56Z,,563,71,13,58,185,204,3,73,98,0,0.3285968028419183,0.8206039076376554,0.17939609236234458,0.1882770870337478,0.26465364120781526,4,105,0.6,0.62,100,0.44,0.44,25,20.0,18.272727272727273,-2.0,2.0,0.1,0.1,10,28.0,28.0,13.0,2.0,0.2,0.2,20,0.5,0.5,2,0.1771780076494231,0.987416901478784,0.9513307638109947,0.9766494480934137,3.839080459770115,0.45925925925925926,0.35046728971962615,0.04672897196261682,214,0.07462686567164178,0.013333333333333334,1.0,0.0,0.9444444444444444,1.0,0.4962962962962963,0.3416370106761566,0.08896797153024912,281,0.20833333333333334,0.125,1.0,0.0,0.9090909090909091,1.0,0.4962962962962963,0.32098765432098764,0.08950617283950617,324,0.22972972972972974,0.125,1.0,0.0,0.8928571428571429,1.0,0.5481481481481482,0.3285968028419183,0.17939609236234458,563,0.8571428571428571,0.3783783783783784,1.0,0.0,0.819672131147541,1.0,214,0,0,0,75,127,0,2,10,0,0.35046728971962615,0.9532710280373832,0.04672897196261682,0.04672897196261682,0.0514018691588785,0,0,0.54,0.54,100,0.28,0.28,25,20.0,20.142857142857142,-1.0,-1.0,0.1,0.1,10,28.0,28.0,13.0,-1.0,0.05,0.05,20,0.5,0.5,2,0.03572390149458769,0.9889949295319709,281,75,12,63,96,150,0,10,25,0,0.3416370106761566,0.9110320284697508,0.08896797153024912,0.08896797153024912,0.11387900355871886,2,103,0.56,0.59,100,0.28,0.28,25,20.0,20.142857142857142,-1.0,0.0,0.1,0.1,10,28.0,28.0,13.0,0.0,0.1,0.1,20,0.5,0.5,2,0.07499413917598621,0.9860261676457371,324,67,12,55,104,175,0,16,29,0,0.32098765432098764,0.9104938271604939,0.08950617283950617,0.08950617283950617,0.12037037037037036,4,102,0.56,0.59,100,0.28,0.28,25,20.0,20.142857142857142,-1.0,1.0,0.1,0.1,10,28.0,28.0,13.0,1.0,0.1,0.1,20,0.5,0.5,2,0.07744523993742039,0.9853603548322667,563,71,13,58,185,204,3,73,98,0,0.3285968028419183,0.8206039076376554,0.17939609236234458,0.1882770870337478,0.26465364120781526,4,105,0.6,0.62,100,0.44,0.44,25,20.0,18.272727272727273,-2.0,2.0,0.1,0.1,10,28.0,28.0,13.0,2.0,0.2,0.2,20,0.5,0.5,2,0.1771780076494231,0.987416901478784,0.48333333333333334,0.04666666666666667,8.0,0.07142857142857142,0.9285714285714286,0.0,0.0,0.0,0.3,0.6,,,163,16,147,0.901840490797546,2,1,0,0,8,2,6,0,0.0,0,779,404800,8941200,0.045273565069565605,0.0,1339297,404800,934497,6.67603974323843,9.567927986927726,25.702335609054977,400000,0.42803775721056353,2913590,10243,0,457849.85714285716,174815.40000000002,0.14567950000000002,10.489995241165161,320,0,0,0,0,177,0,404800,404800,347875,214,10,347875,296158,281,2,296158,290464,324,1,290464,0,563,1,0,0,177,0,0,0,0.0,0,0,0,0,0,563,2,,,,21,
compression,20260917T231153-5b07_B7_mycelic_full_sketch-o1-c1_s5,20260917T231153-5b07,ok,B7_mycelic,hierarchy,5,tier1,,full_sketch-o1-c1,1000,10000,30,10,2,1,038036e877508f4c,0.0,none,5,full_sketch,1,1,sim-3b,synthetic,none,3,none,,,12.529,6.392,131.6,2026-09-17T23:38:16Z,,367,67,1,66,44,269,0,26,28,0,0.11989100817438691,0.9237057220708447,0.07629427792915532,0.09536784741144415,0.14168937329700274,25,213,0.0,0.0,100,0.0,0.0,24,,,,,0.0,0.0,9,,,,,0.0,0.0,20,0.0,0.0,2,0.07025172268123096,0.9720231234092949,0.7408691590606935,0.9965337335620355,14.833333333333334,0.0,0.07531380753138076,0.06694560669456066,239,0.6666666666666666,0.0,1.0,0.0,,1.0,0.0,0.09556313993174062,0.07167235494880546,293,0.7,0.0,1.0,0.0,,1.0,0.0,0.10778443113772455,0.0748502994011976,334,0.6666666666666666,0.0,1.0,0.0,,1.0,0.0,0.11989100817438691,0.07629427792915532,367,0.8333333333333334,0.0,1.0,0.0,,1.0,239,0,0,0,18,198,0,7,16,0,0.07531380753138076,0.9330543933054394,0.06694560669456066,0.09205020920502092,0.12552301255230125,0,0,0.0,0.0,100,0.0,0.0,24,,,,,0.0,0.0,9,,,,,0.0,0.0,20,0.0,0.0,2,0.0802192037056609,0.9881689945006399,293,41,2,39,28,230,0,14,21,0,0.09556313993174062,0.9283276450511946,0.07167235494880546,0.09556313993174062,0.13310580204778158,15,151,0.0,0.0,100,0.0,0.0,24,,,,,0.0,0.0,9,,,,,0.0,0.0,20,0.0,0.0,2,0.06987406530842066,0.9707276628073949,334,50,1,49,36,253,0,20,25,0,0.10778443113772455,0.9251497005988024,0.0748502994011976,0.09580838323353294,0.1407185628742515,25,210,0.0,0.0,100,0.0,0.0,24,,,,,0.0,0.0,9,,,,,0.0,0.0,20,0.0,0.0,2,0.06995017981407087,0.9709983955841293,367,67,1,66,44,269,0,26,28,0,0.11989100817438691,0.9237057220708447,0.07629427792915532,0.09536784741144415,0.14168937329700274,25,213,0.0,0.0,100,0.0,0.0,24,,,,,0.0,0.0,9,,,,,0.0,0.0,20,0.0,0.0,2,0.07025172268123096,0.9720231234092949,0.47333333333333333,0.0,,,,0.0,0.0,0.0,0.8,0.0,,,181,0,181,1.0,2,0,0,0,8,8,0,0,0.0,0,767,404800,9239950,0.04380976087532941,0.0,1650144,404800,1245344,5.599481014990207,7.419596513091965,19.117507096688765,400000,0.32119639232212144,2167680,10810,0,340635.4285714286,130060.79999999999,0.108384,11.836910963058472,412,0,0,0,0,268,0,404800,404800,483324,239,10,483324,382490,293,2,382490,379530,334,1,379530,0,367,1,0,0,268,0,0,0,0.0,0,0,0,0,0,367,33,,,,,
compression,20260917T231153-5b07_B7_mycelic_full_sketch-o1-c2_s5,20260917T231153-5b07,ok,B7_mycelic,hierarchy,5,tier1,,full_sketch-o1-c2,1000,10000,30,10,2,1,038036e877508f4c,0.0,none,5,full_sketch,1,2,sim-3b,synthetic,none,3,none,,,7.033,6.392,131.8,2026-09-17T23:38:23Z,,357,64,1,63,44,262,0,22,29,0,0.12324929971988796,0.9187675070028011,0.08123249299719888,0.09523809523809523,0.13725490196078433,25,207,0.0,0.0,100,0.0,0.0,24,,,,,0.0,0.0,9,,,,,0.0,0.0,20,0.0,0.0,2,0.07624130721769441,0.9781467555054595,0.7595127244320793,0.9972098214285715,16.416666666666668,0.0,0.06779661016949153,0.07203389830508475,236,0.5555555555555556,0.0,1.0,0.0,,1.0,0.0,0.0958904109589041,0.07534246575342465,292,0.6363636363636364,0.0,1.0,0.0,,1.0,0.0,0.11009174311926606,0.07951070336391437,327,0.75,0.0,1.0,0.0,,1.0,0.0,0.12324929971988796,0.08123249299719888,357,0.8333333333333334,0.0,1.0,0.0,,1.0,236,0,0,0,16,195,0,8,17,0,0.06779661016949153,0.9279661016949152,0.07203389830508475,0.08898305084745763,0.1271186440677966,0,0,0.0,0.0,100,0.0,0.0,24,,,,,0.0,0.0,9,,,,,0.0,0.0,20,0.0,0.0,2,0.0787447292761028,0.9897616784286453,292,37,2,35,28,228,0,14,22,0,0.0958904109589041,0.9246575342465754,0.07534246575342465,0.09246575342465753,0.13356164383561644,16,154,0.0,0.0,100,0.0,0.0,24,,,,,0.0,0.0,9,,,,,0.0,0.0,20,0.0,0.0,2,0.07396872731078813,0.9780106623749393,327,48,1,47,36,247,0,18,26,0,0.11009174311926606,0.9204892966360856,0.07951070336391437,0.09480122324159021,0.13761467889908258,25,204,0.0,0.0,100,0.0,0.0,24,,,,,0.0,0.0,9,,,,,0.0,0.0,20,0.0,0.0,2,0.07552040660476916,0.9776006666620538,357,64,1,63,44,262,0,22,29,0,0.12324929971988796,0.9187675070028011,0.08123249299719888,0.09523809523809523,0.13725490196078433,25,207,0.0,0.0,100,0.0,0.0,24,,,,,0.0,0.0,9,,,,,0.0,0.0,20,0.0,0.0,2,0.07624130721769441,0.9781467555054595,0.47333333333333333,0.0,,,,0.0,0.0,0.0,0.8,0.0,,,177,0,177,1.0,2,0,0,0,8,8,0,0,0.0,0,767,404800,9239950,0.04380976087532941,0.0,1544928,404800,1140128,5.9808288800513685,8.104309340705605,21.69460684182104,400000,0.3508378006679952,2115025,10432,0,332361.0714285714,126901.5,0.10575125,6.31689715385437,395,0,0,0,0,268,0,404800,404800,425910,236,10,425910,356415,292,2,356415,357803,327,1,357803,0,357,1,0,0,268,0,0,0,0.0,0,0,0,0,0,357,33,,,,,
compression,20260917T231153-5b07_B7_mycelic_full_sketch-o1-c4_s5,20260917T231153-5b07,ok,B7_mycelic,hierarchy,5,tier1,,full_sketch-o1-c4,1000,10000,30,10,2,1,038036e877508f4c,0.0,none,5,full_sketch,1,4,sim-3b,synthetic,none,3,none,,,4.376,6.392,131.8,2026-09-17T23:38:28Z,,330,53,2,51,45,243,0,20,22,0,0.13636363636363635,0.9333333333333333,0.06666666666666667,0.07575757575757576,0.10909090909090909,19,179,0.0,0.0,100,0.0,0.0,24,,,,,0.0,0.0,9,,,,,0.0,0.0,20,0.0,0.0,2,0.06514427766550125,0.9880341276468012,0.7590409224206877,0.9973958333333334,17.083333333333332,0.0,0.07964601769911504,0.061946902654867256,226,0.45454545454545453,0.0,1.0,0.0,,1.0,0.0,0.10622710622710622,0.06227106227106227,273,0.6666666666666666,0.034482758620689655,1.0,0.0,,1.0,0.0,0.12211221122112212,0.066006600660066,303,0.8333333333333334,0.02702702702702703,1.0,0.0,,1.0,0.0,0.13636363636363635,0.06666666666666667,330,0.8333333333333334,0.022222222222222223,1.0,0.0,,1.0,226,0,0,0,18,187,0,7,14,0,0.07964601769911504,0.9380530973451328,0.061946902654867256,0.07079646017699115,0.10176991150442478,0,0,0.0,0.0,100,0.0,0.0,24,,,,,0.0,0.0,9,,,,,0.0,0.0,20,0.0,0.0,2,0.062438332227968366,0.9916418720509774,273,30,3,27,29,213,0,14,17,0,0.10622710622710622,0.9377289377289377,0.06227106227106227,0.07326007326007326,0.10622710622710622,12,140,0.0,0.0,100,0.0,0.0,24,,,,,0.0,0.0,9,,,,,0.0,0.0,20,0.0,0.0,2,0.0624691319887822,0.9875740788526248,303,40,2,38,37,229,0,17,20,0,0.12211221122112212,0.933993399339934,0.066006600660066,0.07590759075907591,0.10891089108910891,19,178,0.0,0.0,100,0.0,0.0,24,,,,,0.0,0.0,9,,,,,0.0,0.0,20,0.0,0.0,2,0.0650706693640063,0.9876899779244982,330,53,2,51,45,243,0,20,22,0,0.13636363636363635,0.9333333333333333,0.06666666666666667,0.07575757575757576,0.10909090909090909,19,179,0.0,0.0,100,0.0,0.0,24,,,,,0.0,0.0,9,,,,,0.0,0.0,20,0.0,0.0,2,0.06514427766550125,0.9880341276468012,0.47333333333333333,0.0,,,,0.0,0.0,0.0,0.8,0.0,,,160,0,160,1.0,2,0,0,0,8,8,0,0,0.0,0,767,404800,9239950,0.04380976087532941,0.0,1577558,404800,1172758,5.857122210403674,7.878820694465525,21.66967636022514,400000,0.3410763345890627,2109963,10243,0,331565.61428571434,126597.78000000001,0.10549815000000001,3.7811577320098877,330,0,0,0,0,268,0,404800,404800,426400,226,10,426400,373882,273,2,373882,372476,303,1,372476,0,330,1,0,0,268,0,0,0,0.0,0,0,0,0,0,330,33,,,,,
compression,20260917T231153-5b07_B7_mycelic_significant_cells_only-o3-c1_s4,20260917T231153-5b07,ok,B7_mycelic,hierarchy,4,tier1,,significant_cells_only-o3-c1,1000,10000,30,10,2,1,43d2c39c01e88b89,0.0,none,5,significant_cells_only,3,1,sim-3b,synthetic,none,3,none,,,66.582,4.507,366.8,2026-09-17T23:38:50Z,,2779,567,194,373,251,348,450,825,905,0,0.09032025908600216,0.5124145376034545,0.48758546239654554,0.3825116948542641,0.47535084562792373,29,258,0.71,0.73,100,0.88,0.88,25,8.0,8.636363636363637,-8.5,2.0,0.7,0.7,10,15.0,14.285714285714286,2.0,2.0,0.3125,0.3125,16,0.6666666666666666,0.6666666666666666,3,0.3395813882452832,0.9570696933910191,0.8937735334907073,0.951535968869473,17.858333333333334,0.5481481481481482,0.3181818181818182,0.038461538461538464,286,0.07228915662650602,0.01098901098901099,1.0,0.0,0.9838709677419355,1.0,0.7185185185185186,0.17530864197530865,0.34074074074074073,810,0.22935779816513763,0.04929577464788732,1.0,0.0,0.6385542168674698,1.0,0.7333333333333333,0.14214876033057852,0.3859504132231405,1210,0.36363636363636365,0.12209302325581395,1.0,0.0,0.47674418604651164,1.0,0.7555555555555555,0.09032025908600216,0.48758546239654554,2779,0.6440677966101694,0.23107569721115537,1.0,0.0,0.46875,1.0,286,0,0,0,91,174,5,10,6,0,0.3181818181818182,0.9615384615384616,0.038461538461538464,0.03146853146853147,0.05244755244755245,0,0,0.62,0.62,100,0.4,0.4,25,21.0,21.3,2.5,-1.0,0.2,0.2,10,24.0,24.0,11.5,-1.0,0.125,0.125,16,0.6666666666666666,0.6666666666666666,3,0.01791884557418754,0.986450314105656,810,428,135,293,142,218,103,174,173,0,0.17530864197530865,0.6592592592592592,0.34074074074074073,0.254320987654321,0.3197530864197531,7,202,0.65,0.69,100,0.84,0.84,25,9.0,10.142857142857142,-7.0,0.0,0.7,0.7,10,15.0,15.0,3.0,0.0,0.25,0.25,16,0.6666666666666666,0.6666666666666666,3,0.2220770765004003,0.9677560888460792,1210,496,172,324,172,271,134,300,333,0,0.14214876033057852,0.6140495867768595,0.3859504132231405,0.3140495867768595,0.3884297520661157,28,250,0.65,0.71,100,0.84,0.84,25,9.0,10.047619047619047,-7.0,1.0,0.7,0.7,10,15.0,15.0,3.0,1.0,0.25,0.25,16,0.6666666666666666,0.6666666666666666,3,0.27995432182485774,0.9659047350479981,2779,567,194,373,251,348,450,825,905,0,0.09032025908600216,0.5124145376034545,0.48758546239654554,0.3825116948542641,0.47535084562792373,29,258,0.71,0.73,100,0.88,0.88,25,8.0,8.636363636363637,-8.5,2.0,0.7,0.7,10,15.0,14.285714285714286,2.0,2.0,0.3125,0.3125,16,0.6666666666666666,0.6666666666666666,3,0.3395813882452832,0.9570696933910191,0.44166666666666665,0.30833333333333335,5.6923076923076925,0.509090909090909,0.49090909090909096,0.008021390374331552,0.6,0.0158311345646438,0.5,0.4,,9.166666666666666,822,74,742,0.902676399026764,3,2,0,2,7,3,4,4,0.0,0,759,404800,9271000,0.043663035271276025,0.0,6444890,404800,6040090,1.4385039930859953,1.5349109036454756,4.107770602877699,400000,0.06622417877879302,6675270,10810,0,1048971.0000000002,400516.2,0.33376350000000005,60.72321820259094,1245,0,0,0,0,244,0,404800,404800,2256942,286,10,2256942,1907136,810,2,1907136,1876012,1210,1,1876012,0,2779,1,0,0,244,0,0,0,0.0,0,0,0,0,0,2779,3,3,,,,
compression,20260917T231153-5b07_B7_mycelic_full_sketch-o2-c1_s5,20260917T231153-5b07,ok,B7_mycelic,hierarchy,5,tier1,,full_sketch-o2-c1,1000,10000,30,10,2,1,038036e877508f4c,0.0,none,5,full_sketch,2,1,sim-3b,synthetic,none,3,none,,,23.403,6.392,175.1,2026-09-17T23:38:51Z,,669,110,7,103,218,290,19,112,30,0,0.32585949177877427,0.9267563527653214,0.07324364723467862,0.061285500747384154,0.08819133034379671,22,247,0.66,0.68,100,0.5,0.5,24,13.0,13.666666666666666,-7.0,2.0,0.0,0.0,9,,,,,0.65,0.65,20,0.5,0.5,2,0.03771702332600569,0.9735209453270663,0.7780398280085989,0.9654166784031172,34.22115384615385,0.5112781954887218,0.31683168316831684,0.07260726072607261,303,0.10588235294117647,0.041666666666666664,1.0,0.0,0.9516129032258065,1.0,0.5789473684210527,0.3130841121495327,0.07476635514018691,428,0.22448979591836735,0.08208955223880597,1.0,0.0,0.6216216216216216,1.0,0.6015037593984962,0.31992687385740404,0.07312614259597806,547,0.39603960396039606,0.13142857142857142,1.0,0.0,0.5301204819277109,1.0,0.6015037593984962,0.32585949177877427,0.07324364723467862,669,0.45544554455445546,0.1651376146788991,1.0,0.0,0.5180722891566265,1.0,303,0,0,0,96,176,5,9,17,0,0.31683168316831684,0.9273927392739274,0.07260726072607261,0.07590759075907591,0.09570957095709572,0,0,0.62,0.62,100,0.25,0.25,24,18.0,17.333333333333332,-2.0,-1.0,0.0,0.0,9,,,,,0.4,0.4,20,0.5,0.5,2,0.06754128159685188,0.9871473090226645,428,60,5,55,134,218,10,44,22,0,0.3130841121495327,0.9252336448598131,0.07476635514018691,0.07242990654205607,0.09345794392523364,15,186,0.63,0.65,100,0.5,0.5,24,13.0,14.0,-7.0,0.0,0.0,0.0,9,,,,,0.65,0.65,20,0.5,0.5,2,0.047881857718310376,0.9721884831320405,547,81,6,75,175,256,14,76,26,0,0.31992687385740404,0.926873857404022,0.07312614259597806,0.06581352833638025,0.08957952468007313,22,236,0.66,0.68,100,0.5,0.5,24,13.0,13.75,-7.0,1.0,0.0,0.0,9,,,,,0.65,0.65,20,0.5,0.5,2,0.040981722879029965,0.9721115761658544,669,110,7,103,218,290,19,112,30,0,0.32585949177877427,0.9267563527653214,0.07324364723467862,0.061285500747384154,0.08819133034379671,22,247,0.66,0.68,100,0.5,0.5,24,13.0,13.666666666666666,-7.0,2.0,0.0,0.0,9,,,,,0.65,0.65,20,0.5,0.5,2,0.03771702332600569,0.9735209453270663,0.5266666666666666,0.28,6.0,0.65625,0.34375,0.02912621359223301,0.6,0.05555555555555556,0.9,0.0,,14.333333333333334,276,70,200,0.7246376811594203,2,1,0,1,8,8,0,5,0.0,0,767,404800,9239950,0.04380976087532941,0.11589068825910931,5553708,404800,5148908,1.6637442948026795,1.7945455618939006,3.915402275861075,400000,0.0776863754411615,3947031,10810,0,620247.7285714286,236821.86,0.19735155000000001,21.958566427230835,503,0,0,0,0,268,0,404800,404800,2359898,303,10,2359898,1490162,428,2,1490162,1298848,547,1,1298848,0,669,1,0,0,268,0,0,0,0.0,0,0,0,0,0,669,19,2,,,,
compression,20260917T231153-5b07_B7_mycelic_full_sketch-o2-c2_s5,20260917T231153-5b07,ok,B7_mycelic,hierarchy,5,tier1,,full_sketch-o2-c2,1000,10000,30,10,2,1,038036e877508f4c,0.0,none,5,full_sketch,2,2,sim-3b,synthetic,none,3,none,,,13.53,6.392,175.5,2026-09-17T23:39:05Z,,654,104,7,97,221,281,19,106,27,0,0.3379204892966361,0.9296636085626911,0.07033639143730887,0.0581039755351682,0.07339449541284404,20,229,0.67,0.69,100,0.5,0.5,24,14.0,14.166666666666666,-7.0,2.0,0.0,0.0,9,,,,,0.65,0.65,20,0.5,0.5,2,0.042919188441412966,0.9792882111613042,0.7849652447999284,0.9586190067094446,34.38095238095238,0.5112781954887218,0.32323232323232326,0.0707070707070707,297,0.10714285714285714,0.041666666666666664,1.0,0.0,0.967741935483871,1.0,0.5789473684210527,0.3245192307692308,0.06971153846153846,416,0.23469387755102042,0.0962962962962963,1.0,0.0,0.7162162162162162,1.0,0.6090225563909775,0.3320825515947467,0.06941838649155722,533,0.4117647058823529,0.14689265536723164,1.0,0.0,0.6144578313253012,1.0,0.6090225563909775,0.3379204892966361,0.07033639143730887,654,0.4803921568627451,0.18099547511312217,1.0,0.0,0.5903614457831325,1.0,297,0,0,0,96,172,5,8,16,0,0.32323232323232326,0.9292929292929293,0.0707070707070707,0.07407407407407407,0.08754208754208755,0,0,0.62,0.62,100,0.25,0.25,24,19.0,18.333333333333332,-1.5,-1.0,0.0,0.0,9,,,,,0.35,0.35,20,0.5,0.5,2,0.06653024308377938,0.9878791532185314,416,59,5,54,135,211,10,41,19,0,0.3245192307692308,0.9302884615384616,0.06971153846153846,0.0673076923076923,0.08173076923076923,14,182,0.63,0.65,100,0.5,0.5,24,14.0,14.5,-7.0,0.0,0.0,0.0,9,,,,,0.65,0.65,20,0.5,0.5,2,0.05317118734518612,0.9791481953238134,533,78,6,72,177,247,14,72,23,0,0.3320825515947467,0.9305816135084428,0.06941838649155722,0.06191369606003752,0.07692307692307693,20,222,0.67,0.69,100,0.5,0.5,24,14.0,14.166666666666666,-7.0,1.0,0.0,0.0,9,,,,,0.65,0.65,20,0.5,0.5,2,0.0466455678624451,0.9784664811607419,654,104,7,97,221,281,19,106,27,0,0.3379204892966361,0.9296636085626911,0.07033639143730887,0.0581039755351682,0.07339449541284404,20,229,0.67,0.69,100,0.5,0.5,24,14.0,14.166666666666666,-7.0,2.0,0.0,0.0,9,,,,,0.65,0.65,20,0.5,0.5,2,0.042919188441412966,0.9792882111613042,0.4866666666666667,0.30666666666666664,6.133333333333334,0.578125,0.421875,0.030303030303030304,0.6,0.057692307692307696,0.9,0.0,,14.666666666666666,266,68,192,0.7218045112781954,2,1,0,1,8,8,0,5,0.0,0,767,404800,9239950,0.04380976087532941,0.11589068825910931,4378272,404800,3973472,2.110410225769436,2.3254096165771396,4.924212548069954,400000,0.1006676277069525,3253134,10432,0,511206.77142857143,195188.04,0.16265670000000002,11.963560819625854,472,0,0,0,0,268,0,404800,404800,1876432,297,10,1876432,1125073,416,2,1125073,971967,533,1,971967,0,654,1,0,0,268,0,0,0,0.0,0,0,0,0,0,654,19,2,,,,
compression,20260917T231153-5b07_B7_mycelic_full_sketch-o2-c4_s5,20260917T231153-5b07,ok,B7_mycelic,hierarchy,5,tier1,,full_sketch-o2-c4,1000,10000,30,10,2,1,038036e877508f4c,0.0,none,5,full_sketch,2,4,sim-3b,synthetic,none,3,none,,,8.729,6.392,175.5,2026-09-17T23:39:14Z,,662,98,7,91,221,281,18,113,29,0,0.3338368580060423,0.9290030211480362,0.07099697885196375,0.05740181268882175,0.0755287009063444,18,224,0.66,0.69,100,0.5,0.5,24,14.0,15.0,-6.0,2.0,0.0,0.0,9,,,,,0.65,0.65,20,0.5,0.5,2,0.04795731673820737,0.9859499227466432,0.8183171391964381,0.9436672335600907,34.41904761904762,0.5112781954887218,0.32550335570469796,0.07046979865771812,298,0.10588235294117647,0.041237113402061855,1.0,0.0,0.967741935483871,1.0,0.5864661654135338,0.3270588235294118,0.07058823529411765,425,0.25510204081632654,0.10071942446043165,1.0,0.0,0.972972972972973,1.0,0.6090225563909775,0.33086876155268025,0.07024029574861368,541,0.42574257425742573,0.13966480446927373,1.0,0.0,0.9518072289156626,1.0,0.6090225563909775,0.3338368580060423,0.07099697885196375,662,0.48514851485148514,0.167420814479638,1.0,0.0,0.9518072289156626,1.0,298,0,0,0,97,172,4,8,17,0,0.32550335570469796,0.9295302013422819,0.07046979865771812,0.07046979865771812,0.08389261744966443,0,0,0.62,0.62,100,0.25,0.25,24,22.0,18.0,0.5,-1.0,0.0,0.0,9,,,,,0.4,0.4,20,0.5,0.5,2,0.06407184014042328,0.989040384804924,425,58,5,53,139,212,9,44,21,0,0.3270588235294118,0.9294117647058824,0.07058823529411765,0.06588235294117648,0.08,15,185,0.63,0.66,100,0.5,0.5,24,16.0,15.666666666666666,-4.5,0.0,0.0,0.0,9,,,,,0.65,0.65,20,0.5,0.5,2,0.056894567994066454,0.9849624198788797,541,75,6,69,179,247,13,77,25,0,0.33086876155268025,0.9297597042513863,0.07024029574861368,0.06099815157116451,0.07763401109057301,18,222,0.66,0.69,100,0.5,0.5,24,14.0,15.0,-6.0,1.0,0.0,0.0,9,,,,,0.65,0.65,20,0.5,0.5,2,0.05144219966124135,0.9852499096692174,662,98,7,91,221,281,18,113,29,0,0.3338368580060423,0.9290030211480362,0.07099697885196375,0.05740181268882175,0.0755287009063444,18,224,0.66,0.69,100,0.5,0.5,24,14.0,15.0,-6.0,2.0,0.0,0.0,9,,,,,0.65,0.65,20,0.5,0.5,2,0.04795731673820737,0.9859499227466432,0.38666666666666666,0.34,5.588235294117647,0.3125,0.6875,0.031578947368421054,0.6,0.060000000000000005,0.9,0.0,,15.333333333333334,258,68,184,0.7131782945736435,2,1,0,1,8,8,0,5,0.0,0,767,404800,9239950,0.04380976087532941,0.11589068825910931,3587972,404800,3183172,2.575256997546246,2.9027492073943852,6.0979786807176115,400000,0.12566081883102767,2854798,10243,0,448611.1142857143,171287.87999999998,0.1427399,7.265882253646851,457,0,0,0,0,268,0,404800,404800,1515248,298,10,1515248,916029,425,2,916029,751895,541,1,751895,0,662,1,0,0,268,0,0,0,0.0,0,0,0,0,0,662,19,2,,,,
compression,20260917T231153-5b07_B7_mycelic_significant_cells_only-o3-c2_s4,20260917T231153-5b07,ok,B7_mycelic,hierarchy,4,tier1,,significant_cells_only-o3-c2,1000,10000,30,10,2,1,43d2c39c01e88b89,0.0,none,5,significant_cells_only,3,2,sim-3b,synthetic,none,3,none,,,38.394,4.507,366.8,2026-09-17T23:39:29Z,,2802,437,161,276,252,342,458,840,910,0,0.08993576017130621,0.5117773019271948,0.48822269807280516,0.3804425410421128,0.4735902926481085,20,210,0.72,0.72,100,0.88,0.88,25,8.0,10.181818181818182,-6.5,2.0,0.7,0.7,10,16.0,14.857142857142858,2.0,2.0,0.25,0.25,16,0.6666666666666666,0.6666666666666666,3,0.3399648005967005,0.9595222595545877,0.898036544837086,0.9632362742957699,19.1864406779661,0.5407407407407407,0.32116788321167883,0.032846715328467155,274,0.07407407407407407,0.011363636363636364,1.0,0.0,0.9682539682539683,1.0,0.7333333333333333,0.1718555417185554,0.35118306351183065,803,0.21296296296296297,0.043478260869565216,1.0,0.0,0.6785714285714286,1.0,0.7333333333333333,0.1445578231292517,0.3869047619047619,1176,0.37272727272727274,0.12352941176470589,1.0,0.0,0.5402298850574713,1.0,0.7481481481481481,0.08993576017130621,0.48822269807280516,2802,0.652542372881356,0.23809523809523808,1.0,0.0,0.4948453608247423,1.0,274,0,0,0,88,169,5,8,4,0,0.32116788321167883,0.9671532846715328,0.032846715328467155,0.025547445255474453,0.043795620437956206,0,0,0.63,0.63,100,0.32,0.32,25,22.0,21.375,2.5,-1.0,0.2,0.2,10,24.0,24.0,11.5,-1.0,0.0625,0.0625,16,0.6666666666666666,0.6666666666666666,3,0.013501687232261092,0.9879542419767866,803,388,129,259,138,214,105,169,177,0,0.1718555417185554,0.6488169364881694,0.35118306351183065,0.26650062266500624,0.3275217932752179,5,193,0.66,0.71,100,0.84,0.84,25,10.0,11.333333333333334,-6.0,0.0,0.7,0.7,10,18.0,16.857142857142858,4.0,0.0,0.1875,0.1875,16,0.6666666666666666,0.6666666666666666,3,0.23712425870001635,0.97062363603501,1176,455,166,289,170,262,131,289,324,0,0.1445578231292517,0.6130952380952381,0.3869047619047619,0.31547619047619047,0.3852040816326531,23,236,0.66,0.71,100,0.84,0.84,25,10.0,11.047619047619047,-6.0,1.0,0.7,0.7,10,16.0,15.714285714285714,4.0,1.0,0.1875,0.1875,16,0.6666666666666666,0.6666666666666666,3,0.28561500258416933,0.9701388121079789,2802,437,161,276,252,342,458,840,910,0,0.08993576017130621,0.5117773019271948,0.48822269807280516,0.3804425410421128,0.4735902926481085,20,210,0.72,0.72,100,0.88,0.88,25,8.0,10.181818181818182,-6.5,2.0,0.7,0.7,10,16.0,14.857142857142858,2.0,2.0,0.25,0.25,16,0.6666666666666666,0.6666666666666666,3,0.3399648005967005,0.9595222595545877,0.425,0.2916666666666667,6.363636363636363,0.5,0.5,0.008823529411764706,0.6,0.017391304347826087,0.5,0.4,,11.0,754,74,674,0.8938992042440318,3,2,0,2,7,3,4,4,0.0,0,759,404800,9271000,0.043663035271276025,0.0,4845890,404800,4441090,1.9131676534135111,2.0875505787993487,5.25119767635494,400000,0.09006797880700458,4716360,10432,0,741142.2857142857,282981.6,0.235818,32.83081102371216,1138,0,0,0,0,244,0,404800,404800,1765502,274,10,1765502,1448337,803,2,1448337,1227251,1176,1,1227251,0,2802,1,0,0,244,0,0,0,0.0,0,0,0,0,0,2802,3,3,,,,
compression,20260917T231153-5b07_B7_mycelic_significant_cells_only-o3-c4_s4,20260917T231153-5b07,ok,B7_mycelic,hierarchy,4,tier1,,significant_cells_only-o3-c4,1000,10000,30,10,2,1,43d2c39c01e88b89,0.0,none,5,significant_cells_only,3,4,sim-3b,synthetic,none,3,none,,,23.673,4.507,365.8,2026-09-17T23:39:53Z,,2652,243,91,152,269,335,419,802,827,0,0.10143288084464555,0.5301659125188537,0.4698340874811463,0.361236802413273,0.4513574660633484,17,202,0.7,0.72,100,0.92,0.92,25,8.0,10.956521739130435,-7.0,2.0,0.7,0.7,10,16.0,17.142857142857142,4.0,2.0,0.4375,0.4375,16,0.6666666666666666,0.6666666666666666,3,0.3259421212268421,0.9647053188135692,0.9030528284643254,0.9594543650793651,15.45,0.5333333333333333,0.32567049808429116,0.03065134099616858,261,0.05,0.011764705882352941,1.0,0.0,0.9682539682539683,1.0,0.7481481481481481,0.1910739191073919,0.3263598326359833,717,0.1981981981981982,0.051094890510948905,1.0,0.0,0.8705882352941177,1.0,0.7481481481481481,0.15939278937381404,0.36622390891840606,1054,0.35135135135135137,0.125,1.0,0.0,0.7386363636363636,1.0,0.7555555555555555,0.10143288084464555,0.4698340874811463,2652,0.7435897435897436,0.26765799256505574,0.9915254237288136,0.00847457627118644,0.46464646464646464,1.0,261,0,0,0,85,161,5,7,3,0,0.32567049808429116,0.9693486590038314,0.03065134099616858,0.022988505747126436,0.0421455938697318,0,0,0.63,0.63,100,0.28,0.28,25,24.0,23.571428571428573,6.0,-1.0,0.2,0.2,10,28.0,28.0,15.5,-1.0,0.0625,0.0625,16,0.6666666666666666,0.6666666666666666,3,0.012519133416588942,0.9895306276694628,717,343,105,238,137,205,82,141,152,0,0.1910739191073919,0.6736401673640168,0.3263598326359833,0.2482566248256625,0.301255230125523,4,187,0.66,0.72,100,0.88,0.88,25,10.0,12.181818181818182,-5.5,0.0,0.7,0.7,10,20.0,19.428571428571427,10.0,0.0,0.375,0.375,16,0.6666666666666666,0.6666666666666666,3,0.22540918242310118,0.9771525575974387,1054,390,134,256,168,247,108,253,278,0,0.15939278937381404,0.6337760910815939,0.36622390891840606,0.2998102466793169,0.3633776091081594,18,214,0.66,0.72,100,0.88,0.88,25,10.0,11.818181818181818,-5.5,1.0,0.7,0.7,10,20.0,18.285714285714285,9.0,1.0,0.375,0.375,16,0.6666666666666666,0.6666666666666666,3,0.2761794809164127,0.9763692342370959,2652,243,91,152,269,335,419,802,827,0,0.10143288084464555,0.5301659125188537,0.4698340874811463,0.361236802413273,0.4513574660633484,17,202,0.7,0.72,100,0.92,0.92,25,8.0,10.956521739130435,-7.0,2.0,0.7,0.7,10,16.0,17.142857142857142,4.0,2.0,0.4375,0.4375,16,0.6666666666666666,0.6666666666666666,3,0.3259421212268421,0.9647053188135692,0.37083333333333335,0.36666666666666664,6.166666666666667,0.2647058823529412,0.7352941176470589,0.010033444816053512,0.6,0.019736842105263157,0.5,0.4,,12.0,670,72,592,0.8835820895522388,3,2,0,2,7,3,4,4,0.0,0,759,404800,9271000,0.043663035271276025,0.0,3718189,404800,3313389,2.4934181667473063,2.798041521837611,6.479772987782717,400000,0.12072231784435815,3655779,10243,0,574479.5571428571,219346.74,0.18278895,18.73322319984436,1006,0,0,0,0,244,0,404800,404800,1430760,261,10,1430760,1077138,717,2,1077138,805491,1054,1,805491,0,2652,1,0,0,244,0,0,0,0.0,0,0,0,0,0,2652,3,2,,,,
compression,20260917T231153-5b07_B7_mycelic_full_sketch-o3-c1_s5,20260917T231153-5b07,ok,B7_mycelic,hierarchy,5,tier1,,full_sketch-o3-c1,1000,10000,30,10,2,1,038036e877508f4c,0.0,none,5,full_sketch,3,1,sim-3b,synthetic,none,3,none,,,46.116,6.392,409.1,2026-09-17T23:40:00Z,,661,111,6,105,225,257,63,85,31,0,0.340393343419062,0.8577912254160364,0.1422087745839637,0.06202723146747353,0.08169440242057488,21,217,0.6,0.63,100,0.6666666666666666,0.6666666666666666,24,17.0,16.125,-1.0,2.0,0.7777777777777778,0.7777777777777778,9,24.0,21.0,5.0,2.0,0.65,0.65,20,0.5,0.5,2,0.03791480287074663,0.9723367094105173,0.8144815879496843,0.9574321354390829,28.91743119266055,0.45112781954887216,0.30970149253731344,0.08582089552238806,268,0.09333333333333334,0.04819277108433735,1.0,0.0,0.9107142857142857,1.0,0.6015037593984962,0.3181818181818182,0.11868686868686869,396,0.17346938775510204,0.07936507936507936,1.0,0.0,0.676056338028169,1.0,0.6466165413533834,0.3320610687022901,0.12786259541984732,524,0.41904761904761906,0.12643678160919541,1.0,0.0,0.5977011494252874,1.0,0.6466165413533834,0.340393343419062,0.1422087745839637,661,0.5238095238095238,0.1511111111111111,1.0,0.0,0.5632183908045977,1.0,268,0,0,0,83,152,7,10,16,0,0.30970149253731344,0.914179104477612,0.08582089552238806,0.07462686567164178,0.09328358208955224,0,0,0.56,0.56,100,0.16666666666666666,0.16666666666666666,24,23.0,19.25,2.5,-1.0,0.0,0.0,9,,,,,0.35,0.35,20,0.5,0.5,2,0.0642442428552518,0.9840867279488266,396,63,4,59,126,191,27,32,20,0,0.3181818181818182,0.8813131313131313,0.11868686868686869,0.0707070707070707,0.09090909090909091,15,173,0.57,0.6,100,0.625,0.625,24,15.0,15.666666666666666,-1.0,0.0,0.4444444444444444,0.5555555555555556,9,23.0,21.75,5.0,0.0,0.65,0.65,20,0.5,0.5,2,0.0459498982595397,0.970705686343265,524,83,5,78,174,226,42,57,25,0,0.3320610687022901,0.8721374045801527,0.12786259541984732,0.0648854961832061,0.08396946564885496,20,207,0.6,0.63,100,0.6666666666666666,0.6666666666666666,24,17.0,16.3125,-1.0,1.0,0.7777777777777778,0.7777777777777778,9,24.0,21.0,5.0,1.0,0.65,0.65,20,0.5,0.5,2,0.03968604835920299,0.9708465181148744,661,111,6,105,225,257,63,85,31,0,0.340393343419062,0.8577912254160364,0.1422087745839637,0.06202723146747353,0.08169440242057488,21,217,0.6,0.63,100,0.6666666666666666,0.6666666666666666,24,17.0,16.125,-1.0,2.0,0.7777777777777778,0.7777777777777778,9,24.0,21.0,5.0,2.0,0.65,0.65,20,0.5,0.5,2,0.03791480287074663,0.9723367094105173,0.5333333333333333,0.2733333333333333,5.857142857142857,0.5859375,0.4140625,0.031413612565445025,0.6,0.05970149253731343,0.9,0.0,,14.833333333333334,254,63,185,0.7283464566929134,2,1,0,1,8,8,0,5,0.0,0,767,404800,9239950,0.04380976087532941,0.23605125142797798,18744358,404800,18339558,0.4929456639699263,0.5038262099882669,1.1600338068824525,400000,0.021810776464732683,12033977,10810,0,1891053.5285714287,722038.62,0.6016988500000001,44.505327463150024,462,0,0,0,0,268,0,404800,404800,7965242,268,10,7965242,5509794,396,2,5509794,4864522,524,1,4864522,0,661,1,0,0,268,0,0,0,0.0,0,0,0,0,0,661,,6,4,,,
compression,20260917T231153-5b07_B7_mycelic_claims_only-o1-c1_s4,20260917T231153-5b07,ok,B7_mycelic,hierarchy,4,tier1,,claims_only-o1-c1,1000,10000,30,10,2,1,43d2c39c01e88b89,0.0,none,5,claims_only,1,1,sim-3b,synthetic,none,3,none,,,15.563,4.507,365.8,2026-09-17T23:40:09Z,,407,112,8,104,47,290,0,41,29,0,0.11547911547911548,0.9287469287469288,0.07125307125307126,0.08353808353808354,0.14496314496314497,15,228,0.0,0.0,100,0.0,0.0,25,,,,,0.0,0.0,10,,,,,0.0,0.0,16,0.0,0.0,3,0.06086669302831123,0.9727586877381036,0.9033122794833338,1.0,2.090909090909091,0.0,0.07307692307692308,0.05384615384615385,260,0.7777777777777778,0.05263157894736842,1.0,0.0,,1.0,0.0,0.10197368421052631,0.05592105263157895,304,0.9,0.06451612903225806,1.0,0.0,,1.0,0.0,0.10893854748603352,0.0670391061452514,358,0.8181818181818182,0.07692307692307693,1.0,0.0,,1.0,0.0,0.11547911547911548,0.07125307125307126,407,0.9090909090909091,0.0851063829787234,1.0,0.0,,1.0,260,0,0,0,19,219,0,8,14,0,0.07307692307692308,0.9461538461538461,0.05384615384615385,0.06538461538461539,0.09615384615384616,0,0,0.0,0.0,100,0.0,0.0,25,,,,,0.0,0.0,10,,,,,0.0,0.0,16,0.0,0.0,3,0.05339458741915013,0.9880099720345348,304,78,7,71,31,240,0,16,17,0,0.10197368421052631,0.944078947368421,0.05592105263157895,0.06907894736842106,0.10197368421052631,12,180,0.0,0.0,100,0.0,0.0,25,,,,,0.0,0.0,10,,,,,0.0,0.0,16,0.0,0.0,3,0.041393629416188404,0.9723146820477674,358,92,6,86,39,267,0,28,24,0,0.10893854748603352,0.9329608938547486,0.0670391061452514,0.08100558659217877,0.12849162011173185,15,221,0.0,0.0,100,0.0,0.0,25,,,,,0.0,0.0,10,,,,,0.0,0.0,16,0.0,0.0,3,0.05540421536419749,0.9720865493961837,407,112,8,104,47,290,0,41,29,0,0.11547911547911548,0.9287469287469288,0.07125307125307126,0.08353808353808354,0.14496314496314497,15,228,0.0,0.0,100,0.0,0.0,25,,,,,0.0,0.0,10,,,,,0.0,0.0,16,0.0,0.0,3,0.06086669302831123,0.9727586877381036,0.4875,0.0,,,,0.0,0.0,0.0,0.7,0.0,,,212,0,212,1.0,3,0,0,0,7,7,0,0,0.0,0,759,404800,9271000,0.043663035271276025,0.0,1752960,404800,1348160,5.28876871120847,6.876780204130074,18.54749005705689,400000,0.296700688345597,2193654,10810,0,344717.0571428571,131619.24,0.10968270000000001,14.69325065612793,488,0,0,0,0,244,0,404800,404800,499852,260,10,499852,423430,304,2,423430,424878,358,1,424878,0,407,1,0,0,244,0,0,0,0.0,0,0,0,0,0,407,35,,,,,
compression,20260917T231153-5b07_B7_mycelic_claims_only-o1-c2_s4,20260917T231153-5b07,ok,B7_mycelic,hierarchy,4,tier1,,claims_only-o1-c2,1000,10000,30,10,2,1,43d2c39c01e88b89,0.0,none,5,claims_only,1,2,sim-3b,synthetic,none,3,none,,,8.739,4.507,365.8,2026-09-17T23:40:17Z,,384,101,8,93,45,273,0,39,27,0,0.1171875,0.9296875,0.0703125,0.08333333333333333,0.140625,13,215,0.0,0.0,100,0.0,0.0,25,,,,,0.0,0.0,10,,,,,0.0,0.0,16,0.0,0.0,3,0.06291739096137676,0.9788754982218203,0.8641011696688864,1.0,2.4545454545454546,0.0,0.06827309236947791,0.05220883534136546,249,0.7777777777777778,0.058823529411764705,1.0,0.0,,1.0,0.0,0.10309278350515463,0.048109965635738834,291,0.9,0.06666666666666667,1.0,0.0,,1.0,0.0,0.11242603550295859,0.0621301775147929,338,0.8181818181818182,0.07894736842105263,1.0,0.0,,1.0,0.0,0.1171875,0.0703125,384,0.9090909090909091,0.08888888888888889,1.0,0.0,,1.0,249,0,0,0,17,211,0,8,13,0,0.06827309236947791,0.9477911646586346,0.05220883534136546,0.0642570281124498,0.0963855421686747,0,0,0.0,0.0,100,0.0,0.0,25,,,,,0.0,0.0,10,,,,,0.0,0.0,16,0.0,0.0,3,0.05324036891476535,0.9889833408023154,291,67,6,61,30,231,0,16,14,0,0.10309278350515463,0.9518900343642611,0.048109965635738834,0.061855670103092786,0.09278350515463918,11,174,0.0,0.0,100,0.0,0.0,25,,,,,0.0,0.0,10,,,,,0.0,0.0,16,0.0,0.0,3,0.03969548300037326,0.9778398128972805,338,83,6,77,38,252,0,27,21,0,0.11242603550295859,0.9378698224852071,0.0621301775147929,0.07692307692307693,0.12130177514792899,13,212,0.0,0.0,100,0.0,0.0,25,,,,,0.0,0.0,10,,,,,0.0,0.0,16,0.0,0.0,3,0.05507776024888614,0.9780564743860595,384,101,8,93,45,273,0,39,27,0,0.1171875,0.9296875,0.0703125,0.08333333333333333,0.140625,13,215,0.0,0.0,100,0.0,0.0,25,,,,,0.0,0.0,10,,,,,0.0,0.0,16,0.0,0.0,3,0.06291739096137676,0.9788754982218203,0.4875,0.0,,,,0.0,0.0,0.0,0.7,0.0,,,201,0,201,1.0,3,0,0,0,7,7,0,0,0.0,0,759,404800,9271000,0.043663035271276025,0.0,1618506,404800,1213706,5.728122107672137,7.638587928213258,21.0072418449937,400000,0.32956910487383273,2133532,10432,0,335269.3142857143,128011.92000000001,0.10667660000000001,7.950669050216675,460,0,0,0,0,244,0,404800,404800,441324,249,10,441324,383428,291,2,383428,388954,338,1,388954,0,384,1,0,0,244,0,0,0,0.0,0,0,0,0,0,384,35,,,,,
compression,20260917T231153-5b07_B7_mycelic_claims_only-o1-c4_s4,20260917T231153-5b07,ok,B7_mycelic,hierarchy,4,tier1,,claims_only-o1-c4,1000,10000,30,10,2,1,43d2c39c01e88b89,0.0,none,5,claims_only,1,4,sim-3b,synthetic,none,3,none,,,5.232,4.507,365.8,2026-09-17T23:40:23Z,,358,71,3,68,44,265,0,29,20,0,0.12290502793296089,0.9441340782122905,0.055865921787709494,0.0670391061452514,0.12011173184357542,10,203,0.0,0.0,100,0.0,0.0,25,,,,,0.0,0.0,10,,,,,0.0,0.0,16,0.0,0.0,3,0.053677726433934106,0.9866386202886827,0.7447886788843474,1.0,2.6,0.0,0.07024793388429752,0.04132231404958678,242,0.875,0.0,1.0,0.0,,1.0,0.0,0.09859154929577464,0.03873239436619718,284,0.8888888888888888,0.0,1.0,0.0,,1.0,0.0,0.11214953271028037,0.04984423676012461,321,0.8888888888888888,0.027777777777777776,1.0,0.0,,1.0,0.0,0.12290502793296089,0.055865921787709494,358,0.8888888888888888,0.045454545454545456,1.0,0.0,,1.0,242,0,0,0,17,210,0,5,10,0,0.07024793388429752,0.9586776859504132,0.04132231404958678,0.049586776859504134,0.08677685950413223,0,0,0.0,0.0,100,0.0,0.0,25,,,,,0.0,0.0,10,,,,,0.0,0.0,16,0.0,0.0,3,0.04039268978478394,0.9908059129252799,284,48,5,43,28,231,0,14,11,0,0.09859154929577464,0.9612676056338029,0.03873239436619718,0.04929577464788732,0.09154929577464789,8,169,0.0,0.0,100,0.0,0.0,25,,,,,0.0,0.0,10,,,,,0.0,0.0,16,0.0,0.0,3,0.03640246423642557,0.9871066895885384,321,59,3,56,36,248,0,21,16,0,0.11214953271028037,0.9501557632398754,0.04984423676012461,0.06230529595015576,0.10903426791277258,10,202,0.0,0.0,100,0.0,0.0,25,,,,,0.0,0.0,10,,,,,0.0,0.0,16,0.0,0.0,3,0.048873604922701736,0.9865683089725462,358,71,3,68,44,265,0,29,20,0,0.12290502793296089,0.9441340782122905,0.055865921787709494,0.0670391061452514,0.12011173184357542,10,203,0.0,0.0,100,0.0,0.0,25,,,,,0.0,0.0,10,,,,,0.0,0.0,16,0.0,0.0,3,0.053677726433934106,0.9866386202886827,0.4875,0.0,,,,0.0,0.0,0.0,0.7,0.0,,,187,0,187,1.0,3,0,0,0,7,7,0,0,0.0,0,759,404800,9271000,0.043663035271276025,0.0,1745083,404800,1340283,5.3126412898412285,6.917195845951937,19.312169312169313,400000,0.2984444330040745,2151921,10243,0,338159.01428571425,129115.26,0.10759605,4.519324779510498,405,0,0,0,0,244,0,404800,404800,480060,242,10,480060,434224,284,2,434224,425999,321,1,425999,0,358,1,0,0,244,0,0,0,0.0,0,0,0,0,0,358,35,,,,,
compression,20260917T231153-5b07_B7_mycelic_full_sketch-o3-c2_s5,20260917T231153-5b07,ok,B7_mycelic,hierarchy,5,tier1,,full_sketch-o3-c2,1000,10000,30,10,2,1,038036e877508f4c,0.0,none,5,full_sketch,3,2,sim-3b,synthetic,none,3,none,,,26.024,6.392,395.3,2026-09-17T23:40:26Z,,639,104,5,99,223,249,63,79,25,0,0.3489827856025039,0.8622848200312989,0.13771517996870108,0.056338028169014086,0.07042253521126761,17,196,0.58,0.61,100,0.6666666666666666,0.6666666666666666,24,18.0,16.875,0.0,2.0,0.7777777777777778,0.7777777777777778,9,24.0,21.571428571428573,5.0,2.0,0.55,0.55,20,0.5,0.5,2,0.0391885511665952,0.9770999388838864,0.8329345560233852,0.9611329960465904,28.23076923076923,0.42105263157894735,0.3035019455252918,0.07782101167315175,257,0.1323529411764706,0.05128205128205128,1.0,0.0,0.9433962264150944,1.0,0.5864661654135338,0.3185378590078329,0.1122715404699739,383,0.18478260869565216,0.09016393442622951,1.0,0.0,0.7352941176470589,1.0,0.631578947368421,0.33794466403162055,0.1225296442687747,506,0.45,0.14619883040935672,1.0,0.0,0.6547619047619048,1.0,0.631578947368421,0.3489827856025039,0.13771517996870108,639,0.57,0.17488789237668162,1.0,0.0,0.6190476190476191,1.0,257,0,0,0,78,150,7,9,13,0,0.3035019455252918,0.9221789883268483,0.07782101167315175,0.06614785992217899,0.07782101167315175,0,0,0.53,0.53,100,0.125,0.125,24,24.0,18.666666666666668,5.0,-1.0,0.0,0.0,9,,,,,0.25,0.25,20,0.5,0.5,2,0.05689419368667447,0.9849789641344489,383,59,3,56,122,189,27,29,16,0,0.3185378590078329,0.8877284595300261,0.1122715404699739,0.06527415143603134,0.0783289817232376,12,162,0.54,0.58,100,0.625,0.625,24,16.0,16.666666666666668,0.0,0.0,0.4444444444444444,0.5555555555555556,9,23.0,22.25,5.0,0.0,0.55,0.55,20,0.5,0.5,2,0.048880789751672996,0.9761561715053265,506,78,4,74,171,220,42,53,20,0,0.33794466403162055,0.8774703557312253,0.1225296442687747,0.05928853754940711,0.07312252964426877,16,190,0.58,0.61,100,0.6666666666666666,0.6666666666666666,24,18.0,17.125,0.0,1.0,0.7777777777777778,0.7777777777777778,9,24.0,21.571428571428573,5.0,1.0,0.55,0.55,20,0.5,0.5,2,0.04179447116120689,0.9757877175654214,639,104,5,99,223,249,63,79,25,0,0.3489827856025039,0.8622848200312989,0.13771517996870108,0.056338028169014086,0.07042253521126761,17,196,0.58,0.61,100,0.6666666666666666,0.6666666666666666,24,18.0,16.875,0.0,2.0,0.7777777777777778,0.7777777777777778,9,24.0,21.571428571428573,5.0,2.0,0.55,0.55,20,0.5,0.5,2,0.0391885511665952,0.9770999388838864,0.5,0.28,5.714285714285714,0.4765625,0.5234375,0.03314917127071823,0.6,0.06282722513089005,0.9,0.0,,15.666666666666666,241,60,175,0.7261410788381742,2,1,0,1,8,8,0,5,0.0,0,767,404800,9239950,0.04380976087532941,0.23605125142797798,15133638,404800,14728838,0.6105570914277189,0.6273373364551909,1.379908483496265,400000,0.027157607409355713,8522348,10432,0,1339226.1142857145,511340.88,0.42611740000000004,24.662693738937378,431,0,0,0,0,268,0,404800,404800,6696060,257,10,6696060,4313015,383,2,4313015,3719763,506,1,3719763,0,639,1,0,0,268,0,0,0,0.0,0,0,0,0,0,639,,6,4,,,
compression,20260917T231153-5b07_B7_mycelic_full_sketch-o3-c4_s5,20260917T231153-5b07,ok,B7_mycelic,hierarchy,5,tier1,,full_sketch-o3-c4,1000,10000,30,10,2,1,038036e877508f4c,0.0,none,5,full_sketch,3,4,sim-3b,synthetic,none,3,none,,,16.477,6.392,390.4,2026-09-17T23:40:43Z,,637,96,6,90,220,252,63,78,24,0,0.3453689167974882,0.8634222919937206,0.13657770800627944,0.05337519623233909,0.06750392464678179,16,189,0.57,0.6,100,0.6666666666666666,0.6666666666666666,24,18.0,17.5,1.0,2.0,0.7777777777777778,0.7777777777777778,9,24.0,23.571428571428573,6.0,2.0,0.5,0.5,20,0.5,0.5,2,0.04149234004973527,0.9834990170366391,0.8619354766456743,0.9612754685207415,28.41176470588235,0.42857142857142855,0.30078125,0.078125,256,0.11764705882352941,0.03896103896103896,1.0,0.0,0.9245283018867925,1.0,0.5864661654135338,0.3203125,0.109375,384,0.2222222222222222,0.08943089430894309,1.0,0.0,0.9264705882352942,1.0,0.6240601503759399,0.33663366336633666,0.12079207920792079,505,0.4489795918367347,0.13529411764705881,1.0,0.0,0.8928571428571429,1.0,0.6240601503759399,0.3453689167974882,0.13657770800627944,637,0.5714285714285714,0.1590909090909091,1.0,0.0,0.8928571428571429,1.0,256,0,0,0,77,149,7,10,13,0,0.30078125,0.921875,0.078125,0.06640625,0.078125,0,0,0.53,0.53,100,0.16666666666666666,0.16666666666666666,24,20.0,18.0,3.0,-1.0,0.0,0.0,9,,,,,0.2,0.2,20,0.5,0.5,2,0.05743517112468616,0.985239022707022,384,58,4,54,123,189,27,30,15,0,0.3203125,0.890625,0.109375,0.059895833333333336,0.07291666666666667,12,162,0.54,0.58,100,0.625,0.625,24,16.0,17.333333333333332,0.0,0.0,0.4444444444444444,0.5555555555555556,9,28.0,27.25,7.0,0.0,0.5,0.5,20,0.5,0.5,2,0.04849427369420504,0.982181734928889,505,74,5,69,170,221,42,53,19,0,0.33663366336633666,0.8792079207920792,0.12079207920792079,0.055445544554455446,0.06930693069306931,16,186,0.57,0.6,100,0.6666666666666666,0.6666666666666666,24,18.0,17.75,1.0,1.0,0.7777777777777778,0.7777777777777778,9,24.0,23.571428571428573,6.0,1.0,0.5,0.5,20,0.5,0.5,2,0.04344240489296393,0.9826446210858117,637,96,6,90,220,252,63,78,24,0,0.3453689167974882,0.8634222919937206,0.13657770800627944,0.05337519623233909,0.06750392464678179,16,189,0.57,0.6,100,0.6666666666666666,0.6666666666666666,24,18.0,17.5,1.0,2.0,0.7777777777777778,0.7777777777777778,9,24.0,23.571428571428573,6.0,2.0,0.5,0.5,20,0.5,0.5,2,0.04149234004973527,0.9834990170366391,0.36,0.32666666666666666,5.352941176470588,0.28125,0.71875,0.03550295857988166,0.6,0.06703910614525141,0.9,0.0,,16.666666666666668,228,59,163,0.7149122807017544,2,1,0,1,8,8,0,5,0.0,0,767,404800,9239950,0.04380976087532941,0.23605125142797798,12041303,404800,11636503,0.767354662531123,0.7940486931511984,1.6830957617452122,400000,0.034374588310594686,6440361,10243,0,1012056.7285714286,386421.66,0.32201805,15.101114273071289,407,0,0,0,0,268,0,404800,404800,5489854,256,10,5489854,3337547,384,2,3337547,2809102,505,1,2809102,0,637,1,0,0,268,0,0,0,0.0,0,0,0,0,0,637,,6,4,,,
compression,20260917T231153-5b07_B7_mycelic_claims_only-o2-c1_s4,20260917T231153-5b07,ok,B7_mycelic,hierarchy,4,tier1,,claims_only-o2-c1,1000,10000,30,10,2,1,43d2c39c01e88b89,0.0,none,5,claims_only,2,1,sim-3b,synthetic,none,3,none,,,25.529,4.507,365.8,2026-09-17T23:40:48Z,,933,221,66,155,212,336,18,155,212,0,0.22722400857449088,0.7534833869239014,0.2465166130760986,0.25616291532690244,0.3354769560557342,6,203,0.69,0.7,100,0.36,0.36,25,16.0,17.0,0.0,2.0,0.0,0.0,10,,,,,0.5,0.5,16,0.3333333333333333,0.3333333333333333,3,0.23494544394647632,0.9786346842489457,0.9037711623837392,0.9691832541097247,8.535353535353535,0.5259259259259259,0.2903225806451613,0.03225806451612903,310,0.1,0.022222222222222223,1.0,0.0,1.0,1.0,0.5555555555555556,0.29310344827586204,0.07635467980295567,406,0.2222222222222222,0.1092436974789916,1.0,0.0,0.5303030303030303,1.0,0.5555555555555556,0.26963906581740976,0.0870488322717622,471,0.24175824175824176,0.11023622047244094,1.0,0.0,0.5303030303030303,1.0,0.5851851851851851,0.22722400857449088,0.2465166130760986,933,0.8163265306122449,0.3443396226415094,1.0,0.0,0.49295774647887325,1.0,310,0,0,0,90,200,1,10,9,0,0.2903225806451613,0.967741935483871,0.03225806451612903,0.035483870967741936,0.054838709677419356,0,0,0.62,0.62,100,0.36,0.36,25,17.0,17.88888888888889,0.0,-1.0,0.0,0.0,10,,,,,0.1875,0.1875,16,0.3333333333333333,0.3333333333333333,3,0.023376139270734096,0.9878922683029921,406,189,65,124,119,230,3,26,28,0,0.29310344827586204,0.9236453201970444,0.07635467980295567,0.0812807881773399,0.11822660098522167,4,163,0.63,0.66,100,0.36,0.36,25,17.0,17.88888888888889,0.0,0.0,0.0,0.0,10,,,,,0.4375,0.4375,16,0.3333333333333333,0.3333333333333333,3,0.05424043271563306,0.9729596445382931,471,201,64,137,127,259,3,44,38,0,0.26963906581740976,0.9129511677282378,0.0870488322717622,0.09554140127388536,0.14437367303609341,6,197,0.63,0.66,100,0.36,0.36,25,17.0,17.88888888888889,0.0,1.0,0.0,0.0,10,,,,,0.4375,0.4375,16,0.3333333333333333,0.3333333333333333,3,0.06986919548741773,0.9727108001401539,933,221,66,155,212,336,18,155,212,0,0.22722400857449088,0.7534833869239014,0.2465166130760986,0.25616291532690244,0.3354769560557342,6,203,0.69,0.7,100,0.36,0.36,25,16.0,17.0,0.0,2.0,0.0,0.0,10,,,,,0.5,0.5,16,0.3333333333333333,0.3333333333333333,3,0.23494544394647632,0.9786346842489457,0.3958333333333333,0.3458333333333333,7.090909090909091,0.5647058823529412,0.43529411764705883,0.007017543859649123,0.2,0.013559322033898306,0.6,0.2,,15.5,315,30,283,0.8984126984126984,3,1,0,1,7,5,2,1,0.0,0,759,404800,9271000,0.043663035271276025,0.0,1980143,404800,1575343,4.681985088955696,5.885067569411868,17.212921480782835,400000,0.2539129573686492,2715089,10810,0,426656.84285714285,162905.34,0.13575445,23.73963475227356,576,0,0,0,0,244,0,404800,404800,538607,310,10,538607,516645,406,2,516645,520091,471,1,520091,0,933,1,0,0,244,0,0,0,0.0,0,0,0,0,0,933,23,,,,3,
compression,20260917T231153-5b07_B7_mycelic_order_capped-o1-c1_s5,20260917T231153-5b07,ok,B7_mycelic,hierarchy,5,tier1,,order_capped-o1-c1,1000,10000,30,10,2,1,038036e877508f4c,0.0,none,5,order_capped,1,1,sim-3b,synthetic,none,3,none,,,12.37,6.392,345.8,2026-09-17T23:40:55Z,,367,67,1,66,44,269,0,26,28,0,0.11989100817438691,0.9237057220708447,0.07629427792915532,0.09536784741144415,0.14168937329700274,25,213,0.0,0.0,100,0.0,0.0,24,,,,,0.0,0.0,9,,,,,0.0,0.0,20,0.0,0.0,2,0.07025172268123096,0.9720231234092949,0.7408691590606935,0.9965337335620355,14.833333333333334,0.0,0.07531380753138076,0.06694560669456066,239,0.6666666666666666,0.0,1.0,0.0,,1.0,0.0,0.09556313993174062,0.07167235494880546,293,0.7,0.0,1.0,0.0,,1.0,0.0,0.10778443113772455,0.0748502994011976,334,0.6666666666666666,0.0,1.0,0.0,,1.0,0.0,0.11989100817438691,0.07629427792915532,367,0.8333333333333334,0.0,1.0,0.0,,1.0,239,0,0,0,18,198,0,7,16,0,0.07531380753138076,0.9330543933054394,0.06694560669456066,0.09205020920502092,0.12552301255230125,0,0,0.0,0.0,100,0.0,0.0,24,,,,,0.0,0.0,9,,,,,0.0,0.0,20,0.0,0.0,2,0.0802192037056609,0.9881689945006399,293,41,2,39,28,230,0,14,21,0,0.09556313993174062,0.9283276450511946,0.07167235494880546,0.09556313993174062,0.13310580204778158,15,151,0.0,0.0,100,0.0,0.0,24,,,,,0.0,0.0,9,,,,,0.0,0.0,20,0.0,0.0,2,0.06987406530842066,0.9707276628073949,334,50,1,49,36,253,0,20,25,0,0.10778443113772455,0.9251497005988024,0.0748502994011976,0.09580838323353294,0.1407185628742515,25,210,0.0,0.0,100,0.0,0.0,24,,,,,0.0,0.0,9,,,,,0.0,0.0,20,0.0,0.0,2,0.06995017981407087,0.9709983955841293,367,67,1,66,44,269,0,26,28,0,0.11989100817438691,0.9237057220708447,0.07629427792915532,0.09536784741144415,0.14168937329700274,25,213,0.0,0.0,100,0.0,0.0,24,,,,,0.0,0.0,9,,,,,0.0,0.0,20,0.0,0.0,2,0.07025172268123096,0.9720231234092949,0.47333333333333333,0.0,,,,0.0,0.0,0.0,0.8,0.0,,,181,0,181,1.0,2,0,0,0,8,8,0,0,0.0,0,767,404800,9239950,0.04380976087532941,0.0,1650144,404800,1245344,5.599481014990207,7.419596513091965,19.117507096688765,400000,0.32119639232212144,2167680,10810,0,340635.4285714286,130060.79999999999,0.108384,11.679161310195923,412,0,0,0,0,268,0,404800,404800,483324,239,10,483324,382490,293,2,382490,379530,334,1,379530,0,367,1,0,0,268,0,0,0,0.0,0,0,0,0,0,367,33,,,,,
compression,20260917T231153-5b07_B7_mycelic_order_capped-o1-c2_s5,20260917T231153-5b07,ok,B7_mycelic,hierarchy,5,tier1,,order_capped-o1-c2,1000,10000,30,10,2,1,038036e877508f4c,0.0,none,5,order_capped,1,2,sim-3b,synthetic,none,3,none,,,7.227,6.392,313.5,2026-09-17T23:41:03Z,,357,64,1,63,44,262,0,22,29,0,0.12324929971988796,0.9187675070028011,0.08123249299719888,0.09523809523809523,0.13725490196078433,25,207,0.0,0.0,100,0.0,0.0,24,,,,,0.0,0.0,9,,,,,0.0,0.0,20,0.0,0.0,2,0.07624130721769441,0.9781467555054595,0.7595127244320793,0.9972098214285715,16.416666666666668,0.0,0.06779661016949153,0.07203389830508475,236,0.5555555555555556,0.0,1.0,0.0,,1.0,0.0,0.0958904109589041,0.07534246575342465,292,0.6363636363636364,0.0,1.0,0.0,,1.0,0.0,0.11009174311926606,0.07951070336391437,327,0.75,0.0,1.0,0.0,,1.0,0.0,0.12324929971988796,0.08123249299719888,357,0.8333333333333334,0.0,1.0,0.0,,1.0,236,0,0,0,16,195,0,8,17,0,0.06779661016949153,0.9279661016949152,0.07203389830508475,0.08898305084745763,0.1271186440677966,0,0,0.0,0.0,100,0.0,0.0,24,,,,,0.0,0.0,9,,,,,0.0,0.0,20,0.0,0.0,2,0.0787447292761028,0.9897616784286453,292,37,2,35,28,228,0,14,22,0,0.0958904109589041,0.9246575342465754,0.07534246575342465,0.09246575342465753,0.13356164383561644,16,154,0.0,0.0,100,0.0,0.0,24,,,,,0.0,0.0,9,,,,,0.0,0.0,20,0.0,0.0,2,0.07396872731078813,0.9780106623749393,327,48,1,47,36,247,0,18,26,0,0.11009174311926606,0.9204892966360856,0.07951070336391437,0.09480122324159021,0.13761467889908258,25,204,0.0,0.0,100,0.0,0.0,24,,,,,0.0,0.0,9,,,,,0.0,0.0,20,0.0,0.0,2,0.07552040660476916,0.9776006666620538,357,64,1,63,44,262,0,22,29,0,0.12324929971988796,0.9187675070028011,0.08123249299719888,0.09523809523809523,0.13725490196078433,25,207,0.0,0.0,100,0.0,0.0,24,,,,,0.0,0.0,9,,,,,0.0,0.0,20,0.0,0.0,2,0.07624130721769441,0.9781467555054595,0.47333333333333333,0.0,,,,0.0,0.0,0.0,0.8,0.0,,,177,0,177,1.0,2,0,0,0,8,8,0,0,0.0,0,767,404800,9239950,0.04380976087532941,0.0,1544928,404800,1140128,5.9808288800513685,8.104309340705605,21.69460684182104,400000,0.3508378006679952,2115025,10432,0,332361.0714285714,126901.5,0.10575125,6.498378753662109,395,0,0,0,0,268,0,404800,404800,425910,236,10,425910,356415,292,2,356415,357803,327,1,357803,0,357,1,0,0,268,0,0,0,0.0,0,0,0,0,0,357,33,,,,,
compression,20260917T231153-5b07_B7_mycelic_claims_only-o2-c2_s4,20260917T231153-5b07,ok,B7_mycelic,hierarchy,4,tier1,,claims_only-o2-c2,1000,10000,30,10,2,1,43d2c39c01e88b89,0.0,none,5,claims_only,2,2,sim-3b,synthetic,none,3,none,,,14.658,4.507,364.8,2026-09-17T23:41:03Z,,893,189,49,140,209,326,16,147,195,0,0.23404255319148937,0.7637178051511758,0.23628219484882418,0.24300111982082867,0.3169092945128779,1,191,0.68,0.69,100,0.36,0.36,25,16.0,17.555555555555557,1.0,2.0,0.0,0.0,10,,,,,0.5,0.5,16,0.3333333333333333,0.3333333333333333,3,0.2267388785005918,0.9837377586797631,0.9225240737568374,0.9792501822157434,8.39795918367347,0.5259259259259259,0.297029702970297,0.019801980198019802,303,0.1,0.022222222222222223,1.0,0.0,1.0,1.0,0.5481481481481482,0.2972292191435768,0.06801007556675064,397,0.2,0.09322033898305085,1.0,0.0,0.5909090909090909,1.0,0.5481481481481482,0.2793791574279379,0.07760532150776053,451,0.21978021978021978,0.09523809523809523,1.0,0.0,0.5909090909090909,1.0,0.5777777777777777,0.23404255319148937,0.23628219484882418,893,0.8247422680412371,0.3349282296650718,1.0,0.0,0.5492957746478874,1.0,303,0,0,0,90,200,1,7,5,0,0.297029702970297,0.9801980198019802,0.019801980198019802,0.0231023102310231,0.039603960396039604,0,0,0.62,0.62,100,0.36,0.36,25,18.0,18.444444444444443,1.0,-1.0,0.0,0.0,10,,,,,0.1875,0.1875,16,0.3333333333333333,0.3333333333333333,3,0.012813750545107973,0.9897114403140848,397,155,45,110,118,229,2,23,25,0,0.2972292191435768,0.9319899244332494,0.06801007556675064,0.07304785894206549,0.10075566750629723,2,159,0.63,0.65,100,0.36,0.36,25,18.0,18.444444444444443,1.0,0.0,0.0,0.0,10,,,,,0.4375,0.4375,16,0.3333333333333333,0.3333333333333333,3,0.052482967999655655,0.9794351090575901,451,171,47,124,126,251,2,39,33,0,0.2793791574279379,0.9223946784922394,0.07760532150776053,0.08425720620842572,0.12195121951219512,1,188,0.63,0.65,100,0.36,0.36,25,18.0,18.444444444444443,1.0,1.0,0.0,0.0,10,,,,,0.4375,0.4375,16,0.3333333333333333,0.3333333333333333,3,0.06381205069252202,0.9794996114120044,893,189,49,140,209,326,16,147,195,0,0.23404255319148937,0.7637178051511758,0.23628219484882418,0.24300111982082867,0.3169092945128779,1,191,0.68,0.69,100,0.36,0.36,25,16.0,17.555555555555557,1.0,2.0,0.0,0.0,10,,,,,0.5,0.5,16,0.3333333333333333,0.3333333333333333,3,0.2267388785005918,0.9837377586797631,0.38333333333333336,0.3458333333333333,7.363636363636363,0.5476190476190477,0.45238095238095233,0.007874015748031496,0.2,0.015151515151515152,0.6,0.2,,16.0,283,29,252,0.8904593639575972,3,1,0,1,7,5,2,1,0.0,0,759,404800,9271000,0.043663035271276025,0.0,1775666,404800,1370866,5.221139561156209,6.762878355725505,19.773577501077085,400000,0.29178635986303547,2421751,10432,0,380560.87142857147,145305.06,0.12108755000000002,12.903980731964111,518,0,0,0,0,244,0,404800,404800,468858,303,10,468858,448718,397,2,448718,453290,451,1,453290,0,893,1,0,0,244,0,0,0,0.0,0,0,0,0,0,893,23,,,,3,
compression,20260917T231153-5b07_B7_mycelic_order_capped-o1-c4_s5,20260917T231153-5b07,ok,B7_mycelic,hierarchy,5,tier1,,order_capped-o1-c4,1000,10000,30,10,2,1,038036e877508f4c,0.0,none,5,order_capped,1,4,sim-3b,synthetic,none,3,none,,,4.836,6.392,313.5,2026-09-17T23:41:08Z,,330,53,2,51,45,243,0,20,22,0,0.13636363636363635,0.9333333333333333,0.06666666666666667,0.07575757575757576,0.10909090909090909,19,179,0.0,0.0,100,0.0,0.0,24,,,,,0.0,0.0,9,,,,,0.0,0.0,20,0.0,0.0,2,0.06514427766550125,0.9880341276468012,0.7590409224206877,0.9973958333333334,17.083333333333332,0.0,0.07964601769911504,0.061946902654867256,226,0.45454545454545453,0.0,1.0,0.0,,1.0,0.0,0.10622710622710622,0.06227106227106227,273,0.6666666666666666,0.034482758620689655,1.0,0.0,,1.0,0.0,0.12211221122112212,0.066006600660066,303,0.8333333333333334,0.02702702702702703,1.0,0.0,,1.0,0.0,0.13636363636363635,0.06666666666666667,330,0.8333333333333334,0.022222222222222223,1.0,0.0,,1.0,226,0,0,0,18,187,0,7,14,0,0.07964601769911504,0.9380530973451328,0.061946902654867256,0.07079646017699115,0.10176991150442478,0,0,0.0,0.0,100,0.0,0.0,24,,,,,0.0,0.0,9,,,,,0.0,0.0,20,0.0,0.0,2,0.062438332227968366,0.9916418720509774,273,30,3,27,29,213,0,14,17,0,0.10622710622710622,0.9377289377289377,0.06227106227106227,0.07326007326007326,0.10622710622710622,12,140,0.0,0.0,100,0.0,0.0,24,,,,,0.0,0.0,9,,,,,0.0,0.0,20,0.0,0.0,2,0.0624691319887822,0.9875740788526248,303,40,2,38,37,229,0,17,20,0,0.12211221122112212,0.933993399339934,0.066006600660066,0.07590759075907591,0.10891089108910891,19,178,0.0,0.0,100,0.0,0.0,24,,,,,0.0,0.0,9,,,,,0.0,0.0,20,0.0,0.0,2,0.0650706693640063,0.9876899779244982,330,53,2,51,45,243,0,20,22,0,0.13636363636363635,0.9333333333333333,0.06666666666666667,0.07575757575757576,0.10909090909090909,19,179,0.0,0.0,100,0.0,0.0,24,,,,,0.0,0.0,9,,,,,0.0,0.0,20,0.0,0.0,2,0.06514427766550125,0.9880341276468012,0.47333333333333333,0.0,,,,0.0,0.0,0.0,0.8,0.0,,,160,0,160,1.0,2,0,0,0,8,8,0,0,0.0,0,767,404800,9239950,0.04380976087532941,0.0,1577558,404800,1172758,5.857122210403674,7.878820694465525,21.66967636022514,400000,0.3410763345890627,2109963,10243,0,331565.61428571434,126597.78000000001,0.10549815000000001,4.2105419635772705,330,0,0,0,0,268,0,404800,404800,426400,226,10,426400,373882,273,2,373882,372476,303,1,372476,0,330,1,0,0,268,0,0,0,0.0,0,0,0,0,0,330,33,,,,,
compression,20260917T231153-5b07_B7_mycelic_claims_only-o2-c4_s4,20260917T231153-5b07,ok,B7_mycelic,hierarchy,4,tier1,,claims_only-o2-c4,1000,10000,30,10,2,1,43d2c39c01e88b89,0.0,none,5,claims_only,2,4,sim-3b,synthetic,none,3,none,,,9.187,4.507,364.8,2026-09-17T23:41:13Z,,827,150,41,109,208,313,16,125,165,0,0.25151148730350664,0.781136638452237,0.218863361547763,0.2249093107617896,0.29020556227327693,1,179,0.67,0.69,100,0.36,0.36,25,16.0,19.555555555555557,3.0,2.0,0.0,0.0,10,,,,,0.5,0.5,16,0.3333333333333333,0.3333333333333333,3,0.2136247414777344,0.9879395468921739,0.9119197382313885,0.9734213917525774,8.31958762886598,0.5185185185185185,0.30067567567567566,0.016891891891891893,296,0.10256410256410256,0.011235955056179775,1.0,0.0,1.0,1.0,0.5481481481481482,0.3078947368421053,0.04473684210526316,380,0.21839080459770116,0.09401709401709402,1.0,0.0,0.9230769230769231,1.0,0.5481481481481482,0.2962085308056872,0.054502369668246446,422,0.22727272727272727,0.096,1.0,0.0,0.9230769230769231,1.0,0.5777777777777777,0.25151148730350664,0.218863361547763,827,0.8297872340425532,0.33653846153846156,1.0,0.0,0.8732394366197183,1.0,296,0,0,0,89,194,1,8,4,0,0.30067567567567566,0.9831081081081081,0.016891891891891893,0.02027027027027027,0.037162162162162164,0,0,0.61,0.61,100,0.36,0.36,25,20.0,20.444444444444443,3.0,-1.0,0.0,0.0,10,,,,,0.125,0.125,16,0.3333333333333333,0.3333333333333333,3,0.010610944939028834,0.9903406746687583,380,128,43,85,117,225,2,21,15,0,0.3078947368421053,0.9552631578947368,0.04473684210526316,0.05,0.07631578947368421,2,158,0.62,0.65,100,0.36,0.36,25,20.0,20.444444444444443,3.0,0.0,0.0,0.0,10,,,,,0.4375,0.4375,16,0.3333333333333333,0.3333333333333333,3,0.037365278968898616,0.9873652789688986,422,138,41,97,125,243,2,31,21,0,0.2962085308056872,0.9454976303317536,0.054502369668246446,0.061611374407582936,0.0924170616113744,1,179,0.62,0.65,100,0.36,0.36,25,20.0,20.444444444444443,3.0,1.0,0.0,0.0,10,,,,,0.4375,0.4375,16,0.3333333333333333,0.3333333333333333,3,0.04841607803428711,0.9868047036267042,827,150,41,109,208,313,16,125,165,0,0.25151148730350664,0.781136638452237,0.218863361547763,0.2249093107617896,0.29020556227327693,1,179,0.67,0.69,100,0.36,0.36,25,16.0,19.555555555555557,3.0,2.0,0.0,0.0,10,,,,,0.5,0.5,16,0.3333333333333333,0.3333333333333333,3,0.2136247414777344,0.9879395468921739,0.3375,0.3333333333333333,7.428571428571429,0.3048780487804878,0.6951219512195121,0.004424778761061947,0.1,0.008474576271186439,0.6,0.2,,12.0,253,27,225,0.8893280632411067,3,1,0,0,7,5,2,1,0.0,0,759,404800,9271000,0.043663035271276025,0.0,1829183,404800,1424383,5.068382988470809,6.508783101174333,18.270572376770694,400000,0.2808233459680437,2313912,10243,0,363614.7428571428,138834.72,0.1156956,7.693297863006592,448,0,0,0,0,244,0,404800,404800,507428,296,10,507428,486358,380,2,486358,430597,422,1,430597,0,827,1,0,0,244,0,0,0,0.0,0,0,0,0,0,827,23,,,,3,
compression,20260917T231153-5b07_B7_mycelic_order_capped-o2-c1_s5,20260917T231153-5b07,ok,B7_mycelic,hierarchy,5,tier1,,order_capped-o2-c1,1000,10000,30,10,2,1,038036e877508f4c,0.0,none,5,order_capped,2,1,sim-3b,synthetic,none,3,none,,,23.738,6.392,314.0,2026-09-17T23:41:31Z,,663,103,6,97,212,287,18,111,35,0,0.31975867269984914,0.9200603318250377,0.07993966817496229,0.0693815987933635,0.09653092006033183,21,249,0.67,0.69,100,0.5,0.5,24,10.5,12.416666666666666,-9.0,2.0,0.0,0.0,9,,,,,0.65,0.65,20,0.5,0.5,2,0.048695035332961295,0.9738681614843163,0.7834481328713091,0.956222233846897,33.2,0.5112781954887218,0.31683168316831684,0.07260726072607261,303,0.10588235294117647,0.041666666666666664,1.0,0.0,0.9516129032258065,1.0,0.5864661654135338,0.3117782909930716,0.07159353348729793,433,0.2222222222222222,0.08148148148148149,1.0,0.0,0.6216216216216216,1.0,0.6015037593984962,0.31902985074626866,0.07276119402985075,536,0.3564356435643564,0.1111111111111111,1.0,0.0,0.5421686746987951,1.0,0.6090225563909775,0.31975867269984914,0.07993966817496229,663,0.43137254901960786,0.14622641509433962,1.0,0.0,0.5301204819277109,1.0,303,0,0,0,96,176,5,9,17,0,0.31683168316831684,0.9273927392739274,0.07260726072607261,0.07590759075907591,0.09570957095709572,0,0,0.62,0.62,100,0.25,0.25,24,18.0,17.333333333333332,-2.0,-1.0,0.0,0.0,9,,,,,0.4,0.4,20,0.5,0.5,2,0.06754128159685188,0.9871473090226645,433,60,5,55,135,219,10,48,21,0,0.3117782909930716,0.9284064665127021,0.07159353348729793,0.06928406466512702,0.09006928406466513,15,186,0.64,0.66,100,0.5,0.5,24,11.0,13.583333333333334,-7.0,0.0,0.0,0.0,9,,,,,0.65,0.65,20,0.5,0.5,2,0.049386780480161235,0.9723953324616499,536,78,6,72,171,252,13,74,26,0,0.31902985074626866,0.9272388059701493,0.07276119402985075,0.06716417910447761,0.0914179104477612,21,238,0.66,0.68,100,0.5,0.5,24,10.5,12.5,-9.0,1.0,0.0,0.0,9,,,,,0.65,0.65,20,0.5,0.5,2,0.04517274855077476,0.9716553166605465,663,103,6,97,212,287,18,111,35,0,0.31975867269984914,0.9200603318250377,0.07993966817496229,0.0693815987933635,0.09653092006033183,21,249,0.67,0.69,100,0.5,0.5,24,10.5,12.416666666666666,-9.0,2.0,0.0,0.0,9,,,,,0.65,0.65,20,0.5,0.5,2,0.048695035332961295,0.9738681614843163,0.53,0.2866666666666667,6.142857142857143,0.6328125,0.3671875,0.028846153846153848,0.6,0.05504587155963303,0.8,0.1,,14.333333333333334,277,69,202,0.7292418772563177,2,1,0,1,8,7,1,5,0.0,0,767,404800,9239950,0.04380976087532941,0.0,5283440,404800,4878640,1.7488511272958527,1.8939602020235147,4.169445560012815,400000,0.08199006280438811,3837254,10810,0,602997.0571428571,230235.24,0.1918627,22.233519554138184,504,0,0,0,0,268,0,404800,404800,2216110,303,10,2216110,1414256,433,2,1414256,1248274,536,1,1248274,0,663,1,0,0,268,0,0,0,0.0,0,0,0,0,0,663,19,2,,,,
compression,20260917T231153-5b07_B7_mycelic_order_capped-o2-c2_s5,20260917T231153-5b07,ok,B7_mycelic,hierarchy,5,tier1,,order_capped-o2-c2,1000,10000,30,10,2,1,038036e877508f4c,0.0,none,5,order_capped,2,2,sim-3b,synthetic,none,3,none,,,13.507,6.392,314.0,2026-09-17T23:41:45Z,,640,100,6,94,215,274,18,103,30,0,0.3359375,0.925,0.075,0.0640625,0.0828125,20,233,0.68,0.7,100,0.5,0.5,24,11.0,13.666666666666666,-7.0,2.0,0.0,0.0,9,,,,,0.7,0.7,20,0.5,0.5,2,0.04976869708665979,0.979698002193006,0.7941409883857006,0.9545735579859035,32.953271028037385,0.5112781954887218,0.32323232323232326,0.0707070707070707,297,0.10714285714285714,0.041666666666666664,1.0,0.0,0.967741935483871,1.0,0.5864661654135338,0.32304038004750596,0.0665083135391924,421,0.23232323232323232,0.09558823529411764,1.0,0.0,0.7162162162162162,1.0,0.6015037593984962,0.33268858800773693,0.06769825918762089,517,0.3627450980392157,0.12209302325581395,1.0,0.0,0.6265060240963856,1.0,0.6165413533834586,0.3359375,0.075,640,0.4423076923076923,0.15813953488372093,1.0,0.0,0.6024096385542169,1.0,297,0,0,0,96,172,5,8,16,0,0.32323232323232326,0.9292929292929293,0.0707070707070707,0.07407407407407407,0.08754208754208755,0,0,0.62,0.62,100,0.25,0.25,24,19.0,18.333333333333332,-1.5,-1.0,0.0,0.0,9,,,,,0.35,0.35,20,0.5,0.5,2,0.06653024308377938,0.9878791532185314,421,60,5,55,136,212,10,45,18,0,0.32304038004750596,0.9334916864608076,0.0665083135391924,0.06413301662707839,0.07838479809976247,14,182,0.64,0.66,100,0.5,0.5,24,13.0,14.333333333333334,-7.0,0.0,0.0,0.0,9,,,,,0.65,0.65,20,0.5,0.5,2,0.050645086757152374,0.9786696906272454,517,77,6,71,172,241,13,69,22,0,0.33268858800773693,0.9323017408123792,0.06769825918762089,0.061895551257253385,0.07930367504835589,20,226,0.66,0.68,100,0.5,0.5,24,11.0,13.833333333333334,-7.0,1.0,0.0,0.0,9,,,,,0.7,0.7,20,0.5,0.5,2,0.046932062356714654,0.9779951748065229,640,100,6,94,215,274,18,103,30,0,0.3359375,0.925,0.075,0.0640625,0.0828125,20,233,0.68,0.7,100,0.5,0.5,24,11.0,13.666666666666666,-7.0,2.0,0.0,0.0,9,,,,,0.7,0.7,20,0.5,0.5,2,0.04976869708665979,0.979698002193006,0.4666666666666667,0.34,6.375,0.546875,0.453125,0.03,0.6,0.05714285714285714,0.8,0.1,,14.666666666666666,267,67,194,0.7265917602996255,2,1,0,1,8,7,1,5,0.0,0,767,404800,9239950,0.04380976087532941,0.0,4145822,404800,3741022,2.228737750921289,2.4698999364344822,5.293158956027589,400000,0.10692265375611264,3172674,10432,0,498563.0571428571,190360.44,0.15863370000000002,11.965093851089478,474,0,0,0,0,268,0,404800,404800,1745640,297,10,1745640,1062835,421,2,1062835,932547,517,1,932547,0,640,1,0,0,268,0,0,0,0.0,0,0,0,0,0,640,19,2,,,,
compression,20260917T231153-5b07_B7_mycelic_claims_only-o3-c1_s4,20260917T231153-5b07,ok,B7_mycelic,hierarchy,4,tier1,,claims_only-o3-c1,1000,10000,30,10,2,1,43d2c39c01e88b89,0.0,none,5,claims_only,3,1,sim-3b,synthetic,none,3,none,,,37.651,4.507,364.8,2026-09-17T23:41:50Z,,883,206,52,154,214,306,38,133,192,0,0.24235560588901472,0.739524348810872,0.26047565118912797,0.2536806342015855,0.32389580973952437,6,174,0.68,0.71,100,0.4,0.4,25,21.0,21.2,2.5,2.0,0.2,0.2,10,24.0,24.0,11.5,2.0,0.4375,0.4375,16,0.6666666666666666,0.6666666666666666,3,0.23289366920937019,0.9790563669311017,0.9251019202449049,0.9728322931114194,6.067961165048544,0.5481481481481482,0.3181818181818182,0.038461538461538464,286,0.07228915662650602,0.01098901098901099,1.0,0.0,0.9838709677419355,1.0,0.5851851851851851,0.30971128608923887,0.09711286089238845,381,0.1827956989247312,0.09322033898305085,1.0,0.0,0.5873015873015873,1.0,0.5851851851851851,0.28378378378378377,0.10585585585585586,444,0.20212765957446807,0.09523809523809523,1.0,0.0,0.5873015873015873,1.0,0.6148148148148148,0.24235560588901472,0.26047565118912797,883,0.84,0.3364485981308411,1.0,0.0,0.5571428571428572,1.0,286,0,0,0,91,174,5,10,6,0,0.3181818181818182,0.9615384615384616,0.038461538461538464,0.03146853146853147,0.05244755244755245,0,0,0.62,0.62,100,0.4,0.4,25,21.0,21.3,2.5,-1.0,0.2,0.2,10,24.0,24.0,11.5,-1.0,0.125,0.125,16,0.6666666666666666,0.6666666666666666,3,0.01791884557418754,0.986450314105656,381,175,53,122,118,203,6,23,31,0,0.30971128608923887,0.9028871391076115,0.09711286089238845,0.09448818897637795,0.12598425196850394,4,143,0.63,0.67,100,0.4,0.4,25,21.0,21.3,2.5,0.0,0.2,0.2,10,24.0,24.0,11.5,0.0,0.375,0.375,16,0.6666666666666666,0.6666666666666666,3,0.06766425368878409,0.9720836471786184,444,186,50,136,126,232,6,39,41,0,0.28378378378378377,0.8941441441441441,0.10585585585585586,0.10810810810810811,0.15315315315315314,6,169,0.63,0.67,100,0.4,0.4,25,21.0,21.3,2.5,1.0,0.2,0.2,10,24.0,24.0,11.5,1.0,0.375,0.375,16,0.6666666666666666,0.6666666666666666,3,0.08285834380239308,0.9720979737423042,883,206,52,154,214,306,38,133,192,0,0.24235560588901472,0.739524348810872,0.26047565118912797,0.2536806342015855,0.32389580973952437,6,174,0.68,0.71,100,0.4,0.4,25,21.0,21.2,2.5,2.0,0.2,0.2,10,24.0,24.0,11.5,2.0,0.4375,0.4375,16,0.6666666666666666,0.6666666666666666,3,0.23289366920937019,0.9790563669311017,0.4083333333333333,0.3125,6.545454545454546,0.35714285714285715,0.6428571428571428,0.003875968992248062,0.1,0.007462686567164178,0.6,0.3,,11.0,286,28,257,0.8986013986013986,3,2,0,0,7,4,3,1,0.0,0,759,404800,9271000,0.043663035271276025,0.0,1899050,404800,1494250,4.881914641531292,6.204450393173833,17.866090080090032,400000,0.2676928224861971,4911461,10810,0,771801.0142857144,294687.66000000003,0.24557305000000001,35.981948137283325,520,0,0,0,0,244,0,404800,404800,518916,286,10,518916,487251,381,2,487251,488083,444,1,488083,0,883,1,0,0,244,0,0,0,0.0,0,0,0,0,0,883,2,,,,21,
compression,20260917T231153-5b07_B7_mycelic_order_capped-o2-c4_s5,20260917T231153-5b07,ok,B7_mycelic,hierarchy,5,tier1,,order_capped-o2-c4,1000,10000,30,10,2,1,038036e877508f4c,0.0,none,5,order_capped,2,4,sim-3b,synthetic,none,3,none,,,8.8,6.392,314.0,2026-09-17T23:41:54Z,,653,95,6,89,219,275,17,113,29,0,0.33537519142419603,0.9295558958652373,0.07044410413476264,0.05819295558958652,0.08116385911179173,19,227,0.66,0.69,100,0.5,0.5,24,12.0,14.0,-7.0,2.0,0.0,0.0,9,,,,,0.7,0.7,20,0.5,0.5,2,0.046273436185271494,0.9856284197066394,0.8169911112746526,0.9458757617945718,34.0188679245283,0.5112781954887218,0.32550335570469796,0.07046979865771812,298,0.10588235294117647,0.041237113402061855,1.0,0.0,0.967741935483871,1.0,0.5864661654135338,0.32400932400932403,0.0675990675990676,429,0.25510204081632654,0.10071942446043165,1.0,0.0,0.972972972972973,1.0,0.6015037593984962,0.332703213610586,0.06805293005671077,529,0.39603960396039606,0.13068181818181818,1.0,0.0,0.9397590361445783,1.0,0.6090225563909775,0.33537519142419603,0.07044410413476264,653,0.4803921568627451,0.1643835616438356,1.0,0.0,0.9397590361445783,1.0,298,0,0,0,97,172,4,8,17,0,0.32550335570469796,0.9295302013422819,0.07046979865771812,0.07046979865771812,0.08389261744966443,0,0,0.62,0.62,100,0.25,0.25,24,22.0,18.0,0.5,-1.0,0.0,0.0,9,,,,,0.4,0.4,20,0.5,0.5,2,0.06407184014042328,0.989040384804924,429,58,5,53,139,213,9,48,20,0,0.32400932400932403,0.9324009324009324,0.0675990675990676,0.06293706293706294,0.07692307692307693,15,185,0.63,0.66,100,0.5,0.5,24,16.0,15.666666666666666,-4.5,0.0,0.0,0.0,9,,,,,0.65,0.65,20,0.5,0.5,2,0.053577310481989125,0.9846359431496798,529,73,5,68,176,242,12,75,24,0,0.332703213610586,0.9319470699432892,0.06805293005671077,0.06049149338374291,0.07939508506616257,19,225,0.65,0.68,100,0.5,0.5,24,12.0,14.0,-7.0,1.0,0.0,0.0,9,,,,,0.7,0.7,20,0.5,0.5,2,0.050749711737520124,0.9848054245981915,653,95,6,89,219,275,17,113,29,0,0.33537519142419603,0.9295558958652373,0.07044410413476264,0.05819295558958652,0.08116385911179173,19,227,0.66,0.69,100,0.5,0.5,24,12.0,14.0,-7.0,2.0,0.0,0.0,9,,,,,0.7,0.7,20,0.5,0.5,2,0.046273436185271494,0.9856284197066394,0.38666666666666666,0.36,5.9411764705882355,0.3125,0.6875,0.031088082901554404,0.6,0.059113300492610835,0.9,0.0,,15.333333333333334,260,67,187,0.7192307692307692,2,1,0,1,8,8,0,5,0.0,0,767,404800,9239950,0.04380976087532941,0.0,3396696,404800,2991896,2.7202758209742646,3.0883259311152527,6.592505336818913,400000,0.13369448670675718,2794536,10243,0,439141.37142857147,167672.16,0.1397268,7.207884788513184,460,0,0,0,0,268,0,404800,404800,1401584,298,10,1401584,866387,429,2,866387,723925,529,1,723925,0,653,1,0,0,268,0,0,0,0.0,0,0,0,0,0,653,19,2,,,,
compression,20260917T231153-5b07_B7_mycelic_claims_only-o3-c2_s4,20260917T231153-5b07,ok,B7_mycelic,hierarchy,4,tier1,,claims_only-o3-c2,1000,10000,30,10,2,1,43d2c39c01e88b89,0.0,none,5,claims_only,3,2,sim-3b,synthetic,none,3,none,,,21.479,4.507,364.8,2026-09-17T23:42:12Z,,812,184,47,137,209,284,35,125,159,0,0.25738916256157635,0.7610837438423645,0.23891625615763548,0.2315270935960591,0.30295566502463056,3,160,0.7,0.72,100,0.32,0.32,25,22.0,21.375,2.5,2.0,0.2,0.2,10,24.0,24.0,11.5,2.0,0.4375,0.4375,16,0.6666666666666666,0.6666666666666666,3,0.21412942912259328,0.9826023355265342,0.9426664587758731,0.982390873015873,6.980392156862745,0.5407407407407407,0.32116788321167883,0.032846715328467155,274,0.07407407407407407,0.011363636363636364,1.0,0.0,0.9682539682539683,1.0,0.5703703703703704,0.31741573033707865,0.0702247191011236,356,0.1797752808988764,0.07079646017699115,1.0,0.0,0.640625,1.0,0.5703703703703704,0.29584352078239606,0.08312958435207823,409,0.2,0.0743801652892562,1.0,0.0,0.640625,1.0,0.6074074074074074,0.25738916256157635,0.23891625615763548,812,0.81,0.3397129186602871,1.0,0.0,0.5972222222222222,1.0,274,0,0,0,88,169,5,8,4,0,0.32116788321167883,0.9671532846715328,0.032846715328467155,0.025547445255474453,0.043795620437956206,0,0,0.63,0.63,100,0.32,0.32,25,22.0,21.375,2.5,-1.0,0.2,0.2,10,24.0,24.0,11.5,-1.0,0.0625,0.0625,16,0.6666666666666666,0.6666666666666666,3,0.013501687232261092,0.9879542419767866,356,152,46,106,113,197,5,21,20,0,0.31741573033707865,0.9297752808988764,0.0702247191011236,0.06741573033707865,0.09269662921348315,2,133,0.63,0.67,100,0.32,0.32,25,22.0,21.375,2.5,0.0,0.2,0.2,10,24.0,24.0,11.5,0.0,0.25,0.25,16,0.6666666666666666,0.6666666666666666,3,0.04524507161582828,0.9766649704918626,409,166,45,121,121,219,5,35,29,0,0.29584352078239606,0.9168704156479217,0.08312958435207823,0.08312958435207823,0.1198044009779951,3,158,0.63,0.67,100,0.32,0.32,25,22.0,21.375,2.5,1.0,0.2,0.2,10,24.0,24.0,11.5,1.0,0.25,0.25,16,0.6666666666666666,0.6666666666666666,3,0.06127791806886535,0.9771348471638976,812,184,47,137,209,284,35,125,159,0,0.25738916256157635,0.7610837438423645,0.23891625615763548,0.2315270935960591,0.30295566502463056,3,160,0.7,0.72,100,0.32,0.32,25,22.0,21.375,2.5,2.0,0.2,0.2,10,24.0,24.0,11.5,2.0,0.4375,0.4375,16,0.6666666666666666,0.6666666666666666,3,0.21412942912259328,0.9826023355265342,0.37916666666666665,0.31666666666666665,6.333333333333333,0.29069767441860467,0.7093023255813953,0.004329004329004329,0.1,0.00829875518672199,0.6,0.3,,12.0,256,25,230,0.8984375,3,2,0,0,7,4,3,1,0.0,0,759,404800,9271000,0.043663035271276025,0.0,1642561,404800,1237761,5.644234825982109,7.490137433640259,21.403127243680757,400000,0.32316416497207456,3585554,10432,0,563444.2,215133.24,0.1792777,19.884427547454834,467,0,0,0,0,244,0,404800,404800,433161,274,10,433161,400656,356,2,400656,403944,409,1,403944,0,812,1,0,0,244,0,0,0,0.0,0,0,0,0,0,812,2,,,,23,
compression,20260917T231153-5b07_B7_mycelic_claims_only-o3-c4_s4,20260917T231153-5b07,ok,B7_mycelic,hierarchy,4,tier1,,claims_only-o3-c4,1000,10000,30,10,2,1,43d2c39c01e88b89,0.0,none,5,claims_only,3,4,sim-3b,synthetic,none,3,none,,,12.958,4.507,364.8,2026-09-17T23:42:25Z,,734,141,34,107,206,266,32,110,120,0,0.28065395095367845,0.7929155313351499,0.20708446866485014,0.19618528610354224,0.26294277929155313,1,152,0.71,0.73,100,0.28,0.28,25,24.0,23.571428571428573,6.0,2.0,0.2,0.2,10,28.0,28.0,15.5,2.0,0.5,0.5,16,0.6666666666666666,0.6666666666666666,3,0.18430775565501384,0.9881224695514718,0.9086271316027347,0.968887339418526,7.921568627450981,0.5333333333333333,0.32567049808429116,0.03065134099616858,261,0.05,0.011764705882352941,1.0,0.0,0.9682539682539683,1.0,0.5777777777777777,0.32748538011695905,0.05555555555555555,342,0.19101123595505617,0.10714285714285714,1.0,0.0,0.921875,1.0,0.5777777777777777,0.3133159268929504,0.06527415143603134,383,0.2,0.10833333333333334,1.0,0.0,0.921875,1.0,0.6074074074074074,0.28065395095367845,0.20708446866485014,734,0.7878787878787878,0.35436893203883496,1.0,0.0,0.8472222222222222,1.0,261,0,0,0,85,161,5,7,3,0,0.32567049808429116,0.9693486590038314,0.03065134099616858,0.022988505747126436,0.0421455938697318,0,0,0.63,0.63,100,0.28,0.28,25,24.0,23.571428571428573,6.0,-1.0,0.2,0.2,10,28.0,28.0,15.5,-1.0,0.0625,0.0625,16,0.6666666666666666,0.6666666666666666,3,0.012519133416588942,0.9895306276694628,342,119,36,83,112,190,5,21,14,0,0.32748538011695905,0.9444444444444444,0.05555555555555555,0.05263157894736842,0.0847953216374269,2,133,0.64,0.69,100,0.28,0.28,25,24.0,23.571428571428573,6.0,0.0,0.2,0.2,10,28.0,28.0,15.5,0.0,0.375,0.375,16,0.6666666666666666,0.6666666666666666,3,0.03858644105761419,0.9859548621102456,383,129,34,95,120,208,5,30,20,0,0.3133159268929504,0.9347258485639687,0.06527415143603134,0.06527415143603134,0.10182767624020887,1,152,0.64,0.69,100,0.28,0.28,25,24.0,23.571428571428573,6.0,1.0,0.2,0.2,10,28.0,28.0,15.5,1.0,0.375,0.375,16,0.6666666666666666,0.6666666666666666,3,0.05081356096320405,0.9855394095271727,734,141,34,107,206,266,32,110,120,0,0.28065395095367845,0.7929155313351499,0.20708446866485014,0.19618528610354224,0.26294277929155313,1,152,0.71,0.73,100,0.28,0.28,25,24.0,23.571428571428573,6.0,2.0,0.2,0.2,10,28.0,28.0,15.5,2.0,0.5,0.5,16,0.6666666666666666,0.6666666666666666,3,0.18430775565501384,0.9881224695514718,0.3375,0.3333333333333333,7.428571428571429,0.23170731707317074,0.7682926829268293,0.0048543689320388345,0.1,0.009259259259259259,0.6,0.3,,12.0,232,26,205,0.8836206896551724,3,2,0,0,7,4,3,1,0.0,0,759,404800,9271000,0.043663035271276025,0.0,1679256,404800,1274456,5.5208973497787115,7.274476325585191,20.6372137646721,400000,0.31385940354158953,2963749,10243,0,465731.9857142857,177824.94,0.14818745,11.589947700500488,405,0,0,0,0,244,0,404800,404800,449237,261,10,449237,421032,342,2,421032,404187,383,1,404187,0,734,1,0,0,244,0,0,0,0.0,0,0,0,0,0,734,3,,,,23,
compression,20260917T231153-5b07_B7_mycelic_order_capped-o3-c1_s5,20260917T231153-5b07,ok,B7_mycelic,hierarchy,5,tier1,,order_capped-o3-c1,1000,10000,30,10,2,1,038036e877508f4c,0.0,none,5,order_capped,3,1,sim-3b,synthetic,none,3,none,,,42.77,6.392,353.3,2026-09-17T23:42:37Z,,660,108,6,102,222,254,63,88,33,0,0.33636363636363636,0.8545454545454545,0.14545454545454545,0.06363636363636363,0.0893939393939394,20,218,0.62,0.65,100,0.6666666666666666,0.6666666666666666,24,16.0,15.9375,-2.0,2.0,0.7777777777777778,0.7777777777777778,9,19.0,20.428571428571427,2.0,2.0,0.7,0.7,20,0.5,0.5,2,0.04181290789396937,0.973132405344388,0.8168353298648819,0.9472721228826788,27.598214285714285,0.45112781954887216,0.30970149253731344,0.08582089552238806,268,0.09333333333333334,0.04819277108433735,1.0,0.0,0.9107142857142857,1.0,0.6165413533834586,0.3200992555831266,0.12158808933002481,403,0.16831683168316833,0.09302325581395349,1.0,0.0,0.676056338028169,1.0,0.6541353383458647,0.3333333333333333,0.12280701754385964,513,0.3644859813084112,0.12280701754385964,1.0,0.0,0.5930232558139535,1.0,0.6616541353383458,0.33636363636363636,0.14545454545454545,660,0.5,0.14864864864864866,1.0,0.0,0.5632183908045977,1.0,268,0,0,0,83,152,7,10,16,0,0.30970149253731344,0.914179104477612,0.08582089552238806,0.07462686567164178,0.09328358208955224,0,0,0.56,0.56,100,0.16666666666666666,0.16666666666666666,24,23.0,19.25,2.5,-1.0,0.0,0.0,9,,,,,0.35,0.35,20,0.5,0.5,2,0.0642442428552518,0.9840867279488266,403,65,5,60,129,190,28,35,21,0,0.3200992555831266,0.8784119106699751,0.12158808933002481,0.06947890818858561,0.08933002481389578,15,173,0.59,0.62,100,0.625,0.625,24,14.0,15.733333333333333,-1.0,0.0,0.4444444444444444,0.5555555555555556,9,23.5,22.0,5.5,0.0,0.7,0.7,20,0.5,0.5,2,0.04830379257303667,0.9717133214560054,513,83,6,77,171,222,38,57,25,0,0.3333333333333333,0.8771929824561403,0.12280701754385964,0.06432748538011696,0.08771929824561403,19,208,0.61,0.64,100,0.6666666666666666,0.6666666666666666,24,16.0,16.3125,-1.0,1.0,0.7777777777777778,0.7777777777777778,9,19.0,20.714285714285715,2.0,1.0,0.7,0.7,20,0.5,0.5,2,0.04131113020202399,0.9709455439029137,660,108,6,102,222,254,63,88,33,0,0.33636363636363636,0.8545454545454545,0.14545454545454545,0.06363636363636363,0.0893939393939394,20,218,0.62,0.65,100,0.6666666666666666,0.6666666666666666,24,16.0,15.9375,-2.0,2.0,0.7777777777777778,0.7777777777777778,9,19.0,20.428571428571427,2.0,2.0,0.7,0.7,20,0.5,0.5,2,0.04181290789396937,0.973132405344388,0.5333333333333333,0.2833333333333333,6.071428571428571,0.5625,0.4375,0.030927835051546393,0.6,0.058823529411764705,0.8,0.1,,14.833333333333334,257,63,188,0.7315175097276264,2,1,0,1,8,7,1,5,0.0,0,767,404800,9239950,0.04380976087532941,3.218366142788178e-05,15573392,404800,15168592,0.5933164720954819,0.6091501439289817,1.405232664597131,400000,0.026370278797135556,10362858,10810,0,1628449.1142857145,621771.48,0.5181429000000001,41.16874098777771,466,0,0,0,0,268,0,404800,404800,6575388,268,10,6575388,4529672,403,2,4529672,4063532,513,1,4063532,0,660,1,0,0,268,0,0,0,0.0,0,0,0,0,0,660,,6,4,,,
compression,20260917T231153-5b07_B7_mycelic_full_sketch-o1-c1_s6,20260917T231153-5b07,ok,B7_mycelic,hierarchy,6,tier1,,full_sketch-o1-c1,1000,10000,30,10,2,1,3fb6295959e38e80,0.0,none,5,full_sketch,1,1,sim-3b,synthetic,none,3,none,,,13.231,6.226,132.9,2026-09-17T23:42:46Z,,326,85,4,81,37,248,0,21,20,0,0.11349693251533742,0.9386503067484663,0.06134969325153374,0.06441717791411043,0.12269938650306748,8,192,0.0,0.0,100,0.0,0.0,25,,,,,0.0,0.0,10,,,,,0.0,0.0,20,0.0,0.0,2,0.03622153433776913,0.9718043564236588,0.6044527889978017,1.0,19.636363636363637,0.0,0.08520179372197309,0.053811659192825115,223,0.5454545454545454,0.0,1.0,0.0,,1.0,0.0,0.10505836575875487,0.05058365758754864,257,0.8181818181818182,0.0,1.0,0.0,,1.0,0.0,0.10810810810810811,0.057432432432432436,296,0.9090909090909091,0.0,1.0,0.0,,1.0,0.0,0.11349693251533742,0.06134969325153374,326,0.9090909090909091,0.0,1.0,0.0,,1.0,223,0,0,0,19,186,0,6,12,0,0.08520179372197309,0.9461883408071748,0.053811659192825115,0.05829596412556054,0.07623318385650224,0,0,0.0,0.0,100,0.0,0.0,25,,,,,0.0,0.0,10,,,,,0.0,0.0,20,0.0,0.0,2,0.04705122375816489,0.9887552596326042,257,61,4,57,27,208,0,9,13,0,0.10505836575875487,0.9494163424124513,0.05058365758754864,0.054474708171206226,0.08171206225680934,7,140,0.0,0.0,100,0.0,0.0,25,,,,,0.0,0.0,10,,,,,0.0,0.0,20,0.0,0.0,2,0.02376733453745357,0.9692926263662475,296,69,3,66,32,232,0,15,17,0,0.10810810810810811,0.9425675675675675,0.057432432432432436,0.060810810810810814,0.10810810810810811,8,191,0.0,0.0,100,0.0,0.0,25,,,,,0.0,0.0,10,,,,,0.0,0.0,20,0.0,0.0,2,0.031350325332612256,0.9705395145218015,326,85,4,81,37,248,0,21,20,0,0.11349693251533742,0.9386503067484663,0.06134969325153374,0.06441717791411043,0.12269938650306748,8,192,0.0,0.0,100,0.0,0.0,25,,,,,0.0,0.0,10,,,,,0.0,0.0,20,0.0,0.0,2,0.03622153433776913,0.9718043564236588,0.49,0.0,,,,0.0,0.0,0.0,0.8,0.0,,,168,0,168,1.0,2,0,0,0,8,8,0,0,0.0,0,807,404800,9200150,0.04399928262039206,0.0,1623750,404800,1218950,5.66598922247883,7.547602444727019,19.833295248278628,400000,0.3281512777390377,2160856,10810,0,339563.0857142857,129651.36000000002,0.10804280000000002,12.563739538192749,416,0,0,0,0,239,0,404800,404800,463874,223,10,463874,376622,257,2,376622,378454,296,1,378454,0,326,1,0,0,239,0,0,0,0.0,0,0,0,0,0,326,35,,,,,
compression,20260917T231153-5b07_B7_mycelic_full_sketch-o1-c2_s6,20260917T231153-5b07,ok,B7_mycelic,hierarchy,6,tier1,,full_sketch-o1-c2,1000,10000,30,10,2,1,3fb6295959e38e80,0.0,none,5,full_sketch,1,2,sim-3b,synthetic,none,3,none,,,7.139,6.226,133.1,2026-09-17T23:42:53Z,,303,76,3,73,37,233,0,15,18,0,0.12211221122112212,0.9405940594059405,0.0594059405940594,0.0594059405940594,0.09570957095709572,8,180,0.0,0.0,100,0.0,0.0,25,,,,,0.0,0.0,10,,,,,0.0,0.0,20,0.0,0.0,2,0.03713498157123637,0.9777290409771769,0.5500079254243074,1.0,25.0,0.0,0.08636363636363636,0.05454545454545454,220,0.5454545454545454,0.0,1.0,0.0,,1.0,0.0,0.1067193675889328,0.05138339920948617,253,0.8181818181818182,0.0,1.0,0.0,,1.0,0.0,0.11387900355871886,0.05693950177935943,281,0.9090909090909091,0.0,1.0,0.0,,1.0,0.0,0.12211221122112212,0.0594059405940594,303,0.9090909090909091,0.0,1.0,0.0,,1.0,220,0,0,0,19,183,0,6,12,0,0.08636363636363636,0.9454545454545454,0.05454545454545454,0.05454545454545454,0.06818181818181818,0,0,0.0,0.0,100,0.0,0.0,25,,,,,0.0,0.0,10,,,,,0.0,0.0,20,0.0,0.0,2,0.0439574361240391,0.9894119815785845,253,53,4,49,27,204,0,9,13,0,0.1067193675889328,0.9486166007905138,0.05138339920948617,0.05138339920948617,0.07509881422924901,7,142,0.0,0.0,100,0.0,0.0,25,,,,,0.0,0.0,10,,,,,0.0,0.0,20,0.0,0.0,2,0.027598869944911987,0.9762154707354258,281,62,3,59,32,221,0,12,16,0,0.11387900355871886,0.9430604982206405,0.05693950177935943,0.05693950177935943,0.08896797153024912,8,179,0.0,0.0,100,0.0,0.0,25,,,,,0.0,0.0,10,,,,,0.0,0.0,20,0.0,0.0,2,0.03372952599772488,0.9767900242183655,303,76,3,73,37,233,0,15,18,0,0.12211221122112212,0.9405940594059405,0.0594059405940594,0.0594059405940594,0.09570957095709572,8,180,0.0,0.0,100,0.0,0.0,25,,,,,0.0,0.0,10,,,,,0.0,0.0,20,0.0,0.0,2,0.03713498157123637,0.9777290409771769,0.49,0.0,,,,0.0,0.0,0.0,0.8,0.0,,,157,0,157,1.0,2,0,0,0,8,8,0,0,0.0,0,807,404800,9200150,0.04399928262039206,0.0,1486538,404800,1081738,6.188977341985203,8.50497070455138,22.769379643516526,400000,0.36977530603528763,2100298,10432,0,330046.82857142854,126017.87999999999,0.1050149,6.528943061828613,373,0,0,0,0,239,0,404800,404800,404058,220,10,404058,336836,253,2,336836,340844,281,1,340844,0,303,1,0,0,239,0,0,0,0.0,0,0,0,0,0,303,35,,,,,
compression,20260917T231153-5b07_B7_mycelic_full_sketch-o1-c4_s6,20260917T231153-5b07,ok,B7_mycelic,hierarchy,6,tier1,,full_sketch-o1-c4,1000,10000,30,10,2,1,3fb6295959e38e80,0.0,none,5,full_sketch,1,4,sim-3b,synthetic,none,3,none,,,4.254,6.226,133.1,2026-09-17T23:42:58Z,,290,62,5,57,35,220,0,19,16,0,0.1206896551724138,0.9448275862068966,0.05517241379310345,0.05517241379310345,0.09655172413793103,5,166,0.0,0.0,100,0.0,0.0,25,,,,,0.0,0.0,10,,,,,0.0,0.0,20,0.0,0.0,2,0.04348730223545172,0.9872901599109037,0.5123389443638859,1.0,30.727272727272727,0.0,0.09090909090909091,0.03827751196172249,209,0.5454545454545454,0.0,1.0,0.0,,1.0,0.0,0.11020408163265306,0.04081632653061224,245,0.8181818181818182,0.0,1.0,0.0,,1.0,0.0,0.11567164179104478,0.048507462686567165,268,0.9090909090909091,0.0,1.0,0.0,,1.0,0.0,0.1206896551724138,0.05517241379310345,290,0.9090909090909091,0.0,1.0,0.0,,1.0,209,0,0,0,19,177,0,5,8,0,0.09090909090909091,0.9617224880382775,0.03827751196172249,0.03827751196172249,0.04784688995215311,0,0,0.0,0.0,100,0.0,0.0,25,,,,,0.0,0.0,10,,,,,0.0,0.0,20,0.0,0.0,2,0.030602301975330433,0.9909029178886373,245,40,4,36,27,199,0,9,10,0,0.11020408163265306,0.9591836734693877,0.04081632653061224,0.04081632653061224,0.0653061224489796,5,135,0.0,0.0,100,0.0,0.0,25,,,,,0.0,0.0,10,,,,,0.0,0.0,20,0.0,0.0,2,0.028613214125596104,0.9865839436189885,268,51,4,47,31,210,0,14,13,0,0.11567164179104478,0.9514925373134329,0.048507462686567165,0.048507462686567165,0.08208955223880597,5,165,0.0,0.0,100,0.0,0.0,25,,,,,0.0,0.0,10,,,,,0.0,0.0,20,0.0,0.0,2,0.03656946086572443,0.9869531501414001,290,62,5,57,35,220,0,19,16,0,0.1206896551724138,0.9448275862068966,0.05517241379310345,0.05517241379310345,0.09655172413793103,5,166,0.0,0.0,100,0.0,0.0,25,,,,,0.0,0.0,10,,,,,0.0,0.0,20,0.0,0.0,2,0.04348730223545172,0.9872901599109037,0.49,0.0,,,,0.0,0.0,0.0,0.8,0.0,,,149,0,149,1.0,2,0,0,0,8,8,0,0,0.0,0,807,404800,9200150,0.04399928262039206,0.0,1496980,404800,1092180,6.145806891207632,8.423657272610741,23.18107145196809,400000,0.36623999707008004,2089774,10243,0,328393.0571428571,125386.43999999999,0.1044887,3.7123959064483643,330,0,0,0,0,239,0,404800,404800,396882,209,10,396882,347271,245,2,347271,348027,268,1,348027,0,290,1,0,0,239,0,0,0,0.0,0,0,0,0,0,290,35,,,,,
compression,20260917T231153-5b07_B7_mycelic_order_capped-o3-c2_s5,20260917T231153-5b07,ok,B7_mycelic,hierarchy,5,tier1,,order_capped-o3-c2,1000,10000,30,10,2,1,038036e877508f4c,0.0,none,5,order_capped,3,2,sim-3b,synthetic,none,3,none,,,23.809,6.392,335.4,2026-09-17T23:43:01Z,,633,102,5,97,218,245,63,80,27,0,0.344391785150079,0.8578199052132701,0.14218009478672985,0.05845181674565561,0.07740916271721959,17,200,0.6,0.63,100,0.6666666666666666,0.6666666666666666,24,16.0,16.625,-1.0,2.0,0.7777777777777778,0.7777777777777778,9,20.0,20.857142857142858,2.0,2.0,0.6,0.6,20,0.5,0.5,2,0.03873424507994038,0.9774636138171643,0.8394195375366243,0.9503944541013589,27.2803738317757,0.42105263157894735,0.3035019455252918,0.07782101167315175,257,0.1323529411764706,0.05128205128205128,1.0,0.0,0.9433962264150944,1.0,0.6015037593984962,0.32051282051282054,0.11282051282051282,390,0.19148936170212766,0.104,1.0,0.0,0.7352941176470589,1.0,0.6390977443609023,0.33874239350912777,0.11561866125760649,493,0.38613861386138615,0.1317365269461078,1.0,0.0,0.6506024096385542,1.0,0.6466165413533834,0.344391785150079,0.14218009478672985,633,0.5242718446601942,0.16055045871559634,1.0,0.0,0.6190476190476191,1.0,257,0,0,0,78,150,7,9,13,0,0.3035019455252918,0.9221789883268483,0.07782101167315175,0.06614785992217899,0.07782101167315175,0,0,0.53,0.53,100,0.125,0.125,24,24.0,18.666666666666668,5.0,-1.0,0.0,0.0,9,,,,,0.25,0.25,20,0.5,0.5,2,0.05689419368667447,0.9849789641344489,390,62,4,58,125,188,28,33,16,0,0.32051282051282054,0.8871794871794871,0.11282051282051282,0.06153846153846154,0.07692307692307693,12,162,0.56,0.6,100,0.625,0.625,24,14.0,16.666666666666668,0.0,0.0,0.4444444444444444,0.5555555555555556,9,25.0,23.25,7.0,0.0,0.55,0.55,20,0.5,0.5,2,0.0445128624053,0.9765889517633063,493,79,5,74,167,216,38,53,19,0,0.33874239350912777,0.8843813387423936,0.11561866125760649,0.056795131845841784,0.07505070993914807,16,194,0.58,0.62,100,0.6666666666666666,0.6666666666666666,24,16.0,17.25,0.0,1.0,0.7777777777777778,0.7777777777777778,9,20.0,21.285714285714285,2.0,1.0,0.6,0.6,20,0.5,0.5,2,0.038957422525634985,0.9759585600678335,633,102,5,97,218,245,63,80,27,0,0.344391785150079,0.8578199052132701,0.14218009478672985,0.05845181674565561,0.07740916271721959,17,200,0.6,0.63,100,0.6666666666666666,0.6666666666666666,24,16.0,16.625,-1.0,2.0,0.7777777777777778,0.7777777777777778,9,20.0,20.857142857142858,2.0,2.0,0.6,0.6,20,0.5,0.5,2,0.03873424507994038,0.9774636138171643,0.48,0.31333333333333335,6.0,0.4609375,0.5390625,0.03225806451612903,0.6,0.061224489795918366,0.8,0.1,,15.666666666666666,247,61,180,0.728744939271255,2,1,0,1,8,7,1,5,0.0,0,767,404800,9239950,0.04380976087532941,3.218366142788178e-05,12367394,404800,11962594,0.7471218269588565,0.7724035439136361,1.7115221256182536,400000,0.033437563792602175,7366390,10432,0,1157575.5714285714,441983.4,0.3683195,22.449034214019775,438,0,0,0,0,268,0,404800,404800,5398674,257,10,5398674,3488127,390,2,3488127,3075793,493,1,3075793,0,633,1,0,0,268,0,0,0,0.0,0,0,0,0,0,633,,6,4,,,
compression,20260917T231153-5b07_B7_mycelic_order_capped-o3-c4_s5,20260917T231153-5b07,ok,B7_mycelic,hierarchy,5,tier1,,order_capped-o3-c4,1000,10000,30,10,2,1,038036e877508f4c,0.0,none,5,order_capped,3,4,sim-3b,synthetic,none,3,none,,,15.208,6.392,334.0,2026-09-17T23:43:16Z,,641,96,5,91,218,248,65,85,25,0,0.34009360374414976,0.859594383775351,0.14040561622464898,0.0530421216848674,0.07332293291731669,17,193,0.58,0.61,100,0.6666666666666666,0.6666666666666666,24,16.0,16.5,-0.5,2.0,0.7777777777777778,0.7777777777777778,9,20.0,22.285714285714285,2.0,2.0,0.6,0.6,20,0.5,0.5,2,0.03822358966479009,0.9826781946895589,0.8593480041305674,0.9640749430050546,28.19047619047619,0.42857142857142855,0.30078125,0.078125,256,0.11764705882352941,0.03896103896103896,1.0,0.0,0.9245283018867925,1.0,0.5939849624060151,0.3171355498721228,0.11253196930946291,391,0.21978021978021978,0.0967741935483871,1.0,0.0,0.9264705882352942,1.0,0.631578947368421,0.3353413654618474,0.11646586345381527,498,0.39,0.1317365269461078,1.0,0.0,0.8795180722891566,1.0,0.631578947368421,0.34009360374414976,0.14040561622464898,641,0.5544554455445545,0.16055045871559634,1.0,0.0,0.8823529411764706,1.0,256,0,0,0,77,149,7,10,13,0,0.30078125,0.921875,0.078125,0.06640625,0.078125,0,0,0.53,0.53,100,0.16666666666666666,0.16666666666666666,24,20.0,18.0,3.0,-1.0,0.0,0.0,9,,,,,0.2,0.2,20,0.5,0.5,2,0.05743517112468616,0.985239022707022,391,61,4,57,124,188,28,35,16,0,0.3171355498721228,0.887468030690537,0.11253196930946291,0.058823529411764705,0.0741687979539642,12,162,0.55,0.59,100,0.625,0.625,24,16.0,17.6,0.0,0.0,0.4444444444444444,0.5555555555555556,9,28.0,27.25,7.0,0.0,0.5,0.5,20,0.5,0.5,2,0.04636705043556406,0.9817658347127352,498,75,4,71,167,217,39,56,19,0,0.3353413654618474,0.8835341365461847,0.11646586345381527,0.05421686746987952,0.07228915662650602,17,190,0.57,0.61,100,0.6666666666666666,0.6666666666666666,24,16.0,17.0,-0.5,1.0,0.7777777777777778,0.7777777777777778,9,20.0,22.428571428571427,2.0,1.0,0.6,0.6,20,0.5,0.5,2,0.04165456533919133,0.9818244996081406,641,96,5,91,218,248,65,85,25,0,0.34009360374414976,0.859594383775351,0.14040561622464898,0.0530421216848674,0.07332293291731669,17,193,0.58,0.61,100,0.6666666666666666,0.6666666666666666,24,16.0,16.5,-0.5,2.0,0.7777777777777778,0.7777777777777778,9,20.0,22.285714285714285,2.0,2.0,0.6,0.6,20,0.5,0.5,2,0.03822358966479009,0.9826781946895589,0.36,0.3466666666666667,5.705882352941177,0.28125,0.71875,0.03409090909090909,0.6,0.06451612903225806,0.9,0.0,,16.666666666666668,236,60,170,0.7203389830508474,2,1,0,1,8,8,0,5,0.0,0,767,404800,9239950,0.04380976087532941,3.218366142788178e-05,9702373,404800,9297573,0.9523391854755533,0.9938023611107974,2.1369362643746745,400000,0.04302198003715593,5598889,10243,0,879825.4142857144,335933.34,0.27994445,13.8764488697052,418,0,0,0,0,268,0,404800,404800,4323924,256,10,4323924,2665349,391,2,2665349,2308300,498,1,2308300,0,641,1,0,0,268,0,0,0,0.0,0,0,0,0,0,641,,6,4,,,
compression,20260917T231153-5b07_B7_mycelic_full_sketch-o2-c1_s6,20260917T231153-5b07,ok,B7_mycelic,hierarchy,6,tier1,,full_sketch-o2-c1,1000,10000,30,10,2,1,3fb6295959e38e80,0.0,none,5,full_sketch,2,1,sim-3b,synthetic,none,3,none,,,22.81,6.226,173.5,2026-09-17T23:43:21Z,,565,145,3,142,157,280,16,94,18,0,0.2778761061946903,0.9398230088495575,0.06017699115044248,0.035398230088495575,0.06017699115044248,10,251,0.62,0.65,100,0.48,0.48,25,14.5,14.416666666666666,-3.5,2.0,0.0,0.0,10,,,,,0.45,0.45,20,0.0,0.0,2,0.011214330303894564,0.9714194897107901,0.7652221847836942,0.9557275445621872,40.03125,0.48148148148148145,0.3003533568904594,0.04240282685512368,283,0.0625,0.047058823529411764,1.0,0.0,0.9508196721311475,1.0,0.5555555555555556,0.30158730158730157,0.042328042328042326,378,0.1827956989247312,0.08771929824561403,1.0,0.0,0.6944444444444444,1.0,0.5703703703703704,0.288135593220339,0.05296610169491525,472,0.3333333333333333,0.13970588235294118,1.0,0.0,0.5974025974025974,1.0,0.5703703703703704,0.2778761061946903,0.06017699115044248,565,0.34408602150537637,0.17197452229299362,1.0,0.0,0.5844155844155844,1.0,283,0,0,0,85,172,2,14,10,0,0.3003533568904594,0.9575971731448764,0.04240282685512368,0.0353356890459364,0.04240282685512368,0,0,0.61,0.61,100,0.16,0.16,25,20.0,19.75,4.5,-1.0,0.0,0.0,10,,,,,0.3,0.3,20,0.0,0.0,2,0.027203612226877057,0.9846409040116525,378,85,3,82,114,216,4,32,12,0,0.30158730158730157,0.9576719576719577,0.042328042328042326,0.031746031746031744,0.047619047619047616,8,193,0.62,0.63,100,0.48,0.48,25,14.5,15.416666666666666,-3.5,0.0,0.0,0.0,10,,,,,0.45,0.45,20,0.0,0.0,2,0.007610294990791843,0.9692926099772892,472,116,3,113,136,248,10,63,15,0,0.288135593220339,0.9470338983050848,0.05296610169491525,0.03389830508474576,0.05508474576271186,9,247,0.62,0.65,100,0.48,0.48,25,14.5,14.416666666666666,-3.5,1.0,0.0,0.0,10,,,,,0.45,0.45,20,0.0,0.0,2,0.009443390360282912,0.970282193463876,565,145,3,142,157,280,16,94,18,0,0.2778761061946903,0.9398230088495575,0.06017699115044248,0.035398230088495575,0.06017699115044248,10,251,0.62,0.65,100,0.48,0.48,25,14.5,14.416666666666666,-3.5,2.0,0.0,0.0,10,,,,,0.45,0.45,20,0.0,0.0,2,0.011214330303894564,0.9714194897107901,0.4666666666666667,0.35,5.833333333333333,0.4696969696969697,0.5303030303030303,0.01809954751131222,0.4,0.03463203463203464,0.7,0.1,,13.5,291,70,217,0.7457044673539519,2,0,0,0,8,7,1,4,0.0,0,807,404800,9200150,0.04399928262039206,0.11872231580260777,5472180,404800,5067380,1.6812586574272046,1.8155634667224483,3.924519915334129,400000,0.07893625502725274,3924562,10810,0,616716.8857142858,235473.72,0.19622810000000002,21.35475516319275,552,0,0,0,0,239,0,404800,404800,2344274,283,10,2344274,1468360,378,2,1468360,1254746,472,1,1254746,0,565,1,0,0,239,0,0,0,0.0,0,0,0,0,0,565,23,,,,,
compression,20260917T231153-5b07_B7_mycelic_order2_plus_significant-o1-c1_s5,20260917T231153-5b07,ok,B7_mycelic,hierarchy,5,tier1,,order2_plus_significant-o1-c1,1000,10000,30,10,2,1,038036e877508f4c,0.0,none,5,order2_plus_significant,1,1,sim-3b,synthetic,none,3,none,,,13.356,6.392,314.1,2026-09-17T23:43:29Z,,367,67,1,66,44,269,0,26,28,0,0.11989100817438691,0.9237057220708447,0.07629427792915532,0.09536784741144415,0.14168937329700274,25,213,0.0,0.0,100,0.0,0.0,24,,,,,0.0,0.0,9,,,,,0.0,0.0,20,0.0,0.0,2,0.07025172268123096,0.9720231234092949,0.7408691590606935,0.9965337335620355,14.833333333333334,0.0,0.07531380753138076,0.06694560669456066,239,0.6666666666666666,0.0,1.0,0.0,,1.0,0.0,0.09556313993174062,0.07167235494880546,293,0.7,0.0,1.0,0.0,,1.0,0.0,0.10778443113772455,0.0748502994011976,334,0.6666666666666666,0.0,1.0,0.0,,1.0,0.0,0.11989100817438691,0.07629427792915532,367,0.8333333333333334,0.0,1.0,0.0,,1.0,239,0,0,0,18,198,0,7,16,0,0.07531380753138076,0.9330543933054394,0.06694560669456066,0.09205020920502092,0.12552301255230125,0,0,0.0,0.0,100,0.0,0.0,24,,,,,0.0,0.0,9,,,,,0.0,0.0,20,0.0,0.0,2,0.0802192037056609,0.9881689945006399,293,41,2,39,28,230,0,14,21,0,0.09556313993174062,0.9283276450511946,0.07167235494880546,0.09556313993174062,0.13310580204778158,15,151,0.0,0.0,100,0.0,0.0,24,,,,,0.0,0.0,9,,,,,0.0,0.0,20,0.0,0.0,2,0.06987406530842066,0.9707276628073949,334,50,1,49,36,253,0,20,25,0,0.10778443113772455,0.9251497005988024,0.0748502994011976,0.09580838323353294,0.1407185628742515,25,210,0.0,0.0,100,0.0,0.0,24,,,,,0.0,0.0,9,,,,,0.0,0.0,20,0.0,0.0,2,0.06995017981407087,0.9709983955841293,367,67,1,66,44,269,0,26,28,0,0.11989100817438691,0.9237057220708447,0.07629427792915532,0.09536784741144415,0.14168937329700274,25,213,0.0,0.0,100,0.0,0.0,24,,,,,0.0,0.0,9,,,,,0.0,0.0,20,0.0,0.0,2,0.07025172268123096,0.9720231234092949,0.47333333333333333,0.0,,,,0.0,0.0,0.0,0.8,0.0,,,181,0,181,1.0,2,0,0,0,8,8,0,0,0.0,0,767,404800,9239950,0.04380976087532941,0.0,1650144,404800,1245344,5.599481014990207,7.419596513091965,19.117507096688765,400000,0.32119639232212144,2167680,10810,0,340635.4285714286,130060.79999999999,0.108384,12.592174291610718,412,0,0,0,0,268,0,404800,404800,483324,239,10,483324,382490,293,2,382490,379530,334,1,379530,0,367,1,0,0,268,0,0,0,0.0,0,0,0,0,0,367,33,,,,,
compression,20260917T231153-5b07_B7_mycelic_full_sketch-o2-c2_s6,20260917T231153-5b07,ok,B7_mycelic,hierarchy,6,tier1,,full_sketch-o2-c2,1000,10000,30,10,2,1,3fb6295959e38e80,0.0,none,5,full_sketch,2,2,sim-3b,synthetic,none,3,none,,,13.105,6.226,173.7,2026-09-17T23:43:34Z,,543,133,2,131,157,268,16,83,19,0,0.289134438305709,0.9355432780847146,0.06445672191528545,0.03867403314917127,0.06261510128913444,10,241,0.61,0.64,100,0.48,0.48,25,19.0,16.166666666666668,-1.5,2.0,0.0,0.0,10,,,,,0.55,0.55,20,0.0,0.0,2,0.01918626918751688,0.9770442196987962,0.7720833780025503,0.952257956489286,40.28125,0.4666666666666667,0.3007246376811594,0.043478260869565216,276,0.0641025641025641,0.04819277108433735,1.0,0.0,0.9666666666666667,1.0,0.5481481481481482,0.3045822102425876,0.04582210242587601,371,0.15053763440860216,0.08849557522123894,1.0,0.0,0.7746478873239436,1.0,0.562962962962963,0.29540481400437635,0.05689277899343545,457,0.3010752688172043,0.13333333333333333,1.0,0.0,0.6710526315789473,1.0,0.562962962962963,0.289134438305709,0.06445672191528545,543,0.3118279569892473,0.16560509554140126,1.0,0.0,0.6578947368421053,1.0,276,0,0,0,83,168,2,13,10,0,0.3007246376811594,0.9565217391304348,0.043478260869565216,0.036231884057971016,0.03985507246376811,0,0,0.6,0.6,100,0.12,0.12,25,24.0,21.333333333333332,8.0,-1.0,0.0,0.0,10,,,,,0.35,0.35,20,0.0,0.0,2,0.027635111096991623,0.985673068859976,371,78,2,76,113,212,4,29,13,0,0.3045822102425876,0.954177897574124,0.04582210242587601,0.03504043126684636,0.04851752021563342,8,193,0.61,0.62,100,0.48,0.48,25,19.0,17.333333333333332,-1.5,0.0,0.0,0.0,10,,,,,0.55,0.55,20,0.0,0.0,2,0.015954679067112048,0.9758384179555886,457,106,2,104,135,240,10,56,16,0,0.29540481400437635,0.9431072210065645,0.05689277899343545,0.037199124726477024,0.05689277899343545,9,238,0.61,0.64,100,0.48,0.48,25,19.0,16.166666666666668,-1.5,1.0,0.0,0.0,10,,,,,0.55,0.55,20,0.0,0.0,2,0.017806427206978198,0.9764866616219119,543,133,2,131,157,268,16,83,19,0,0.289134438305709,0.9355432780847146,0.06445672191528545,0.03867403314917127,0.06261510128913444,10,241,0.61,0.64,100,0.48,0.48,25,19.0,16.166666666666668,-1.5,2.0,0.0,0.0,10,,,,,0.55,0.55,20,0.0,0.0,2,0.01918626918751688,0.9770442196987962,0.42333333333333334,0.39,6.5,0.4015151515151515,0.5984848484848485,0.01932367149758454,0.4,0.03686635944700461,0.7,0.1,,14.0,276,69,203,0.7355072463768116,2,0,0,0,8,7,1,4,0.0,0,807,404800,9200150,0.04399928262039206,0.11872231580260777,4292639,404800,3887839,2.143238693027762,2.366391715294795,4.9365184805214595,400000,0.10288491884566207,3230692,10432,0,507680.17142857146,193841.52,0.1615346,11.766902685165405,516,0,0,0,0,239,0,404800,404800,1863692,276,10,1863692,1096352,371,2,1096352,927795,457,1,927795,0,543,1,0,0,239,0,0,0,0.0,0,0,0,0,0,543,23,,,,,
compression,20260917T231153-5b07_B7_mycelic_order2_plus_significant-o1-c2_s5,20260917T231153-5b07,ok,B7_mycelic,hierarchy,5,tier1,,order2_plus_significant-o1-c2,1000,10000,30,10,2,1,038036e877508f4c,0.0,none,5,order2_plus_significant,1,2,sim-3b,synthetic,none,3,none,,,7.505,6.392,314.1,2026-09-17T23:43:37Z,,357,64,1,63,44,262,0,22,29,0,0.12324929971988796,0.9187675070028011,0.08123249299719888,0.09523809523809523,0.13725490196078433,25,207,0.0,0.0,100,0.0,0.0,24,,,,,0.0,0.0,9,,,,,0.0,0.0,20,0.0,0.0,2,0.07624130721769441,0.9781467555054595,0.7595127244320793,0.9972098214285715,16.416666666666668,0.0,0.06779661016949153,0.07203389830508475,236,0.5555555555555556,0.0,1.0,0.0,,1.0,0.0,0.0958904109589041,0.07534246575342465,292,0.6363636363636364,0.0,1.0,0.0,,1.0,0.0,0.11009174311926606,0.07951070336391437,327,0.75,0.0,1.0,0.0,,1.0,0.0,0.12324929971988796,0.08123249299719888,357,0.8333333333333334,0.0,1.0,0.0,,1.0,236,0,0,0,16,195,0,8,17,0,0.06779661016949153,0.9279661016949152,0.07203389830508475,0.08898305084745763,0.1271186440677966,0,0,0.0,0.0,100,0.0,0.0,24,,,,,0.0,0.0,9,,,,,0.0,0.0,20,0.0,0.0,2,0.0787447292761028,0.9897616784286453,292,37,2,35,28,228,0,14,22,0,0.0958904109589041,0.9246575342465754,0.07534246575342465,0.09246575342465753,0.13356164383561644,16,154,0.0,0.0,100,0.0,0.0,24,,,,,0.0,0.0,9,,,,,0.0,0.0,20,0.0,0.0,2,0.07396872731078813,0.9780106623749393,327,48,1,47,36,247,0,18,26,0,0.11009174311926606,0.9204892966360856,0.07951070336391437,0.09480122324159021,0.13761467889908258,25,204,0.0,0.0,100,0.0,0.0,24,,,,,0.0,0.0,9,,,,,0.0,0.0,20,0.0,0.0,2,0.07552040660476916,0.9776006666620538,357,64,1,63,44,262,0,22,29,0,0.12324929971988796,0.9187675070028011,0.08123249299719888,0.09523809523809523,0.13725490196078433,25,207,0.0,0.0,100,0.0,0.0,24,,,,,0.0,0.0,9,,,,,0.0,0.0,20,0.0,0.0,2,0.07624130721769441,0.9781467555054595,0.47333333333333333,0.0,,,,0.0,0.0,0.0,0.8,0.0,,,177,0,177,1.0,2,0,0,0,8,8,0,0,0.0,0,767,404800,9239950,0.04380976087532941,0.0,1544928,404800,1140128,5.9808288800513685,8.104309340705605,21.69460684182104,400000,0.3508378006679952,2115025,10432,0,332361.0714285714,126901.5,0.10575125,6.783965110778809,395,0,0,0,0,268,0,404800,404800,425910,236,10,425910,356415,292,2,356415,357803,327,1,357803,0,357,1,0,0,268,0,0,0,0.0,0,0,0,0,0,357,33,,,,,
compression,20260917T231153-5b07_B7_mycelic_order2_plus_significant-o1-c4_s5,20260917T231153-5b07,ok,B7_mycelic,hierarchy,5,tier1,,order2_plus_significant-o1-c4,1000,10000,30,10,2,1,038036e877508f4c,0.0,none,5,order2_plus_significant,1,4,sim-3b,synthetic,none,3,none,,,4.552,6.392,314.1,2026-09-17T23:43:42Z,,330,53,2,51,45,243,0,20,22,0,0.13636363636363635,0.9333333333333333,0.06666666666666667,0.07575757575757576,0.10909090909090909,19,179,0.0,0.0,100,0.0,0.0,24,,,,,0.0,0.0,9,,,,,0.0,0.0,20,0.0,0.0,2,0.06514427766550125,0.9880341276468012,0.7590409224206877,0.9973958333333334,17.083333333333332,0.0,0.07964601769911504,0.061946902654867256,226,0.45454545454545453,0.0,1.0,0.0,,1.0,0.0,0.10622710622710622,0.06227106227106227,273,0.6666666666666666,0.034482758620689655,1.0,0.0,,1.0,0.0,0.12211221122112212,0.066006600660066,303,0.8333333333333334,0.02702702702702703,1.0,0.0,,1.0,0.0,0.13636363636363635,0.06666666666666667,330,0.8333333333333334,0.022222222222222223,1.0,0.0,,1.0,226,0,0,0,18,187,0,7,14,0,0.07964601769911504,0.9380530973451328,0.061946902654867256,0.07079646017699115,0.10176991150442478,0,0,0.0,0.0,100,0.0,0.0,24,,,,,0.0,0.0,9,,,,,0.0,0.0,20,0.0,0.0,2,0.062438332227968366,0.9916418720509774,273,30,3,27,29,213,0,14,17,0,0.10622710622710622,0.9377289377289377,0.06227106227106227,0.07326007326007326,0.10622710622710622,12,140,0.0,0.0,100,0.0,0.0,24,,,,,0.0,0.0,9,,,,,0.0,0.0,20,0.0,0.0,2,0.0624691319887822,0.9875740788526248,303,40,2,38,37,229,0,17,20,0,0.12211221122112212,0.933993399339934,0.066006600660066,0.07590759075907591,0.10891089108910891,19,178,0.0,0.0,100,0.0,0.0,24,,,,,0.0,0.0,9,,,,,0.0,0.0,20,0.0,0.0,2,0.0650706693640063,0.9876899779244982,330,53,2,51,45,243,0,20,22,0,0.13636363636363635,0.9333333333333333,0.06666666666666667,0.07575757575757576,0.10909090909090909,19,179,0.0,0.0,100,0.0,0.0,24,,,,,0.0,0.0,9,,,,,0.0,0.0,20,0.0,0.0,2,0.06514427766550125,0.9880341276468012,0.47333333333333333,0.0,,,,0.0,0.0,0.0,0.8,0.0,,,160,0,160,1.0,2,0,0,0,8,8,0,0,0.0,0,767,404800,9239950,0.04380976087532941,0.0,1577558,404800,1172758,5.857122210403674,7.878820694465525,21.66967636022514,400000,0.3410763345890627,2109963,10243,0,331565.61428571434,126597.78000000001,0.10549815000000001,3.9076969623565674,330,0,0,0,0,268,0,404800,404800,426400,226,10,426400,373882,273,2,373882,372476,303,1,372476,0,330,1,0,0,268,0,0,0,0.0,0,0,0,0,0,330,33,,,,,
compression,20260917T231153-5b07_B7_mycelic_full_sketch-o2-c4_s6,20260917T231153-5b07,ok,B7_mycelic,hierarchy,6,tier1,,full_sketch-o2-c4,1000,10000,30,10,2,1,3fb6295959e38e80,0.0,none,5,full_sketch,2,4,sim-3b,synthetic,none,3,none,,,8.574,6.226,173.0,2026-09-17T23:43:43Z,,539,115,3,112,153,269,16,84,17,0,0.28385899814471244,0.9387755102040817,0.061224489795918366,0.03525046382189239,0.05194805194805195,9,234,0.61,0.64,100,0.48,0.48,25,20.0,16.666666666666668,-0.5,2.0,0.0,0.0,10,,,,,0.6,0.6,20,0.0,0.0,2,0.019969823253066777,0.9847193594311744,0.7834565439248206,0.9484294953893443,40.291666666666664,0.45185185185185184,0.29699248120300753,0.03759398496240601,266,0.05333333333333334,0.0379746835443038,1.0,0.0,0.9830508474576272,1.0,0.5481481481481482,0.30303030303030304,0.04132231404958678,363,0.16129032258064516,0.09090909090909091,1.0,0.0,0.9571428571428572,1.0,0.562962962962963,0.29046563192904656,0.05321507760532151,451,0.3225806451612903,0.1297709923664122,1.0,0.0,0.8961038961038961,1.0,0.562962962962963,0.28385899814471244,0.061224489795918366,539,0.3548387096774194,0.16339869281045752,1.0,0.0,0.8974358974358975,1.0,266,0,0,0,79,166,2,11,8,0,0.29699248120300753,0.9624060150375939,0.03759398496240601,0.03007518796992481,0.03007518796992481,0,0,0.59,0.59,100,0.08,0.08,25,20.0,20.0,5.5,-1.0,0.0,0.0,10,,,,,0.35,0.35,20,0.0,0.0,2,0.021053778477929695,0.9882602824187032,363,72,3,69,110,210,4,28,11,0,0.30303030303030304,0.9586776859504132,0.04132231404958678,0.030303030303030304,0.03856749311294766,6,188,0.61,0.62,100,0.48,0.48,25,20.0,17.666666666666668,-0.5,0.0,0.0,0.0,10,,,,,0.6,0.6,20,0.0,0.0,2,0.01787032077439516,0.9849778842627716,451,94,3,91,131,240,10,56,14,0,0.29046563192904656,0.9467849223946785,0.05321507760532151,0.03325942350332594,0.04656319290465632,8,231,0.61,0.64,100,0.48,0.48,25,20.0,16.666666666666668,-0.5,1.0,0.0,0.0,10,,,,,0.6,0.6,20,0.0,0.0,2,0.018132104437206406,0.9848726809338805,539,115,3,112,153,269,16,84,17,0,0.28385899814471244,0.9387755102040817,0.061224489795918366,0.03525046382189239,0.05194805194805195,9,234,0.61,0.64,100,0.48,0.48,25,20.0,16.666666666666668,-0.5,2.0,0.0,0.0,10,,,,,0.6,0.6,20,0.0,0.0,2,0.019969823253066777,0.9847193594311744,0.3566666666666667,0.4066666666666667,6.764705882352941,0.24242424242424243,0.7575757575757576,0.020100502512562814,0.4,0.038277511961722493,0.7,0.1,,15.0,268,69,195,0.7276119402985075,2,0,0,0,8,7,1,4,0.0,0,807,404800,9200150,0.04399928262039206,0.11872231580260777,3498450,404800,3093650,2.629778902085209,2.9738819840641315,6.148813565665585,400000,0.1292971085934091,2832531,10243,0,445112.0142857143,169951.86,0.14162655000000002,7.309912443161011,490,0,0,0,0,239,0,404800,404800,1496248,266,10,1496248,876011,363,2,876011,721391,451,1,721391,0,539,1,0,0,239,0,0,0,0.0,0,0,0,0,0,539,23,,,,,
compression,20260917T231153-5b07_B7_mycelic_order2_plus_significant-o2-c1_s5,20260917T231153-5b07,ok,B7_mycelic,hierarchy,5,tier1,,order2_plus_significant-o2-c1,1000,10000,30,10,2,1,038036e877508f4c,0.0,none,5,order2_plus_significant,2,1,sim-3b,synthetic,none,3,none,,,24.005,6.392,314.6,2026-09-17T23:44:06Z,,663,103,6,97,212,287,18,111,35,0,0.31975867269984914,0.9200603318250377,0.07993966817496229,0.0693815987933635,0.09653092006033183,21,249,0.67,0.69,100,0.5,0.5,24,10.5,12.416666666666666,-9.0,2.0,0.0,0.0,9,,,,,0.65,0.65,20,0.5,0.5,2,0.048695035332961295,0.9738681614843163,0.7834481328713091,0.956222233846897,33.2,0.5112781954887218,0.31683168316831684,0.07260726072607261,303,0.10588235294117647,0.041666666666666664,1.0,0.0,0.9516129032258065,1.0,0.5864661654135338,0.3117782909930716,0.07159353348729793,433,0.2222222222222222,0.08148148148148149,1.0,0.0,0.6216216216216216,1.0,0.6015037593984962,0.31902985074626866,0.07276119402985075,536,0.3564356435643564,0.1111111111111111,1.0,0.0,0.5421686746987951,1.0,0.6090225563909775,0.31975867269984914,0.07993966817496229,663,0.43137254901960786,0.14622641509433962,1.0,0.0,0.5301204819277109,1.0,303,0,0,0,96,176,5,9,17,0,0.31683168316831684,0.9273927392739274,0.07260726072607261,0.07590759075907591,0.09570957095709572,0,0,0.62,0.62,100,0.25,0.25,24,18.0,17.333333333333332,-2.0,-1.0,0.0,0.0,9,,,,,0.4,0.4,20,0.5,0.5,2,0.06754128159685188,0.9871473090226645,433,60,5,55,135,219,10,48,21,0,0.3117782909930716,0.9284064665127021,0.07159353348729793,0.06928406466512702,0.09006928406466513,15,186,0.64,0.66,100,0.5,0.5,24,11.0,13.583333333333334,-7.0,0.0,0.0,0.0,9,,,,,0.65,0.65,20,0.5,0.5,2,0.049386780480161235,0.9723953324616499,536,78,6,72,171,252,13,74,26,0,0.31902985074626866,0.9272388059701493,0.07276119402985075,0.06716417910447761,0.0914179104477612,21,238,0.66,0.68,100,0.5,0.5,24,10.5,12.5,-9.0,1.0,0.0,0.0,9,,,,,0.65,0.65,20,0.5,0.5,2,0.04517274855077476,0.9716553166605465,663,103,6,97,212,287,18,111,35,0,0.31975867269984914,0.9200603318250377,0.07993966817496229,0.0693815987933635,0.09653092006033183,21,249,0.67,0.69,100,0.5,0.5,24,10.5,12.416666666666666,-9.0,2.0,0.0,0.0,9,,,,,0.65,0.65,20,0.5,0.5,2,0.048695035332961295,0.9738681614843163,0.53,0.2866666666666667,6.142857142857143,0.6328125,0.3671875,0.028846153846153848,0.6,0.05504587155963303,0.8,0.1,,14.333333333333334,277,69,202,0.7292418772563177,2,1,0,1,8,7,1,5,0.0,0,767,404800,9239950,0.04380976087532941,0.0,5283440,404800,4878640,1.7488511272958527,1.8939602020235147,4.169445560012815,400000,0.08199006280438811,3837254,10810,0,602997.0571428571,230235.24,0.1918627,22.56090259552002,504,0,0,0,0,268,0,404800,404800,2216110,303,10,2216110,1414256,433,2,1414256,1248274,536,1,1248274,0,663,1,0,0,268,0,0,0,0.0,0,0,0,0,0,663,19,2,,,,
compression,20260917T231153-5b07_B7_mycelic_order2_plus_significant-o2-c2_s5,20260917T231153-5b07,ok,B7_mycelic,hierarchy,5,tier1,,order2_plus_significant-o2-c2,1000,10000,30,10,2,1,038036e877508f4c,0.0,none,5,order2_plus_significant,2,2,sim-3b,synthetic,none,3,none,,,13.981,6.392,314.6,2026-09-17T23:44:20Z,,640,100,6,94,215,274,18,103,30,0,0.3359375,0.925,0.075,0.0640625,0.0828125,20,233,0.68,0.7,100,0.5,0.5,24,11.0,13.666666666666666,-7.0,2.0,0.0,0.0,9,,,,,0.7,0.7,20,0.5,0.5,2,0.04976869708665979,0.979698002193006,0.7941409883857006,0.9545735579859035,32.953271028037385,0.5112781954887218,0.32323232323232326,0.0707070707070707,297,0.10714285714285714,0.041666666666666664,1.0,0.0,0.967741935483871,1.0,0.5864661654135338,0.32304038004750596,0.0665083135391924,421,0.23232323232323232,0.09558823529411764,1.0,0.0,0.7162162162162162,1.0,0.6015037593984962,0.33268858800773693,0.06769825918762089,517,0.3627450980392157,0.12209302325581395,1.0,0.0,0.6265060240963856,1.0,0.6165413533834586,0.3359375,0.075,640,0.4423076923076923,0.15813953488372093,1.0,0.0,0.6024096385542169,1.0,297,0,0,0,96,172,5,8,16,0,0.32323232323232326,0.9292929292929293,0.0707070707070707,0.07407407407407407,0.08754208754208755,0,0,0.62,0.62,100,0.25,0.25,24,19.0,18.333333333333332,-1.5,-1.0,0.0,0.0,9,,,,,0.35,0.35,20,0.5,0.5,2,0.06653024308377938,0.9878791532185314,421,60,5,55,136,212,10,45,18,0,0.32304038004750596,0.9334916864608076,0.0665083135391924,0.06413301662707839,0.07838479809976247,14,182,0.64,0.66,100,0.5,0.5,24,13.0,14.333333333333334,-7.0,0.0,0.0,0.0,9,,,,,0.65,0.65,20,0.5,0.5,2,0.050645086757152374,0.9786696906272454,517,77,6,71,172,241,13,69,22,0,0.33268858800773693,0.9323017408123792,0.06769825918762089,0.061895551257253385,0.07930367504835589,20,226,0.66,0.68,100,0.5,0.5,24,11.0,13.833333333333334,-7.0,1.0,0.0,0.0,9,,,,,0.7,0.7,20,0.5,0.5,2,0.046932062356714654,0.9779951748065229,640,100,6,94,215,274,18,103,30,0,0.3359375,0.925,0.075,0.0640625,0.0828125,20,233,0.68,0.7,100,0.5,0.5,24,11.0,13.666666666666666,-7.0,2.0,0.0,0.0,9,,,,,0.7,0.7,20,0.5,0.5,2,0.04976869708665979,0.979698002193006,0.4666666666666667,0.34,6.375,0.546875,0.453125,0.03,0.6,0.05714285714285714,0.8,0.1,,14.666666666666666,267,67,194,0.7265917602996255,2,1,0,1,8,7,1,5,0.0,0,767,404800,9239950,0.04380976087532941,0.0,4145822,404800,3741022,2.228737750921289,2.4698999364344822,5.293158956027589,400000,0.10692265375611264,3172674,10432,0,498563.0571428571,190360.44,0.15863370000000002,12.405197381973267,474,0,0,0,0,268,0,404800,404800,1745640,297,10,1745640,1062835,421,2,1062835,932547,517,1,932547,0,640,1,0,0,268,0,0,0,0.0,0,0,0,0,0,640,19,2,,,,
compression,20260917T231153-5b07_B7_mycelic_order2_plus_significant-o2-c4_s5,20260917T231153-5b07,ok,B7_mycelic,hierarchy,5,tier1,,order2_plus_significant-o2-c4,1000,10000,30,10,2,1,038036e877508f4c,0.0,none,5,order2_plus_significant,2,4,sim-3b,synthetic,none,3,none,,,8.945,6.392,314.6,2026-09-17T23:44:29Z,,653,95,6,89,219,275,17,113,29,0,0.33537519142419603,0.9295558958652373,0.07044410413476264,0.05819295558958652,0.08116385911179173,19,227,0.66,0.69,100,0.5,0.5,24,12.0,14.0,-7.0,2.0,0.0,0.0,9,,,,,0.7,0.7,20,0.5,0.5,2,0.046273436185271494,0.9856284197066394,0.8169911112746526,0.9458757617945718,34.0188679245283,0.5112781954887218,0.32550335570469796,0.07046979865771812,298,0.10588235294117647,0.041237113402061855,1.0,0.0,0.967741935483871,1.0,0.5864661654135338,0.32400932400932403,0.0675990675990676,429,0.25510204081632654,0.10071942446043165,1.0,0.0,0.972972972972973,1.0,0.6015037593984962,0.332703213610586,0.06805293005671077,529,0.39603960396039606,0.13068181818181818,1.0,0.0,0.9397590361445783,1.0,0.6090225563909775,0.33537519142419603,0.07044410413476264,653,0.4803921568627451,0.1643835616438356,1.0,0.0,0.9397590361445783,1.0,298,0,0,0,97,172,4,8,17,0,0.32550335570469796,0.9295302013422819,0.07046979865771812,0.07046979865771812,0.08389261744966443,0,0,0.62,0.62,100,0.25,0.25,24,22.0,18.0,0.5,-1.0,0.0,0.0,9,,,,,0.4,0.4,20,0.5,0.5,2,0.06407184014042328,0.989040384804924,429,58,5,53,139,213,9,48,20,0,0.32400932400932403,0.9324009324009324,0.0675990675990676,0.06293706293706294,0.07692307692307693,15,185,0.63,0.66,100,0.5,0.5,24,16.0,15.666666666666666,-4.5,0.0,0.0,0.0,9,,,,,0.65,0.65,20,0.5,0.5,2,0.053577310481989125,0.9846359431496798,529,73,5,68,176,242,12,75,24,0,0.332703213610586,0.9319470699432892,0.06805293005671077,0.06049149338374291,0.07939508506616257,19,225,0.65,0.68,100,0.5,0.5,24,12.0,14.0,-7.0,1.0,0.0,0.0,9,,,,,0.7,0.7,20,0.5,0.5,2,0.050749711737520124,0.9848054245981915,653,95,6,89,219,275,17,113,29,0,0.33537519142419603,0.9295558958652373,0.07044410413476264,0.05819295558958652,0.08116385911179173,19,227,0.66,0.69,100,0.5,0.5,24,12.0,14.0,-7.0,2.0,0.0,0.0,9,,,,,0.7,0.7,20,0.5,0.5,2,0.046273436185271494,0.9856284197066394,0.38666666666666666,0.36,5.9411764705882355,0.3125,0.6875,0.031088082901554404,0.6,0.059113300492610835,0.9,0.0,,15.333333333333334,260,67,187,0.7192307692307692,2,1,0,1,8,8,0,5,0.0,0,767,404800,9239950,0.04380976087532941,0.0,3396696,404800,2991896,2.7202758209742646,3.0883259311152527,6.592505336818913,400000,0.13369448670675718,2794536,10243,0,439141.37142857147,167672.16,0.1397268,7.357398748397827,460,0,0,0,0,268,0,404800,404800,1401584,298,10,1401584,866387,429,2,866387,723925,529,1,723925,0,653,1,0,0,268,0,0,0,0.0,0,0,0,0,0,653,19,2,,,,
compression,20260917T231153-5b07_B7_mycelic_full_sketch-o3-c1_s6,20260917T231153-5b07,ok,B7_mycelic,hierarchy,6,tier1,,full_sketch-o3-c1,1000,10000,30,10,2,1,3fb6295959e38e80,0.0,none,5,full_sketch,3,1,sim-3b,synthetic,none,3,none,,,46.744,6.226,403.4,2026-09-17T23:44:29Z,,558,135,2,133,185,226,45,77,25,0,0.33154121863799285,0.8745519713261649,0.12544802867383512,0.044802867383512544,0.06630824372759857,12,211,0.6,0.64,100,0.84,0.84,25,21.0,19.095238095238095,0.0,2.0,0.5,0.5,10,22.0,19.8,4.0,2.0,0.5,0.5,20,0.5,0.5,2,0.018540629941626897,0.9729108603015296,0.8245264134610171,0.9665920519830701,32.61467889908257,0.45185185185185184,0.32916666666666666,0.06666666666666667,240,0.06756756756756757,0.05063291139240506,1.0,0.0,0.9298245614035088,1.0,0.6222222222222222,0.35294117647058826,0.07647058823529412,340,0.16161616161616163,0.075,1.0,0.0,0.8026315789473685,1.0,0.6666666666666666,0.34151785714285715,0.10491071428571429,448,0.3238095238095238,0.10457516339869281,1.0,0.0,0.7126436781609196,1.0,0.6666666666666666,0.33154121863799285,0.12544802867383512,558,0.3904761904761905,0.11891891891891893,1.0,0.0,0.6896551724137931,1.0,240,0,0,0,79,137,2,8,14,0,0.32916666666666666,0.9333333333333333,0.06666666666666667,0.058333333333333334,0.06666666666666667,0,0,0.57,0.57,100,0.16,0.16,25,26.0,23.25,9.0,-1.0,0.0,0.0,10,,,,,0.25,0.25,20,0.5,0.5,2,0.04833047603582118,0.9838066042653797,340,73,2,71,120,176,8,18,18,0,0.35294117647058826,0.9235294117647059,0.07647058823529412,0.052941176470588235,0.07058823529411765,9,163,0.57,0.6,100,0.8,0.8,25,21.5,19.25,1.0,0.0,0.4,0.4,10,23.5,24.0,6.0,0.0,0.45,0.45,20,0.5,0.5,2,0.026569305812029462,0.9722710368144579,448,105,2,103,153,201,26,47,21,0,0.34151785714285715,0.8950892857142857,0.10491071428571429,0.046875,0.06696428571428571,11,207,0.6,0.64,100,0.84,0.84,25,21.0,19.095238095238095,0.0,1.0,0.5,0.5,10,22.0,19.8,4.0,1.0,0.5,0.5,20,0.5,0.5,2,0.020592396797360357,0.9726874605045605,558,135,2,133,185,226,45,77,25,0,0.33154121863799285,0.8745519713261649,0.12544802867383512,0.044802867383512544,0.06630824372759857,12,211,0.6,0.64,100,0.84,0.84,25,21.0,19.095238095238095,0.0,2.0,0.5,0.5,10,22.0,19.8,4.0,2.0,0.5,0.5,20,0.5,0.5,2,0.018540629941626897,0.9729108603015296,0.44666666666666666,0.37,6.166666666666667,0.40714285714285714,0.5928571428571429,0.02197802197802198,0.4,0.04166666666666668,0.9,0.0,,15.0,252,70,178,0.7063492063492064,2,1,0,1,8,8,0,3,0.0,0,807,404800,9200150,0.04399928262039206,0.23867937665362754,18716654,404800,18311854,0.49154886338124326,0.5024149930422119,1.1498908246457582,400000,0.021843773983781217,12037127,10810,0,1891548.5285714287,722227.62,0.60185635,45.39315438270569,470,0,0,0,0,239,0,404800,404800,8000890,240,10,8000890,5513196,340,2,5513196,4797768,448,1,4797768,0,558,1,0,0,239,0,0,0,0.0,0,0,0,0,0,558,2,4,3,,,
compression,20260917T231153-5b07_B7_mycelic_full_sketch-o3-c2_s6,20260917T231153-5b07,ok,B7_mycelic,hierarchy,6,tier1,,full_sketch-o3-c2,1000,10000,30,10,2,1,3fb6295959e38e80,0.0,none,5,full_sketch,3,2,sim-3b,synthetic,none,3,none,,,26.658,6.226,390.0,2026-09-17T23:44:56Z,,542,121,2,119,182,222,41,72,25,0,0.33579335793357934,0.8782287822878229,0.12177121771217712,0.046125461254612546,0.06642066420664207,12,203,0.6,0.63,100,0.84,0.84,25,22.0,20.80952380952381,4.0,2.0,0.4,0.4,10,21.0,20.5,2.5,2.0,0.55,0.55,20,0.5,0.5,2,0.023218256402772055,0.9762414824928562,0.8215146641648121,0.9690633987491086,33.626168224299064,0.4444444444444444,0.32905982905982906,0.06837606837606838,234,0.06944444444444445,0.05194805194805195,1.0,0.0,0.9464285714285714,1.0,0.6148148148148148,0.3582089552238806,0.07761194029850746,335,0.16494845360824742,0.08333333333333333,1.0,0.0,0.8266666666666667,1.0,0.6518518518518519,0.34553775743707094,0.10297482837528604,437,0.2980769230769231,0.11258278145695365,1.0,0.0,0.7380952380952381,1.0,0.6518518518518519,0.33579335793357934,0.12177121771217712,542,0.375,0.13186813186813187,1.0,0.0,0.7142857142857143,1.0,234,0,0,0,77,134,2,7,14,0,0.32905982905982906,0.9316239316239316,0.06837606837606838,0.05982905982905983,0.0641025641025641,0,0,0.56,0.56,100,0.16,0.16,25,26.0,23.5,9.0,-1.0,0.0,0.0,10,,,,,0.3,0.3,20,0.5,0.5,2,0.050671326883406816,0.9844929968624412,335,70,2,68,120,172,8,17,18,0,0.3582089552238806,0.9223880597014925,0.07761194029850746,0.05373134328358209,0.06865671641791045,9,164,0.56,0.59,100,0.8,0.8,25,22.0,20.9,3.5,0.0,0.4,0.4,10,24.0,24.5,6.5,0.0,0.5,0.5,20,0.5,0.5,2,0.030530675673873884,0.9754219847509654,437,96,2,94,151,197,24,44,21,0,0.34553775743707094,0.897025171624714,0.10297482837528604,0.04805491990846682,0.06636155606407322,11,199,0.6,0.63,100,0.84,0.84,25,22.0,20.80952380952381,4.0,1.0,0.4,0.4,10,21.0,20.5,2.5,1.0,0.55,0.55,20,0.5,0.5,2,0.025051385356467858,0.9759406039853598,542,121,2,119,182,222,41,72,25,0,0.33579335793357934,0.8782287822878229,0.12177121771217712,0.046125461254612546,0.06642066420664207,12,203,0.6,0.63,100,0.84,0.84,25,22.0,20.80952380952381,4.0,2.0,0.4,0.4,10,21.0,20.5,2.5,2.0,0.55,0.55,20,0.5,0.5,2,0.023218256402772055,0.9762414824928562,0.42333333333333334,0.38333333333333336,6.764705882352941,0.3560606060606061,0.6439393939393939,0.023391812865497075,0.4,0.04419889502762431,0.9,0.0,,15.5,240,69,167,0.6958333333333333,2,1,0,1,8,8,0,3,0.0,0,807,404800,9200150,0.04399928262039206,0.23867937665362754,15110289,404800,14705489,0.6088665809105306,0.6256269342692379,1.3638511801715876,400000,0.02720072756506091,8522120,10432,0,1339190.2857142857,511327.20000000007,0.42610600000000004,25.383479595184326,439,0,0,0,0,239,0,404800,404800,6745714,234,10,6745714,4306000,335,2,4306000,3653775,437,1,3653775,0,542,1,0,0,239,0,0,0,0.0,0,0,0,0,0,542,2,5,3,,,
compression,20260917T231153-5b07_B7_mycelic_full_sketch-o3-c4_s6,20260917T231153-5b07,ok,B7_mycelic,hierarchy,6,tier1,,full_sketch-o3-c4,1000,10000,30,10,2,1,3fb6295959e38e80,0.0,none,5,full_sketch,3,4,sim-3b,synthetic,none,3,none,,,16.849,6.226,407.0,2026-09-17T23:45:13Z,,539,107,3,104,175,226,45,74,19,0,0.3246753246753247,0.8812615955473099,0.11873840445269017,0.03525046382189239,0.05194805194805195,7,195,0.58,0.63,100,0.84,0.84,25,24.0,21.666666666666668,5.0,2.0,0.4,0.4,10,22.0,21.0,3.5,2.0,0.6,0.6,20,0.5,0.5,2,0.018405695367677295,0.9831552315457849,0.8348048738550611,0.9518229166666665,33.2037037037037,0.4222222222222222,0.3181818181818182,0.045454545454545456,220,0.04477611940298507,0.04285714285714286,1.0,0.0,0.9629629629629629,1.0,0.6148148148148148,0.3496932515337423,0.06748466257668712,326,0.1326530612244898,0.08771929824561403,1.0,0.0,0.9452054794520548,1.0,0.6518518518518519,0.33410672853828305,0.09744779582366589,431,0.3106796116504854,0.1111111111111111,1.0,0.0,0.8928571428571429,1.0,0.6518518518518519,0.3246753246753247,0.11873840445269017,539,0.3883495145631068,0.13142857142857142,1.0,0.0,0.8823529411764706,1.0,220,0,0,0,70,135,2,5,8,0,0.3181818181818182,0.9545454545454546,0.045454545454545456,0.03636363636363636,0.03636363636363636,0,0,0.54,0.54,100,0.12,0.12,25,28.0,24.0,12.0,-1.0,0.0,0.0,10,,,,,0.25,0.25,20,0.5,0.5,2,0.026194701302593593,0.988075935286907,326,64,3,61,114,175,10,15,12,0,0.3496932515337423,0.9325153374233128,0.06748466257668712,0.03680981595092025,0.046012269938650305,5,154,0.55,0.59,100,0.8,0.8,25,24.0,21.7,4.5,0.0,0.4,0.4,10,24.0,25.0,7.0,0.0,0.6,0.6,20,0.5,0.5,2,0.021479278432891966,0.984669462481972,431,86,3,83,144,201,27,44,15,0,0.33410672853828305,0.9025522041763341,0.09744779582366589,0.03480278422273782,0.048723897911832945,6,191,0.58,0.63,100,0.84,0.84,25,24.0,21.666666666666668,5.0,1.0,0.4,0.4,10,22.0,21.0,3.5,1.0,0.6,0.6,20,0.5,0.5,2,0.01861829941569597,0.9838155151929581,539,107,3,104,175,226,45,74,19,0,0.3246753246753247,0.8812615955473099,0.11873840445269017,0.03525046382189239,0.05194805194805195,7,195,0.58,0.63,100,0.84,0.84,25,24.0,21.666666666666668,5.0,2.0,0.4,0.4,10,22.0,21.0,3.5,2.0,0.6,0.6,20,0.5,0.5,2,0.018405695367677295,0.9831552315457849,0.3566666666666667,0.4066666666666667,6.764705882352941,0.23484848484848486,0.7651515151515151,0.024539877300613498,0.4,0.046242774566473986,0.9,0.0,,16.0,232,69,159,0.6853448275862069,2,1,0,1,8,8,0,3,0.0,0,807,404800,9200150,0.04399928262039206,0.23867937665362754,11996440,404800,11591640,0.7669066823157537,0.7936883823169112,1.6623806854751133,400000,0.03450762791114976,6436841,10243,0,1011503.5857142858,386210.46,0.32184205000000005,15.490614652633667,414,0,0,0,0,239,0,404800,404800,5534322,220,10,5534322,3313293,326,2,3313293,2744025,431,1,2744025,0,539,1,0,0,239,0,0,0,0.0,0,0,0,0,0,539,2,5,3,,,
compression,20260917T231153-5b07_B7_mycelic_order2_plus_significant-o3-c1_s5,20260917T231153-5b07,ok,B7_mycelic,hierarchy,5,tier1,,order2_plus_significant-o3-c1,1000,10000,30,10,2,1,038036e877508f4c,0.0,none,5,order2_plus_significant,3,1,sim-3b,synthetic,none,3,none,,,45.494,6.392,327.7,2026-09-17T23:45:15Z,,1432,187,54,133,239,261,329,253,350,0,0.16689944134078213,0.5258379888268156,0.47416201117318435,0.3149441340782123,0.3889664804469274,26,232,0.67,0.71,100,0.7083333333333334,0.7083333333333334,24,11.0,14.529411764705882,-3.0,2.0,0.7777777777777778,0.7777777777777778,9,14.0,15.142857142857142,-2.0,2.0,0.65,0.65,20,0.5,0.5,2,0.27215988124795576,0.9572157471697433,0.8343252401626088,0.9542339853736022,24.54621848739496,0.45112781954887216,0.30970149253731344,0.08582089552238806,268,0.09333333333333334,0.04819277108433735,1.0,0.0,0.9107142857142857,1.0,0.6541353383458647,0.250936329588015,0.2546816479400749,534,0.16037735849056603,0.1044776119402985,1.0,0.0,0.6438356164383562,1.0,0.6766917293233082,0.237017310252996,0.31025299600532624,751,0.4036697247706422,0.1348314606741573,1.0,0.0,0.5465116279069767,1.0,0.7142857142857143,0.16689944134078213,0.47416201117318435,1432,0.5263157894736842,0.18410041841004185,1.0,0.0,0.5168539325842697,1.0,268,0,0,0,83,152,7,10,16,0,0.30970149253731344,0.914179104477612,0.08582089552238806,0.07462686567164178,0.09328358208955224,0,0,0.56,0.56,100,0.16666666666666666,0.16666666666666666,24,23.0,19.25,2.5,-1.0,0.0,0.0,9,,,,,0.35,0.35,20,0.5,0.5,2,0.0642442428552518,0.9840867279488266,534,123,39,84,134,193,69,71,67,0,0.250936329588015,0.7453183520599251,0.2546816479400749,0.17415730337078653,0.21348314606741572,15,169,0.61,0.65,100,0.7083333333333334,0.7083333333333334,24,17.0,15.705882352941176,-3.0,0.0,0.5555555555555556,0.5555555555555556,9,14.0,16.6,-1.0,0.0,0.65,0.65,20,0.5,0.5,2,0.14324720881321118,0.9682571761720294,751,155,50,105,178,226,122,114,111,0,0.237017310252996,0.6897470039946738,0.31025299600532624,0.20505992010652463,0.2569906790945406,24,222,0.63,0.67,100,0.7083333333333334,0.7083333333333334,24,11.0,14.588235294117647,-3.0,1.0,0.6666666666666666,0.6666666666666666,9,16.0,15.5,-1.0,1.0,0.65,0.65,20,0.5,0.5,2,0.17299626197413975,0.9673467771060827,1432,187,54,133,239,261,329,253,350,0,0.16689944134078213,0.5258379888268156,0.47416201117318435,0.3149441340782123,0.3889664804469274,26,232,0.67,0.71,100,0.7083333333333334,0.7083333333333334,24,11.0,14.529411764705882,-3.0,2.0,0.7777777777777778,0.7777777777777778,9,14.0,15.142857142857142,-2.0,2.0,0.65,0.65,20,0.5,0.5,2,0.27215988124795576,0.9572157471697433,0.5333333333333333,0.2833333333333333,6.071428571428571,0.578125,0.421875,0.019417475728155338,0.6,0.037617554858934164,0.8,0.1,,14.833333333333334,372,63,303,0.8145161290322581,2,1,0,1,8,7,1,5,0.0,0,767,404800,9239950,0.04380976087532941,0.0,7281162,404800,6876362,1.2690213457687112,1.3437265228328583,3.0885654271335286,400000,0.058170294117732606,6888694,10810,0,1082509.0571428572,413321.64,0.34443470000000004,42.504908323287964,597,0,0,0,0,268,0,404800,404800,2991664,268,10,2991664,2034798,534,2,2034798,1849900,751,1,1849900,0,1432,1,0,0,268,0,0,0,0.0,0,0,0,0,0,1432,4,3,2,,,
compression,20260917T231153-5b07_B7_mycelic_order_capped-o1-c1_s6,20260917T231153-5b07,ok,B7_mycelic,hierarchy,6,tier1,,order_capped-o1-c1,1000,10000,30,10,2,1,3fb6295959e38e80,0.0,none,5,order_capped,1,1,sim-3b,synthetic,none,3,none,,,13.082,6.226,359.5,2026-09-17T23:45:26Z,,326,85,4,81,37,248,0,21,20,0,0.11349693251533742,0.9386503067484663,0.06134969325153374,0.06441717791411043,0.12269938650306748,8,192,0.0,0.0,100,0.0,0.0,25,,,,,0.0,0.0,10,,,,,0.0,0.0,20,0.0,0.0,2,0.03622153433776913,0.9718043564236588,0.6044527889978017,1.0,19.636363636363637,0.0,0.08520179372197309,0.053811659192825115,223,0.5454545454545454,0.0,1.0,0.0,,1.0,0.0,0.10505836575875487,0.05058365758754864,257,0.8181818181818182,0.0,1.0,0.0,,1.0,0.0,0.10810810810810811,0.057432432432432436,296,0.9090909090909091,0.0,1.0,0.0,,1.0,0.0,0.11349693251533742,0.06134969325153374,326,0.9090909090909091,0.0,1.0,0.0,,1.0,223,0,0,0,19,186,0,6,12,0,0.08520179372197309,0.9461883408071748,0.053811659192825115,0.05829596412556054,0.07623318385650224,0,0,0.0,0.0,100,0.0,0.0,25,,,,,0.0,0.0,10,,,,,0.0,0.0,20,0.0,0.0,2,0.04705122375816489,0.9887552596326042,257,61,4,57,27,208,0,9,13,0,0.10505836575875487,0.9494163424124513,0.05058365758754864,0.054474708171206226,0.08171206225680934,7,140,0.0,0.0,100,0.0,0.0,25,,,,,0.0,0.0,10,,,,,0.0,0.0,20,0.0,0.0,2,0.02376733453745357,0.9692926263662475,296,69,3,66,32,232,0,15,17,0,0.10810810810810811,0.9425675675675675,0.057432432432432436,0.060810810810810814,0.10810810810810811,8,191,0.0,0.0,100,0.0,0.0,25,,,,,0.0,0.0,10,,,,,0.0,0.0,20,0.0,0.0,2,0.031350325332612256,0.9705395145218015,326,85,4,81,37,248,0,21,20,0,0.11349693251533742,0.9386503067484663,0.06134969325153374,0.06441717791411043,0.12269938650306748,8,192,0.0,0.0,100,0.0,0.0,25,,,,,0.0,0.0,10,,,,,0.0,0.0,20,0.0,0.0,2,0.03622153433776913,0.9718043564236588,0.49,0.0,,,,0.0,0.0,0.0,0.8,0.0,,,168,0,168,1.0,2,0,0,0,8,8,0,0,0.0,0,807,404800,9200150,0.04399928262039206,0.0,1623750,404800,1218950,5.66598922247883,7.547602444727019,19.833295248278628,400000,0.3281512777390377,2160856,10810,0,339563.0857142857,129651.36000000002,0.10804280000000002,12.421385288238525,416,0,0,0,0,239,0,404800,404800,463874,223,10,463874,376622,257,2,376622,378454,296,1,378454,0,326,1,0,0,239,0,0,0,0.0,0,0,0,0,0,326,35,,,,,
compression,20260917T231153-5b07_B7_mycelic_order_capped-o1-c2_s6,20260917T231153-5b07,ok,B7_mycelic,hierarchy,6,tier1,,order_capped-o1-c2,1000,10000,30,10,2,1,3fb6295959e38e80,0.0,none,5,order_capped,1,2,sim-3b,synthetic,none,3,none,,,7.322,6.226,359.5,2026-09-17T23:45:34Z,,303,76,3,73,37,233,0,15,18,0,0.12211221122112212,0.9405940594059405,0.0594059405940594,0.0594059405940594,0.09570957095709572,8,180,0.0,0.0,100,0.0,0.0,25,,,,,0.0,0.0,10,,,,,0.0,0.0,20,0.0,0.0,2,0.03713498157123637,0.9777290409771769,0.5500079254243074,1.0,25.0,0.0,0.08636363636363636,0.05454545454545454,220,0.5454545454545454,0.0,1.0,0.0,,1.0,0.0,0.1067193675889328,0.05138339920948617,253,0.8181818181818182,0.0,1.0,0.0,,1.0,0.0,0.11387900355871886,0.05693950177935943,281,0.9090909090909091,0.0,1.0,0.0,,1.0,0.0,0.12211221122112212,0.0594059405940594,303,0.9090909090909091,0.0,1.0,0.0,,1.0,220,0,0,0,19,183,0,6,12,0,0.08636363636363636,0.9454545454545454,0.05454545454545454,0.05454545454545454,0.06818181818181818,0,0,0.0,0.0,100,0.0,0.0,25,,,,,0.0,0.0,10,,,,,0.0,0.0,20,0.0,0.0,2,0.0439574361240391,0.9894119815785845,253,53,4,49,27,204,0,9,13,0,0.1067193675889328,0.9486166007905138,0.05138339920948617,0.05138339920948617,0.07509881422924901,7,142,0.0,0.0,100,0.0,0.0,25,,,,,0.0,0.0,10,,,,,0.0,0.0,20,0.0,0.0,2,0.027598869944911987,0.9762154707354258,281,62,3,59,32,221,0,12,16,0,0.11387900355871886,0.9430604982206405,0.05693950177935943,0.05693950177935943,0.08896797153024912,8,179,0.0,0.0,100,0.0,0.0,25,,,,,0.0,0.0,10,,,,,0.0,0.0,20,0.0,0.0,2,0.03372952599772488,0.9767900242183655,303,76,3,73,37,233,0,15,18,0,0.12211221122112212,0.9405940594059405,0.0594059405940594,0.0594059405940594,0.09570957095709572,8,180,0.0,0.0,100,0.0,0.0,25,,,,,0.0,0.0,10,,,,,0.0,0.0,20,0.0,0.0,2,0.03713498157123637,0.9777290409771769,0.49,0.0,,,,0.0,0.0,0.0,0.8,0.0,,,157,0,157,1.0,2,0,0,0,8,8,0,0,0.0,0,807,404800,9200150,0.04399928262039206,0.0,1486538,404800,1081738,6.188977341985203,8.50497070455138,22.769379643516526,400000,0.36977530603528763,2100298,10432,0,330046.82857142854,126017.87999999999,0.1050149,6.717013120651245,373,0,0,0,0,239,0,404800,404800,404058,220,10,404058,336836,253,2,336836,340844,281,1,340844,0,303,1,0,0,239,0,0,0,0.0,0,0,0,0,0,303,35,,,,,
compression,20260917T231153-5b07_B7_mycelic_order_capped-o1-c4_s6,20260917T231153-5b07,ok,B7_mycelic,hierarchy,6,tier1,,order_capped-o1-c4,1000,10000,30,10,2,1,3fb6295959e38e80,0.0,none,5,order_capped,1,4,sim-3b,synthetic,none,3,none,,,4.419,6.226,359.5,2026-09-17T23:45:38Z,,290,62,5,57,35,220,0,19,16,0,0.1206896551724138,0.9448275862068966,0.05517241379310345,0.05517241379310345,0.09655172413793103,5,166,0.0,0.0,100,0.0,0.0,25,,,,,0.0,0.0,10,,,,,0.0,0.0,20,0.0,0.0,2,0.04348730223545172,0.9872901599109037,0.5123389443638859,1.0,30.727272727272727,0.0,0.09090909090909091,0.03827751196172249,209,0.5454545454545454,0.0,1.0,0.0,,1.0,0.0,0.11020408163265306,0.04081632653061224,245,0.8181818181818182,0.0,1.0,0.0,,1.0,0.0,0.11567164179104478,0.048507462686567165,268,0.9090909090909091,0.0,1.0,0.0,,1.0,0.0,0.1206896551724138,0.05517241379310345,290,0.9090909090909091,0.0,1.0,0.0,,1.0,209,0,0,0,19,177,0,5,8,0,0.09090909090909091,0.9617224880382775,0.03827751196172249,0.03827751196172249,0.04784688995215311,0,0,0.0,0.0,100,0.0,0.0,25,,,,,0.0,0.0,10,,,,,0.0,0.0,20,0.0,0.0,2,0.030602301975330433,0.9909029178886373,245,40,4,36,27,199,0,9,10,0,0.11020408163265306,0.9591836734693877,0.04081632653061224,0.04081632653061224,0.0653061224489796,5,135,0.0,0.0,100,0.0,0.0,25,,,,,0.0,0.0,10,,,,,0.0,0.0,20,0.0,0.0,2,0.028613214125596104,0.9865839436189885,268,51,4,47,31,210,0,14,13,0,0.11567164179104478,0.9514925373134329,0.048507462686567165,0.048507462686567165,0.08208955223880597,5,165,0.0,0.0,100,0.0,0.0,25,,,,,0.0,0.0,10,,,,,0.0,0.0,20,0.0,0.0,2,0.03656946086572443,0.9869531501414001,290,62,5,57,35,220,0,19,16,0,0.1206896551724138,0.9448275862068966,0.05517241379310345,0.05517241379310345,0.09655172413793103,5,166,0.0,0.0,100,0.0,0.0,25,,,,,0.0,0.0,10,,,,,0.0,0.0,20,0.0,0.0,2,0.04348730223545172,0.9872901599109037,0.49,0.0,,,,0.0,0.0,0.0,0.8,0.0,,,149,0,149,1.0,2,0,0,0,8,8,0,0,0.0,0,807,404800,9200150,0.04399928262039206,0.0,1496980,404800,1092180,6.145806891207632,8.423657272610741,23.18107145196809,400000,0.36623999707008004,2089774,10243,0,328393.0571428571,125386.43999999999,0.1044887,3.8495850563049316,330,0,0,0,0,239,0,404800,404800,396882,209,10,396882,347271,245,2,347271,348027,268,1,348027,0,290,1,0,0,239,0,0,0,0.0,0,0,0,0,0,290,35,,,,,
compression,20260917T231153-5b07_B7_mycelic_order2_plus_significant-o3-c2_s5,20260917T231153-5b07,ok,B7_mycelic,hierarchy,5,tier1,,order2_plus_significant-o3-c2,1000,10000,30,10,2,1,038036e877508f4c,0.0,none,5,order2_plus_significant,3,2,sim-3b,synthetic,none,3,none,,,26.629,6.392,327.8,2026-09-17T23:45:41Z,,1389,182,53,129,240,252,315,248,334,0,0.17278617710583152,0.5327573794096472,0.46724262059035276,0.3095752339812815,0.37940964722822174,22,213,0.67,0.71,100,0.7083333333333334,0.7083333333333334,24,18.0,15.705882352941176,-2.0,2.0,0.7777777777777778,0.7777777777777778,9,14.0,16.285714285714285,-2.0,2.0,0.6,0.6,20,0.5,0.5,2,0.2701216367188219,0.9605464027375402,0.8551039936715441,0.9559963511576414,23.102564102564102,0.42105263157894735,0.3035019455252918,0.07782101167315175,257,0.1323529411764706,0.05128205128205128,1.0,0.0,0.9433962264150944,1.0,0.6466165413533834,0.2547892720306513,0.24904214559386972,522,0.18811881188118812,0.13533834586466165,1.0,0.0,0.7,1.0,0.6616541353383458,0.24343015214384509,0.301521438450899,723,0.4326923076923077,0.1590909090909091,1.0,0.0,0.5975609756097561,1.0,0.7142857142857143,0.17278617710583152,0.46724262059035276,1389,0.5446428571428571,0.20833333333333334,1.0,0.0,0.5581395348837209,1.0,257,0,0,0,78,150,7,9,13,0,0.3035019455252918,0.9221789883268483,0.07782101167315175,0.06614785992217899,0.07782101167315175,0,0,0.53,0.53,100,0.125,0.125,24,24.0,18.666666666666668,5.0,-1.0,0.0,0.0,9,,,,,0.25,0.25,20,0.5,0.5,2,0.05689419368667447,0.9849789641344489,522,120,39,81,133,190,67,69,63,0,0.2547892720306513,0.7509578544061303,0.24904214559386972,0.17049808429118773,0.20306513409961685,12,158,0.59,0.64,100,0.7083333333333334,0.7083333333333334,24,18.0,16.529411764705884,-2.0,0.0,0.5555555555555556,0.5555555555555556,9,14.0,16.4,-2.0,0.0,0.55,0.55,20,0.5,0.5,2,0.14390612230164002,0.972627625651357,723,152,50,102,176,219,114,110,104,0,0.24343015214384509,0.6984785615491009,0.301521438450899,0.20193637621023514,0.2475795297372061,20,207,0.61,0.66,100,0.7083333333333334,0.7083333333333334,24,18.0,15.823529411764707,-2.0,1.0,0.5555555555555556,0.5555555555555556,9,14.0,15.2,-2.0,1.0,0.6,0.6,20,0.5,0.5,2,0.17423758562430142,0.9717377581672507,1389,182,53,129,240,252,315,248,334,0,0.17278617710583152,0.5327573794096472,0.46724262059035276,0.3095752339812815,0.37940964722822174,22,213,0.67,0.71,100,0.7083333333333334,0.7083333333333334,24,18.0,15.705882352941176,-2.0,2.0,0.7777777777777778,0.7777777777777778,9,14.0,16.285714285714285,-2.0,2.0,0.6,0.6,20,0.5,0.5,2,0.2701216367188219,0.9605464027375402,0.48,0.31333333333333335,6.0,0.4765625,0.5234375,0.019867549668874173,0.6,0.038461538461538464,0.8,0.1,,15.666666666666666,364,62,296,0.8131868131868132,2,1,0,1,8,7,1,5,0.0,0,767,404800,9239950,0.04380976087532941,0.0,5668705,404800,5263905,1.6299930936607214,1.755341329298306,3.9362150786821277,400000,0.07598921333116763,4924198,10432,0,773802.542857143,295451.88,0.24620990000000004,23.846917390823364,574,0,0,0,0,268,0,404800,404800,2347420,257,10,2347420,1531807,522,2,1531807,1384678,723,1,1384678,0,1389,1,0,0,268,0,0,0,0.0,0,0,0,0,0,1389,4,3,2,,,
compression,20260917T231153-5b07_B7_mycelic_order2_plus_significant-o3-c4_s5,20260917T231153-5b07,ok,B7_mycelic,hierarchy,5,tier1,,order2_plus_significant-o3-c4,1000,10000,30,10,2,1,038036e877508f4c,0.0,none,5,order2_plus_significant,3,4,sim-3b,synthetic,none,3,none,,,16.778,6.392,326.8,2026-09-17T23:45:58Z,,1404,153,42,111,241,252,310,266,335,0,0.17165242165242164,0.5405982905982906,0.4594017094017094,0.3034188034188034,0.38247863247863245,18,188,0.68,0.7,100,0.7083333333333334,0.7083333333333334,24,16.0,16.294117647058822,0.0,2.0,0.7777777777777778,0.7777777777777778,9,20.0,18.285714285714285,3.0,2.0,0.65,0.65,20,0.5,0.5,2,0.26693741123723536,0.963518607818432,0.8613943143379131,0.9556526421109754,22.786324786324787,0.42857142857142855,0.30078125,0.078125,256,0.11764705882352941,0.03896103896103896,1.0,0.0,0.9245283018867925,1.0,0.631578947368421,0.2593320235756385,0.2200392927308448,509,0.21212121212121213,0.12121212121212122,1.0,0.0,0.8857142857142857,1.0,0.6616541353383458,0.24649859943977592,0.27450980392156865,714,0.4326923076923077,0.1534090909090909,1.0,0.0,0.8414634146341463,1.0,0.706766917293233,0.17165242165242164,0.4594017094017094,1404,0.5526315789473685,0.21161825726141079,1.0,0.0,0.6551724137931034,1.0,256,0,0,0,77,149,7,10,13,0,0.30078125,0.921875,0.078125,0.06640625,0.078125,0,0,0.53,0.53,100,0.16666666666666666,0.16666666666666666,24,20.0,18.0,3.0,-1.0,0.0,0.0,9,,,,,0.2,0.2,20,0.5,0.5,2,0.05743517112468616,0.985239022707022,509,111,29,82,132,189,57,76,55,0,0.2593320235756385,0.7799607072691552,0.2200392927308448,0.1512770137524558,0.18664047151277013,12,159,0.57,0.62,100,0.7083333333333334,0.7083333333333334,24,20.0,17.941176470588236,1.0,0.0,0.5555555555555556,0.5555555555555556,9,24.0,18.4,1.0,0.0,0.55,0.55,20,0.5,0.5,2,0.12995869795968681,0.978681684207231,714,139,39,100,176,218,102,124,94,0,0.24649859943977592,0.7254901960784313,0.27450980392156865,0.18487394957983194,0.23949579831932774,23,204,0.6,0.65,100,0.7083333333333334,0.7083333333333334,24,16.0,16.529411764705884,1.0,1.0,0.6666666666666666,0.6666666666666666,9,24.0,18.666666666666668,2.0,1.0,0.6,0.6,20,0.5,0.5,2,0.16288664180090628,0.9780126922210743,1404,153,42,111,241,252,310,266,335,0,0.17165242165242164,0.5405982905982906,0.4594017094017094,0.3034188034188034,0.38247863247863245,18,188,0.68,0.7,100,0.7083333333333334,0.7083333333333334,24,16.0,16.294117647058822,0.0,2.0,0.7777777777777778,0.7777777777777778,9,20.0,18.285714285714285,3.0,2.0,0.65,0.65,20,0.5,0.5,2,0.26693741123723536,0.963518607818432,0.38,0.36,5.9411764705882355,0.28125,0.71875,0.022222222222222223,0.6,0.04285714285714286,0.9,0.0,,16.666666666666668,331,61,264,0.797583081570997,2,1,0,1,8,8,0,5,0.0,0,767,404800,9239950,0.04380976087532941,0.0,4378260,404800,3973460,2.11041601001311,2.325416639402435,5.044610099757159,400000,0.1006679317270087,3819824,10243,0,600258.0571428572,229189.44,0.1909912,14.218311309814453,529,0,0,0,0,268,0,404800,404800,1831648,256,10,1831648,1185289,509,2,1185289,956523,714,1,956523,0,1404,1,0,0,268,0,0,0,0.0,0,0,0,0,0,1404,4,3,2,,,
compression,20260917T231153-5b07_B7_mycelic_order_capped-o2-c1_s6,20260917T231153-5b07,ok,B7_mycelic,hierarchy,6,tier1,,order_capped-o2-c1,1000,10000,30,10,2,1,3fb6295959e38e80,0.0,none,5,order_capped,2,1,sim-3b,synthetic,none,3,none,,,23.043,6.226,360.2,2026-09-17T23:46:01Z,,565,146,3,143,156,275,16,96,22,0,0.2761061946902655,0.9327433628318584,0.06725663716814159,0.04247787610619469,0.07079646017699115,10,250,0.62,0.65,100,0.48,0.48,25,11.0,13.666666666666666,-5.0,2.0,0.0,0.0,10,,,,,0.45,0.45,20,0.0,0.0,2,0.015589812717369424,0.9708209991471509,0.7649894474004633,0.947562221981542,39.416666666666664,0.48148148148148145,0.3003533568904594,0.04240282685512368,283,0.0625,0.047058823529411764,1.0,0.0,0.9508196721311475,1.0,0.5555555555555556,0.3005181347150259,0.04145077720207254,386,0.20430107526881722,0.08620689655172414,1.0,0.0,0.6986301369863014,1.0,0.5703703703703704,0.2872340425531915,0.0574468085106383,470,0.3118279569892473,0.1259259259259259,1.0,0.0,0.6025641025641025,1.0,0.5703703703703704,0.2761061946902655,0.06725663716814159,565,0.3548387096774194,0.16025641025641027,1.0,0.0,0.5897435897435898,1.0,283,0,0,0,85,172,2,14,10,0,0.3003533568904594,0.9575971731448764,0.04240282685512368,0.0353356890459364,0.04240282685512368,0,0,0.61,0.61,100,0.16,0.16,25,20.0,19.75,4.5,-1.0,0.0,0.0,10,,,,,0.3,0.3,20,0.0,0.0,2,0.027203612226877057,0.9846409040116525,386,83,3,80,116,217,4,37,12,0,0.3005181347150259,0.9585492227979274,0.04145077720207254,0.031088082901554404,0.05181347150259067,8,191,0.62,0.63,100,0.48,0.48,25,14.5,14.916666666666666,-3.5,0.0,0.0,0.0,10,,,,,0.45,0.45,20,0.0,0.0,2,0.003037912635068143,0.9685965145335828,470,116,3,113,135,244,10,64,17,0,0.2872340425531915,0.9425531914893617,0.0574468085106383,0.03829787234042553,0.06382978723404255,9,246,0.62,0.65,100,0.48,0.48,25,11.0,13.666666666666666,-5.0,1.0,0.0,0.0,10,,,,,0.45,0.45,20,0.0,0.0,2,0.010429776548850068,0.9693779049165662,565,146,3,143,156,275,16,96,22,0,0.2761061946902655,0.9327433628318584,0.06725663716814159,0.04247787610619469,0.07079646017699115,10,250,0.62,0.65,100,0.48,0.48,25,11.0,13.666666666666666,-5.0,2.0,0.0,0.0,10,,,,,0.45,0.45,20,0.0,0.0,2,0.015589812717369424,0.9708209991471509,0.4633333333333333,0.35,5.833333333333333,0.4696969696969697,0.5303030303030303,0.01809954751131222,0.4,0.03463203463203464,0.7,0.1,,13.5,292,71,217,0.7431506849315068,2,0,0,0,8,7,1,4,0.0,0,807,404800,9200150,0.04399928262039206,0.0,5204448,404800,4799648,1.767747511359514,1.9168384848222202,4.185680111883225,400000,0.08333944489262546,3813847,10810,0,599318.8142857143,228830.82,0.19069235,21.518432140350342,558,0,0,0,0,239,0,404800,404800,2198006,283,10,2198006,1392960,386,2,1392960,1208682,470,1,1208682,0,565,1,0,0,239,0,0,0,0.0,0,0,0,0,0,565,23,,,,,
compression,20260917T231153-5b07_B7_mycelic_significant_cells_only-o1-c1_s5,20260917T231153-5b07,ok,B7_mycelic,hierarchy,5,tier1,,significant_cells_only-o1-c1,1000,10000,30,10,2,1,038036e877508f4c,0.0,none,5,significant_cells_only,1,1,sim-3b,synthetic,none,3,none,,,12.849,6.392,326.8,2026-09-17T23:46:11Z,,367,67,1,66,44,269,0,26,28,0,0.11989100817438691,0.9237057220708447,0.07629427792915532,0.09536784741144415,0.14168937329700274,25,213,0.0,0.0,100,0.0,0.0,24,,,,,0.0,0.0,9,,,,,0.0,0.0,20,0.0,0.0,2,0.07025172268123096,0.9720231234092949,0.7408691590606935,0.9965337335620355,14.833333333333334,0.0,0.07531380753138076,0.06694560669456066,239,0.6666666666666666,0.0,1.0,0.0,,1.0,0.0,0.09556313993174062,0.07167235494880546,293,0.7,0.0,1.0,0.0,,1.0,0.0,0.10778443113772455,0.0748502994011976,334,0.6666666666666666,0.0,1.0,0.0,,1.0,0.0,0.11989100817438691,0.07629427792915532,367,0.8333333333333334,0.0,1.0,0.0,,1.0,239,0,0,0,18,198,0,7,16,0,0.07531380753138076,0.9330543933054394,0.06694560669456066,0.09205020920502092,0.12552301255230125,0,0,0.0,0.0,100,0.0,0.0,24,,,,,0.0,0.0,9,,,,,0.0,0.0,20,0.0,0.0,2,0.0802192037056609,0.9881689945006399,293,41,2,39,28,230,0,14,21,0,0.09556313993174062,0.9283276450511946,0.07167235494880546,0.09556313993174062,0.13310580204778158,15,151,0.0,0.0,100,0.0,0.0,24,,,,,0.0,0.0,9,,,,,0.0,0.0,20,0.0,0.0,2,0.06987406530842066,0.9707276628073949,334,50,1,49,36,253,0,20,25,0,0.10778443113772455,0.9251497005988024,0.0748502994011976,0.09580838323353294,0.1407185628742515,25,210,0.0,0.0,100,0.0,0.0,24,,,,,0.0,0.0,9,,,,,0.0,0.0,20,0.0,0.0,2,0.06995017981407087,0.9709983955841293,367,67,1,66,44,269,0,26,28,0,0.11989100817438691,0.9237057220708447,0.07629427792915532,0.09536784741144415,0.14168937329700274,25,213,0.0,0.0,100,0.0,0.0,24,,,,,0.0,0.0,9,,,,,0.0,0.0,20,0.0,0.0,2,0.07025172268123096,0.9720231234092949,0.47333333333333333,0.0,,,,0.0,0.0,0.0,0.8,0.0,,,181,0,181,1.0,2,0,0,0,8,8,0,0,0.0,0,767,404800,9239950,0.04380976087532941,0.0,1650144,404800,1245344,5.599481014990207,7.419596513091965,19.117507096688765,400000,0.32119639232212144,2167680,10810,0,340635.4285714286,130060.79999999999,0.108384,12.162460803985596,412,0,0,0,0,268,0,404800,404800,483324,239,10,483324,382490,293,2,382490,379530,334,1,379530,0,367,1,0,0,268,0,0,0,0.0,0,0,0,0,0,367,33,,,,,
compression,20260917T231153-5b07_B7_mycelic_order_capped-o2-c2_s6,20260917T231153-5b07,ok,B7_mycelic,hierarchy,6,tier1,,order_capped-o2-c2,1000,10000,30,10,2,1,3fb6295959e38e80,0.0,none,5,order_capped,2,2,sim-3b,synthetic,none,3,none,,,13.18,6.226,360.2,2026-09-17T23:46:15Z,,545,137,2,135,156,264,14,86,25,0,0.28623853211009176,0.9284403669724771,0.07155963302752294,0.045871559633027525,0.07339449541284404,10,239,0.61,0.64,100,0.48,0.48,25,19.0,16.333333333333332,-1.5,2.0,0.0,0.0,10,,,,,0.55,0.55,20,0.0,0.0,2,0.02656043336910731,0.9763355916845585,0.7731064434787408,0.9440899670712967,39.677083333333336,0.4666666666666667,0.3007246376811594,0.043478260869565216,276,0.0641025641025641,0.04819277108433735,1.0,0.0,0.9666666666666667,1.0,0.5481481481481482,0.30423280423280424,0.04497354497354497,378,0.17204301075268819,0.09565217391304348,1.0,0.0,0.7777777777777778,1.0,0.562962962962963,0.29385964912280704,0.06140350877192982,456,0.2903225806451613,0.12686567164179105,1.0,0.0,0.6883116883116883,1.0,0.562962962962963,0.28623853211009176,0.07155963302752294,545,0.3333333333333333,0.16025641025641027,1.0,0.0,0.6753246753246753,1.0,276,0,0,0,83,168,2,13,10,0,0.3007246376811594,0.9565217391304348,0.043478260869565216,0.036231884057971016,0.03985507246376811,0,0,0.6,0.6,100,0.12,0.12,25,24.0,21.333333333333332,8.0,-1.0,0.0,0.0,10,,,,,0.35,0.35,20,0.0,0.0,2,0.027635111096991623,0.985673068859976,378,79,2,77,115,212,4,34,13,0,0.30423280423280424,0.955026455026455,0.04497354497354497,0.03439153439153439,0.05291005291005291,8,191,0.61,0.62,100,0.48,0.48,25,19.0,16.833333333333332,-1.5,0.0,0.0,0.0,10,,,,,0.55,0.55,20,0.0,0.0,2,0.015849397252326064,0.975181305405556,456,109,2,107,134,236,9,58,19,0,0.29385964912280704,0.9385964912280702,0.06140350877192982,0.041666666666666664,0.06578947368421052,9,236,0.61,0.64,100,0.48,0.48,25,19.0,16.666666666666668,-1.5,1.0,0.0,0.0,10,,,,,0.55,0.55,20,0.0,0.0,2,0.022405930967650436,0.9755363285157228,545,137,2,135,156,264,14,86,25,0,0.28623853211009176,0.9284403669724771,0.07155963302752294,0.045871559633027525,0.07339449541284404,10,239,0.61,0.64,100,0.48,0.48,25,19.0,16.333333333333332,-1.5,2.0,0.0,0.0,10,,,,,0.55,0.55,20,0.0,0.0,2,0.02656043336910731,0.9763355916845585,0.4166666666666667,0.39,6.5,0.4015151515151515,0.5984848484848485,0.01932367149758454,0.4,0.03686635944700461,0.7,0.1,,14.0,277,70,203,0.7328519855595668,2,0,0,0,8,7,1,4,0.0,0,807,404800,9200150,0.04399928262039206,0.0,4060937,404800,3656137,2.265523941888288,2.516358112401149,5.3170960344357265,400000,0.10940509067357158,3149488,10432,0,494919.5428571428,188969.28,0.1574744,11.89179515838623,524,0,0,0,0,239,0,404800,404800,1730296,276,10,1730296,1034294,378,2,1034294,891547,456,1,891547,0,545,1,0,0,239,0,0,0,0.0,0,0,0,0,0,545,23,,,,,
compression,20260917T231153-5b07_B7_mycelic_significant_cells_only-o1-c2_s5,20260917T231153-5b07,ok,B7_mycelic,hierarchy,5,tier1,,significant_cells_only-o1-c2,1000,10000,30,10,2,1,038036e877508f4c,0.0,none,5,significant_cells_only,1,2,sim-3b,synthetic,none,3,none,,,7.495,6.392,326.8,2026-09-17T23:46:19Z,,357,64,1,63,44,262,0,22,29,0,0.12324929971988796,0.9187675070028011,0.08123249299719888,0.09523809523809523,0.13725490196078433,25,207,0.0,0.0,100,0.0,0.0,24,,,,,0.0,0.0,9,,,,,0.0,0.0,20,0.0,0.0,2,0.07624130721769441,0.9781467555054595,0.7595127244320793,0.9972098214285715,16.416666666666668,0.0,0.06779661016949153,0.07203389830508475,236,0.5555555555555556,0.0,1.0,0.0,,1.0,0.0,0.0958904109589041,0.07534246575342465,292,0.6363636363636364,0.0,1.0,0.0,,1.0,0.0,0.11009174311926606,0.07951070336391437,327,0.75,0.0,1.0,0.0,,1.0,0.0,0.12324929971988796,0.08123249299719888,357,0.8333333333333334,0.0,1.0,0.0,,1.0,236,0,0,0,16,195,0,8,17,0,0.06779661016949153,0.9279661016949152,0.07203389830508475,0.08898305084745763,0.1271186440677966,0,0,0.0,0.0,100,0.0,0.0,24,,,,,0.0,0.0,9,,,,,0.0,0.0,20,0.0,0.0,2,0.0787447292761028,0.9897616784286453,292,37,2,35,28,228,0,14,22,0,0.0958904109589041,0.9246575342465754,0.07534246575342465,0.09246575342465753,0.13356164383561644,16,154,0.0,0.0,100,0.0,0.0,24,,,,,0.0,0.0,9,,,,,0.0,0.0,20,0.0,0.0,2,0.07396872731078813,0.9780106623749393,327,48,1,47,36,247,0,18,26,0,0.11009174311926606,0.9204892966360856,0.07951070336391437,0.09480122324159021,0.13761467889908258,25,204,0.0,0.0,100,0.0,0.0,24,,,,,0.0,0.0,9,,,,,0.0,0.0,20,0.0,0.0,2,0.07552040660476916,0.9776006666620538,357,64,1,63,44,262,0,22,29,0,0.12324929971988796,0.9187675070028011,0.08123249299719888,0.09523809523809523,0.13725490196078433,25,207,0.0,0.0,100,0.0,0.0,24,,,,,0.0,0.0,9,,,,,0.0,0.0,20,0.0,0.0,2,0.07624130721769441,0.9781467555054595,0.47333333333333333,0.0,,,,0.0,0.0,0.0,0.8,0.0,,,177,0,177,1.0,2,0,0,0,8,8,0,0,0.0,0,767,404800,9239950,0.04380976087532941,0.0,1544928,404800,1140128,5.9808288800513685,8.104309340705605,21.69460684182104,400000,0.3508378006679952,2115025,10432,0,332361.0714285714,126901.5,0.10575125,6.754173994064331,395,0,0,0,0,268,0,404800,404800,425910,236,10,425910,356415,292,2,356415,357803,327,1,357803,0,357,1,0,0,268,0,0,0,0.0,0,0,0,0,0,357,33,,,,,
compression,20260917T231153-5b07_B7_mycelic_order_capped-o2-c4_s6,20260917T231153-5b07,ok,B7_mycelic,hierarchy,6,tier1,,order_capped-o2-c4,1000,10000,30,10,2,1,3fb6295959e38e80,0.0,none,5,order_capped,2,4,sim-3b,synthetic,none,3,none,,,8.51,6.226,360.2,2026-09-17T23:46:23Z,,535,117,3,114,156,266,14,83,16,0,0.29158878504672897,0.9439252336448598,0.056074766355140186,0.029906542056074768,0.048598130841121495,8,231,0.61,0.64,100,0.48,0.48,25,20.0,17.0,-0.5,2.0,0.0,0.0,10,,,,,0.6,0.6,20,0.0,0.0,2,0.017218782074781596,0.9850477559774681,0.7860482256295538,0.940779755806011,39.625,0.45185185185185184,0.29699248120300753,0.03759398496240601,266,0.05333333333333334,0.0379746835443038,1.0,0.0,0.9830508474576272,1.0,0.5481481481481482,0.3035230352303523,0.037940379403794036,369,0.1827956989247312,0.09821428571428571,1.0,0.0,0.9577464788732394,1.0,0.562962962962963,0.2953020134228188,0.049217002237136466,447,0.3225806451612903,0.13636363636363635,1.0,0.0,0.8961038961038961,1.0,0.562962962962963,0.29158878504672897,0.056074766355140186,535,0.3870967741935484,0.17307692307692307,1.0,0.0,0.8987341772151899,1.0,266,0,0,0,79,166,2,11,8,0,0.29699248120300753,0.9624060150375939,0.03759398496240601,0.03007518796992481,0.03007518796992481,0,0,0.59,0.59,100,0.08,0.08,25,20.0,20.0,5.5,-1.0,0.0,0.0,10,,,,,0.35,0.35,20,0.0,0.0,2,0.021053778477929695,0.9882602824187032,369,73,3,70,112,210,4,33,10,0,0.3035230352303523,0.962059620596206,0.037940379403794036,0.02710027100271003,0.037940379403794036,6,186,0.61,0.62,100,0.48,0.48,25,20.0,17.333333333333332,-0.5,0.0,0.0,0.0,10,,,,,0.6,0.6,20,0.0,0.0,2,0.014744080193450582,0.9843606141716007,447,96,3,93,132,237,9,56,13,0,0.2953020134228188,0.9507829977628636,0.049217002237136466,0.029082774049217,0.0447427293064877,8,229,0.61,0.64,100,0.48,0.48,25,20.0,17.333333333333332,-0.5,1.0,0.0,0.0,10,,,,,0.6,0.6,20,0.0,0.0,2,0.01654286744148634,0.9847498048865363,535,117,3,114,156,266,14,83,16,0,0.29158878504672897,0.9439252336448598,0.056074766355140186,0.029906542056074768,0.048598130841121495,8,231,0.61,0.64,100,0.48,0.48,25,20.0,17.0,-0.5,2.0,0.0,0.0,10,,,,,0.6,0.6,20,0.0,0.0,2,0.017218782074781596,0.9850477559774681,0.3566666666666667,0.4066666666666667,6.764705882352941,0.24242424242424243,0.7575757575757576,0.020100502512562814,0.4,0.038277511961722493,0.7,0.1,,15.0,269,70,195,0.724907063197026,2,0,0,0,8,7,1,4,0.0,0,807,404800,9200150,0.04399928262039206,0.0,3305030,404800,2900230,2.78368123738665,3.1722139278608936,6.666311618901873,400000,0.1379200959923868,2771208,10243,0,435475.5428571429,166272.48,0.1385604,7.28422212600708,495,0,0,0,0,239,0,404800,404800,1380096,266,10,1380096,827165,369,2,827165,692969,447,1,692969,0,535,1,0,0,239,0,0,0,0.0,0,0,0,0,0,535,23,,,,,
compression,20260917T231153-5b07_B7_mycelic_significant_cells_only-o1-c4_s5,20260917T231153-5b07,ok,B7_mycelic,hierarchy,5,tier1,,significant_cells_only-o1-c4,1000,10000,30,10,2,1,038036e877508f4c,0.0,none,5,significant_cells_only,1,4,sim-3b,synthetic,none,3,none,,,4.498,6.392,326.8,2026-09-17T23:46:24Z,,330,53,2,51,45,243,0,20,22,0,0.13636363636363635,0.9333333333333333,0.06666666666666667,0.07575757575757576,0.10909090909090909,19,179,0.0,0.0,100,0.0,0.0,24,,,,,0.0,0.0,9,,,,,0.0,0.0,20,0.0,0.0,2,0.06514427766550125,0.9880341276468012,0.7590409224206877,0.9973958333333334,17.083333333333332,0.0,0.07964601769911504,0.061946902654867256,226,0.45454545454545453,0.0,1.0,0.0,,1.0,0.0,0.10622710622710622,0.06227106227106227,273,0.6666666666666666,0.034482758620689655,1.0,0.0,,1.0,0.0,0.12211221122112212,0.066006600660066,303,0.8333333333333334,0.02702702702702703,1.0,0.0,,1.0,0.0,0.13636363636363635,0.06666666666666667,330,0.8333333333333334,0.022222222222222223,1.0,0.0,,1.0,226,0,0,0,18,187,0,7,14,0,0.07964601769911504,0.9380530973451328,0.061946902654867256,0.07079646017699115,0.10176991150442478,0,0,0.0,0.0,100,0.0,0.0,24,,,,,0.0,0.0,9,,,,,0.0,0.0,20,0.0,0.0,2,0.062438332227968366,0.9916418720509774,273,30,3,27,29,213,0,14,17,0,0.10622710622710622,0.9377289377289377,0.06227106227106227,0.07326007326007326,0.10622710622710622,12,140,0.0,0.0,100,0.0,0.0,24,,,,,0.0,0.0,9,,,,,0.0,0.0,20,0.0,0.0,2,0.0624691319887822,0.9875740788526248,303,40,2,38,37,229,0,17,20,0,0.12211221122112212,0.933993399339934,0.066006600660066,0.07590759075907591,0.10891089108910891,19,178,0.0,0.0,100,0.0,0.0,24,,,,,0.0,0.0,9,,,,,0.0,0.0,20,0.0,0.0,2,0.0650706693640063,0.9876899779244982,330,53,2,51,45,243,0,20,22,0,0.13636363636363635,0.9333333333333333,0.06666666666666667,0.07575757575757576,0.10909090909090909,19,179,0.0,0.0,100,0.0,0.0,24,,,,,0.0,0.0,9,,,,,0.0,0.0,20,0.0,0.0,2,0.06514427766550125,0.9880341276468012,0.47333333333333333,0.0,,,,0.0,0.0,0.0,0.8,0.0,,,160,0,160,1.0,2,0,0,0,8,8,0,0,0.0,0,767,404800,9239950,0.04380976087532941,0.0,1577558,404800,1172758,5.857122210403674,7.878820694465525,21.66967636022514,400000,0.3410763345890627,2109963,10243,0,331565.61428571434,126597.78000000001,0.10549815000000001,3.89084529876709,330,0,0,0,0,268,0,404800,404800,426400,226,10,426400,373882,273,2,373882,372476,303,1,372476,0,330,1,0,0,268,0,0,0,0.0,0,0,0,0,0,330,33,,,,,
compression,20260917T231153-5b07_B7_mycelic_order_capped-o3-c1_s6,20260917T231153-5b07,ok,B7_mycelic,hierarchy,6,tier1,,order_capped-o3-c1,1000,10000,30,10,2,1,3fb6295959e38e80,0.0,none,5,order_capped,3,1,sim-3b,synthetic,none,3,none,,,41.441,6.226,360.2,2026-09-17T23:47:05Z,,560,137,2,135,186,227,46,76,25,0,0.33214285714285713,0.8732142857142857,0.12678571428571428,0.05,0.07142857142857142,12,211,0.6,0.64,100,0.8,0.8,25,19.0,17.5,-1.5,2.0,0.5,0.5,10,22.0,21.8,4.0,2.0,0.5,0.5,20,0.5,0.5,2,0.0228443888909639,0.972844388890964,0.8225603712304803,0.9662827191310615,32.324074074074076,0.45185185185185184,0.32916666666666666,0.06666666666666667,240,0.06756756756756757,0.05063291139240506,1.0,0.0,0.9298245614035088,1.0,0.6296296296296297,0.35276967930029157,0.0728862973760933,343,0.16,0.0743801652892562,1.0,0.0,0.8026315789473685,1.0,0.6518518518518519,0.34459459459459457,0.1036036036036036,444,0.34951456310679613,0.1111111111111111,1.0,0.0,0.6896551724137931,1.0,0.6592592592592592,0.33214285714285713,0.12678571428571428,560,0.3942307692307692,0.12903225806451613,1.0,0.0,0.6436781609195402,1.0,240,0,0,0,79,137,2,8,14,0,0.32916666666666666,0.9333333333333333,0.06666666666666667,0.058333333333333334,0.06666666666666667,0,0,0.57,0.57,100,0.16,0.16,25,26.0,23.25,9.0,-1.0,0.0,0.0,10,,,,,0.25,0.25,20,0.5,0.5,2,0.04833047603582118,0.9838066042653797,343,75,2,73,121,177,8,20,17,0,0.35276967930029157,0.9271137026239067,0.0728862973760933,0.04956268221574344,0.06705539358600583,9,162,0.58,0.61,100,0.8,0.8,25,21.5,19.2,0.0,0.0,0.4,0.4,10,23.0,23.25,4.5,0.0,0.45,0.45,20,0.5,0.5,2,0.02346713532339705,0.9725592301946087,444,107,2,105,153,201,25,44,21,0,0.34459459459459457,0.8963963963963963,0.1036036036036036,0.04954954954954955,0.06981981981981981,11,206,0.59,0.63,100,0.8,0.8,25,19.0,17.5,-1.5,1.0,0.5,0.5,10,22.0,21.8,4.0,1.0,0.5,0.5,20,0.5,0.5,2,0.023155927809410098,0.9725671632617201,560,137,2,135,186,227,46,76,25,0,0.33214285714285713,0.8732142857142857,0.12678571428571428,0.05,0.07142857142857142,12,211,0.6,0.64,100,0.8,0.8,25,19.0,17.5,-1.5,2.0,0.5,0.5,10,22.0,21.8,4.0,2.0,0.5,0.5,20,0.5,0.5,2,0.0228443888909639,0.972844388890964,0.44333333333333336,0.37,6.166666666666667,0.40714285714285714,0.5928571428571429,0.021505376344086023,0.4,0.040816326530612256,0.9,0.0,,15.0,256,70,182,0.7109375,2,1,0,1,8,8,0,3,0.0,0,807,404800,9200150,0.04399928262039206,2.1064383287518298e-05,15440570,404800,15035770,0.5958426405242812,0.6118841934932497,1.4040722926722662,400000,0.026603226838399364,10337308,10810,0,1624434.1142857145,620238.4800000001,0.5168654,40.09883975982666,478,0,0,0,0,239,0,404800,404800,6552476,240,10,6552476,4504326,343,2,4504326,3978968,444,1,3978968,0,560,1,0,0,239,0,0,0,0.0,0,0,0,0,0,560,2,4,4,,,
compression,20260917T231153-5b07_B7_mycelic_significant_cells_only-o2-c1_s5,20260917T231153-5b07,ok,B7_mycelic,hierarchy,5,tier1,,significant_cells_only-o2-c1,1000,10000,30,10,2,1,038036e877508f4c,0.0,none,5,significant_cells_only,2,1,sim-3b,synthetic,none,3,none,,,42.659,6.392,353.6,2026-09-17T23:47:06Z,,2424,568,322,246,275,365,110,542,1132,0,0.11344884488448845,0.4876237623762376,0.5123762376237624,0.5020627062706271,0.6167491749174917,62,295,0.76,0.8,100,0.5416666666666666,0.5416666666666666,24,11.0,11.538461538461538,-11.0,2.0,0.0,0.0,9,,,,,0.75,0.75,20,0.5,0.5,2,0.46966780193707264,0.9676050956664456,0.8719289065597718,0.930924107955358,15.333333333333334,0.5112781954887218,0.31683168316831684,0.07260726072607261,303,0.10588235294117647,0.041666666666666664,1.0,0.0,0.9516129032258065,1.0,0.6390977443609023,0.15267947421638017,0.43377148634984836,989,0.37,0.16556291390728478,1.0,0.0,0.5342465753424658,1.0,0.6541353383458647,0.140625,0.47098214285714285,1344,0.49523809523809526,0.2328042328042328,1.0,0.0,0.5308641975308642,1.0,0.6992481203007519,0.11344884488448845,0.5123762376237624,2424,0.7155172413793104,0.34545454545454546,1.0,0.0,0.5,1.0,303,0,0,0,96,176,5,9,17,0,0.31683168316831684,0.9273927392739274,0.07260726072607261,0.07590759075907591,0.09570957095709572,0,0,0.62,0.62,100,0.25,0.25,24,18.0,17.333333333333332,-2.0,-1.0,0.0,0.0,9,,,,,0.4,0.4,20,0.5,0.5,2,0.06754128159685188,0.9871473090226645,989,368,205,163,151,254,47,155,382,0,0.15267947421638017,0.5662285136501517,0.43377148634984836,0.4256825075834176,0.5085945399393327,12,165,0.64,0.73,100,0.5,0.5,24,13.5,12.916666666666666,-6.5,0.0,0.0,0.0,9,,,,,0.7,0.7,20,0.5,0.5,2,0.3969303481181315,0.971247840534714,1344,476,274,202,189,298,66,224,567,0,0.140625,0.5290178571428571,0.47098214285714285,0.46205357142857145,0.5535714285714286,60,290,0.66,0.75,100,0.5,0.5,24,12.0,12.25,-8.0,1.0,0.0,0.0,9,,,,,0.75,0.75,20,0.5,0.5,2,0.4342910753154935,0.9722375038869221,2424,568,322,246,275,365,110,542,1132,0,0.11344884488448845,0.4876237623762376,0.5123762376237624,0.5020627062706271,0.6167491749174917,62,295,0.76,0.8,100,0.5416666666666666,0.5416666666666666,24,11.0,11.538461538461538,-11.0,2.0,0.0,0.0,9,,,,,0.75,0.75,20,0.5,0.5,2,0.46966780193707264,0.9676050956664456,0.47333333333333333,0.35333333333333333,6.125,0.5354330708661418,0.4645669291338582,0.010263929618768328,0.7,0.02023121387283237,0.5,0.4,,14.714285714285714,746,64,675,0.9048257372654156,2,1,0,1,8,4,4,6,0.0,0,767,404800,9239950,0.04380976087532941,0.0,3155177,404800,2750377,2.928504486436102,3.3595212583583995,10.70763479351188,400000,0.14543460769196367,3096815,10810,0,486642.35714285716,185808.9,0.15484075,37.568116188049316,1175,0,0,0,0,268,0,404800,404800,862931,303,10,862931,899134,989,2,899134,988312,1344,1,988312,0,2424,1,0,0,268,0,0,0,0.0,0,0,0,0,0,2424,19,,,,1,
compression,20260917T231153-5b07_B7_mycelic_order_capped-o3-c2_s6,20260917T231153-5b07,ok,B7_mycelic,hierarchy,6,tier1,,order_capped-o3-c2,1000,10000,30,10,2,1,3fb6295959e38e80,0.0,none,5,order_capped,3,2,sim-3b,synthetic,none,3,none,,,23.655,6.226,360.2,2026-09-17T23:47:29Z,,548,122,2,120,183,223,43,72,27,0,0.33394160583941607,0.8722627737226277,0.12773722627737227,0.051094890510948905,0.07116788321167883,12,203,0.6,0.63,100,0.8,0.8,25,22.0,20.2,1.5,2.0,0.5,0.5,10,22.0,22.4,4.0,2.0,0.55,0.55,20,0.5,0.5,2,0.02957600472273006,0.9761183686334536,0.8215146641648121,0.9690633987491086,33.626168224299064,0.4444444444444444,0.32905982905982906,0.06837606837606838,234,0.06944444444444445,0.05194805194805195,1.0,0.0,0.9464285714285714,1.0,0.6222222222222222,0.35693215339233036,0.07669616519174041,339,0.16326530612244897,0.08264462809917356,1.0,0.0,0.8266666666666667,1.0,0.6444444444444445,0.3463302752293578,0.10550458715596331,436,0.3106796116504854,0.11258278145695365,1.0,0.0,0.7294117647058823,1.0,0.6518518518518519,0.33394160583941607,0.12773722627737227,548,0.375,0.13114754098360656,1.0,0.0,0.6823529411764706,1.0,234,0,0,0,77,134,2,7,14,0,0.32905982905982906,0.9316239316239316,0.06837606837606838,0.05982905982905983,0.0641025641025641,0,0,0.56,0.56,100,0.16,0.16,25,26.0,23.5,9.0,-1.0,0.0,0.0,10,,,,,0.3,0.3,20,0.5,0.5,2,0.050671326883406816,0.9844929968624412,339,71,2,69,121,173,9,19,17,0,0.35693215339233036,0.9233038348082596,0.07669616519174041,0.05014749262536873,0.06489675516224189,9,163,0.57,0.6,100,0.8,0.8,25,22.0,20.8,2.5,0.0,0.4,0.4,10,23.0,23.5,4.5,0.0,0.5,0.5,20,0.5,0.5,2,0.03136387133486549,0.9760358594289719,436,97,2,95,151,197,24,42,22,0,0.3463302752293578,0.8944954128440367,0.10550458715596331,0.05045871559633028,0.06880733944954129,11,198,0.59,0.62,100,0.8,0.8,25,22.0,20.2,1.5,1.0,0.5,0.5,10,22.0,22.4,4.0,1.0,0.55,0.55,20,0.5,0.5,2,0.030386780000664103,0.9759000918444763,548,122,2,120,183,223,43,72,27,0,0.33394160583941607,0.8722627737226277,0.12773722627737227,0.051094890510948905,0.07116788321167883,12,203,0.6,0.63,100,0.8,0.8,25,22.0,20.2,1.5,2.0,0.5,0.5,10,22.0,22.4,4.0,2.0,0.55,0.55,20,0.5,0.5,2,0.02957600472273006,0.9761183686334536,0.4166666666666667,0.38333333333333336,6.764705882352941,0.3560606060606061,0.6439393939393939,0.022988505747126436,0.4,0.043478260869565216,0.9,0.0,,15.5,243,69,170,0.6995884773662552,2,1,0,1,8,8,0,3,0.0,0,807,404800,9200150,0.04399928262039206,2.1064383287518298e-05,12252663,404800,11847863,0.7508694232429309,0.7765240026830155,1.7057044129190913,400000,0.033761362703130515,7340984,10432,0,1153583.2,440459.04000000004,0.3670492,22.38920783996582,444,0,0,0,0,239,0,404800,404800,5393754,234,10,5393754,3456910,339,2,3456910,2997199,436,1,2997199,0,548,1,0,0,239,0,0,0,0.0,0,0,0,0,0,548,2,4,4,,,
compression,20260917T231153-5b07_B7_mycelic_significant_cells_only-o2-c2_s5,20260917T231153-5b07,ok,B7_mycelic,hierarchy,5,tier1,,significant_cells_only-o2-c2,1000,10000,30,10,2,1,038036e877508f4c,0.0,none,5,significant_cells_only,2,2,sim-3b,synthetic,none,3,none,,,24.069,6.392,350.7,2026-09-17T23:47:31Z,,2315,447,251,196,281,370,104,515,1045,0,0.12138228941684666,0.5036717062634989,0.49632829373650106,0.48552915766738663,0.5995680345572354,40,216,0.77,0.78,100,0.5416666666666666,0.5416666666666666,24,12.0,11.23076923076923,-10.0,2.0,0.0,0.0,9,,,,,0.8,0.8,20,1.0,1.0,2,0.45700262050565044,0.971473462838264,0.8728430908539603,0.9266381090453673,13.558333333333334,0.5112781954887218,0.32323232323232326,0.0707070707070707,297,0.10714285714285714,0.041666666666666664,1.0,0.0,0.967741935483871,1.0,0.6165413533834586,0.16964285714285715,0.40848214285714285,896,0.33980582524271846,0.15789473684210525,1.0,0.0,0.6301369863013698,1.0,0.631578947368421,0.1561216105176664,0.4486442070665571,1217,0.4722222222222222,0.22105263157894736,1.0,0.0,0.6097560975609756,1.0,0.6842105263157895,0.12138228941684666,0.49632829373650106,2315,0.7394957983193278,0.3487544483985765,1.0,0.0,0.5357142857142857,1.0,297,0,0,0,96,172,5,8,16,0,0.32323232323232326,0.9292929292929293,0.0707070707070707,0.07407407407407407,0.08754208754208755,0,0,0.62,0.62,100,0.25,0.25,24,19.0,18.333333333333332,-1.5,-1.0,0.0,0.0,9,,,,,0.35,0.35,20,0.5,0.5,2,0.06653024308377938,0.9878791532185314,896,329,176,153,152,250,44,128,322,0,0.16964285714285715,0.5915178571428571,0.40848214285714285,0.3984375,0.4732142857142857,11,160,0.65,0.7,100,0.5,0.5,24,13.0,13.5,-6.0,0.0,0.0,0.0,9,,,,,0.75,0.75,20,0.5,0.5,2,0.3762857099917153,0.9778482099917152,1217,424,235,189,190,293,63,188,483,0,0.1561216105176664,0.551355792933443,0.4486442070665571,0.4387838948233361,0.524239934264585,50,263,0.67,0.72,100,0.5,0.5,24,13.0,13.166666666666666,-8.0,1.0,0.0,0.0,9,,,,,0.8,0.8,20,1.0,1.0,2,0.41687318005420515,0.9780892852308689,2315,447,251,196,281,370,104,515,1045,0,0.12138228941684666,0.5036717062634989,0.49632829373650106,0.48552915766738663,0.5995680345572354,40,216,0.77,0.78,100,0.5416666666666666,0.5416666666666666,24,12.0,11.23076923076923,-10.0,2.0,0.0,0.0,9,,,,,0.8,0.8,20,1.0,1.0,2,0.45700262050565044,0.971473462838264,0.4266666666666667,0.4066666666666667,6.764705882352941,0.5396825396825397,0.46031746031746035,0.011945392491467578,0.7,0.023489932885906045,0.5,0.5,,15.142857142857142,647,61,579,0.8948995363214838,2,2,0,1,8,3,5,6,0.0,0,767,404800,9239950,0.04380976087532941,0.0,2436706,404800,2031906,3.7919839324071103,4.54742985157778,13.474303896778107,400000,0.19685950039027397,2631639,10432,0,413543.27142857143,157898.34,0.13158195,19.552085399627686,1016,0,0,0,0,268,0,404800,404800,685746,297,10,685746,716429,896,2,716429,629731,1217,1,629731,0,2315,1,0,0,268,0,0,0,0.0,0,0,0,0,0,2315,19,,,,1,
compression,20260917T231153-5b07_B7_mycelic_order_capped-o3-c4_s6,20260917T231153-5b07,ok,B7_mycelic,hierarchy,6,tier1,,order_capped-o3-c4,1000,10000,30,10,2,1,3fb6295959e38e80,0.0,none,5,order_capped,3,4,sim-3b,synthetic,none,3,none,,,14.832,6.226,360.2,2026-09-17T23:47:43Z,,536,109,3,106,177,226,47,72,14,0,0.3302238805970149,0.8861940298507462,0.11380597014925373,0.026119402985074626,0.04291044776119403,6,193,0.58,0.63,100,0.8,0.8,25,24.0,20.9,2.5,2.0,0.5,0.5,10,24.0,23.2,6.0,2.0,0.6,0.6,20,0.5,0.5,2,0.01184576592807222,0.9850059739067085,0.8360231974418056,0.9522858796296296,32.611111111111114,0.4222222222222222,0.3181818181818182,0.045454545454545456,220,0.04477611940298507,0.04285714285714286,1.0,0.0,0.9629629629629629,1.0,0.6222222222222222,0.3495440729483283,0.06382978723404255,329,0.13131313131313133,0.08695652173913043,1.0,0.0,0.9452054794520548,1.0,0.6444444444444445,0.3388235294117647,0.09411764705882353,425,0.3235294117647059,0.1111111111111111,1.0,0.0,0.8690476190476191,1.0,0.6518518518518519,0.3302238805970149,0.11380597014925373,536,0.39805825242718446,0.12994350282485875,1.0,0.0,0.8488372093023255,1.0,220,0,0,0,70,135,2,5,8,0,0.3181818181818182,0.9545454545454546,0.045454545454545456,0.03636363636363636,0.03636363636363636,0,0,0.54,0.54,100,0.12,0.12,25,28.0,24.0,12.0,-1.0,0.0,0.0,10,,,,,0.25,0.25,20,0.5,0.5,2,0.026194701302593593,0.988075935286907,329,65,3,62,115,175,11,18,10,0,0.3495440729483283,0.9361702127659575,0.06382978723404255,0.030395136778115502,0.03951367781155015,5,153,0.56,0.6,100,0.8,0.8,25,24.0,21.5,3.0,0.0,0.4,0.4,10,24.0,24.0,5.5,0.0,0.6,0.6,20,0.5,0.5,2,0.01709302524638691,0.9855242455398489,425,88,3,85,144,200,28,41,12,0,0.3388235294117647,0.9058823529411765,0.09411764705882353,0.02823529411764706,0.042352941176470586,6,190,0.57,0.62,100,0.8,0.8,25,24.0,20.9,2.5,1.0,0.5,0.5,10,24.0,23.2,6.0,1.0,0.6,0.6,20,0.5,0.5,2,0.014130074615986914,0.9849862427961024,536,109,3,106,177,226,47,72,14,0,0.3302238805970149,0.8861940298507462,0.11380597014925373,0.026119402985074626,0.04291044776119403,6,193,0.58,0.63,100,0.8,0.8,25,24.0,20.9,2.5,2.0,0.5,0.5,10,24.0,23.2,6.0,2.0,0.6,0.6,20,0.5,0.5,2,0.01184576592807222,0.9850059739067085,0.3566666666666667,0.4066666666666667,6.764705882352941,0.23484848484848486,0.7651515151515151,0.024096385542168676,0.4,0.045454545454545456,0.9,0.0,,16.0,235,69,162,0.6893617021276596,2,1,0,1,8,8,0,3,0.0,0,807,404800,9200150,0.04399928262039206,2.1064383287518298e-05,9577480,404800,9172680,0.9606023713962336,1.0029947627083906,2.1300311905568923,400000,0.04360775694780587,5572451,10243,0,875670.8714285714,334347.06,0.27862255,13.576293230056763,418,0,0,0,0,239,0,404800,404800,4319256,220,10,4319256,2621599,329,2,2621599,2231825,425,1,2231825,0,536,1,0,0,239,0,0,0,0.0,0,0,0,0,0,536,2,4,4,,,
compression,20260917T231153-5b07_B7_mycelic_significant_cells_only-o2-c4_s5,20260917T231153-5b07,ok,B7_mycelic,hierarchy,5,tier1,,significant_cells_only-o2-c4,1000,10000,30,10,2,1,038036e877508f4c,0.0,none,5,significant_cells_only,2,4,sim-3b,synthetic,none,3,none,,,14.713,6.392,348.8,2026-09-17T23:47:46Z,,1943,242,125,117,268,355,72,464,784,0,0.13793103448275862,0.5594441585177561,0.44055584148224397,0.4323211528564076,0.5486361296963459,29,192,0.74,0.76,100,0.5416666666666666,0.5416666666666666,24,12.0,12.923076923076923,-7.0,2.0,0.0,0.0,9,,,,,0.75,0.75,20,0.5,0.5,2,0.4088569758116274,0.9765358229552197,0.8977701760625891,0.9571148212419764,13.568965517241379,0.5112781954887218,0.32550335570469796,0.07046979865771812,298,0.10588235294117647,0.041237113402061855,1.0,0.0,0.967741935483871,1.0,0.6165413533834586,0.19096774193548388,0.33806451612903227,775,0.3333333333333333,0.14864864864864866,1.0,0.0,0.8904109589041096,1.0,0.6240601503759399,0.1784675072744908,0.3792434529582929,1031,0.47572815533980584,0.22826086956521738,1.0,0.0,0.8641975308641975,1.0,0.6691729323308271,0.13793103448275862,0.44055584148224397,1943,0.7192982456140351,0.376865671641791,1.0,0.0,0.5555555555555556,1.0,298,0,0,0,97,172,4,8,17,0,0.32550335570469796,0.9295302013422819,0.07046979865771812,0.07046979865771812,0.08389261744966443,0,0,0.62,0.62,100,0.25,0.25,24,22.0,18.0,0.5,-1.0,0.0,0.0,9,,,,,0.4,0.4,20,0.5,0.5,2,0.06407184014042328,0.989040384804924,775,266,138,128,148,242,26,123,236,0,0.19096774193548388,0.6619354838709678,0.33806451612903227,0.327741935483871,0.3987096774193548,13,163,0.63,0.7,100,0.5,0.5,24,14.0,14.666666666666666,-5.0,0.0,0.0,0.0,9,,,,,0.65,0.65,20,0.5,0.5,2,0.30981930273826785,0.9820773672543968,1031,341,179,162,184,279,41,177,350,0,0.1784675072744908,0.6207565470417071,0.3792434529582929,0.3705140640155189,0.4539282250242483,47,252,0.64,0.71,100,0.5,0.5,24,14.0,14.333333333333334,-7.0,1.0,0.0,0.0,9,,,,,0.75,0.75,20,0.5,0.5,2,0.3524331214106129,0.981919057395094,1943,242,125,117,268,355,72,464,784,0,0.13793103448275862,0.5594441585177561,0.44055584148224397,0.4323211528564076,0.5486361296963459,29,192,0.74,0.76,100,0.5416666666666666,0.5416666666666666,24,12.0,12.923076923076923,-7.0,2.0,0.0,0.0,9,,,,,0.75,0.75,20,0.5,0.5,2,0.4088569758116274,0.9765358229552197,0.4,0.41333333333333333,7.117647058823529,0.27419354838709675,0.7258064516129032,0.014373716632443531,0.7,0.02816901408450704,0.5,0.4,,15.428571428571429,548,61,480,0.8759124087591241,2,1,0,1,8,4,4,6,0.0,0,767,404800,9239950,0.04380976087532941,0.0,2006009,404800,1601209,4.606135864794226,5.770608334077562,15.220016076640773,400000,0.24981123638450695,2381749,10243,0,374274.84285714285,142904.94,0.11908745,10.870906114578247,832,0,0,0,0,268,0,404800,404800,607092,298,10,607092,604808,775,2,604808,389309,1031,1,389309,0,1943,1,0,0,268,0,0,0,0.0,0,0,0,0,0,1943,19,,,,1,
