axis,axis_value,focus,baseline,metric,oriented_mean_delta,sem,verdict,seeds_favoring_focus,n_seeds,focus_questions_per_claim,baseline_questions_per_claim
corrupt_root_prob,0.05,lineage,none,accuracy,0.020500000000000004,0.0020807126373829535,win,8,8,0.25116666666666665,0.0
corrupt_root_prob,0.05,lineage,none,false_confident_consensus_rate,0.00925,0.0005409794175000839,win,8,8,0.25116666666666665,0.0
corrupt_root_prob,0.05,lineage,none,independent_roots_per_question,0.913106997278944,0.009962188629980492,win,8,8,0.25116666666666665,0.0
corrupt_root_prob,0.05,lineage,none,resolved_gap_rate,0.0,0.0,tie,0,8,0.25116666666666665,0.0
corrupt_root_prob,0.05,lineage,random,accuracy,-0.00841666666666667,0.0024395468613840655,loss,1,8,0.25116666666666665,3.0
corrupt_root_prob,0.05,lineage,random,false_confident_consensus_rate,0.0015000000000000005,0.0009491014965711785,tie,6,8,0.25116666666666665,3.0
corrupt_root_prob,0.05,lineage,random,independent_roots_per_question,0.6864403306122774,0.010480536929041068,win,8,8,0.25116666666666665,3.0
corrupt_root_prob,0.05,lineage,random,resolved_gap_rate,-0.13974835145495393,0.0039802956041484145,loss,0,8,0.25116666666666665,3.0
corrupt_root_prob,0.05,lineage,uncertainty,accuracy,-0.006166666666666654,0.000923674511489078,loss,0,8,0.25116666666666665,0.8618333333333333
corrupt_root_prob,0.05,lineage,uncertainty,false_confident_consensus_rate,0.009583333333333333,0.0005900968443520824,win,8,8,0.25116666666666665,0.8618333333333333
corrupt_root_prob,0.05,lineage,uncertainty,independent_roots_per_question,0.6779955302406229,0.010713147401896071,win,8,8,0.25116666666666665,0.8618333333333333
corrupt_root_prob,0.05,lineage,uncertainty,resolved_gap_rate,-0.012235316641046393,0.0013422495842005972,loss,0,8,0.25116666666666665,0.8618333333333333
corrupt_root_prob,0.05,lineage,continual,accuracy,-0.04150000000000001,0.00167497927018681,loss,0,8,0.25116666666666665,1.5865833333333335
corrupt_root_prob,0.05,lineage,continual,false_confident_consensus_rate,0.0015,0.0006009252125773315,win,6,8,0.25116666666666665,1.5865833333333335
corrupt_root_prob,0.05,lineage,continual,independent_roots_per_question,0.07556842140397532,0.008942661486437414,win,8,8,0.25116666666666665,1.5865833333333335
corrupt_root_prob,0.05,lineage,continual,resolved_gap_rate,-0.3676110778400755,0.004954114892255119,loss,0,8,0.25116666666666665,1.5865833333333335
corrupt_root_prob,0.05,continual,none,accuracy,0.06200000000000001,0.00267558034054861,win,8,8,1.5865833333333335,0.0
corrupt_root_prob,0.05,continual,none,false_confident_consensus_rate,0.00775,0.0004869324127670848,win,8,8,1.5865833333333335,0.0
corrupt_root_prob,0.05,continual,none,independent_roots_per_question,0.8375385758749687,0.003491026643045303,win,8,8,1.5865833333333335,0.0
corrupt_root_prob,0.05,continual,none,resolved_gap_rate,0.3676110778400755,0.004954114892255119,win,8,8,1.5865833333333335,0.0
corrupt_root_prob,0.05,continual,random,accuracy,0.03308333333333334,0.0028478270747394506,win,8,8,1.5865833333333335,3.0
corrupt_root_prob,0.05,continual,random,false_confident_consensus_rate,3.2526065174565133e-19,0.0005634361698190111,tie,3,8,1.5865833333333335,3.0
corrupt_root_prob,0.05,continual,random,independent_roots_per_question,0.610871909208302,0.003633407993246169,win,8,8,1.5865833333333335,3.0
corrupt_root_prob,0.05,continual,random,resolved_gap_rate,0.2278627263851216,0.006694739691597353,win,8,8,1.5865833333333335,3.0
corrupt_root_prob,0.05,continual,uncertainty,accuracy,0.035333333333333355,0.0015936381457791826,win,8,8,1.5865833333333335,0.8618333333333333
corrupt_root_prob,0.05,continual,uncertainty,false_confident_consensus_rate,0.008083333333333333,0.00047871355387816905,win,8,8,1.5865833333333335,0.8618333333333333
corrupt_root_prob,0.05,continual,uncertainty,independent_roots_per_question,0.6024271088366476,0.005410253282975535,win,8,8,1.5865833333333335,0.8618333333333333
corrupt_root_prob,0.05,continual,uncertainty,resolved_gap_rate,0.35537576119902914,0.006035894990684583,win,8,8,1.5865833333333335,0.8618333333333333
corrupt_root_prob,0.05,continual,lineage,accuracy,0.04150000000000001,0.00167497927018681,win,8,8,1.5865833333333335,0.25116666666666665
corrupt_root_prob,0.05,continual,lineage,false_confident_consensus_rate,-0.0015,0.0006009252125773315,loss,1,8,1.5865833333333335,0.25116666666666665
corrupt_root_prob,0.05,continual,lineage,independent_roots_per_question,-0.07556842140397532,0.008942661486437414,loss,0,8,1.5865833333333335,0.25116666666666665
corrupt_root_prob,0.05,continual,lineage,resolved_gap_rate,0.3676110778400755,0.004954114892255119,win,8,8,1.5865833333333335,0.25116666666666665
corrupt_root_prob,0.1,lineage,none,accuracy,0.021583333333333343,0.0012340249026326217,win,8,8,0.24275,0.0
corrupt_root_prob,0.1,lineage,none,false_confident_consensus_rate,0.011583333333333334,0.0012340249026326251,win,8,8,0.24275,0.0
corrupt_root_prob,0.1,lineage,none,independent_roots_per_question,0.9272136838513185,0.0077100794675802175,win,8,8,0.24275,0.0
corrupt_root_prob,0.1,lineage,none,resolved_gap_rate,0.0,0.0,tie,0,8,0.24275,0.0
corrupt_root_prob,0.1,lineage,random,accuracy,-0.004083333333333328,0.0031280540631872518,tie,2,8,0.24275,3.0
corrupt_root_prob,0.1,lineage,random,false_confident_consensus_rate,0.0013333333333333329,0.0011818736805705575,tie,4,8,0.24275,3.0
corrupt_root_prob,0.1,lineage,random,independent_roots_per_question,0.6991859060735408,0.0073296420320288274,win,8,8,0.24275,3.0
corrupt_root_prob,0.1,lineage,random,resolved_gap_rate,-0.11285376490565194,0.003483000432008341,loss,0,8,0.24275,3.0
corrupt_root_prob,0.1,lineage,uncertainty,accuracy,-0.0018333333333333257,0.002114762923408264,tie,4,8,0.24275,1.0104166666666667
corrupt_root_prob,0.1,lineage,uncertainty,false_confident_consensus_rate,0.011916666666666667,0.0011780903298970011,win,8,8,0.24275,1.0104166666666667
corrupt_root_prob,0.1,lineage,uncertainty,independent_roots_per_question,0.6982408828489913,0.008127411358102759,win,8,8,0.24275,1.0104166666666667
corrupt_root_prob,0.1,lineage,uncertainty,resolved_gap_rate,-0.008986120279293892,0.001060211537043598,loss,0,8,0.24275,1.0104166666666667
corrupt_root_prob,0.1,lineage,continual,accuracy,-0.042333333333333334,0.0032805342189809214,loss,0,8,0.24275,1.7611666666666668
corrupt_root_prob,0.1,lineage,continual,false_confident_consensus_rate,0.0025,0.0007740842003337551,win,8,8,0.24275,1.7611666666666668
corrupt_root_prob,0.1,lineage,continual,independent_roots_per_question,0.09262598554457219,0.007120196026727012,win,8,8,0.24275,1.7611666666666668
corrupt_root_prob,0.1,lineage,continual,resolved_gap_rate,-0.3074934944342454,0.00420089893769912,loss,0,8,0.24275,1.7611666666666668
corrupt_root_prob,0.1,continual,none,accuracy,0.06391666666666668,0.0035777919500853076,win,8,8,1.7611666666666668,0.0
corrupt_root_prob,0.1,continual,none,false_confident_consensus_rate,0.009083333333333334,0.0012210943569484823,win,8,8,1.7611666666666668,0.0
corrupt_root_prob,0.1,continual,none,independent_roots_per_question,0.8345876983067464,0.004360863874421975,win,8,8,1.7611666666666668,0.0
corrupt_root_prob,0.1,continual,none,resolved_gap_rate,0.3074934944342454,0.00420089893769912,win,8,8,1.7611666666666668,0.0
corrupt_root_prob,0.1,continual,random,accuracy,0.038250000000000006,0.004045254911817954,win,8,8,1.7611666666666668,3.0
corrupt_root_prob,0.1,continual,random,false_confident_consensus_rate,-0.0011666666666666672,0.0015210167860651843,tie,2,8,1.7611666666666668,3.0
corrupt_root_prob,0.1,continual,random,independent_roots_per_question,0.6065599205289686,0.004281888338205579,win,8,8,1.7611666666666668,3.0
corrupt_root_prob,0.1,continual,random,resolved_gap_rate,0.19463972952859349,0.005969579607531689,win,8,8,1.7611666666666668,3.0
corrupt_root_prob,0.1,continual,uncertainty,accuracy,0.04050000000000001,0.004332875433682532,win,8,8,1.7611666666666668,1.0104166666666667
corrupt_root_prob,0.1,continual,uncertainty,false_confident_consensus_rate,0.009416666666666667,0.0011914876655437338,win,8,8,1.7611666666666668,1.0104166666666667
corrupt_root_prob,0.1,continual,uncertainty,independent_roots_per_question,0.6056148973044192,0.007501179455100777,win,8,8,1.7611666666666668,1.0104166666666667
corrupt_root_prob,0.1,continual,uncertainty,resolved_gap_rate,0.29850737415495154,0.003991733880626947,win,8,8,1.7611666666666668,1.0104166666666667
corrupt_root_prob,0.1,continual,lineage,accuracy,0.042333333333333334,0.0032805342189809214,win,8,8,1.7611666666666668,0.24275
corrupt_root_prob,0.1,continual,lineage,false_confident_consensus_rate,-0.0025,0.0007740842003337551,loss,0,8,1.7611666666666668,0.24275
corrupt_root_prob,0.1,continual,lineage,independent_roots_per_question,-0.09262598554457219,0.007120196026727012,loss,0,8,1.7611666666666668,0.24275
corrupt_root_prob,0.1,continual,lineage,resolved_gap_rate,0.3074934944342454,0.00420089893769912,win,8,8,1.7611666666666668,0.24275
corrupt_root_prob,0.14,lineage,none,accuracy,0.017833333333333326,0.0021812694716463916,win,8,8,0.24633333333333332,0.0
corrupt_root_prob,0.14,lineage,none,false_confident_consensus_rate,0.013,0.0012215005084172056,win,8,8,0.24633333333333332,0.0
corrupt_root_prob,0.14,lineage,none,independent_roots_per_question,0.9254264425143044,0.005947934795670004,win,8,8,0.24633333333333332,0.0
corrupt_root_prob,0.14,lineage,none,resolved_gap_rate,0.00013935340022296544,0.00013935340022296544,tie,1,8,0.24633333333333332,0.0
corrupt_root_prob,0.14,lineage,random,accuracy,-0.004416666666666666,0.003598803813614869,tie,3,8,0.24633333333333332,3.0
corrupt_root_prob,0.14,lineage,random,false_confident_consensus_rate,0.00175,0.0009995038451691602,tie,5,8,0.24633333333333332,3.0
corrupt_root_prob,0.14,lineage,random,independent_roots_per_question,0.6951764425143043,0.006516384726092745,win,8,8,0.24633333333333332,3.0
corrupt_root_prob,0.14,lineage,random,resolved_gap_rate,-0.10086263041044204,0.0032476886635218988,loss,0,8,0.24633333333333332,3.0
corrupt_root_prob,0.14,lineage,uncertainty,accuracy,-0.00399999999999999,0.002621643734952522,tie,3,8,0.24633333333333332,1.1746666666666667
corrupt_root_prob,0.14,lineage,uncertainty,false_confident_consensus_rate,0.013416666666666667,0.0012436345862539301,win,8,8,0.24633333333333332,1.1746666666666667
corrupt_root_prob,0.14,lineage,uncertainty,independent_roots_per_question,0.6930719265448589,0.00648111658369428,win,8,8,0.24633333333333332,1.1746666666666667
corrupt_root_prob,0.14,lineage,uncertainty,resolved_gap_rate,-0.006160191921910943,0.00036372396473454034,loss,0,8,0.24633333333333332,1.1746666666666667
corrupt_root_prob,0.14,lineage,continual,accuracy,-0.05074999999999999,0.0032131611789489732,loss,0,8,0.24633333333333332,1.9383333333333332
corrupt_root_prob,0.14,lineage,continual,false_confident_consensus_rate,0.0038333333333333336,0.0008042545597168827,win,7,8,0.24633333333333332,1.9383333333333332
corrupt_root_prob,0.14,lineage,continual,independent_roots_per_question,0.08266270431485515,0.008217051869576946,win,8,8,0.24633333333333332,1.9383333333333332
corrupt_root_prob,0.14,lineage,continual,resolved_gap_rate,-0.2625762576201335,0.005669724843076105,loss,0,8,0.24633333333333332,1.9383333333333332
corrupt_root_prob,0.14,continual,none,accuracy,0.06858333333333332,0.0022971255329837154,win,8,8,1.9383333333333332,0.0
corrupt_root_prob,0.14,continual,none,false_confident_consensus_rate,0.009166666666666665,0.0013958555435333194,win,8,8,1.9383333333333332,0.0
corrupt_root_prob,0.14,continual,none,independent_roots_per_question,0.8427637381994493,0.0030500052756658154,win,8,8,1.9383333333333332,0.0
corrupt_root_prob,0.14,continual,none,resolved_gap_rate,0.26271561102035645,0.005673272515305446,win,8,8,1.9383333333333332,0.0
corrupt_root_prob,0.14,continual,random,accuracy,0.046333333333333324,0.0024527276685097064,win,8,8,1.9383333333333332,3.0
corrupt_root_prob,0.14,continual,random,false_confident_consensus_rate,-0.0020833333333333337,0.0010269194184859352,loss,1,8,1.9383333333333332,3.0
corrupt_root_prob,0.14,continual,random,independent_roots_per_question,0.6125137381994492,0.0029207576382406495,win,8,8,1.9383333333333332,3.0
corrupt_root_prob,0.14,continual,random,resolved_gap_rate,0.16171362720969146,0.006726967334564201,win,8,8,1.9383333333333332,3.0
corrupt_root_prob,0.14,continual,uncertainty,accuracy,0.04675,0.0022305152796379697,win,8,8,1.9383333333333332,1.1746666666666667
corrupt_root_prob,0.14,continual,uncertainty,false_confident_consensus_rate,0.009583333333333333,0.0013389020614513706,win,8,8,1.9383333333333332,1.1746666666666667
corrupt_root_prob,0.14,continual,uncertainty,independent_roots_per_question,0.6104092222300038,0.003044416381855981,win,8,8,1.9383333333333332,1.1746666666666667
corrupt_root_prob,0.14,continual,uncertainty,resolved_gap_rate,0.25641606569822256,0.005631808107422537,win,8,8,1.9383333333333332,1.1746666666666667
corrupt_root_prob,0.14,continual,lineage,accuracy,0.05074999999999999,0.0032131611789489732,win,8,8,1.9383333333333332,0.24633333333333332
corrupt_root_prob,0.14,continual,lineage,false_confident_consensus_rate,-0.0038333333333333336,0.0008042545597168827,loss,0,8,1.9383333333333332,0.24633333333333332
corrupt_root_prob,0.14,continual,lineage,independent_roots_per_question,-0.08266270431485515,0.008217051869576946,loss,0,8,1.9383333333333332,0.24633333333333332
corrupt_root_prob,0.14,continual,lineage,resolved_gap_rate,0.2625762576201335,0.005669724843076105,win,8,8,1.9383333333333332,0.24633333333333332
corrupt_root_prob,0.2,lineage,none,accuracy,0.01783333333333338,0.0017895197546774866,win,8,8,0.24475,0.0
corrupt_root_prob,0.2,lineage,none,false_confident_consensus_rate,0.017916666666666668,0.0008011648265900587,win,8,8,0.24475,0.0
corrupt_root_prob,0.2,lineage,none,independent_roots_per_question,0.9319378301613658,0.008850702097311501,win,8,8,0.24475,0.0
corrupt_root_prob,0.2,lineage,none,resolved_gap_rate,0.0,0.0,tie,0,8,0.24475,0.0
corrupt_root_prob,0.2,lineage,random,accuracy,-0.005499999999999977,0.0017806276760274466,loss,1,8,0.24475,3.0
corrupt_root_prob,0.2,lineage,random,false_confident_consensus_rate,0.0025000000000000005,0.0011529809536003095,win,6,8,0.24475,3.0
corrupt_root_prob,0.2,lineage,random,independent_roots_per_question,0.7054378301613657,0.008835241593943012,win,8,8,0.24475,3.0
corrupt_root_prob,0.2,lineage,random,resolved_gap_rate,-0.0745669943139316,0.0026227772330338806,loss,0,8,0.24475,3.0
corrupt_root_prob,0.2,lineage,uncertainty,accuracy,-0.00199999999999996,0.0032464877236303407,tie,3,8,0.24475,1.33975
corrupt_root_prob,0.2,lineage,uncertainty,false_confident_consensus_rate,0.018916666666666665,0.0007657085109945715,win,8,8,0.24475,1.33975
corrupt_root_prob,0.2,lineage,uncertainty,independent_roots_per_question,0.6998172570671444,0.007789195539638152,win,8,8,0.24475,1.33975
corrupt_root_prob,0.2,lineage,uncertainty,resolved_gap_rate,-0.005098308531615564,0.000746736974279396,loss,0,8,0.24475,1.33975
corrupt_root_prob,0.2,lineage,continual,accuracy,-0.049166666666666636,0.0035180938200940768,loss,0,8,0.24475,2.115666666666667
corrupt_root_prob,0.2,lineage,continual,false_confident_consensus_rate,0.009083333333333332,0.0009079673793175402,win,8,8,0.24475,2.115666666666667
corrupt_root_prob,0.2,lineage,continual,independent_roots_per_question,0.09582895796960988,0.008574507411709427,win,8,8,0.24475,2.115666666666667
corrupt_root_prob,0.2,lineage,continual,resolved_gap_rate,-0.1883823551821008,0.004001896317043144,loss,0,8,0.24475,2.115666666666667
corrupt_root_prob,0.2,continual,none,accuracy,0.06700000000000002,0.002597312408246601,win,8,8,2.115666666666667,0.0
corrupt_root_prob,0.2,continual,none,false_confident_consensus_rate,0.008833333333333334,0.0008886408384057873,win,8,8,2.115666666666667,0.0
corrupt_root_prob,0.2,continual,none,independent_roots_per_question,0.8361088721917559,0.0022028897995114336,win,8,8,2.115666666666667,0.0
corrupt_root_prob,0.2,continual,none,resolved_gap_rate,0.1883823551821008,0.004001896317043144,win,8,8,2.115666666666667,0.0
corrupt_root_prob,0.2,continual,random,accuracy,0.04366666666666666,0.0037139804514362777,win,8,8,2.115666666666667,3.0
corrupt_root_prob,0.2,continual,random,false_confident_consensus_rate,-0.006583333333333332,0.001805799739288025,loss,1,8,2.115666666666667,3.0
corrupt_root_prob,0.2,continual,random,independent_roots_per_question,0.6096088721917559,0.0024664043796445785,win,8,8,2.115666666666667,3.0
corrupt_root_prob,0.2,continual,random,resolved_gap_rate,0.1138153608681692,0.005239098052732101,win,8,8,2.115666666666667,3.0
corrupt_root_prob,0.2,continual,uncertainty,accuracy,0.047166666666666676,0.002905249763871636,win,8,8,2.115666666666667,1.33975
corrupt_root_prob,0.2,continual,uncertainty,false_confident_consensus_rate,0.009833333333333333,0.0007319250547114005,win,8,8,2.115666666666667,1.33975
corrupt_root_prob,0.2,continual,uncertainty,independent_roots_per_question,0.6039882990975345,0.0029982553267670327,win,8,8,2.115666666666667,1.33975
corrupt_root_prob,0.2,continual,uncertainty,resolved_gap_rate,0.18328404665048523,0.004439736609467313,win,8,8,2.115666666666667,1.33975
corrupt_root_prob,0.2,continual,lineage,accuracy,0.049166666666666636,0.0035180938200940768,win,8,8,2.115666666666667,0.24475
corrupt_root_prob,0.2,continual,lineage,false_confident_consensus_rate,-0.009083333333333332,0.0009079673793175402,loss,0,8,2.115666666666667,0.24475
corrupt_root_prob,0.2,continual,lineage,independent_roots_per_question,-0.09582895796960988,0.008574507411709427,loss,0,8,2.115666666666667,0.24475
corrupt_root_prob,0.2,continual,lineage,resolved_gap_rate,0.1883823551821008,0.004001896317043144,win,8,8,2.115666666666667,0.24475
corrupt_root_prob,0.3,lineage,none,accuracy,0.009166666666666656,0.001239239398064104,win,8,8,0.24725,0.0
corrupt_root_prob,0.3,lineage,none,false_confident_consensus_rate,0.024833333333333336,0.001646304182196431,win,8,8,0.24725,0.0
corrupt_root_prob,0.3,lineage,none,independent_roots_per_question,0.9156951891406451,0.008456635044597293,win,8,8,0.24725,0.0
corrupt_root_prob,0.3,lineage,none,resolved_gap_rate,0.0,0.0,tie,0,8,0.24725,0.0
corrupt_root_prob,0.3,lineage,random,accuracy,-0.0060833333333333295,0.001933158859122329,loss,1,8,0.24725,3.0
corrupt_root_prob,0.3,lineage,random,false_confident_consensus_rate,0.00375,0.0010833333333333326,win,7,8,0.24725,3.0
corrupt_root_prob,0.3,lineage,random,independent_roots_per_question,0.6919451891406451,0.008850480156842857,win,8,8,0.24725,3.0
corrupt_root_prob,0.3,lineage,random,resolved_gap_rate,-0.04611037399066062,0.002320275155058706,loss,0,8,0.24725,3.0
corrupt_root_prob,0.3,lineage,uncertainty,accuracy,-0.005666666666666653,0.0017274625854492495,loss,0,8,0.24725,1.5088333333333332
corrupt_root_prob,0.3,lineage,uncertainty,false_confident_consensus_rate,0.02625,0.00152199482718183,win,8,8,0.24725,1.5088333333333332
corrupt_root_prob,0.3,lineage,uncertainty,independent_roots_per_question,0.6858285929488135,0.008632430265877448,win,8,8,0.24725,1.5088333333333332
corrupt_root_prob,0.3,lineage,uncertainty,resolved_gap_rate,-0.004804102209510955,0.0005784057230079476,loss,0,8,0.24725,1.5088333333333332
corrupt_root_prob,0.3,lineage,continual,accuracy,-0.037166666666666695,0.0030230595245361804,loss,0,8,0.24725,2.3235833333333336
corrupt_root_prob,0.3,lineage,continual,false_confident_consensus_rate,0.021416666666666667,0.0007605083930325926,win,8,8,0.24725,2.3235833333333336
corrupt_root_prob,0.3,lineage,continual,independent_roots_per_question,0.08552899245159606,0.009231230887864001,win,8,8,0.24725,2.3235833333333336
corrupt_root_prob,0.3,lineage,continual,resolved_gap_rate,-0.11479567006719535,0.0025751759707066564,loss,0,8,0.24725,2.3235833333333336
corrupt_root_prob,0.3,continual,none,accuracy,0.04633333333333335,0.003583471758123653,win,8,8,2.3235833333333336,0.0
corrupt_root_prob,0.3,continual,none,false_confident_consensus_rate,0.0034166666666666685,0.001756789550233472,tie,6,8,2.3235833333333336,0.0
corrupt_root_prob,0.3,continual,none,independent_roots_per_question,0.830166196689049,0.0034723748733965706,win,8,8,2.3235833333333336,0.0
corrupt_root_prob,0.3,continual,none,resolved_gap_rate,0.11479567006719535,0.0025751759707066564,win,8,8,2.3235833333333336,0.0
corrupt_root_prob,0.3,continual,random,accuracy,0.031083333333333366,0.004331386925502347,win,8,8,2.3235833333333336,3.0
corrupt_root_prob,0.3,continual,random,false_confident_consensus_rate,-0.017666666666666667,0.0011338934190276819,loss,0,8,2.3235833333333336,3.0
corrupt_root_prob,0.3,continual,random,independent_roots_per_question,0.606416196689049,0.003950180052562428,win,8,8,2.3235833333333336,3.0
corrupt_root_prob,0.3,continual,random,resolved_gap_rate,0.06868529607653473,0.003499401769604559,win,8,8,2.3235833333333336,3.0
corrupt_root_prob,0.3,continual,uncertainty,accuracy,0.03150000000000004,0.003931456372179299,win,8,8,2.3235833333333336,1.5088333333333332
corrupt_root_prob,0.3,continual,uncertainty,false_confident_consensus_rate,0.004833333333333334,0.0015923926292577106,win,7,8,2.3235833333333336,1.5088333333333332
corrupt_root_prob,0.3,continual,uncertainty,independent_roots_per_question,0.6002996004972174,0.004119288964228155,win,8,8,2.3235833333333336,1.5088333333333332
corrupt_root_prob,0.3,continual,uncertainty,resolved_gap_rate,0.1099915678576844,0.002361714706081699,win,8,8,2.3235833333333336,1.5088333333333332
corrupt_root_prob,0.3,continual,lineage,accuracy,0.037166666666666695,0.0030230595245361804,win,8,8,2.3235833333333336,0.24725
corrupt_root_prob,0.3,continual,lineage,false_confident_consensus_rate,-0.021416666666666667,0.0007605083930325926,loss,0,8,2.3235833333333336,0.24725
corrupt_root_prob,0.3,continual,lineage,independent_roots_per_question,-0.08552899245159606,0.009231230887864001,loss,0,8,2.3235833333333336,0.24725
corrupt_root_prob,0.3,continual,lineage,resolved_gap_rate,0.11479567006719535,0.0025751759707066564,win,8,8,2.3235833333333336,0.24725
root_zipf_exponent,0.0,lineage,none,accuracy,0.002250000000000002,0.0006777354917852593,win,7,8,0.04666666666666666,0.0
root_zipf_exponent,0.0,lineage,none,false_confident_consensus_rate,0.0009999999999999994,0.00021821789023599222,win,7,8,0.04666666666666666,0.0
root_zipf_exponent,0.0,lineage,none,independent_roots_per_question,0.5911416936156002,0.027558386238512346,win,8,8,0.04666666666666666,0.0
root_zipf_exponent,0.0,lineage,none,resolved_gap_rate,0.00013966480446927373,0.0001396648044692737,tie,1,8,0.04666666666666666,0.0
root_zipf_exponent,0.0,lineage,random,accuracy,-0.021249999999999977,0.0023280126411046077,loss,0,8,0.04666666666666666,3.0
root_zipf_exponent,0.0,lineage,random,false_confident_consensus_rate,-0.000916666666666667,0.0010906347358231932,tie,4,8,0.04666666666666666,3.0
root_zipf_exponent,0.0,lineage,random,independent_roots_per_question,0.26466947139337793,0.026994165345819252,win,8,8,0.04666666666666666,3.0
root_zipf_exponent,0.0,lineage,random,resolved_gap_rate,-0.1674789344664604,0.004184471735577789,loss,0,8,0.04666666666666666,3.0
root_zipf_exponent,0.0,lineage,uncertainty,accuracy,-0.023750000000000007,0.0020661193591729383,loss,0,8,0.04666666666666666,1.0498333333333334
root_zipf_exponent,0.0,lineage,uncertainty,false_confident_consensus_rate,0.0014166666666666666,0.00034359213546813843,win,7,8,0.04666666666666666,1.0498333333333334
root_zipf_exponent,0.0,lineage,uncertainty,independent_roots_per_question,0.2592069913459078,0.02803541092716134,win,8,8,0.04666666666666666,1.0498333333333334
root_zipf_exponent,0.0,lineage,uncertainty,resolved_gap_rate,-0.008863538635415431,0.0006696654398692238,loss,0,8,0.04666666666666666,1.0498333333333334
root_zipf_exponent,0.0,lineage,continual,accuracy,-0.04816666666666668,0.0032726621365972873,loss,0,8,0.04666666666666666,1.8994166666666668
root_zipf_exponent,0.0,lineage,continual,false_confident_consensus_rate,0.0001666666666666663,0.00027458482368263786,tie,2,8,0.04666666666666666,1.8994166666666668
root_zipf_exponent,0.0,lineage,continual,independent_roots_per_question,-0.14640389141039864,0.02830305424132653,loss,0,8,0.04666666666666666,1.8994166666666668
root_zipf_exponent,0.0,lineage,continual,resolved_gap_rate,-0.20702246374345418,0.0037205626818005507,loss,0,8,0.04666666666666666,1.8994166666666668
root_zipf_exponent,0.0,continual,none,accuracy,0.05041666666666668,0.0032706911555389472,win,8,8,1.8994166666666668,0.0
root_zipf_exponent,0.0,continual,none,false_confident_consensus_rate,0.0008333333333333331,0.00039339789623472145,win,6,8,1.8994166666666668,0.0
root_zipf_exponent,0.0,continual,none,independent_roots_per_question,0.7375455850259989,0.0035684482428229736,win,8,8,1.8994166666666668,0.0
root_zipf_exponent,0.0,continual,none,resolved_gap_rate,0.20716212854792346,0.0037513077676870764,win,8,8,1.8994166666666668,0.0
root_zipf_exponent,0.0,continual,random,accuracy,0.0269166666666667,0.004033466152870174,win,8,8,1.8994166666666668,3.0
root_zipf_exponent,0.0,continual,random,false_confident_consensus_rate,-0.0010833333333333333,0.0010978875820670997,tie,4,8,1.8994166666666668,3.0
root_zipf_exponent,0.0,continual,random,independent_roots_per_question,0.4110733628037766,0.0029678326901930053,win,8,8,1.8994166666666668,3.0
root_zipf_exponent,0.0,continual,random,resolved_gap_rate,0.03954352927699377,0.0015835240166250395,win,8,8,1.8994166666666668,3.0
root_zipf_exponent,0.0,continual,uncertainty,accuracy,0.02441666666666667,0.0018513722924035,win,8,8,1.8994166666666668,1.0498333333333334
root_zipf_exponent,0.0,continual,uncertainty,false_confident_consensus_rate,0.0012500000000000002,0.000510796141736308,win,6,8,1.8994166666666668,1.0498333333333334
root_zipf_exponent,0.0,continual,uncertainty,independent_roots_per_question,0.4056108827563064,0.0030563643210266994,win,8,8,1.8994166666666668,1.0498333333333334
root_zipf_exponent,0.0,continual,uncertainty,resolved_gap_rate,0.19815892510803876,0.0034766350724234115,win,8,8,1.8994166666666668,1.0498333333333334
root_zipf_exponent,0.0,continual,lineage,accuracy,0.04816666666666668,0.0032726621365972873,win,8,8,1.8994166666666668,0.04666666666666666
root_zipf_exponent,0.0,continual,lineage,false_confident_consensus_rate,-0.0001666666666666663,0.00027458482368263786,tie,2,8,1.8994166666666668,0.04666666666666666
root_zipf_exponent,0.0,continual,lineage,independent_roots_per_question,0.14640389141039864,0.02830305424132653,win,8,8,1.8994166666666668,0.04666666666666666
root_zipf_exponent,0.0,continual,lineage,resolved_gap_rate,0.20702246374345418,0.0037205626818005507,win,8,8,1.8994166666666668,0.04666666666666666
root_zipf_exponent,0.6,lineage,none,accuracy,0.004666666666666666,0.0007968190728896075,win,8,8,0.06725,0.0
root_zipf_exponent,0.6,lineage,none,false_confident_consensus_rate,0.003,0.0004879500364742665,win,8,8,0.06725,0.0
root_zipf_exponent,0.6,lineage,none,independent_roots_per_question,0.7192620505139855,0.015058761724504368,win,8,8,0.06725,0.0
root_zipf_exponent,0.6,lineage,none,resolved_gap_rate,0.00014013452914798206,0.00014013452914798206,tie,1,8,0.06725,0.0
root_zipf_exponent,0.6,lineage,random,accuracy,-0.020083333333333342,0.0017925662193608442,loss,0,8,0.06725,3.0
root_zipf_exponent,0.6,lineage,random,false_confident_consensus_rate,-0.0010833333333333333,0.0013389020614513706,tie,2,8,0.06725,3.0
root_zipf_exponent,0.6,lineage,random,independent_roots_per_question,0.4177342727362077,0.014687707398661688,win,8,8,0.06725,3.0
root_zipf_exponent,0.6,lineage,random,resolved_gap_rate,-0.16293929701296866,0.003657361454204218,loss,0,8,0.06725,3.0
root_zipf_exponent,0.6,lineage,uncertainty,accuracy,-0.024083333333333345,0.0022162369794781235,loss,0,8,0.06725,1.063
root_zipf_exponent,0.6,lineage,uncertainty,false_confident_consensus_rate,0.0036666666666666666,0.0003779644730092271,win,8,8,0.06725,1.063
root_zipf_exponent,0.6,lineage,uncertainty,independent_roots_per_question,0.41475423379489545,0.0171958526959683,win,8,8,0.06725,1.063
root_zipf_exponent,0.6,lineage,uncertainty,resolved_gap_rate,-0.008992306247774853,0.0006748342501197,loss,0,8,0.06725,1.063
root_zipf_exponent,0.6,lineage,continual,accuracy,-0.05608333333333336,0.0033080889318385085,loss,0,8,0.06725,1.8875833333333334
root_zipf_exponent,0.6,lineage,continual,false_confident_consensus_rate,0.0024999999999999996,0.0009236745114890865,win,6,8,0.06725,1.8875833333333334
root_zipf_exponent,0.6,lineage,continual,independent_roots_per_question,-0.04968041417451738,0.01692403231822467,loss,1,8,0.06725,1.8875833333333334
root_zipf_exponent,0.6,lineage,continual,resolved_gap_rate,-0.2232600744658167,0.00691828332098412,loss,0,8,0.06725,1.8875833333333334
root_zipf_exponent,0.6,continual,none,accuracy,0.060750000000000026,0.003053588833144499,win,8,8,1.8875833333333334,0.0
root_zipf_exponent,0.6,continual,none,false_confident_consensus_rate,0.0005000000000000001,0.0007943251103624892,tie,5,8,1.8875833333333334,0.0
root_zipf_exponent,0.6,continual,none,independent_roots_per_question,0.7689424646885029,0.003858237796420725,win,8,8,1.8875833333333334,0.0
root_zipf_exponent,0.6,continual,none,resolved_gap_rate,0.22340020899496468,0.006941890393580995,win,8,8,1.8875833333333334,0.0
root_zipf_exponent,0.6,continual,random,accuracy,0.03600000000000002,0.0047056197405716095,win,8,8,1.8875833333333334,3.0
root_zipf_exponent,0.6,continual,random,false_confident_consensus_rate,-0.003583333333333333,0.0013329612576086804,loss,1,8,1.8875833333333334,3.0
root_zipf_exponent,0.6,continual,random,independent_roots_per_question,0.4674146869107251,0.0041700204115463334,win,8,8,1.8875833333333334,3.0
root_zipf_exponent,0.6,continual,random,resolved_gap_rate,0.06032077745284802,0.006223821459505169,win,8,8,1.8875833333333334,3.0
root_zipf_exponent,0.6,continual,uncertainty,accuracy,0.032000000000000015,0.002954684201426399,win,8,8,1.8875833333333334,1.063
root_zipf_exponent,0.6,continual,uncertainty,false_confident_consensus_rate,0.001166666666666667,0.0007943251103624892,tie,5,8,1.8875833333333334,1.063
root_zipf_exponent,0.6,continual,uncertainty,independent_roots_per_question,0.46443464796941286,0.004252957418286219,win,8,8,1.8875833333333334,1.063
root_zipf_exponent,0.6,continual,uncertainty,resolved_gap_rate,0.21426776821804183,0.007058805163298813,win,8,8,1.8875833333333334,1.063
root_zipf_exponent,0.6,continual,lineage,accuracy,0.05608333333333336,0.0033080889318385085,win,8,8,1.8875833333333334,0.06725
root_zipf_exponent,0.6,continual,lineage,false_confident_consensus_rate,-0.0024999999999999996,0.0009236745114890865,loss,0,8,1.8875833333333334,0.06725
root_zipf_exponent,0.6,continual,lineage,independent_roots_per_question,0.04968041417451738,0.01692403231822467,win,7,8,1.8875833333333334,0.06725
root_zipf_exponent,0.6,continual,lineage,resolved_gap_rate,0.2232600744658167,0.00691828332098412,win,8,8,1.8875833333333334,0.06725
root_zipf_exponent,1.0,lineage,none,accuracy,0.009250000000000008,0.000995525704626165,win,8,8,0.12683333333333333,0.0
root_zipf_exponent,1.0,lineage,none,false_confident_consensus_rate,0.007,0.0006784669927988098,win,8,8,0.12683333333333333,0.0
root_zipf_exponent,1.0,lineage,none,independent_roots_per_question,0.8527762012066291,0.011359971894566428,win,8,8,0.12683333333333333,0.0
root_zipf_exponent,1.0,lineage,none,resolved_gap_rate,0.00013812154696132598,0.00013812154696132598,tie,1,8,0.12683333333333333,0.0
root_zipf_exponent,1.0,lineage,random,accuracy,-0.016500000000000015,0.00185056833826886,loss,0,8,0.12683333333333333,3.0
root_zipf_exponent,1.0,lineage,random,false_confident_consensus_rate,-0.00016666666666666685,0.0011109126806941147,tie,4,8,0.12683333333333333,3.0
root_zipf_exponent,1.0,lineage,random,independent_roots_per_question,0.589803978984407,0.010390587624842405,win,8,8,0.12683333333333333,3.0
root_zipf_exponent,1.0,lineage,random,resolved_gap_rate,-0.1300767218461118,0.0042948376239253135,loss,0,8,0.12683333333333333,3.0
root_zipf_exponent,1.0,lineage,uncertainty,accuracy,-0.014333333333333337,0.0013392724867071655,loss,0,8,0.12683333333333333,1.0979166666666667
root_zipf_exponent,1.0,lineage,uncertainty,false_confident_consensus_rate,0.007500000000000001,0.0007210001871298439,win,8,8,0.12683333333333333,1.0979166666666667
root_zipf_exponent,1.0,lineage,uncertainty,independent_roots_per_question,0.5810418170846322,0.009906510943179464,win,8,8,0.12683333333333333,1.0979166666666667
root_zipf_exponent,1.0,lineage,uncertainty,resolved_gap_rate,-0.007177190888866313,0.000793389945288249,loss,0,8,0.12683333333333333,1.0979166666666667
root_zipf_exponent,1.0,lineage,continual,accuracy,-0.05241666666666665,0.002449287230299457,loss,0,8,0.12683333333333333,1.9075
root_zipf_exponent,1.0,lineage,continual,false_confident_consensus_rate,0.0031666666666666666,0.0013258719802215098,win,6,8,0.12683333333333333,1.9075
root_zipf_exponent,1.0,lineage,continual,independent_roots_per_question,0.0461444572061815,0.012725883981520568,win,7,8,0.12683333333333333,1.9075
root_zipf_exponent,1.0,lineage,continual,resolved_gap_rate,-0.24554484906528876,0.0046031643883332075,loss,0,8,0.12683333333333333,1.9075
root_zipf_exponent,1.0,continual,none,accuracy,0.06166666666666666,0.0024912545446720714,win,8,8,1.9075,0.0
root_zipf_exponent,1.0,continual,none,false_confident_consensus_rate,0.0038333333333333336,0.0007943251103624896,win,8,8,1.9075,0.0
root_zipf_exponent,1.0,continual,none,independent_roots_per_question,0.8066317440004477,0.0037748646012770257,win,8,8,1.9075,0.0
root_zipf_exponent,1.0,continual,none,resolved_gap_rate,0.24568297061225008,0.00462310647053681,win,8,8,1.9075,0.0
root_zipf_exponent,1.0,continual,random,accuracy,0.03591666666666664,0.00245737471220619,win,8,8,1.9075,3.0
root_zipf_exponent,1.0,continual,random,false_confident_consensus_rate,-0.0033333333333333335,0.0008451542547285163,loss,0,8,1.9075,3.0
root_zipf_exponent,1.0,continual,random,independent_roots_per_question,0.5436595217782254,0.004260140255643271,win,8,8,1.9075,3.0
root_zipf_exponent,1.0,continual,random,resolved_gap_rate,0.11546812721917694,0.005381110392427084,win,8,8,1.9075,3.0
root_zipf_exponent,1.0,continual,uncertainty,accuracy,0.038083333333333316,0.002056493779875519,win,8,8,1.9075,1.0979166666666667
root_zipf_exponent,1.0,continual,uncertainty,false_confident_consensus_rate,0.004333333333333334,0.000890870806374748,win,8,8,1.9075,1.0979166666666667
root_zipf_exponent,1.0,continual,uncertainty,independent_roots_per_question,0.5348973598784508,0.004303384188264621,win,8,8,1.9075,1.0979166666666667
root_zipf_exponent,1.0,continual,uncertainty,resolved_gap_rate,0.23836765817642244,0.005079475270966126,win,8,8,1.9075,1.0979166666666667
root_zipf_exponent,1.0,continual,lineage,accuracy,0.05241666666666665,0.002449287230299457,win,8,8,1.9075,0.12683333333333333
root_zipf_exponent,1.0,continual,lineage,false_confident_consensus_rate,-0.0031666666666666666,0.0013258719802215098,loss,2,8,1.9075,0.12683333333333333
root_zipf_exponent,1.0,continual,lineage,independent_roots_per_question,-0.0461444572061815,0.012725883981520568,loss,1,8,1.9075,0.12683333333333333
root_zipf_exponent,1.0,continual,lineage,resolved_gap_rate,0.24554484906528876,0.0046031643883332075,win,8,8,1.9075,0.12683333333333333
root_zipf_exponent,1.35,lineage,none,accuracy,0.017833333333333326,0.0021812694716463916,win,8,8,0.24633333333333332,0.0
root_zipf_exponent,1.35,lineage,none,false_confident_consensus_rate,0.013,0.0012215005084172056,win,8,8,0.24633333333333332,0.0
root_zipf_exponent,1.35,lineage,none,independent_roots_per_question,0.9254264425143044,0.005947934795670004,win,8,8,0.24633333333333332,0.0
root_zipf_exponent,1.35,lineage,none,resolved_gap_rate,0.00013935340022296544,0.00013935340022296544,tie,1,8,0.24633333333333332,0.0
root_zipf_exponent,1.35,lineage,random,accuracy,-0.004416666666666666,0.003598803813614869,tie,3,8,0.24633333333333332,3.0
root_zipf_exponent,1.35,lineage,random,false_confident_consensus_rate,0.00175,0.0009995038451691602,tie,5,8,0.24633333333333332,3.0
root_zipf_exponent,1.35,lineage,random,independent_roots_per_question,0.6951764425143043,0.006516384726092745,win,8,8,0.24633333333333332,3.0
root_zipf_exponent,1.35,lineage,random,resolved_gap_rate,-0.10086263041044204,0.0032476886635218988,loss,0,8,0.24633333333333332,3.0
root_zipf_exponent,1.35,lineage,uncertainty,accuracy,-0.00399999999999999,0.002621643734952522,tie,3,8,0.24633333333333332,1.1746666666666667
root_zipf_exponent,1.35,lineage,uncertainty,false_confident_consensus_rate,0.013416666666666667,0.0012436345862539301,win,8,8,0.24633333333333332,1.1746666666666667
root_zipf_exponent,1.35,lineage,uncertainty,independent_roots_per_question,0.6930719265448589,0.00648111658369428,win,8,8,0.24633333333333332,1.1746666666666667
root_zipf_exponent,1.35,lineage,uncertainty,resolved_gap_rate,-0.006160191921910943,0.00036372396473454034,loss,0,8,0.24633333333333332,1.1746666666666667
root_zipf_exponent,1.35,lineage,continual,accuracy,-0.05074999999999999,0.0032131611789489732,loss,0,8,0.24633333333333332,1.9383333333333332
root_zipf_exponent,1.35,lineage,continual,false_confident_consensus_rate,0.0038333333333333336,0.0008042545597168827,win,7,8,0.24633333333333332,1.9383333333333332
root_zipf_exponent,1.35,lineage,continual,independent_roots_per_question,0.08266270431485515,0.008217051869576946,win,8,8,0.24633333333333332,1.9383333333333332
root_zipf_exponent,1.35,lineage,continual,resolved_gap_rate,-0.2625762576201335,0.005669724843076105,loss,0,8,0.24633333333333332,1.9383333333333332
root_zipf_exponent,1.35,continual,none,accuracy,0.06858333333333332,0.0022971255329837154,win,8,8,1.9383333333333332,0.0
root_zipf_exponent,1.35,continual,none,false_confident_consensus_rate,0.009166666666666665,0.0013958555435333194,win,8,8,1.9383333333333332,0.0
root_zipf_exponent,1.35,continual,none,independent_roots_per_question,0.8427637381994493,0.0030500052756658154,win,8,8,1.9383333333333332,0.0
root_zipf_exponent,1.35,continual,none,resolved_gap_rate,0.26271561102035645,0.005673272515305446,win,8,8,1.9383333333333332,0.0
root_zipf_exponent,1.35,continual,random,accuracy,0.046333333333333324,0.0024527276685097064,win,8,8,1.9383333333333332,3.0
root_zipf_exponent,1.35,continual,random,false_confident_consensus_rate,-0.0020833333333333337,0.0010269194184859352,loss,1,8,1.9383333333333332,3.0
root_zipf_exponent,1.35,continual,random,independent_roots_per_question,0.6125137381994492,0.0029207576382406495,win,8,8,1.9383333333333332,3.0
root_zipf_exponent,1.35,continual,random,resolved_gap_rate,0.16171362720969146,0.006726967334564201,win,8,8,1.9383333333333332,3.0
root_zipf_exponent,1.35,continual,uncertainty,accuracy,0.04675,0.0022305152796379697,win,8,8,1.9383333333333332,1.1746666666666667
root_zipf_exponent,1.35,continual,uncertainty,false_confident_consensus_rate,0.009583333333333333,0.0013389020614513706,win,8,8,1.9383333333333332,1.1746666666666667
root_zipf_exponent,1.35,continual,uncertainty,independent_roots_per_question,0.6104092222300038,0.003044416381855981,win,8,8,1.9383333333333332,1.1746666666666667
root_zipf_exponent,1.35,continual,uncertainty,resolved_gap_rate,0.25641606569822256,0.005631808107422537,win,8,8,1.9383333333333332,1.1746666666666667
root_zipf_exponent,1.35,continual,lineage,accuracy,0.05074999999999999,0.0032131611789489732,win,8,8,1.9383333333333332,0.24633333333333332
root_zipf_exponent,1.35,continual,lineage,false_confident_consensus_rate,-0.0038333333333333336,0.0008042545597168827,loss,0,8,1.9383333333333332,0.24633333333333332
root_zipf_exponent,1.35,continual,lineage,independent_roots_per_question,-0.08266270431485515,0.008217051869576946,loss,0,8,1.9383333333333332,0.24633333333333332
root_zipf_exponent,1.35,continual,lineage,resolved_gap_rate,0.2625762576201335,0.005669724843076105,win,8,8,1.9383333333333332,0.24633333333333332
root_zipf_exponent,1.8,lineage,none,accuracy,0.035916666666666666,0.0020871393805040454,win,8,8,0.4790833333333333,0.0
root_zipf_exponent,1.8,lineage,none,false_confident_consensus_rate,0.03141666666666667,0.0009295629626804748,win,8,8,0.4790833333333333,0.0
root_zipf_exponent,1.8,lineage,none,independent_roots_per_question,0.9623033620359732,0.0032529612492013496,win,8,8,0.4790833333333333,0.0
root_zipf_exponent,1.8,lineage,none,resolved_gap_rate,0.0,0.0,tie,0,8,0.4790833333333333,0.0
root_zipf_exponent,1.8,lineage,random,accuracy,0.012249999999999997,0.002609316336903549,win,8,8,0.4790833333333333,3.0
root_zipf_exponent,1.8,lineage,random,false_confident_consensus_rate,0.008749999999999999,0.0013768926368215252,win,8,8,0.4790833333333333,3.0
root_zipf_exponent,1.8,lineage,random,independent_roots_per_question,0.776692250924862,0.0035489568358918794,win,8,8,0.4790833333333333,3.0
root_zipf_exponent,1.8,lineage,random,resolved_gap_rate,-0.044284013818618996,0.002059953859926567,loss,0,8,0.4790833333333333,3.0
root_zipf_exponent,1.8,lineage,uncertainty,accuracy,0.01525,0.002109831483528696,win,8,8,0.4790833333333333,1.1955833333333334
root_zipf_exponent,1.8,lineage,uncertainty,false_confident_consensus_rate,0.03183333333333333,0.0009574271077563379,win,8,8,0.4790833333333333,1.1955833333333334
root_zipf_exponent,1.8,lineage,uncertainty,independent_roots_per_question,0.7827134296609162,0.0034319686331722703,win,8,8,0.4790833333333333,1.1955833333333334
root_zipf_exponent,1.8,lineage,uncertainty,resolved_gap_rate,-0.004867529054617877,0.0010292538697832217,loss,0,8,0.4790833333333333,1.1955833333333334
root_zipf_exponent,1.8,lineage,continual,accuracy,-0.03858333333333333,0.003948955055675615,loss,0,8,0.4790833333333333,1.9840833333333334
root_zipf_exponent,1.8,lineage,continual,false_confident_consensus_rate,0.0062499999999999995,0.001154270882350096,win,8,8,0.4790833333333333,1.9840833333333334
root_zipf_exponent,1.8,lineage,continual,independent_roots_per_question,0.09918133076754854,0.005306177437951507,win,8,8,0.4790833333333333,1.9840833333333334
root_zipf_exponent,1.8,lineage,continual,resolved_gap_rate,-0.2562721307171455,0.005739816671854459,loss,0,8,0.4790833333333333,1.9840833333333334
root_zipf_exponent,1.8,continual,none,accuracy,0.0745,0.004999603158854882,win,8,8,1.9840833333333334,0.0
root_zipf_exponent,1.8,continual,none,false_confident_consensus_rate,0.025166666666666667,0.0012456272723360311,win,8,8,1.9840833333333334,0.0
root_zipf_exponent,1.8,continual,none,independent_roots_per_question,0.8631220312684247,0.0027259037404045506,win,8,8,1.9840833333333334,0.0
root_zipf_exponent,1.8,continual,none,resolved_gap_rate,0.2562721307171455,0.005739816671854459,win,8,8,1.9840833333333334,0.0
root_zipf_exponent,1.8,continual,random,accuracy,0.05083333333333333,0.00476719943742555,win,8,8,1.9840833333333334,3.0
root_zipf_exponent,1.8,continual,random,false_confident_consensus_rate,0.0024999999999999996,0.0019179602260139357,tie,6,8,1.9840833333333334,3.0
root_zipf_exponent,1.8,continual,random,independent_roots_per_question,0.6775109201573135,0.0037621379432277017,win,8,8,1.9840833333333334,3.0
root_zipf_exponent,1.8,continual,random,resolved_gap_rate,0.21198811689852648,0.006067850058658048,win,8,8,1.9840833333333334,3.0
root_zipf_exponent,1.8,continual,uncertainty,accuracy,0.05383333333333333,0.004174278761008089,win,8,8,1.9840833333333334,1.1955833333333334
root_zipf_exponent,1.8,continual,uncertainty,false_confident_consensus_rate,0.025583333333333333,0.001326993857714759,win,8,8,1.9840833333333334,1.1955833333333334
root_zipf_exponent,1.8,continual,uncertainty,independent_roots_per_question,0.6835320988933676,0.0038146502865193535,win,8,8,1.9840833333333334,1.1955833333333334
root_zipf_exponent,1.8,continual,uncertainty,resolved_gap_rate,0.2514046016625276,0.005723400940384806,win,8,8,1.9840833333333334,1.1955833333333334
root_zipf_exponent,1.8,continual,lineage,accuracy,0.03858333333333333,0.003948955055675615,win,8,8,1.9840833333333334,0.4790833333333333
root_zipf_exponent,1.8,continual,lineage,false_confident_consensus_rate,-0.0062499999999999995,0.001154270882350096,loss,0,8,1.9840833333333334,0.4790833333333333
root_zipf_exponent,1.8,continual,lineage,independent_roots_per_question,-0.09918133076754854,0.005306177437951507,loss,0,8,1.9840833333333334,0.4790833333333333
root_zipf_exponent,1.8,continual,lineage,resolved_gap_rate,0.2562721307171455,0.005739816671854459,win,8,8,1.9840833333333334,0.4790833333333333
question_budget_per_claim,1,lineage,none,accuracy,0.016833333333333325,0.0018929694486000967,win,8,8,0.21791666666666668,0.0
question_budget_per_claim,1,lineage,none,false_confident_consensus_rate,0.012,0.0008544932592822077,win,8,8,0.21791666666666668,0.0
question_budget_per_claim,1,lineage,none,independent_roots_per_question,0.9743123228569267,0.0021619759718828524,win,8,8,0.21791666666666668,0.0
question_budget_per_claim,1,lineage,none,resolved_gap_rate,0.0,0.0,tie,0,8,0.21791666666666668,0.0
question_budget_per_claim,1,lineage,random,accuracy,0.0070833333333333165,0.0032438892490831792,win,5,8,0.21791666666666668,1.0
question_budget_per_claim,1,lineage,random,false_confident_consensus_rate,0.0075,0.0013198725287176382,win,8,8,0.21791666666666668,1.0
question_budget_per_claim,1,lineage,random,independent_roots_per_question,0.7198956561902601,0.005584095152230832,win,8,8,0.21791666666666668,1.0
question_budget_per_claim,1,lineage,random,resolved_gap_rate,-0.037208566867582275,0.001150659490836774,loss,0,8,0.21791666666666668,1.0
question_budget_per_claim,1,lineage,uncertainty,accuracy,0.007416666666666655,0.001953578320408024,win,8,8,0.21791666666666668,0.4285
question_budget_per_claim,1,lineage,uncertainty,false_confident_consensus_rate,0.012,0.0008544932592822077,win,8,8,0.21791666666666668,0.4285
question_budget_per_claim,1,lineage,uncertainty,independent_roots_per_question,0.7302069404569593,0.0068047162848307065,win,8,8,0.21791666666666668,0.4285
question_budget_per_claim,1,lineage,uncertainty,resolved_gap_rate,-0.002387459427989043,0.0005460292156794717,loss,0,8,0.21791666666666668,0.4285
question_budget_per_claim,1,lineage,continual,accuracy,-0.01858333333333334,0.0029424034555509413,loss,0,8,0.21791666666666668,0.7338333333333333
question_budget_per_claim,1,lineage,continual,false_confident_consensus_rate,0.003333333333333334,0.0009511897312113418,win,6,8,0.21791666666666668,0.7338333333333333
question_budget_per_claim,1,lineage,continual,independent_roots_per_question,0.007698496625079668,0.0031377017064213256,win,6,8,0.21791666666666668,0.7338333333333333
question_budget_per_claim,1,lineage,continual,resolved_gap_rate,-0.1454906700887836,0.002914406704175619,loss,0,8,0.21791666666666668,0.7338333333333333
question_budget_per_claim,1,continual,none,accuracy,0.035416666666666666,0.0021946453594984894,win,8,8,0.7338333333333333,0.0
question_budget_per_claim,1,continual,none,false_confident_consensus_rate,0.008666666666666666,0.0015583874449479592,win,8,8,0.7338333333333333,0.0
question_budget_per_claim,1,continual,none,independent_roots_per_question,0.9666138262318471,0.0015135602406981005,win,8,8,0.7338333333333333,0.0
question_budget_per_claim,1,continual,none,resolved_gap_rate,0.1454906700887836,0.002914406704175619,win,8,8,0.7338333333333333,0.0
question_budget_per_claim,1,continual,random,accuracy,0.025666666666666657,0.002588129188895464,win,8,8,0.7338333333333333,1.0
question_budget_per_claim,1,continual,random,false_confident_consensus_rate,0.004166666666666667,0.0018887721719308337,win,6,8,0.7338333333333333,1.0
question_budget_per_claim,1,continual,random,independent_roots_per_question,0.7121971595651804,0.005056793381882329,win,8,8,0.7338333333333333,1.0
question_budget_per_claim,1,continual,random,resolved_gap_rate,0.10828210322120134,0.0033261268687641704,win,8,8,0.7338333333333333,1.0
question_budget_per_claim,1,continual,uncertainty,accuracy,0.025999999999999995,0.0025603819159562,win,8,8,0.7338333333333333,0.4285
question_budget_per_claim,1,continual,uncertainty,false_confident_consensus_rate,0.008666666666666666,0.0015583874449479592,win,8,8,0.7338333333333333,0.4285
question_budget_per_claim,1,continual,uncertainty,independent_roots_per_question,0.7225084438318796,0.005542155120344889,win,8,8,0.7338333333333333,0.4285
question_budget_per_claim,1,continual,uncertainty,resolved_gap_rate,0.14310321066079457,0.0025261870521026135,win,8,8,0.7338333333333333,0.4285
question_budget_per_claim,1,continual,lineage,accuracy,0.01858333333333334,0.0029424034555509413,win,8,8,0.7338333333333333,0.21791666666666668
question_budget_per_claim,1,continual,lineage,false_confident_consensus_rate,-0.003333333333333334,0.0009511897312113418,loss,1,8,0.7338333333333333,0.21791666666666668
question_budget_per_claim,1,continual,lineage,independent_roots_per_question,-0.007698496625079668,0.0031377017064213256,loss,2,8,0.7338333333333333,0.21791666666666668
question_budget_per_claim,1,continual,lineage,resolved_gap_rate,0.1454906700887836,0.002914406704175619,win,8,8,0.7338333333333333,0.21791666666666668
question_budget_per_claim,2,lineage,none,accuracy,0.018166666666666664,0.0022528641382464345,win,8,8,0.23991666666666667,0.0
question_budget_per_claim,2,lineage,none,false_confident_consensus_rate,0.013083333333333332,0.0009834947405868038,win,8,8,0.23991666666666667,0.0
question_budget_per_claim,2,lineage,none,independent_roots_per_question,0.9500292092300461,0.004023691544506222,win,8,8,0.23991666666666667,0.0
question_budget_per_claim,2,lineage,none,resolved_gap_rate,0.00013935340022296544,0.00013935340022296544,tie,1,8,0.23991666666666667,0.0
question_budget_per_claim,2,lineage,random,accuracy,-0.0007499999999999868,0.0034673934677676077,tie,3,8,0.23991666666666667,2.0
question_budget_per_claim,2,lineage,random,false_confident_consensus_rate,0.0045000000000000005,0.000709907215041694,win,8,8,0.23991666666666667,2.0
question_budget_per_claim,2,lineage,random,independent_roots_per_question,0.7011125425633795,0.004875300280456751,win,8,8,0.23991666666666667,2.0
question_budget_per_claim,2,lineage,random,resolved_gap_rate,-0.07070765512992021,0.0028073295510719627,loss,0,8,0.23991666666666667,2.0
question_budget_per_claim,2,lineage,uncertainty,accuracy,-0.0018333333333333118,0.0027652893875371068,tie,2,8,0.23991666666666667,0.81425
question_budget_per_claim,2,lineage,uncertainty,false_confident_consensus_rate,0.013416666666666667,0.000995525704626168,win,8,8,0.23991666666666667,0.81425
question_budget_per_claim,2,lineage,uncertainty,independent_roots_per_question,0.6972833802362218,0.008474834106350259,win,8,8,0.23991666666666667,0.81425
question_budget_per_claim,2,lineage,uncertainty,resolved_gap_rate,-0.0044630096219648785,0.0010784647326055764,loss,0,8,0.23991666666666667,0.81425
question_budget_per_claim,2,lineage,continual,accuracy,-0.03516666666666665,0.0034589428608009258,loss,0,8,0.23991666666666667,1.3679166666666667
question_budget_per_claim,2,lineage,continual,false_confident_consensus_rate,0.005083333333333333,0.0010906347358231932,win,7,8,0.23991666666666667,1.3679166666666667
question_budget_per_claim,2,lineage,continual,independent_roots_per_question,0.033626969949876906,0.00576008368838819,win,8,8,0.23991666666666667,1.3679166666666667
question_budget_per_claim,2,lineage,continual,resolved_gap_rate,-0.24590034916195527,0.004987593658440658,loss,0,8,0.23991666666666667,1.3679166666666667
question_budget_per_claim,2,continual,none,accuracy,0.053333333333333316,0.0027226271159852935,win,8,8,1.3679166666666667,0.0
question_budget_per_claim,2,continual,none,false_confident_consensus_rate,0.008,0.00149071198499986,win,8,8,1.3679166666666667,0.0
question_budget_per_claim,2,continual,none,independent_roots_per_question,0.9164022392801692,0.0026322712633407744,win,8,8,1.3679166666666667,0.0
question_budget_per_claim,2,continual,none,resolved_gap_rate,0.24603970256217825,0.004991440708468886,win,8,8,1.3679166666666667,0.0
question_budget_per_claim,2,continual,random,accuracy,0.034416666666666665,0.0022251716538031173,win,8,8,1.3679166666666667,2.0
question_budget_per_claim,2,continual,random,false_confident_consensus_rate,-0.0005833333333333331,0.001281352831723206,tie,4,8,1.3679166666666667,2.0
question_budget_per_claim,2,continual,random,independent_roots_per_question,0.6674855726135025,0.002346099337629537,win,8,8,1.3679166666666667,2.0
question_budget_per_claim,2,continual,random,resolved_gap_rate,0.17519269403203508,0.006311829890863629,win,8,8,1.3679166666666667,2.0
question_budget_per_claim,2,continual,uncertainty,accuracy,0.03333333333333334,0.0027109419671410024,win,8,8,1.3679166666666667,0.81425
question_budget_per_claim,2,continual,uncertainty,false_confident_consensus_rate,0.008333333333333333,0.001474653577828764,win,8,8,1.3679166666666667,0.81425
question_budget_per_claim,2,continual,uncertainty,independent_roots_per_question,0.6636564102863449,0.00637749648047963,win,8,8,1.3679166666666667,0.81425
question_budget_per_claim,2,continual,uncertainty,resolved_gap_rate,0.2414373395399904,0.005122724498187103,win,8,8,1.3679166666666667,0.81425
question_budget_per_claim,2,continual,lineage,accuracy,0.03516666666666665,0.0034589428608009258,win,8,8,1.3679166666666667,0.23991666666666667
question_budget_per_claim,2,continual,lineage,false_confident_consensus_rate,-0.005083333333333333,0.0010906347358231932,loss,0,8,1.3679166666666667,0.23991666666666667
question_budget_per_claim,2,continual,lineage,independent_roots_per_question,-0.033626969949876906,0.00576008368838819,loss,0,8,1.3679166666666667,0.23991666666666667
question_budget_per_claim,2,continual,lineage,resolved_gap_rate,0.24590034916195527,0.004987593658440658,win,8,8,1.3679166666666667,0.23991666666666667
question_budget_per_claim,3,lineage,none,accuracy,0.017833333333333326,0.0021812694716463916,win,8,8,0.24633333333333332,0.0
question_budget_per_claim,3,lineage,none,false_confident_consensus_rate,0.013,0.0012215005084172056,win,8,8,0.24633333333333332,0.0
question_budget_per_claim,3,lineage,none,independent_roots_per_question,0.9254264425143044,0.005947934795670004,win,8,8,0.24633333333333332,0.0
question_budget_per_claim,3,lineage,none,resolved_gap_rate,0.00013935340022296544,0.00013935340022296544,tie,1,8,0.24633333333333332,0.0
question_budget_per_claim,3,lineage,random,accuracy,-0.004416666666666666,0.003598803813614869,tie,3,8,0.24633333333333332,3.0
question_budget_per_claim,3,lineage,random,false_confident_consensus_rate,0.00175,0.0009995038451691602,tie,5,8,0.24633333333333332,3.0
question_budget_per_claim,3,lineage,random,independent_roots_per_question,0.6951764425143043,0.006516384726092745,win,8,8,0.24633333333333332,3.0
question_budget_per_claim,3,lineage,random,resolved_gap_rate,-0.10086263041044204,0.0032476886635218988,loss,0,8,0.24633333333333332,3.0
question_budget_per_claim,3,lineage,uncertainty,accuracy,-0.00399999999999999,0.002621643734952522,tie,3,8,0.24633333333333332,1.1746666666666667
question_budget_per_claim,3,lineage,uncertainty,false_confident_consensus_rate,0.013416666666666667,0.0012436345862539301,win,8,8,0.24633333333333332,1.1746666666666667
question_budget_per_claim,3,lineage,uncertainty,independent_roots_per_question,0.6930719265448589,0.00648111658369428,win,8,8,0.24633333333333332,1.1746666666666667
question_budget_per_claim,3,lineage,uncertainty,resolved_gap_rate,-0.006160191921910943,0.00036372396473454034,loss,0,8,0.24633333333333332,1.1746666666666667
question_budget_per_claim,3,lineage,continual,accuracy,-0.05074999999999999,0.0032131611789489732,loss,0,8,0.24633333333333332,1.9383333333333332
question_budget_per_claim,3,lineage,continual,false_confident_consensus_rate,0.0038333333333333336,0.0008042545597168827,win,7,8,0.24633333333333332,1.9383333333333332
question_budget_per_claim,3,lineage,continual,independent_roots_per_question,0.08266270431485515,0.008217051869576946,win,8,8,0.24633333333333332,1.9383333333333332
question_budget_per_claim,3,lineage,continual,resolved_gap_rate,-0.2625762576201335,0.005669724843076105,loss,0,8,0.24633333333333332,1.9383333333333332
question_budget_per_claim,3,continual,none,accuracy,0.06858333333333332,0.0022971255329837154,win,8,8,1.9383333333333332,0.0
question_budget_per_claim,3,continual,none,false_confident_consensus_rate,0.009166666666666665,0.0013958555435333194,win,8,8,1.9383333333333332,0.0
question_budget_per_claim,3,continual,none,independent_roots_per_question,0.8427637381994493,0.0030500052756658154,win,8,8,1.9383333333333332,0.0
question_budget_per_claim,3,continual,none,resolved_gap_rate,0.26271561102035645,0.005673272515305446,win,8,8,1.9383333333333332,0.0
question_budget_per_claim,3,continual,random,accuracy,0.046333333333333324,0.0024527276685097064,win,8,8,1.9383333333333332,3.0
question_budget_per_claim,3,continual,random,false_confident_consensus_rate,-0.0020833333333333337,0.0010269194184859352,loss,1,8,1.9383333333333332,3.0
question_budget_per_claim,3,continual,random,independent_roots_per_question,0.6125137381994492,0.0029207576382406495,win,8,8,1.9383333333333332,3.0
question_budget_per_claim,3,continual,random,resolved_gap_rate,0.16171362720969146,0.006726967334564201,win,8,8,1.9383333333333332,3.0
question_budget_per_claim,3,continual,uncertainty,accuracy,0.04675,0.0022305152796379697,win,8,8,1.9383333333333332,1.1746666666666667
question_budget_per_claim,3,continual,uncertainty,false_confident_consensus_rate,0.009583333333333333,0.0013389020614513706,win,8,8,1.9383333333333332,1.1746666666666667
question_budget_per_claim,3,continual,uncertainty,independent_roots_per_question,0.6104092222300038,0.003044416381855981,win,8,8,1.9383333333333332,1.1746666666666667
question_budget_per_claim,3,continual,uncertainty,resolved_gap_rate,0.25641606569822256,0.005631808107422537,win,8,8,1.9383333333333332,1.1746666666666667
question_budget_per_claim,3,continual,lineage,accuracy,0.05074999999999999,0.0032131611789489732,win,8,8,1.9383333333333332,0.24633333333333332
question_budget_per_claim,3,continual,lineage,false_confident_consensus_rate,-0.0038333333333333336,0.0008042545597168827,loss,0,8,1.9383333333333332,0.24633333333333332
question_budget_per_claim,3,continual,lineage,independent_roots_per_question,-0.08266270431485515,0.008217051869576946,loss,0,8,1.9383333333333332,0.24633333333333332
question_budget_per_claim,3,continual,lineage,resolved_gap_rate,0.2625762576201335,0.005669724843076105,win,8,8,1.9383333333333332,0.24633333333333332
question_budget_per_claim,5,lineage,none,accuracy,0.019833333333333314,0.0021957751641342137,win,8,8,0.25916666666666666,0.0
question_budget_per_claim,5,lineage,none,false_confident_consensus_rate,0.013,0.0009428090415820633,win,8,8,0.25916666666666666,0.0
question_budget_per_claim,5,lineage,none,independent_roots_per_question,0.8800183527938721,0.009253468233503261,win,8,8,0.25916666666666666,0.0
question_budget_per_claim,5,lineage,none,resolved_gap_rate,0.00013935340022296544,0.00013935340022296544,tie,1,8,0.25916666666666666,0.0
question_budget_per_claim,5,lineage,random,accuracy,-0.012000000000000025,0.003015831244489333,loss,1,8,0.25916666666666666,5.0
question_budget_per_claim,5,lineage,random,false_confident_consensus_rate,0.00025000000000000044,0.00045316348358748285,tie,5,8,0.25916666666666666,5.0
question_budget_per_claim,5,lineage,random,independent_roots_per_question,0.6737850194605388,0.008420038187111912,win,8,8,0.25916666666666666,5.0
question_budget_per_claim,5,lineage,random,resolved_gap_rate,-0.1433773532829065,0.003655623923943589,loss,0,8,0.25916666666666666,5.0
question_budget_per_claim,5,lineage,uncertainty,accuracy,-0.014916666666666675,0.003067850444400175,loss,1,8,0.25916666666666666,1.809
question_budget_per_claim,5,lineage,uncertainty,false_confident_consensus_rate,0.013416666666666667,0.000938062000861519,win,8,8,0.25916666666666666,1.809
question_budget_per_claim,5,lineage,uncertainty,independent_roots_per_question,0.6606820971132854,0.0106644389499018,win,8,8,0.25916666666666666,1.809
question_budget_per_claim,5,lineage,uncertainty,resolved_gap_rate,-0.007418534835593793,0.0008125022931947257,loss,0,8,0.25916666666666666,1.809
question_budget_per_claim,5,lineage,continual,accuracy,-0.060916666666666675,0.0032143959416725994,loss,0,8,0.25916666666666666,2.9625833333333333
question_budget_per_claim,5,lineage,continual,false_confident_consensus_rate,0.0029166666666666672,0.0004352977452091005,win,8,8,0.25916666666666666,2.9625833333333333
question_budget_per_claim,5,lineage,continual,independent_roots_per_question,0.21111787864292272,0.011807181914734005,win,8,8,0.25916666666666666,2.9625833333333333
question_budget_per_claim,5,lineage,continual,resolved_gap_rate,-0.2605696377673448,0.005422277719688983,loss,0,8,0.25916666666666666,2.9625833333333333
question_budget_per_claim,5,continual,none,accuracy,0.08074999999999999,0.0028296544743916102,win,8,8,2.9625833333333333,0.0
question_budget_per_claim,5,continual,none,false_confident_consensus_rate,0.010083333333333333,0.0013179920995981633,win,8,8,2.9625833333333333,0.0
question_budget_per_claim,5,continual,none,independent_roots_per_question,0.6689004741509494,0.0038278546152490083,win,8,8,2.9625833333333333,0.0
question_budget_per_claim,5,continual,none,resolved_gap_rate,0.26070899116756774,0.005412882349803707,win,8,8,2.9625833333333333,0.0
question_budget_per_claim,5,continual,random,accuracy,0.04891666666666665,0.0023500675437777225,win,8,8,2.9625833333333333,5.0
question_budget_per_claim,5,continual,random,false_confident_consensus_rate,-0.0026666666666666666,0.00067846699279881,loss,0,8,2.9625833333333333,5.0
question_budget_per_claim,5,continual,random,independent_roots_per_question,0.46266714081761606,0.004048992379686905,win,8,8,2.9625833333333333,5.0
question_budget_per_claim,5,continual,random,resolved_gap_rate,0.1171922844844383,0.004853125474092731,win,8,8,2.9625833333333333,5.0
question_budget_per_claim,5,continual,uncertainty,accuracy,0.046,0.0026367367999823076,win,8,8,2.9625833333333333,1.809
question_budget_per_claim,5,continual,uncertainty,false_confident_consensus_rate,0.010499999999999999,0.0013198725287176377,win,8,8,2.9625833333333333,1.809
question_budget_per_claim,5,continual,uncertainty,independent_roots_per_question,0.4495642184703627,0.0034266110171952053,win,8,8,2.9625833333333333,1.809
question_budget_per_claim,5,continual,uncertainty,resolved_gap_rate,0.253151102931751,0.005143699528579252,win,8,8,2.9625833333333333,1.809
question_budget_per_claim,5,continual,lineage,accuracy,0.060916666666666675,0.0032143959416725994,win,8,8,2.9625833333333333,0.25916666666666666
question_budget_per_claim,5,continual,lineage,false_confident_consensus_rate,-0.0029166666666666672,0.0004352977452091005,loss,0,8,2.9625833333333333,0.25916666666666666
question_budget_per_claim,5,continual,lineage,independent_roots_per_question,-0.21111787864292272,0.011807181914734005,loss,0,8,2.9625833333333333,0.25916666666666666
question_budget_per_claim,5,continual,lineage,resolved_gap_rate,0.2605696377673448,0.005422277719688983,win,8,8,2.9625833333333333,0.25916666666666666
question_budget_per_claim,8,lineage,none,accuracy,0.019666666666666652,0.0018516401995451012,win,8,8,0.27841666666666665,0.0
question_budget_per_claim,8,lineage,none,false_confident_consensus_rate,0.013583333333333333,0.0011193641902777624,win,8,8,0.27841666666666665,0.0
question_budget_per_claim,8,lineage,none,independent_roots_per_question,0.8199904042601077,0.013062891810615151,win,8,8,0.27841666666666665,0.0
question_budget_per_claim,8,lineage,none,resolved_gap_rate,0.00013935340022296544,0.00013935340022296544,tie,1,8,0.27841666666666665,0.0
question_budget_per_claim,8,lineage,random,accuracy,-0.023916666666666683,0.0021946453594984894,loss,0,8,0.27841666666666665,8.0
question_budget_per_claim,8,lineage,random,false_confident_consensus_rate,-0.0006666666666666665,0.0008451542547285164,tie,3,8,0.27841666666666665,8.0
question_budget_per_claim,8,lineage,random,independent_roots_per_question,0.6361674875934411,0.013140162815256715,win,8,8,0.27841666666666665,8.0
question_budget_per_claim,8,lineage,random,resolved_gap_rate,-0.1850863411223077,0.002413164603915101,loss,0,8,0.27841666666666665,8.0
question_budget_per_claim,8,lineage,uncertainty,accuracy,-0.023833333333333345,0.0030491997388854514,loss,0,8,0.27841666666666665,2.6593333333333335
question_budget_per_claim,8,lineage,uncertainty,false_confident_consensus_rate,0.0145,0.0011529809536003095,win,8,8,0.27841666666666665,2.6593333333333335
question_budget_per_claim,8,lineage,uncertainty,independent_roots_per_question,0.626480521241287,0.013505409401753798,win,8,8,0.27841666666666665,2.6593333333333335
question_budget_per_claim,8,lineage,uncertainty,resolved_gap_rate,-0.010655710040989594,0.0007667663694568838,loss,0,8,0.27841666666666665,2.6593333333333335
question_budget_per_claim,8,lineage,continual,accuracy,-0.06291666666666668,0.0035833333333333338,loss,0,8,0.27841666666666665,4.44375
question_budget_per_claim,8,lineage,continual,false_confident_consensus_rate,0.004583333333333333,0.0006354288640515487,win,8,8,0.27841666666666665,4.44375
question_budget_per_claim,8,lineage,continual,independent_roots_per_question,0.35385177877973784,0.014947552544921255,win,8,8,0.27841666666666665,4.44375
question_budget_per_claim,8,lineage,continual,resolved_gap_rate,-0.27168049912088194,0.0054703361759794004,loss,0,8,0.27841666666666665,4.44375
question_budget_per_claim,8,continual,none,accuracy,0.08258333333333333,0.0032402172668677533,win,8,8,4.44375,0.0
question_budget_per_claim,8,continual,none,false_confident_consensus_rate,0.009,0.0009343531843023135,win,8,8,4.44375,0.0
question_budget_per_claim,8,continual,none,independent_roots_per_question,0.46613862548036994,0.002981676997944638,win,8,8,4.44375,0.0
question_budget_per_claim,8,continual,none,resolved_gap_rate,0.27181985252110485,0.005399857412944613,win,8,8,4.44375,0.0
question_budget_per_claim,8,continual,random,accuracy,0.03899999999999999,0.0034295633485773073,win,8,8,4.44375,8.0
question_budget_per_claim,8,continual,random,false_confident_consensus_rate,-0.0052499999999999995,0.0009631092176276609,loss,0,8,4.44375,8.0
question_budget_per_claim,8,continual,random,independent_roots_per_question,0.28231570881370327,0.0026509874689579875,win,8,8,4.44375,8.0
question_budget_per_claim,8,continual,random,resolved_gap_rate,0.0865941579985742,0.004765012281782825,win,8,8,4.44375,8.0
question_budget_per_claim,8,continual,uncertainty,accuracy,0.03908333333333333,0.0034155050290073713,win,8,8,4.44375,2.6593333333333335
question_budget_per_claim,8,continual,uncertainty,false_confident_consensus_rate,0.009916666666666667,0.0009464847243000452,win,8,8,4.44375,2.6593333333333335
question_budget_per_claim,8,continual,uncertainty,independent_roots_per_question,0.2726287424615492,0.002023649967383296,win,8,8,4.44375,2.6593333333333335
question_budget_per_claim,8,continual,uncertainty,resolved_gap_rate,0.26102478907989235,0.005861855418465798,win,8,8,4.44375,2.6593333333333335
question_budget_per_claim,8,continual,lineage,accuracy,0.06291666666666668,0.0035833333333333338,win,8,8,4.44375,0.27841666666666665
question_budget_per_claim,8,continual,lineage,false_confident_consensus_rate,-0.004583333333333333,0.0006354288640515487,loss,0,8,4.44375,0.27841666666666665
question_budget_per_claim,8,continual,lineage,independent_roots_per_question,-0.35385177877973784,0.014947552544921255,loss,0,8,4.44375,0.27841666666666665
question_budget_per_claim,8,continual,lineage,resolved_gap_rate,0.27168049912088194,0.0054703361759794004,win,8,8,4.44375,0.27841666666666665
min_independent_roots,2,lineage,none,accuracy,-8.333333333333803e-05,0.00038704210016687895,tie,1,8,0.016416666666666666,0.0
min_independent_roots,2,lineage,none,false_confident_consensus_rate,0.0031666666666666666,0.0004671765921511568,win,8,8,0.016416666666666666,0.0
min_independent_roots,2,lineage,none,independent_roots_per_question,1.0,0.0,win,8,8,0.016416666666666666,0.0
min_independent_roots,2,lineage,none,resolved_gap_rate,0.0,0.0,tie,0,8,0.016416666666666666,0.0
min_independent_roots,2,lineage,random,accuracy,-0.02233333333333333,0.0025665739006117886,loss,0,8,0.016416666666666666,3.0
min_independent_roots,2,lineage,random,false_confident_consensus_rate,-0.008083333333333333,0.001003466214899358,loss,0,8,0.016416666666666666,3.0
min_independent_roots,2,lineage,random,independent_roots_per_question,0.7697499999999999,0.0016936636244139923,win,8,8,0.016416666666666666,3.0
min_independent_roots,2,lineage,random,resolved_gap_rate,-0.101001983810665,0.0032610804308925213,loss,0,8,0.016416666666666666,3.0
min_independent_roots,2,lineage,uncertainty,accuracy,-0.021916666666666654,0.0018319800199922366,loss,0,8,0.016416666666666666,1.1746666666666667
min_independent_roots,2,lineage,uncertainty,false_confident_consensus_rate,0.0035833333333333333,0.00045316348358748285,win,8,8,0.016416666666666666,1.1746666666666667
min_independent_roots,2,lineage,uncertainty,independent_roots_per_question,0.7676454840305547,0.002643172137303301,win,8,8,0.016416666666666666,1.1746666666666667
min_independent_roots,2,lineage,uncertainty,resolved_gap_rate,-0.006299545322133908,0.000358302282664651,loss,0,8,0.016416666666666666,1.1746666666666667
min_independent_roots,2,lineage,continual,accuracy,-0.06525000000000002,0.0030820460633332394,loss,0,8,0.016416666666666666,1.7214166666666666
min_independent_roots,2,lineage,continual,false_confident_consensus_rate,0.0033333333333333335,0.0006900655593423542,win,8,8,0.016416666666666666,1.7214166666666666
min_independent_roots,2,lineage,continual,independent_roots_per_question,0.16480458288220298,0.0034089355844687083,win,8,8,0.016416666666666666,1.7214166666666666
min_independent_roots,2,lineage,continual,resolved_gap_rate,-0.26022296602218775,0.006005034081732229,loss,0,8,0.016416666666666666,1.7214166666666666
min_independent_roots,2,continual,none,accuracy,0.06516666666666668,0.00306995165672086,win,8,8,1.7214166666666666,0.0
min_independent_roots,2,continual,none,false_confident_consensus_rate,-0.00016666666666666696,0.0008428033343060885,tie,4,8,1.7214166666666666,0.0
min_independent_roots,2,continual,none,independent_roots_per_question,0.835195417117797,0.0034089355844687083,win,8,8,1.7214166666666666,0.0
min_independent_roots,2,continual,none,resolved_gap_rate,0.26022296602218775,0.006005034081732229,win,8,8,1.7214166666666666,0.0
min_independent_roots,2,continual,random,accuracy,0.042916666666666686,0.002913944307733334,win,8,8,1.7214166666666666,3.0
min_independent_roots,2,continual,random,false_confident_consensus_rate,-0.011416666666666665,0.0005409794175000841,loss,0,8,1.7214166666666666,3.0
min_independent_roots,2,continual,random,independent_roots_per_question,0.604945417117797,0.0032568666148655202,win,8,8,1.7214166666666666,3.0
min_independent_roots,2,continual,random,resolved_gap_rate,0.15922098221152275,0.007202682591406202,win,8,8,1.7214166666666666,3.0
min_independent_roots,2,continual,uncertainty,accuracy,0.04333333333333336,0.002532330628630164,win,8,8,1.7214166666666666,1.1746666666666667
min_independent_roots,2,continual,uncertainty,false_confident_consensus_rate,0.0002499999999999998,0.0007230611732885817,tie,4,8,1.7214166666666666,1.1746666666666667
min_independent_roots,2,continual,uncertainty,independent_roots_per_question,0.6028409011483516,0.003291224541048542,win,8,8,1.7214166666666666,1.1746666666666667
min_independent_roots,2,continual,uncertainty,resolved_gap_rate,0.25392342070005386,0.006173354878080712,win,8,8,1.7214166666666666,1.1746666666666667
min_independent_roots,2,continual,lineage,accuracy,0.06525000000000002,0.0030820460633332394,win,8,8,1.7214166666666666,0.016416666666666666
min_independent_roots,2,continual,lineage,false_confident_consensus_rate,-0.0033333333333333335,0.0006900655593423542,loss,0,8,1.7214166666666666,0.016416666666666666
min_independent_roots,2,continual,lineage,independent_roots_per_question,-0.16480458288220298,0.0034089355844687083,loss,0,8,1.7214166666666666,0.016416666666666666
min_independent_roots,2,continual,lineage,resolved_gap_rate,0.26022296602218775,0.006005034081732229,win,8,8,1.7214166666666666,0.016416666666666666
min_independent_roots,3,lineage,none,accuracy,0.017833333333333326,0.0021812694716463916,win,8,8,0.24633333333333332,0.0
min_independent_roots,3,lineage,none,false_confident_consensus_rate,0.013,0.0012215005084172056,win,8,8,0.24633333333333332,0.0
min_independent_roots,3,lineage,none,independent_roots_per_question,0.9254264425143044,0.005947934795670004,win,8,8,0.24633333333333332,0.0
min_independent_roots,3,lineage,none,resolved_gap_rate,0.00013935340022296544,0.00013935340022296544,tie,1,8,0.24633333333333332,0.0
min_independent_roots,3,lineage,random,accuracy,-0.004416666666666666,0.003598803813614869,tie,3,8,0.24633333333333332,3.0
min_independent_roots,3,lineage,random,false_confident_consensus_rate,0.00175,0.0009995038451691602,tie,5,8,0.24633333333333332,3.0
min_independent_roots,3,lineage,random,independent_roots_per_question,0.6951764425143043,0.006516384726092745,win,8,8,0.24633333333333332,3.0
min_independent_roots,3,lineage,random,resolved_gap_rate,-0.10086263041044204,0.0032476886635218988,loss,0,8,0.24633333333333332,3.0
min_independent_roots,3,lineage,uncertainty,accuracy,-0.00399999999999999,0.002621643734952522,tie,3,8,0.24633333333333332,1.1746666666666667
min_independent_roots,3,lineage,uncertainty,false_confident_consensus_rate,0.013416666666666667,0.0012436345862539301,win,8,8,0.24633333333333332,1.1746666666666667
min_independent_roots,3,lineage,uncertainty,independent_roots_per_question,0.6930719265448589,0.00648111658369428,win,8,8,0.24633333333333332,1.1746666666666667
min_independent_roots,3,lineage,uncertainty,resolved_gap_rate,-0.006160191921910943,0.00036372396473454034,loss,0,8,0.24633333333333332,1.1746666666666667
min_independent_roots,3,lineage,continual,accuracy,-0.05074999999999999,0.0032131611789489732,loss,0,8,0.24633333333333332,1.9383333333333332
min_independent_roots,3,lineage,continual,false_confident_consensus_rate,0.0038333333333333336,0.0008042545597168827,win,7,8,0.24633333333333332,1.9383333333333332
min_independent_roots,3,lineage,continual,independent_roots_per_question,0.08266270431485515,0.008217051869576946,win,8,8,0.24633333333333332,1.9383333333333332
min_independent_roots,3,lineage,continual,resolved_gap_rate,-0.2625762576201335,0.005669724843076105,loss,0,8,0.24633333333333332,1.9383333333333332
min_independent_roots,3,continual,none,accuracy,0.06858333333333332,0.0022971255329837154,win,8,8,1.9383333333333332,0.0
min_independent_roots,3,continual,none,false_confident_consensus_rate,0.009166666666666665,0.0013958555435333194,win,8,8,1.9383333333333332,0.0
min_independent_roots,3,continual,none,independent_roots_per_question,0.8427637381994493,0.0030500052756658154,win,8,8,1.9383333333333332,0.0
min_independent_roots,3,continual,none,resolved_gap_rate,0.26271561102035645,0.005673272515305446,win,8,8,1.9383333333333332,0.0
min_independent_roots,3,continual,random,accuracy,0.046333333333333324,0.0024527276685097064,win,8,8,1.9383333333333332,3.0
min_independent_roots,3,continual,random,false_confident_consensus_rate,-0.0020833333333333337,0.0010269194184859352,loss,1,8,1.9383333333333332,3.0
min_independent_roots,3,continual,random,independent_roots_per_question,0.6125137381994492,0.0029207576382406495,win,8,8,1.9383333333333332,3.0
min_independent_roots,3,continual,random,resolved_gap_rate,0.16171362720969146,0.006726967334564201,win,8,8,1.9383333333333332,3.0
min_independent_roots,3,continual,uncertainty,accuracy,0.04675,0.0022305152796379697,win,8,8,1.9383333333333332,1.1746666666666667
min_independent_roots,3,continual,uncertainty,false_confident_consensus_rate,0.009583333333333333,0.0013389020614513706,win,8,8,1.9383333333333332,1.1746666666666667
min_independent_roots,3,continual,uncertainty,independent_roots_per_question,0.6104092222300038,0.003044416381855981,win,8,8,1.9383333333333332,1.1746666666666667
min_independent_roots,3,continual,uncertainty,resolved_gap_rate,0.25641606569822256,0.005631808107422537,win,8,8,1.9383333333333332,1.1746666666666667
min_independent_roots,3,continual,lineage,accuracy,0.05074999999999999,0.0032131611789489732,win,8,8,1.9383333333333332,0.24633333333333332
min_independent_roots,3,continual,lineage,false_confident_consensus_rate,-0.0038333333333333336,0.0008042545597168827,loss,0,8,1.9383333333333332,0.24633333333333332
min_independent_roots,3,continual,lineage,independent_roots_per_question,-0.08266270431485515,0.008217051869576946,loss,0,8,1.9383333333333332,0.24633333333333332
min_independent_roots,3,continual,lineage,resolved_gap_rate,0.2625762576201335,0.005669724843076105,win,8,8,1.9383333333333332,0.24633333333333332
min_independent_roots,4,lineage,none,accuracy,0.01816666666666665,0.001744606200164034,win,8,8,0.9109166666666667,0.0
min_independent_roots,4,lineage,none,false_confident_consensus_rate,0.020749999999999998,0.00104226173479099,win,8,8,0.9109166666666667,0.0
min_independent_roots,4,lineage,none,independent_roots_per_question,0.9059537643684712,0.0032916581358886743,win,8,8,0.9109166666666667,0.0
min_independent_roots,4,lineage,none,resolved_gap_rate,0.00042328527463123916,0.00020655555266190818,win,3,8,0.9109166666666667,0.0
min_independent_roots,4,lineage,random,accuracy,-0.004083333333333342,0.002212653007891964,tie,2,8,0.9109166666666667,3.0
min_independent_roots,4,lineage,random,false_confident_consensus_rate,0.0095,0.0009322272357358042,win,8,8,0.9109166666666667,3.0
min_independent_roots,4,lineage,random,independent_roots_per_question,0.6757037643684712,0.00354580105697864,win,8,8,0.9109166666666667,3.0
min_independent_roots,4,lineage,random,resolved_gap_rate,-0.10057869853603377,0.003347950630083416,loss,0,8,0.9109166666666667,3.0
min_independent_roots,4,lineage,uncertainty,accuracy,-0.0036666666666666653,0.002615582122830369,tie,3,8,0.9109166666666667,1.1746666666666667
min_independent_roots,4,lineage,uncertainty,false_confident_consensus_rate,0.021166666666666667,0.0010370134162086936,win,8,8,0.9109166666666667,1.1746666666666667
min_independent_roots,4,lineage,uncertainty,independent_roots_per_question,0.6735992483990259,0.0032856090607306996,win,8,8,0.9109166666666667,1.1746666666666667
min_independent_roots,4,lineage,uncertainty,resolved_gap_rate,-0.00587626004750267,0.0004001269493745175,loss,0,8,0.9109166666666667,1.1746666666666667
min_independent_roots,4,lineage,continual,accuracy,-0.05,0.002416871912466578,loss,0,8,0.9109166666666667,2.316333333333333
min_independent_roots,4,lineage,continual,false_confident_consensus_rate,0.006083333333333334,0.0008398554297360605,win,8,8,0.9109166666666667,2.316333333333333
min_independent_roots,4,lineage,continual,independent_roots_per_question,0.05960263820990297,0.002499318638378106,win,8,8,0.9109166666666667,2.316333333333333
min_independent_roots,4,lineage,continual,resolved_gap_rate,-0.26510402716750214,0.0047739753398829,loss,0,8,0.9109166666666667,2.316333333333333
min_independent_roots,4,continual,none,accuracy,0.06816666666666665,0.0025378093290230014,win,8,8,2.316333333333333,0.0
min_independent_roots,4,continual,none,false_confident_consensus_rate,0.014666666666666666,0.0013153549825650605,win,8,8,2.316333333333333,0.0
min_independent_roots,4,continual,none,independent_roots_per_question,0.8463511261585683,0.002922367480425741,win,8,8,2.316333333333333,0.0
min_independent_roots,4,continual,none,resolved_gap_rate,0.2655273124421334,0.004729197905252827,win,8,8,2.316333333333333,0.0
min_independent_roots,4,continual,random,accuracy,0.04591666666666666,0.0025337014143625713,win,8,8,2.316333333333333,3.0
min_independent_roots,4,continual,random,false_confident_consensus_rate,0.003416666666666667,0.0009631092176276608,win,8,8,2.316333333333333,3.0
min_independent_roots,4,continual,random,independent_roots_per_question,0.6161011261585683,0.0031653848738539716,win,8,8,2.316333333333333,3.0
min_independent_roots,4,continual,random,resolved_gap_rate,0.1645253286314684,0.005498775771317325,win,8,8,2.316333333333333,3.0
min_independent_roots,4,continual,uncertainty,accuracy,0.04633333333333334,0.002295613484417899,win,8,8,2.316333333333333,1.1746666666666667
min_independent_roots,4,continual,uncertainty,false_confident_consensus_rate,0.015083333333333334,0.0012340249026326256,win,8,8,2.316333333333333,1.1746666666666667
min_independent_roots,4,continual,uncertainty,independent_roots_per_question,0.6139966101891229,0.0037001227340930512,win,8,8,2.316333333333333,1.1746666666666667
min_independent_roots,4,continual,uncertainty,resolved_gap_rate,0.2592277671199995,0.004842557865646886,win,8,8,2.316333333333333,1.1746666666666667
min_independent_roots,4,continual,lineage,accuracy,0.05,0.002416871912466578,win,8,8,2.316333333333333,0.9109166666666667
min_independent_roots,4,continual,lineage,false_confident_consensus_rate,-0.006083333333333334,0.0008398554297360605,loss,0,8,2.316333333333333,0.9109166666666667
min_independent_roots,4,continual,lineage,independent_roots_per_question,-0.05960263820990297,0.002499318638378106,loss,0,8,2.316333333333333,0.9109166666666667
min_independent_roots,4,continual,lineage,resolved_gap_rate,0.26510402716750214,0.0047739753398829,win,8,8,2.316333333333333,0.9109166666666667
min_independent_roots,5,lineage,none,accuracy,0.059333333333333335,0.0019148542155126738,win,8,8,1.8495,0.0
min_independent_roots,5,lineage,none,false_confident_consensus_rate,0.008166666666666666,0.0013077910614151867,win,8,8,1.8495,0.0
min_independent_roots,5,lineage,none,independent_roots_per_question,0.8691874179523869,0.004246037624300652,win,8,8,1.8495,0.0
min_independent_roots,5,lineage,none,resolved_gap_rate,0.31950280568441697,0.0063957647299560895,win,8,8,1.8495,0.0
min_independent_roots,5,lineage,random,accuracy,0.03708333333333334,0.0028366577136001124,win,8,8,1.8495,3.0
min_independent_roots,5,lineage,random,false_confident_consensus_rate,-0.0030833333333333338,0.0005185067081043471,loss,0,8,1.8495,3.0
min_independent_roots,5,lineage,random,independent_roots_per_question,0.6389374179523868,0.004436003129773739,win,8,8,1.8495,3.0
min_independent_roots,5,lineage,random,resolved_gap_rate,0.21850082187375197,0.006175703441117471,win,8,8,1.8495,3.0
min_independent_roots,5,lineage,uncertainty,accuracy,0.03750000000000002,0.0026057019284028843,win,8,8,1.8495,1.1746666666666667
min_independent_roots,5,lineage,uncertainty,false_confident_consensus_rate,0.008583333333333332,0.0011780903298970011,win,8,8,1.8495,1.1746666666666667
min_independent_roots,5,lineage,uncertainty,independent_roots_per_question,0.6368329019829414,0.004811604287400079,win,8,8,1.8495,1.1746666666666667
min_independent_roots,5,lineage,uncertainty,resolved_gap_rate,0.3132032603622831,0.006353461431642182,win,8,8,1.8495,1.1746666666666667
min_independent_roots,5,lineage,continual,accuracy,-0.008583333333333318,0.003906521815939682,loss,2,8,1.8495,2.6435
min_independent_roots,5,lineage,continual,false_confident_consensus_rate,-0.010083333333333333,0.0011439107246773003,loss,0,8,1.8495,2.6435
min_independent_roots,5,lineage,continual,independent_roots_per_question,0.025145860702735764,0.002145484850160415,win,8,8,1.8495,2.6435
min_independent_roots,5,lineage,continual,resolved_gap_rate,0.055123371037144625,0.005715456433984387,win,8,8,1.8495,2.6435
min_independent_roots,5,continual,none,accuracy,0.06791666666666665,0.00295585912631221,win,8,8,2.6435,0.0
min_independent_roots,5,continual,none,false_confident_consensus_rate,0.01825,0.0015115297622680878,win,8,8,2.6435,0.0
min_independent_roots,5,continual,none,independent_roots_per_question,0.844041557249651,0.0027434459750483083,win,8,8,2.6435,0.0
min_independent_roots,5,continual,none,resolved_gap_rate,0.2643794346472723,0.006414232868861906,win,8,8,2.6435,0.0
min_independent_roots,5,continual,random,accuracy,0.04566666666666666,0.003083494204297547,win,8,8,2.6435,3.0
min_independent_roots,5,continual,random,false_confident_consensus_rate,0.007,0.0008544932592822075,win,8,8,2.6435,3.0
min_independent_roots,5,continual,random,independent_roots_per_question,0.6137915572496511,0.0031946868025201215,win,8,8,2.6435,3.0
min_independent_roots,5,continual,random,resolved_gap_rate,0.16337745083660735,0.007858418926835689,win,8,8,2.6435,3.0
min_independent_roots,5,continual,uncertainty,accuracy,0.04608333333333334,0.0030143505973608264,win,8,8,2.6435,1.1746666666666667
min_independent_roots,5,continual,uncertainty,false_confident_consensus_rate,0.018666666666666665,0.0014474937289114915,win,8,8,2.6435,1.1746666666666667
min_independent_roots,5,continual,uncertainty,independent_roots_per_question,0.6116870412802057,0.003800195098803788,win,8,8,2.6435,1.1746666666666667
min_independent_roots,5,continual,uncertainty,resolved_gap_rate,0.2580798893251384,0.006512891397280658,win,8,8,2.6435,1.1746666666666667
min_independent_roots,5,continual,lineage,accuracy,0.008583333333333318,0.003906521815939682,win,6,8,2.6435,1.8495
min_independent_roots,5,continual,lineage,false_confident_consensus_rate,0.010083333333333333,0.0011439107246773003,win,8,8,2.6435,1.8495
min_independent_roots,5,continual,lineage,independent_roots_per_question,-0.025145860702735764,0.002145484850160415,loss,0,8,2.6435,1.8495
min_independent_roots,5,continual,lineage,resolved_gap_rate,-0.055123371037144625,0.005715456433984387,loss,0,8,2.6435,1.8495
candidate_pool_size,16,lineage,none,accuracy,0.01891666666666665,0.000950668102583569,win,8,8,0.25908333333333333,0.0
candidate_pool_size,16,lineage,none,false_confident_consensus_rate,0.013416666666666667,0.0008677420068639007,win,8,8,0.25908333333333333,0.0
candidate_pool_size,16,lineage,none,independent_roots_per_question,0.8369476115437842,0.009308761092369826,win,8,8,0.25908333333333333,0.0
candidate_pool_size,16,lineage,none,resolved_gap_rate,0.0,0.0,tie,0,8,0.25908333333333333,0.0
candidate_pool_size,16,lineage,random,accuracy,-0.00683333333333333,0.0018115590058692685,loss,1,8,0.25908333333333333,3.0
candidate_pool_size,16,lineage,random,false_confident_consensus_rate,0.0015000000000000002,0.0010671873729054748,tie,5,8,0.25908333333333333,3.0
candidate_pool_size,16,lineage,random,independent_roots_per_question,0.6075031670993397,0.009225271498531288,win,8,8,0.25908333333333333,3.0
candidate_pool_size,16,lineage,random,resolved_gap_rate,-0.10136843944313093,0.003765562252409328,loss,0,8,0.25908333333333333,3.0
candidate_pool_size,16,lineage,uncertainty,accuracy,-0.007916666666666655,0.0020056962532540817,loss,1,8,0.25908333333333333,1.17625
candidate_pool_size,16,lineage,uncertainty,false_confident_consensus_rate,0.014416666666666668,0.0008158888424133542,win,8,8,0.25908333333333333,1.17625
candidate_pool_size,16,lineage,uncertainty,independent_roots_per_question,0.6002110510031009,0.007353836346900622,win,8,8,0.25908333333333333,1.17625
candidate_pool_size,16,lineage,uncertainty,resolved_gap_rate,-0.007399901463907913,0.0012715363078104494,loss,0,8,0.25908333333333333,1.17625
candidate_pool_size,16,lineage,continual,accuracy,-0.03333333333333334,0.0018473490229781767,loss,0,8,0.25908333333333333,1.9902499999999999
candidate_pool_size,16,lineage,continual,false_confident_consensus_rate,0.0041666666666666675,0.0010059347702036955,win,7,8,0.25908333333333333,1.9902499999999999
candidate_pool_size,16,lineage,continual,independent_roots_per_question,0.27930224291873085,0.009458473231522546,win,8,8,0.25908333333333333,1.9902499999999999
candidate_pool_size,16,lineage,continual,resolved_gap_rate,-0.2070945121745519,0.004991175693966887,loss,0,8,0.25908333333333333,1.9902499999999999
candidate_pool_size,16,continual,none,accuracy,0.05224999999999999,0.0025663806272276765,win,8,8,1.9902499999999999,0.0
candidate_pool_size,16,continual,none,false_confident_consensus_rate,0.00925,0.0009875213479709753,win,8,8,1.9902499999999999,0.0
candidate_pool_size,16,continual,none,independent_roots_per_question,0.5576453686250533,0.003765984836603238,win,8,8,1.9902499999999999,0.0
candidate_pool_size,16,continual,none,resolved_gap_rate,0.2070945121745519,0.004991175693966887,win,8,8,1.9902499999999999,0.0
candidate_pool_size,16,continual,random,accuracy,0.02650000000000001,0.002118512506003984,win,8,8,1.9902499999999999,3.0
candidate_pool_size,16,continual,random,false_confident_consensus_rate,-0.002666666666666667,0.0011478067422089472,loss,2,8,1.9902499999999999,3.0
candidate_pool_size,16,continual,random,independent_roots_per_question,0.32820092418060887,0.002425066210047156,win,8,8,1.9902499999999999,3.0
candidate_pool_size,16,continual,random,resolved_gap_rate,0.10572607273142098,0.005094194683189347,win,8,8,1.9902499999999999,3.0
candidate_pool_size,16,continual,uncertainty,accuracy,0.025416666666666685,0.002718068583644793,win,8,8,1.9902499999999999,1.17625
candidate_pool_size,16,continual,uncertainty,false_confident_consensus_rate,0.01025,0.0007446901987158763,win,8,8,1.9902499999999999,1.17625
candidate_pool_size,16,continual,uncertainty,independent_roots_per_question,0.32090880808437006,0.003280671429131017,win,8,8,1.9902499999999999,1.17625
candidate_pool_size,16,continual,uncertainty,resolved_gap_rate,0.199694610710644,0.0052996683313166855,win,8,8,1.9902499999999999,1.17625
candidate_pool_size,16,continual,lineage,accuracy,0.03333333333333334,0.0018473490229781767,win,8,8,1.9902499999999999,0.25908333333333333
candidate_pool_size,16,continual,lineage,false_confident_consensus_rate,-0.0041666666666666675,0.0010059347702036955,loss,1,8,1.9902499999999999,0.25908333333333333
candidate_pool_size,16,continual,lineage,independent_roots_per_question,-0.27930224291873085,0.009458473231522546,loss,0,8,1.9902499999999999,0.25908333333333333
candidate_pool_size,16,continual,lineage,resolved_gap_rate,0.2070945121745519,0.004991175693966887,win,8,8,1.9902499999999999,0.25908333333333333
candidate_pool_size,32,lineage,none,accuracy,0.018000000000000016,0.00133333333333334,win,8,8,0.23883333333333334,0.0
candidate_pool_size,32,lineage,none,false_confident_consensus_rate,0.012916666666666667,0.0005185067081043466,win,8,8,0.23883333333333334,0.0
candidate_pool_size,32,lineage,none,independent_roots_per_question,0.9251568457221793,0.006150266982366261,win,8,8,0.23883333333333334,0.0
candidate_pool_size,32,lineage,none,resolved_gap_rate,0.0,0.0,tie,0,8,0.23883333333333334,0.0
candidate_pool_size,32,lineage,random,accuracy,-0.005916666666666653,0.0017613013767332928,loss,1,8,0.23883333333333334,3.0
candidate_pool_size,32,lineage,random,false_confident_consensus_rate,0.001666666666666667,0.0008067178260046388,win,7,8,0.23883333333333334,3.0
candidate_pool_size,32,lineage,random,independent_roots_per_question,0.6972401790555126,0.006610979415724311,win,8,8,0.23883333333333334,3.0
candidate_pool_size,32,lineage,random,resolved_gap_rate,-0.1003386013385469,0.002256194359770691,loss,0,8,0.23883333333333334,3.0
candidate_pool_size,32,lineage,uncertainty,accuracy,-0.002166666666666678,0.0013901581501899983,tie,1,8,0.23883333333333334,1.1534166666666668
candidate_pool_size,32,lineage,uncertainty,false_confident_consensus_rate,0.0135,0.0006139903313441724,win,8,8,0.23883333333333334,1.1534166666666668
candidate_pool_size,32,lineage,uncertainty,independent_roots_per_question,0.6936844569863281,0.006490967822847993,win,8,8,0.23883333333333334,1.1534166666666668
candidate_pool_size,32,lineage,uncertainty,resolved_gap_rate,-0.006632748718489647,0.0010002769895815675,loss,0,8,0.23883333333333334,1.1534166666666668
candidate_pool_size,32,lineage,continual,accuracy,-0.0445,0.003380030055281048,loss,0,8,0.23883333333333334,1.9276666666666666
candidate_pool_size,32,lineage,continual,false_confident_consensus_rate,0.004166666666666667,0.0005739033711044737,win,8,8,0.23883333333333334,1.9276666666666666
candidate_pool_size,32,lineage,continual,independent_roots_per_question,0.15078986045760953,0.006098242112961316,win,8,8,0.23883333333333334,1.9276666666666666
candidate_pool_size,32,lineage,continual,resolved_gap_rate,-0.25585099769526937,0.004461321465897482,loss,0,8,0.23883333333333334,1.9276666666666666
candidate_pool_size,32,continual,none,accuracy,0.06250000000000001,0.0026837252006084657,win,8,8,1.9276666666666666,0.0
candidate_pool_size,32,continual,none,false_confident_consensus_rate,0.008749999999999999,0.0004950148306259954,win,8,8,1.9276666666666666,0.0
candidate_pool_size,32,continual,none,independent_roots_per_question,0.7743669852645697,0.0017513885615115389,win,8,8,1.9276666666666666,0.0
candidate_pool_size,32,continual,none,resolved_gap_rate,0.25585099769526937,0.004461321465897482,win,8,8,1.9276666666666666,0.0
candidate_pool_size,32,continual,random,accuracy,0.038583333333333344,0.00283525844962862,win,8,8,1.9276666666666666,3.0
candidate_pool_size,32,continual,random,false_confident_consensus_rate,-0.0024999999999999996,0.0009819805060619657,loss,1,8,1.9276666666666666,3.0
candidate_pool_size,32,continual,random,independent_roots_per_question,0.546450318597903,0.002105570133578742,win,8,8,1.9276666666666666,3.0
candidate_pool_size,32,continual,random,resolved_gap_rate,0.15551239635672245,0.004433525984062558,win,8,8,1.9276666666666666,3.0
candidate_pool_size,32,continual,uncertainty,accuracy,0.04233333333333332,0.0026903708365381964,win,8,8,1.9276666666666666,1.1534166666666668
candidate_pool_size,32,continual,uncertainty,false_confident_consensus_rate,0.009333333333333332,0.0004879500364742668,win,8,8,1.9276666666666666,1.1534166666666668
candidate_pool_size,32,continual,uncertainty,independent_roots_per_question,0.5428945965287185,0.0027208356355643446,win,8,8,1.9276666666666666,1.1534166666666668
candidate_pool_size,32,continual,uncertainty,resolved_gap_rate,0.24921824897677972,0.004723503257201703,win,8,8,1.9276666666666666,1.1534166666666668
candidate_pool_size,32,continual,lineage,accuracy,0.0445,0.003380030055281048,win,8,8,1.9276666666666666,0.23883333333333334
candidate_pool_size,32,continual,lineage,false_confident_consensus_rate,-0.004166666666666667,0.0005739033711044737,loss,0,8,1.9276666666666666,0.23883333333333334
candidate_pool_size,32,continual,lineage,independent_roots_per_question,-0.15078986045760953,0.006098242112961316,loss,0,8,1.9276666666666666,0.23883333333333334
candidate_pool_size,32,continual,lineage,resolved_gap_rate,0.25585099769526937,0.004461321465897482,win,8,8,1.9276666666666666,0.23883333333333334
candidate_pool_size,64,lineage,none,accuracy,0.017833333333333326,0.0021812694716463916,win,8,8,0.24633333333333332,0.0
candidate_pool_size,64,lineage,none,false_confident_consensus_rate,0.013,0.0012215005084172056,win,8,8,0.24633333333333332,0.0
candidate_pool_size,64,lineage,none,independent_roots_per_question,0.9254264425143044,0.005947934795670004,win,8,8,0.24633333333333332,0.0
candidate_pool_size,64,lineage,none,resolved_gap_rate,0.00013935340022296544,0.00013935340022296544,tie,1,8,0.24633333333333332,0.0
candidate_pool_size,64,lineage,random,accuracy,-0.004416666666666666,0.003598803813614869,tie,3,8,0.24633333333333332,3.0
candidate_pool_size,64,lineage,random,false_confident_consensus_rate,0.00175,0.0009995038451691602,tie,5,8,0.24633333333333332,3.0
candidate_pool_size,64,lineage,random,independent_roots_per_question,0.6951764425143043,0.006516384726092745,win,8,8,0.24633333333333332,3.0
candidate_pool_size,64,lineage,random,resolved_gap_rate,-0.10086263041044204,0.0032476886635218988,loss,0,8,0.24633333333333332,3.0
candidate_pool_size,64,lineage,uncertainty,accuracy,-0.00399999999999999,0.002621643734952522,tie,3,8,0.24633333333333332,1.1746666666666667
candidate_pool_size,64,lineage,uncertainty,false_confident_consensus_rate,0.013416666666666667,0.0012436345862539301,win,8,8,0.24633333333333332,1.1746666666666667
candidate_pool_size,64,lineage,uncertainty,independent_roots_per_question,0.6930719265448589,0.00648111658369428,win,8,8,0.24633333333333332,1.1746666666666667
candidate_pool_size,64,lineage,uncertainty,resolved_gap_rate,-0.006160191921910943,0.00036372396473454034,loss,0,8,0.24633333333333332,1.1746666666666667
candidate_pool_size,64,lineage,continual,accuracy,-0.05074999999999999,0.0032131611789489732,loss,0,8,0.24633333333333332,1.9383333333333332
candidate_pool_size,64,lineage,continual,false_confident_consensus_rate,0.0038333333333333336,0.0008042545597168827,win,7,8,0.24633333333333332,1.9383333333333332
candidate_pool_size,64,lineage,continual,independent_roots_per_question,0.08266270431485515,0.008217051869576946,win,8,8,0.24633333333333332,1.9383333333333332
candidate_pool_size,64,lineage,continual,resolved_gap_rate,-0.2625762576201335,0.005669724843076105,loss,0,8,0.24633333333333332,1.9383333333333332
candidate_pool_size,64,continual,none,accuracy,0.06858333333333332,0.0022971255329837154,win,8,8,1.9383333333333332,0.0
candidate_pool_size,64,continual,none,false_confident_consensus_rate,0.009166666666666665,0.0013958555435333194,win,8,8,1.9383333333333332,0.0
candidate_pool_size,64,continual,none,independent_roots_per_question,0.8427637381994493,0.0030500052756658154,win,8,8,1.9383333333333332,0.0
candidate_pool_size,64,continual,none,resolved_gap_rate,0.26271561102035645,0.005673272515305446,win,8,8,1.9383333333333332,0.0
candidate_pool_size,64,continual,random,accuracy,0.046333333333333324,0.0024527276685097064,win,8,8,1.9383333333333332,3.0
candidate_pool_size,64,continual,random,false_confident_consensus_rate,-0.0020833333333333337,0.0010269194184859352,loss,1,8,1.9383333333333332,3.0
candidate_pool_size,64,continual,random,independent_roots_per_question,0.6125137381994492,0.0029207576382406495,win,8,8,1.9383333333333332,3.0
candidate_pool_size,64,continual,random,resolved_gap_rate,0.16171362720969146,0.006726967334564201,win,8,8,1.9383333333333332,3.0
candidate_pool_size,64,continual,uncertainty,accuracy,0.04675,0.0022305152796379697,win,8,8,1.9383333333333332,1.1746666666666667
candidate_pool_size,64,continual,uncertainty,false_confident_consensus_rate,0.009583333333333333,0.0013389020614513706,win,8,8,1.9383333333333332,1.1746666666666667
candidate_pool_size,64,continual,uncertainty,independent_roots_per_question,0.6104092222300038,0.003044416381855981,win,8,8,1.9383333333333332,1.1746666666666667
candidate_pool_size,64,continual,uncertainty,resolved_gap_rate,0.25641606569822256,0.005631808107422537,win,8,8,1.9383333333333332,1.1746666666666667
candidate_pool_size,64,continual,lineage,accuracy,0.05074999999999999,0.0032131611789489732,win,8,8,1.9383333333333332,0.24633333333333332
candidate_pool_size,64,continual,lineage,false_confident_consensus_rate,-0.0038333333333333336,0.0008042545597168827,loss,0,8,1.9383333333333332,0.24633333333333332
candidate_pool_size,64,continual,lineage,independent_roots_per_question,-0.08266270431485515,0.008217051869576946,loss,0,8,1.9383333333333332,0.24633333333333332
candidate_pool_size,64,continual,lineage,resolved_gap_rate,0.2625762576201335,0.005669724843076105,win,8,8,1.9383333333333332,0.24633333333333332
candidate_pool_size,128,lineage,none,accuracy,0.019333333333333313,0.001568539913523873,win,8,8,0.23575,0.0
candidate_pool_size,128,lineage,none,false_confident_consensus_rate,0.012666666666666666,0.0011126972805283733,win,8,8,0.23575,0.0
candidate_pool_size,128,lineage,none,independent_roots_per_question,0.9311459681381026,0.009569658409715747,win,8,8,0.23575,0.0
candidate_pool_size,128,lineage,none,resolved_gap_rate,0.000143184421534937,0.000143184421534937,tie,1,8,0.23575,0.0
candidate_pool_size,128,lineage,random,accuracy,-0.00866666666666667,0.002507132682112044,loss,1,8,0.23575,3.0
candidate_pool_size,128,lineage,random,false_confident_consensus_rate,0.00016666666666666674,0.0008428033343060884,tie,3,8,0.23575,3.0
candidate_pool_size,128,lineage,random,independent_roots_per_question,0.7022293014714359,0.00929642437133588,win,8,8,0.23575,3.0
candidate_pool_size,128,lineage,random,resolved_gap_rate,-0.09890519232839744,0.004812990213978522,loss,0,8,0.23575,3.0
candidate_pool_size,128,lineage,uncertainty,accuracy,-0.005333333333333343,0.0026397450574352724,loss,2,8,0.23575,1.1640833333333334
candidate_pool_size,128,lineage,uncertainty,false_confident_consensus_rate,0.01275,0.0010942671679807607,win,8,8,0.23575,1.1640833333333334
candidate_pool_size,128,lineage,uncertainty,independent_roots_per_question,0.703785888309207,0.008391049955977215,win,8,8,0.23575,1.1640833333333334
candidate_pool_size,128,lineage,uncertainty,resolved_gap_rate,-0.008333744837563368,0.0008459373277484023,loss,0,8,0.23575,1.1640833333333334
candidate_pool_size,128,lineage,continual,accuracy,-0.0546666666666667,0.00201186954040739,loss,0,8,0.23575,1.9271666666666667
candidate_pool_size,128,lineage,continual,false_confident_consensus_rate,0.0029999999999999996,0.000549169647365276,win,8,8,0.23575,1.9271666666666667
candidate_pool_size,128,lineage,continual,independent_roots_per_question,0.08497504885141641,0.007606235237236228,win,8,8,0.23575,1.9271666666666667
candidate_pool_size,128,lineage,continual,resolved_gap_rate,-0.25914844347412164,0.004089617035359871,loss,0,8,0.23575,1.9271666666666667
candidate_pool_size,128,continual,none,accuracy,0.07400000000000001,0.0012472191289246495,win,8,8,1.9271666666666667,0.0
candidate_pool_size,128,continual,none,false_confident_consensus_rate,0.009666666666666667,0.0010764432909959344,win,8,8,1.9271666666666667,0.0
candidate_pool_size,128,continual,none,independent_roots_per_question,0.8461709192866862,0.0029097114529462813,win,8,8,1.9271666666666667,0.0
candidate_pool_size,128,continual,none,resolved_gap_rate,0.2592916278956566,0.00410791503705865,win,8,8,1.9271666666666667,0.0
candidate_pool_size,128,continual,random,accuracy,0.04600000000000003,0.0023435151998789224,win,8,8,1.9271666666666667,3.0
candidate_pool_size,128,continual,random,false_confident_consensus_rate,-0.0028333333333333327,0.0005739033711044739,loss,0,8,1.9271666666666667,3.0
candidate_pool_size,128,continual,random,independent_roots_per_question,0.6172542526200195,0.002184946658751342,win,8,8,1.9271666666666667,3.0
candidate_pool_size,128,continual,random,resolved_gap_rate,0.1602432511457242,0.0031217341057850944,win,8,8,1.9271666666666667,3.0
candidate_pool_size,128,continual,uncertainty,accuracy,0.049333333333333354,0.0019272482233188633,win,8,8,1.9271666666666667,1.1640833333333334
candidate_pool_size,128,continual,uncertainty,false_confident_consensus_rate,0.00975,0.0010536218712702613,win,8,8,1.9271666666666667,1.1640833333333334
candidate_pool_size,128,continual,uncertainty,independent_roots_per_question,0.6188108394577906,0.0035932987362525164,win,8,8,1.9271666666666667,1.1640833333333334
candidate_pool_size,128,continual,uncertainty,resolved_gap_rate,0.25081469863655825,0.0045608131555009345,win,8,8,1.9271666666666667,1.1640833333333334
candidate_pool_size,128,continual,lineage,accuracy,0.0546666666666667,0.00201186954040739,win,8,8,1.9271666666666667,0.23575
candidate_pool_size,128,continual,lineage,false_confident_consensus_rate,-0.0029999999999999996,0.000549169647365276,loss,0,8,1.9271666666666667,0.23575
candidate_pool_size,128,continual,lineage,independent_roots_per_question,-0.08497504885141641,0.007606235237236228,loss,0,8,1.9271666666666667,0.23575
candidate_pool_size,128,continual,lineage,resolved_gap_rate,0.25914844347412164,0.004089617035359871,win,8,8,1.9271666666666667,0.23575
