evidence_class,axis,axis_value,is_base_value,agent_scale,seed,strategy,accuracy,false_confident_consensus_rate,questions_per_claim,independent_roots_per_question,conflict_detection_rate,resolved_gap_rate,final_independent_roots,total_questions,total_new_roots,n_claims
synthetic_simulation,corrupt_root_prob,0.05,0,1000,0,none,0.8833333333333333,0.016,0.0,0.0,0.6233885819521179,0.0,3.186,0,0,1500
synthetic_simulation,corrupt_root_prob,0.05,0,1000,0,random,0.9,0.008666666666666666,3.0,0.22177777777777777,0.7117863720073665,0.14520958083832336,3.8513333333333333,4500,998,1500
synthetic_simulation,corrupt_root_prob,0.05,0,1000,0,uncertainty,0.904,0.017333333333333333,0.8326666666666667,0.22417934347477983,0.6187845303867403,0.008982035928143712,3.3726666666666665,1249,280,1500
synthetic_simulation,corrupt_root_prob,0.05,0,1000,0,lineage,0.9026666666666666,0.006666666666666667,0.25666666666666665,0.9324675324675324,0.6777163904235728,0.0,3.425333333333333,385,359,1500
synthetic_simulation,corrupt_root_prob,0.05,0,1000,0,continual,0.9386666666666666,0.008666666666666666,1.5553333333333332,0.8426918131161595,0.6841620626151013,0.35778443113772457,4.496666666666667,2333,1966,1500
synthetic_simulation,corrupt_root_prob,0.05,0,1000,1,none,0.8653333333333333,0.017333333333333333,0.0,0.0,0.6398503274087932,0.0,3.186,0,0,1500
synthetic_simulation,corrupt_root_prob,0.05,0,1000,1,random,0.9073333333333333,0.009333333333333334,3.0,0.21888888888888888,0.7343311506080449,0.1246376811594203,3.8426666666666667,4500,985,1500
synthetic_simulation,corrupt_root_prob,0.05,0,1000,1,uncertainty,0.9,0.017333333333333333,0.88,0.23712121212121212,0.6361085126286249,0.014492753623188406,3.3946666666666667,1320,313,1500
synthetic_simulation,corrupt_root_prob,0.05,0,1000,1,lineage,0.894,0.007333333333333333,0.276,0.9082125603864735,0.696913002806361,0.0,3.4366666666666665,414,376,1500
synthetic_simulation,corrupt_root_prob,0.05,0,1000,1,continual,0.9346666666666666,0.009333333333333334,1.594,0.820577164366374,0.695977549111319,0.36086956521739133,4.494,2391,1962,1500
synthetic_simulation,corrupt_root_prob,0.05,0,1000,2,none,0.8713333333333333,0.014666666666666666,0.0,0.0,0.6595547309833024,0.0,3.223333333333333,0,0,1500
synthetic_simulation,corrupt_root_prob,0.05,0,1000,2,random,0.8993333333333333,0.006,3.0,0.2311111111111111,0.7588126159554731,0.14772727272727273,3.9166666666666665,4500,1040,1500
synthetic_simulation,corrupt_root_prob,0.05,0,1000,2,uncertainty,0.902,0.014666666666666666,0.8893333333333333,0.22188905547226387,0.6576994434137291,0.01278409090909091,3.4206666666666665,1334,296,1500
synthetic_simulation,corrupt_root_prob,0.05,0,1000,2,lineage,0.896,0.007333333333333333,0.24933333333333332,0.946524064171123,0.7207792207792207,0.0,3.4593333333333334,374,354,1500
synthetic_simulation,corrupt_root_prob,0.05,0,1000,2,continual,0.9453333333333334,0.008,1.6086666666666667,0.8495648570244508,0.7179962894248608,0.3664772727272727,4.59,2413,2050,1500
synthetic_simulation,corrupt_root_prob,0.05,0,1000,3,none,0.8813333333333333,0.018,0.0,0.0,0.6178861788617886,0.0,3.2333333333333334,0,0,1500
synthetic_simulation,corrupt_root_prob,0.05,0,1000,3,random,0.9053333333333333,0.011333333333333334,3.0,0.22266666666666668,0.7190605239385727,0.15666178623718888,3.9013333333333335,4500,1002,1500
synthetic_simulation,corrupt_root_prob,0.05,0,1000,3,uncertainty,0.9106666666666666,0.018,0.852,0.2433489827856025,0.6160794941282746,0.016105417276720352,3.4406666666666665,1278,311,1500
synthetic_simulation,corrupt_root_prob,0.05,0,1000,3,lineage,0.9013333333333333,0.008,0.23466666666666666,0.8920454545454546,0.6675700090334237,0.0,3.4426666666666668,352,314,1500
synthetic_simulation,corrupt_root_prob,0.05,0,1000,3,continual,0.9473333333333334,0.008666666666666666,1.5566666666666666,0.8458244111349036,0.6729900632339657,0.35431918008784774,4.55,2335,1975,1500
synthetic_simulation,corrupt_root_prob,0.05,0,1000,4,none,0.872,0.018666666666666668,0.0,0.0,0.6391659111514053,0.0,3.2266666666666666,0,0,1500
synthetic_simulation,corrupt_root_prob,0.05,0,1000,4,random,0.904,0.009333333333333334,3.0,0.23377777777777778,0.7416137805983681,0.13314447592067988,3.928,4500,1052,1500
synthetic_simulation,corrupt_root_prob,0.05,0,1000,4,uncertainty,0.9046666666666666,0.018666666666666668,0.8713333333333333,0.22800306044376434,0.6337262012692656,0.018413597733711047,3.425333333333333,1307,298,1500
synthetic_simulation,corrupt_root_prob,0.05,0,1000,4,lineage,0.8993333333333333,0.007333333333333333,0.254,0.8582677165354331,0.6980961015412511,0.0,3.4446666666666665,381,327,1500
synthetic_simulation,corrupt_root_prob,0.05,0,1000,4,continual,0.9353333333333333,0.01,1.5973333333333333,0.8309682804674458,0.6980961015412511,0.35127478753541075,4.554,2396,1991,1500
synthetic_simulation,corrupt_root_prob,0.05,0,1000,5,none,0.8886666666666667,0.017333333333333333,0.0,0.0,0.6623735050597976,0.0,3.220666666666667,0,0,1500
synthetic_simulation,corrupt_root_prob,0.05,0,1000,5,random,0.9166666666666666,0.008,3.0,0.22666666666666666,0.7442502299908004,0.1384180790960452,3.9006666666666665,4500,1020,1500
synthetic_simulation,corrupt_root_prob,0.05,0,1000,5,uncertainty,0.9086666666666666,0.017333333333333333,0.8586666666666667,0.2484472049689441,0.6596136154553818,0.00847457627118644,3.434,1288,320,1500
synthetic_simulation,corrupt_root_prob,0.05,0,1000,5,lineage,0.9013333333333333,0.010666666666666666,0.244,0.9371584699453552,0.7074517019319227,0.0,3.449333333333333,366,343,1500
synthetic_simulation,corrupt_root_prob,0.05,0,1000,5,continual,0.9426666666666667,0.01,1.588,0.8434089000839631,0.7083716651333947,0.3827683615819209,4.56,2382,2009,1500
synthetic_simulation,corrupt_root_prob,0.05,0,1000,6,none,0.8813333333333333,0.015333333333333332,0.0,0.0,0.6242095754290876,0.0,3.196,0,0,1500
synthetic_simulation,corrupt_root_prob,0.05,0,1000,6,random,0.9133333333333333,0.006666666666666667,3.0,0.22955555555555557,0.7416440831074977,0.1259150805270864,3.8846666666666665,4500,1033,1500
synthetic_simulation,corrupt_root_prob,0.05,0,1000,6,uncertainty,0.9026666666666666,0.016,0.8646666666666667,0.2336160370084811,0.6214995483288166,0.008784773060029283,3.398,1297,303,1500
synthetic_simulation,corrupt_root_prob,0.05,0,1000,6,lineage,0.898,0.006,0.24666666666666667,0.9135135135135135,0.6865401987353207,0.0,3.421333333333333,370,338,1500
synthetic_simulation,corrupt_root_prob,0.05,0,1000,6,continual,0.942,0.006,1.5766666666666667,0.8384778012684989,0.6820234869015357,0.37920937042459735,4.518,2365,1983,1500
synthetic_simulation,corrupt_root_prob,0.05,0,1000,7,none,0.8786666666666667,0.015333333333333332,0.0,0.0,0.6584922797456857,0.0,3.2413333333333334,0,0,1500
synthetic_simulation,corrupt_root_prob,0.05,0,1000,7,random,0.9073333333333333,0.011333333333333334,3.0,0.2288888888888889,0.7520435967302452,0.14627285513361463,3.928,4500,1030,1500
synthetic_simulation,corrupt_root_prob,0.05,0,1000,7,uncertainty,0.9026666666666666,0.016,0.846,0.24428684003152087,0.6566757493188011,0.009845288326300985,3.448,1269,310,1500
synthetic_simulation,corrupt_root_prob,0.05,0,1000,7,lineage,0.8933333333333333,0.005333333333333333,0.248,0.9166666666666666,0.7202543142597638,0.0,3.4686666666666666,372,341,1500
synthetic_simulation,corrupt_root_prob,0.05,0,1000,7,continual,0.932,0.01,1.616,0.8287953795379538,0.7166212534059946,0.3881856540084388,4.580666666666667,2424,2009,1500
synthetic_simulation,corrupt_root_prob,0.1,0,1000,0,none,0.8466666666666667,0.023333333333333334,0.0,0.0,0.663582842724979,0.0,3.2006666666666668,0,0,1500
synthetic_simulation,corrupt_root_prob,0.1,0,1000,0,random,0.87,0.014666666666666666,3.0,0.22666666666666666,0.7628259041211102,0.10625,3.8806666666666665,4500,1020,1500
synthetic_simulation,corrupt_root_prob,0.1,0,1000,0,uncertainty,0.864,0.023333333333333334,1.014,0.23602892833662065,0.6627417998317914,0.005,3.44,1521,359,1500
synthetic_simulation,corrupt_root_prob,0.1,0,1000,0,lineage,0.8646666666666667,0.014,0.26,0.9051282051282051,0.7165685449957948,0.0,3.436,390,353,1500
synthetic_simulation,corrupt_root_prob,0.1,0,1000,0,continual,0.902,0.014666666666666666,1.7873333333333334,0.8276762402088773,0.7224558452481077,0.28625,4.68,2681,2219,1500
synthetic_simulation,corrupt_root_prob,0.1,0,1000,1,none,0.8366666666666667,0.02266666666666667,0.0,0.0,0.6844331641285956,0.0,3.2266666666666666,0,0,1500
synthetic_simulation,corrupt_root_prob,0.1,0,1000,1,random,0.8646666666666667,0.015333333333333332,3.0,0.22111111111111112,0.7800338409475466,0.10285006195786865,3.89,4500,995,1500
synthetic_simulation,corrupt_root_prob,0.1,0,1000,1,uncertainty,0.8593333333333333,0.023333333333333334,1.04,0.21025641025641026,0.682741116751269,0.006195786864931847,3.445333333333333,1560,328,1500
synthetic_simulation,corrupt_root_prob,0.1,0,1000,1,lineage,0.86,0.009333333333333334,0.252,0.8968253968253969,0.7368866328257191,0.0,3.4526666666666666,378,339,1500
synthetic_simulation,corrupt_root_prob,0.1,0,1000,1,continual,0.918,0.01,1.7946666666666666,0.8298662704309064,0.7436548223350253,0.31970260223048325,4.716,2692,2234,1500
synthetic_simulation,corrupt_root_prob,0.1,0,1000,2,none,0.852,0.02,0.0,0.0,0.6504610226320201,0.0,3.271333333333333,0,0,1500
synthetic_simulation,corrupt_root_prob,0.1,0,1000,2,random,0.882,0.012,3.0,0.23244444444444445,0.7585917854149203,0.11826544021024968,3.9686666666666666,4500,1046,1500
synthetic_simulation,corrupt_root_prob,0.1,0,1000,2,uncertainty,0.868,0.021333333333333333,0.9446666666666667,0.21665490472829924,0.6462699077954736,0.00788436268068331,3.476,1417,307,1500
synthetic_simulation,corrupt_root_prob,0.1,0,1000,2,lineage,0.8686666666666667,0.012,0.236,0.923728813559322,0.6898575020955574,0.0,3.489333333333333,354,327,1500
synthetic_simulation,corrupt_root_prob,0.1,0,1000,2,continual,0.9166666666666666,0.014666666666666666,1.6966666666666668,0.8573673870333989,0.6974015088013411,0.3088042049934297,4.726,2545,2182,1500
synthetic_simulation,corrupt_root_prob,0.1,0,1000,3,none,0.838,0.025333333333333333,0.0,0.0,0.6572847682119205,0.0,3.252666666666667,0,0,1500
synthetic_simulation,corrupt_root_prob,0.1,0,1000,3,random,0.8633333333333333,0.014666666666666666,3.0,0.22733333333333333,0.7665562913907285,0.12375,3.9346666666666668,4500,1023,1500
synthetic_simulation,corrupt_root_prob,0.1,0,1000,3,uncertainty,0.8673333333333333,0.025333333333333333,1.0066666666666666,0.22185430463576158,0.6548013245033113,0.00875,3.476,1510,335,1500
synthetic_simulation,corrupt_root_prob,0.1,0,1000,3,lineage,0.8573333333333333,0.008,0.22066666666666668,0.9637462235649547,0.7152317880794702,0.0,3.465333333333333,331,319,1500
synthetic_simulation,corrupt_root_prob,0.1,0,1000,3,continual,0.9046666666666666,0.011333333333333334,1.754,0.8487267198783732,0.7177152317880795,0.29875,4.741333333333333,2631,2233,1500
synthetic_simulation,corrupt_root_prob,0.1,0,1000,4,none,0.846,0.022,0.0,0.0,0.6705298013245033,0.0,3.263333333333333,0,0,1500
synthetic_simulation,corrupt_root_prob,0.1,0,1000,4,random,0.866,0.01,3.0,0.23044444444444445,0.7798013245033113,0.12579415501905972,3.9546666666666668,4500,1037,1500
synthetic_simulation,corrupt_root_prob,0.1,0,1000,4,uncertainty,0.8726666666666667,0.02266666666666667,1.004,0.2403718459495352,0.6672185430463576,0.008894536213468869,3.5046666666666666,1506,362,1500
synthetic_simulation,corrupt_root_prob,0.1,0,1000,4,lineage,0.8706666666666667,0.012,0.23733333333333334,0.9353932584269663,0.7160596026490066,0.0,3.485333333333333,356,333,1500
synthetic_simulation,corrupt_root_prob,0.1,0,1000,4,continual,0.9113333333333333,0.013333333333333334,1.7566666666666666,0.8246679316888046,0.7218543046357616,0.31512071156289706,4.712,2635,2173,1500
synthetic_simulation,corrupt_root_prob,0.1,0,1000,5,none,0.8486666666666667,0.02666666666666667,0.0,0.0,0.6888141295206055,0.0,3.2266666666666666,0,0,1500
synthetic_simulation,corrupt_root_prob,0.1,0,1000,5,random,0.8633333333333333,0.012666666666666666,3.0,0.23,0.7964676198486123,0.10146699266503667,3.9166666666666665,4500,1035,1500
synthetic_simulation,corrupt_root_prob,0.1,0,1000,5,uncertainty,0.8653333333333333,0.02666666666666667,1.0386666666666666,0.23234916559691912,0.6862910008410429,0.008557457212713936,3.468,1558,362,1500
synthetic_simulation,corrupt_root_prob,0.1,0,1000,5,lineage,0.874,0.014,0.23466666666666666,0.9460227272727273,0.7409587888982339,0.0,3.4486666666666665,352,333,1500
synthetic_simulation,corrupt_root_prob,0.1,0,1000,5,continual,0.9146666666666666,0.021333333333333333,1.7713333333333334,0.8332706059465562,0.736753574432296,0.3117359413202934,4.7026666666666666,2657,2214,1500
synthetic_simulation,corrupt_root_prob,0.1,0,1000,6,none,0.86,0.019333333333333334,0.0,0.0,0.6421487603305785,0.0,3.2493333333333334,0,0,1500
synthetic_simulation,corrupt_root_prob,0.1,0,1000,6,random,0.882,0.010666666666666666,3.0,0.22511111111111112,0.743801652892562,0.11892583120204604,3.9246666666666665,4500,1013,1500
synthetic_simulation,corrupt_root_prob,0.1,0,1000,6,uncertainty,0.8886666666666667,0.019333333333333334,1.0126666666666666,0.2350230414746544,0.6388429752066116,0.01278772378516624,3.4873333333333334,1519,357,1500
synthetic_simulation,corrupt_root_prob,0.1,0,1000,6,lineage,0.88,0.012,0.23266666666666666,0.9312320916905444,0.6950413223140496,0.0,3.466,349,325,1500
synthetic_simulation,corrupt_root_prob,0.1,0,1000,6,continual,0.906,0.013333333333333334,1.7486666666666666,0.8337781166603127,0.7,0.29923273657289,4.707333333333334,2623,2187,1500
synthetic_simulation,corrupt_root_prob,0.1,0,1000,7,none,0.838,0.025333333333333333,0.0,0.0,0.6717299578059072,0.0,3.183333333333333,0,0,1500
synthetic_simulation,corrupt_root_prob,0.1,0,1000,7,random,0.88,0.012666666666666666,3.0,0.2311111111111111,0.7780590717299578,0.10552763819095477,3.8766666666666665,4500,1040,1500
synthetic_simulation,corrupt_root_prob,0.1,0,1000,7,uncertainty,0.868,0.025333333333333333,1.0226666666666666,0.2392438070404172,0.6691983122362869,0.013819095477386936,3.428,1534,367,1500
synthetic_simulation,corrupt_root_prob,0.1,0,1000,7,lineage,0.8633333333333333,0.010666666666666666,0.26866666666666666,0.9156327543424317,0.7358649789029535,0.0,3.429333333333333,403,369,1500
synthetic_simulation,corrupt_root_prob,0.1,0,1000,7,continual,0.904,0.013333333333333334,1.78,0.8213483146067416,0.7316455696202532,0.3203517587939699,4.645333333333333,2670,2193,1500
synthetic_simulation,corrupt_root_prob,0.14,1,1000,0,none,0.8046666666666666,0.029333333333333333,0.0,0.0,0.7026813880126183,0.0,3.2106666666666666,0,0,1500
synthetic_simulation,corrupt_root_prob,0.14,1,1000,0,random,0.8226666666666667,0.018666666666666668,3.0,0.23133333333333334,0.7910094637223974,0.11441144114411442,3.9046666666666665,4500,1041,1500
synthetic_simulation,corrupt_root_prob,0.14,1,1000,0,uncertainty,0.8213333333333334,0.03,1.1846666666666668,0.2312886888013506,0.7018927444794952,0.005500550055005501,3.4846666666666666,1777,411,1500
synthetic_simulation,corrupt_root_prob,0.14,1,1000,0,lineage,0.8273333333333334,0.016,0.25466666666666665,0.93717277486911,0.7563091482649842,0.0,3.449333333333333,382,358,1500
synthetic_simulation,corrupt_root_prob,0.14,1,1000,0,continual,0.8786666666666667,0.02266666666666667,1.9713333333333334,0.8363205951978356,0.7476340694006309,0.28272827282728275,4.859333333333334,2957,2473,1500
synthetic_simulation,corrupt_root_prob,0.14,1,1000,1,none,0.806,0.026,0.0,0.0,0.6978021978021978,0.0,3.2293333333333334,0,0,1500
synthetic_simulation,corrupt_root_prob,0.14,1,1000,1,random,0.824,0.014,3.0,0.22511111111111112,0.793563579277865,0.10556186152099886,3.9046666666666665,4500,1013,1500
synthetic_simulation,corrupt_root_prob,0.14,1,1000,1,uncertainty,0.8246666666666667,0.026,1.166,0.22355631789594055,0.6946624803767661,0.00681044267877412,3.49,1749,391,1500
synthetic_simulation,corrupt_root_prob,0.14,1,1000,1,lineage,0.822,0.016666666666666666,0.25133333333333335,0.9045092838196287,0.7456828885400314,0.0,3.4566666666666666,377,341,1500
synthetic_simulation,corrupt_root_prob,0.14,1,1000,1,continual,0.8753333333333333,0.022,1.926,0.8386985115957079,0.7472527472527473,0.246311010215664,4.844666666666667,2889,2423,1500
synthetic_simulation,corrupt_root_prob,0.14,1,1000,2,none,0.8053333333333333,0.028,0.0,0.0,0.6963434022257552,0.0,3.240666666666667,0,0,1500
synthetic_simulation,corrupt_root_prob,0.14,1,1000,2,random,0.8293333333333334,0.018666666666666668,3.0,0.22266666666666668,0.8124006359300477,0.09453302961275627,3.9086666666666665,4500,1002,1500
synthetic_simulation,corrupt_root_prob,0.14,1,1000,2,uncertainty,0.8293333333333334,0.029333333333333333,1.1146666666666667,0.22966507177033493,0.6947535771065183,0.0056947608200455585,3.4966666666666666,1672,384,1500
synthetic_simulation,corrupt_root_prob,0.14,1,1000,2,lineage,0.8233333333333334,0.013333333333333334,0.23266666666666666,0.9484240687679083,0.7591414944356121,0.0,3.461333333333333,349,331,1500
synthetic_simulation,corrupt_root_prob,0.14,1,1000,2,continual,0.866,0.018666666666666668,1.902,0.8412197686645636,0.7511923688394276,0.2642369020501139,4.8406666666666665,2853,2400,1500
synthetic_simulation,corrupt_root_prob,0.14,1,1000,3,none,0.8106666666666666,0.030666666666666665,0.0,0.0,0.6883830455259027,0.0,3.199333333333333,0,0,1500
synthetic_simulation,corrupt_root_prob,0.14,1,1000,3,random,0.8313333333333334,0.014,3.0,0.2268888888888889,0.7912087912087912,0.09173272933182333,3.88,4500,1021,1500
synthetic_simulation,corrupt_root_prob,0.14,1,1000,3,uncertainty,0.8273333333333334,0.030666666666666665,1.178,0.22014714204867006,0.6868131868131868,0.006795016987542469,3.458666666666667,1767,389,1500
synthetic_simulation,corrupt_root_prob,0.14,1,1000,3,lineage,0.832,0.012,0.25466666666666665,0.9240837696335078,0.7511773940345369,0.0,3.4346666666666668,382,353,1500
synthetic_simulation,corrupt_root_prob,0.14,1,1000,3,continual,0.87,0.016,1.912,0.8399581589958159,0.7409733124018838,0.2536806342015855,4.8053333333333335,2868,2409,1500
synthetic_simulation,corrupt_root_prob,0.14,1,1000,4,none,0.79,0.026,0.0,0.0,0.7112341772151899,0.0,3.248,0,0,1500
synthetic_simulation,corrupt_root_prob,0.14,1,1000,4,random,0.8233333333333334,0.016,3.0,0.23155555555555554,0.8006329113924051,0.10044642857142858,3.9426666666666668,4500,1042,1500
synthetic_simulation,corrupt_root_prob,0.14,1,1000,4,uncertainty,0.818,0.026,1.1993333333333334,0.23735408560311283,0.7096518987341772,0.004464285714285714,3.5326666666666666,1799,427,1500
synthetic_simulation,corrupt_root_prob,0.14,1,1000,4,lineage,0.8066666666666666,0.016666666666666666,0.22933333333333333,0.9302325581395349,0.757120253164557,0.0,3.461333333333333,344,320,1500
synthetic_simulation,corrupt_root_prob,0.14,1,1000,4,continual,0.866,0.018666666666666668,1.952,0.8422131147540983,0.7634493670886076,0.2421875,4.892,2928,2466,1500
synthetic_simulation,corrupt_root_prob,0.14,1,1000,5,none,0.7966666666666666,0.024,0.0,0.0,0.7001594896331739,0.0,3.2013333333333334,0,0,1500
synthetic_simulation,corrupt_root_prob,0.14,1,1000,5,random,0.816,0.012666666666666666,3.0,0.2348888888888889,0.7894736842105263,0.08764044943820225,3.906,4500,1057,1500
synthetic_simulation,corrupt_root_prob,0.14,1,1000,5,uncertainty,0.824,0.024,1.1993333333333334,0.23846581434130074,0.6993620414673046,0.006741573033707865,3.4873333333333334,1799,429,1500
synthetic_simulation,corrupt_root_prob,0.14,1,1000,5,lineage,0.8246666666666667,0.013333333333333334,0.24733333333333332,0.9191374663072777,0.7559808612440191,0.0,3.4286666666666665,371,341,1500
synthetic_simulation,corrupt_root_prob,0.14,1,1000,5,continual,0.8673333333333333,0.013333333333333334,1.9186666666666667,0.8502432244614315,0.7472089314194578,0.2876404494382023,4.832666666666666,2878,2447,1500
synthetic_simulation,corrupt_root_prob,0.14,1,1000,6,none,0.8053333333333333,0.026,0.0,0.0,0.69713400464756,0.0,3.248,0,0,1500
synthetic_simulation,corrupt_root_prob,0.14,1,1000,6,random,0.8186666666666667,0.019333333333333334,3.0,0.23466666666666666,0.7947327652982185,0.10367892976588629,3.952,4500,1056,1500
synthetic_simulation,corrupt_root_prob,0.14,1,1000,6,uncertainty,0.8246666666666667,0.027333333333333334,1.1673333333333333,0.23986293546544832,0.6932610379550735,0.006688963210702341,3.528,1751,420,1500
synthetic_simulation,corrupt_root_prob,0.14,1,1000,6,lineage,0.8153333333333334,0.014666666666666666,0.248,0.9005376344086021,0.7420604182804028,0.0011148272017837235,3.4713333333333334,372,335,1500
synthetic_simulation,corrupt_root_prob,0.14,1,1000,6,continual,0.8693333333333333,0.02,1.97,0.8602368866328257,0.7575522850503486,0.26421404682274247,4.942666666666667,2955,2542,1500
synthetic_simulation,corrupt_root_prob,0.14,1,1000,7,none,0.8,0.035333333333333335,0.0,0.0,0.6893052302888368,0.0,3.216666666666667,0,0,1500
synthetic_simulation,corrupt_root_prob,0.14,1,1000,7,random,0.8313333333333334,0.022,3.0,0.2348888888888889,0.7931303669008587,0.11001100110011001,3.921333333333333,4500,1057,1500
synthetic_simulation,corrupt_root_prob,0.14,1,1000,7,uncertainty,0.824,0.035333333333333335,1.188,0.23849607182940516,0.6869633099141296,0.007700770077007701,3.5,1782,425,1500
synthetic_simulation,corrupt_root_prob,0.14,1,1000,7,lineage,0.81,0.018666666666666668,0.25266666666666665,0.9393139841688655,0.7525370804059328,0.0,3.454,379,356,1500
synthetic_simulation,corrupt_root_prob,0.14,1,1000,7,continual,0.8746666666666667,0.020666666666666667,1.9546666666666668,0.8332196452933152,0.7462919594067136,0.2607260726072607,4.8453333333333335,2932,2443,1500
synthetic_simulation,corrupt_root_prob,0.2,0,1000,0,none,0.7373333333333333,0.048666666666666664,0.0,0.0,0.7186115214180206,0.0,3.2,0,0,1500
synthetic_simulation,corrupt_root_prob,0.2,0,1000,0,random,0.766,0.027333333333333334,3.0,0.23,0.8124076809453471,0.07980295566502463,3.89,4500,1035,1500
synthetic_simulation,corrupt_root_prob,0.2,0,1000,0,uncertainty,0.76,0.05,1.3366666666666667,0.23940149625935161,0.7149187592319055,0.006896551724137931,3.52,2005,480,1500
synthetic_simulation,corrupt_root_prob,0.2,0,1000,0,lineage,0.7606666666666667,0.028666666666666667,0.262,0.910941475826972,0.7784342688330872,0.0,3.4386666666666668,393,358,1500
synthetic_simulation,corrupt_root_prob,0.2,0,1000,0,continual,0.806,0.04066666666666666,2.1293333333333333,0.8299937382592361,0.7776957163958641,0.19310344827586207,4.967333333333333,3194,2651,1500
synthetic_simulation,corrupt_root_prob,0.2,0,1000,1,none,0.7333333333333333,0.043333333333333335,0.0,0.0,0.7248520710059172,0.0,3.172,0,0,1500
synthetic_simulation,corrupt_root_prob,0.2,0,1000,1,random,0.7553333333333333,0.03,3.0,0.22044444444444444,0.8121301775147929,0.06930693069306931,3.8333333333333335,4500,992,1500
synthetic_simulation,corrupt_root_prob,0.2,0,1000,1,uncertainty,0.7553333333333333,0.044,1.36,0.23088235294117648,0.7204142011834319,0.006930693069306931,3.486,2040,471,1500
synthetic_simulation,corrupt_root_prob,0.2,0,1000,1,lineage,0.7533333333333333,0.02266666666666667,0.264,0.9545454545454546,0.7936390532544378,0.0,3.424,396,378,1500
synthetic_simulation,corrupt_root_prob,0.2,0,1000,1,continual,0.7926666666666666,0.03266666666666666,2.162,0.8273203823620104,0.7921597633136095,0.18613861386138614,4.960666666666667,3243,2683,1500
synthetic_simulation,corrupt_root_prob,0.2,0,1000,2,none,0.742,0.04666666666666667,0.0,0.0,0.7273402674591382,0.0,3.236666666666667,0,0,1500
synthetic_simulation,corrupt_root_prob,0.2,0,1000,2,random,0.762,0.034,3.0,0.22155555555555556,0.8150074294205052,0.06856023506366307,3.9013333333333335,4500,997,1500
synthetic_simulation,corrupt_root_prob,0.2,0,1000,2,uncertainty,0.7433333333333333,0.04933333333333333,1.3653333333333333,0.2236328125,0.7228826151560178,0.007835455435847209,3.542,2048,458,1500
synthetic_simulation,corrupt_root_prob,0.2,0,1000,2,lineage,0.76,0.03133333333333333,0.24733333333333332,0.921832884097035,0.7786032689450223,0.0,3.4646666666666666,371,342,1500
synthetic_simulation,corrupt_root_prob,0.2,0,1000,2,continual,0.7966666666666666,0.04,2.114,0.8372753074739829,0.7726597325408618,0.1762977473065622,5.006666666666667,3171,2655,1500
synthetic_simulation,corrupt_root_prob,0.2,0,1000,3,none,0.746,0.04933333333333333,0.0,0.0,0.7054896142433235,0.0,3.2,0,0,1500
synthetic_simulation,corrupt_root_prob,0.2,0,1000,3,random,0.7686666666666667,0.028666666666666667,3.0,0.232,0.8137982195845698,0.08333333333333333,3.896,4500,1044,1500
synthetic_simulation,corrupt_root_prob,0.2,0,1000,3,uncertainty,0.77,0.050666666666666665,1.2706666666666666,0.23294858342077648,0.7032640949554896,0.0040650406504065045,3.496,1906,444,1500
synthetic_simulation,corrupt_root_prob,0.2,0,1000,3,lineage,0.7666666666666667,0.029333333333333333,0.25466666666666665,0.9450261780104712,0.7752225519287834,0.0,3.4406666666666665,382,361,1500
synthetic_simulation,corrupt_root_prob,0.2,0,1000,3,continual,0.8146666666666667,0.042,2.11,0.837914691943128,0.7744807121661721,0.18800813008130082,4.968,3165,2652,1500
synthetic_simulation,corrupt_root_prob,0.2,0,1000,4,none,0.7393333333333333,0.04733333333333333,0.0,0.0,0.7263157894736842,0.0,3.2373333333333334,0,0,1500
synthetic_simulation,corrupt_root_prob,0.2,0,1000,4,random,0.768,0.029333333333333333,3.0,0.22511111111111112,0.8203007518796992,0.08517034068136273,3.9126666666666665,4500,1013,1500
synthetic_simulation,corrupt_root_prob,0.2,0,1000,4,uncertainty,0.7526666666666667,0.04733333333333333,1.3193333333333332,0.21930267812026275,0.7255639097744361,0.003006012024048096,3.526666666666667,1979,434,1500
synthetic_simulation,corrupt_root_prob,0.2,0,1000,4,lineage,0.7546666666666667,0.028666666666666667,0.25066666666666665,0.9122340425531915,0.7834586466165413,0.0,3.466,376,343,1500
synthetic_simulation,corrupt_root_prob,0.2,0,1000,4,continual,0.8033333333333333,0.036,2.0986666666666665,0.832274459974587,0.7796992481203008,0.1843687374749499,4.984,3148,2620,1500
synthetic_simulation,corrupt_root_prob,0.2,0,1000,5,none,0.7306666666666667,0.046,0.0,0.0,0.706794682422452,0.0,3.2373333333333334,0,0,1500
synthetic_simulation,corrupt_root_prob,0.2,0,1000,5,random,0.748,0.035333333333333335,3.0,0.22355555555555556,0.8072378138847858,0.07336683417085427,3.908,4500,1006,1500
synthetic_simulation,corrupt_root_prob,0.2,0,1000,5,uncertainty,0.7473333333333333,0.04666666666666667,1.3406666666666667,0.23570363003480854,0.705317577548006,0.006030150753768844,3.5533333333333332,2011,474,1500
synthetic_simulation,corrupt_root_prob,0.2,0,1000,5,lineage,0.7386666666666667,0.028666666666666667,0.224,0.9345238095238095,0.7562776957163959,0.0,3.4466666666666668,336,314,1500
synthetic_simulation,corrupt_root_prob,0.2,0,1000,5,continual,0.8033333333333333,0.03333333333333333,2.0946666666666665,0.8465945257797581,0.7614475627769571,0.1728643216080402,5.010666666666666,3142,2660,1500
synthetic_simulation,corrupt_root_prob,0.2,0,1000,6,none,0.744,0.04133333333333333,0.0,0.0,0.7282204020848846,0.0,3.2046666666666668,0,0,1500
synthetic_simulation,corrupt_root_prob,0.2,0,1000,6,random,0.7773333333333333,0.025333333333333333,3.0,0.2311111111111111,0.813849590469099,0.06464646464646465,3.898,4500,1040,1500
synthetic_simulation,corrupt_root_prob,0.2,0,1000,6,uncertainty,0.7806666666666666,0.04133333333333333,1.358,0.24398625429553264,0.7252419955323902,0.00404040404040404,3.536,2037,497,1500
synthetic_simulation,corrupt_root_prob,0.2,0,1000,6,lineage,0.7666666666666667,0.024666666666666667,0.23866666666666667,0.9748603351955307,0.7810871183916605,0.0,3.437333333333333,358,349,1500
synthetic_simulation,corrupt_root_prob,0.2,0,1000,6,continual,0.8146666666666667,0.03266666666666666,2.0973333333333333,0.8413858868404323,0.7766195085629188,0.20707070707070707,4.969333333333333,3146,2647,1500
synthetic_simulation,corrupt_root_prob,0.2,0,1000,7,none,0.7473333333333333,0.042666666666666665,0.0,0.0,0.7338830584707646,0.0,3.262,0,0,1500
synthetic_simulation,corrupt_root_prob,0.2,0,1000,7,random,0.7613333333333333,0.032,3.0,0.22822222222222222,0.8178410794602698,0.07234886025768088,3.9466666666666668,4500,1027,1500
synthetic_simulation,corrupt_root_prob,0.2,0,1000,7,uncertainty,0.7693333333333333,0.044,1.3673333333333333,0.2311067771818625,0.7316341829085458,0.0019821605550049554,3.578,2051,474,1500
synthetic_simulation,corrupt_root_prob,0.2,0,1000,7,lineage,0.762,0.028,0.21666666666666667,0.9015384615384615,0.7916041979010495,0.0,3.457333333333333,325,293,1500
synthetic_simulation,corrupt_root_prob,0.2,0,1000,7,continual,0.8246666666666667,0.037333333333333336,2.1193333333333335,0.8361119849009122,0.7901049475262368,0.199207135777998,5.034,3179,2658,1500
synthetic_simulation,corrupt_root_prob,0.3,0,1000,0,none,0.6253333333333333,0.07466666666666667,0.0,0.0,0.751960085531005,0.0,3.2253333333333334,0,0,1500
synthetic_simulation,corrupt_root_prob,0.3,0,1000,0,random,0.636,0.052,3.0,0.2228888888888889,0.8503207412687099,0.04448398576512456,3.894,4500,1003,1500
synthetic_simulation,corrupt_root_prob,0.3,0,1000,0,uncertainty,0.6413333333333333,0.07533333333333334,1.5246666666666666,0.21687800612155664,0.7498218104062723,0.0035587188612099642,3.556,2287,496,1500
synthetic_simulation,corrupt_root_prob,0.3,0,1000,0,lineage,0.6333333333333333,0.04533333333333334,0.24666666666666667,0.927027027027027,0.8182466143977192,0.0,3.454,370,343,1500
synthetic_simulation,corrupt_root_prob,0.3,0,1000,0,continual,0.6793333333333333,0.06666666666666667,2.3173333333333335,0.8187571921749137,0.8232359230220955,0.10320284697508897,5.1226666666666665,3476,2846,1500
synthetic_simulation,corrupt_root_prob,0.3,0,1000,1,none,0.6133333333333333,0.078,0.0,0.0,0.7544483985765125,0.0,3.2006666666666668,0,0,1500
synthetic_simulation,corrupt_root_prob,0.3,0,1000,1,random,0.6293333333333333,0.059333333333333335,3.0,0.22155555555555556,0.8341637010676156,0.04097646033129904,3.8653333333333335,4500,997,1500
synthetic_simulation,corrupt_root_prob,0.3,0,1000,1,uncertainty,0.634,0.07933333333333334,1.5173333333333334,0.2390158172231986,0.7523131672597865,0.004359197907585004,3.5633333333333335,2276,544,1500
synthetic_simulation,corrupt_root_prob,0.3,0,1000,1,lineage,0.618,0.06133333333333333,0.24933333333333332,0.9385026737967914,0.8142348754448399,0.0,3.4346666666666668,374,351,1500
synthetic_simulation,corrupt_root_prob,0.3,0,1000,1,continual,0.6426666666666667,0.082,2.3226666666666667,0.8495981630309989,0.8128113879003559,0.10810810810810811,5.174,3484,2960,1500
synthetic_simulation,corrupt_root_prob,0.3,0,1000,2,none,0.6126666666666667,0.078,0.0,0.0,0.7682494684620836,0.0,3.262,0,0,1500
synthetic_simulation,corrupt_root_prob,0.3,0,1000,2,random,0.6253333333333333,0.058666666666666666,3.0,0.22466666666666665,0.8504606661941885,0.04325259515570934,3.936,4500,1011,1500
synthetic_simulation,corrupt_root_prob,0.3,0,1000,2,uncertainty,0.6273333333333333,0.08133333333333333,1.5786666666666667,0.23057432432432431,0.7654145995747696,0.004325259515570935,3.626,2368,546,1500
synthetic_simulation,corrupt_root_prob,0.3,0,1000,2,lineage,0.6233333333333333,0.05733333333333333,0.23933333333333334,0.9108635097493036,0.8199858256555634,0.0,3.48,359,327,1500
synthetic_simulation,corrupt_root_prob,0.3,0,1000,2,continual,0.676,0.08066666666666666,2.3153333333333332,0.8347250215951627,0.8199858256555634,0.11764705882352941,5.1946666666666665,3473,2899,1500
synthetic_simulation,corrupt_root_prob,0.3,0,1000,3,none,0.6593333333333333,0.07266666666666667,0.0,0.0,0.7741935483870968,0.0,3.244666666666667,0,0,1500
synthetic_simulation,corrupt_root_prob,0.3,0,1000,3,random,0.662,0.056666666666666664,3.0,0.22044444444444444,0.860931899641577,0.05290546400693842,3.906,4500,992,1500
synthetic_simulation,corrupt_root_prob,0.3,0,1000,3,uncertainty,0.6686666666666666,0.07466666666666667,1.536,0.21875,0.7706093189964157,0.004336513443191674,3.5806666666666667,2304,504,1500
synthetic_simulation,corrupt_root_prob,0.3,0,1000,3,lineage,0.6646666666666666,0.050666666666666665,0.24,0.8777777777777778,0.8329749103942652,0.0,3.4553333333333334,360,316,1500
synthetic_simulation,corrupt_root_prob,0.3,0,1000,3,continual,0.6993333333333334,0.07133333333333333,2.3373333333333335,0.8334284084426697,0.8351254480286738,0.1222896790980052,5.192666666666667,3506,2922,1500
synthetic_simulation,corrupt_root_prob,0.3,0,1000,4,none,0.6233333333333333,0.08933333333333333,0.0,0.0,0.740819209039548,0.0,3.248,0,0,1500
synthetic_simulation,corrupt_root_prob,0.3,0,1000,4,random,0.6533333333333333,0.06266666666666666,3.0,0.21977777777777777,0.8389830508474576,0.05536028119507909,3.9073333333333333,4500,989,1500
synthetic_simulation,corrupt_root_prob,0.3,0,1000,4,uncertainty,0.6433333333333333,0.09,1.4246666666666667,0.23537669630322883,0.7372881355932204,0.005272407732864675,3.5833333333333335,2137,503,1500
synthetic_simulation,corrupt_root_prob,0.3,0,1000,4,lineage,0.6393333333333333,0.059333333333333335,0.242,0.953168044077135,0.8100282485875706,0.0,3.478666666666667,363,346,1500
synthetic_simulation,corrupt_root_prob,0.3,0,1000,4,continual,0.674,0.08066666666666666,2.3013333333333335,0.8232908458864426,0.809322033898305,0.11072056239015818,5.142666666666667,3452,2842,1500
synthetic_simulation,corrupt_root_prob,0.3,0,1000,5,none,0.642,0.09266666666666666,0.0,0.0,0.7365783822476736,0.0,3.194,0,0,1500
synthetic_simulation,corrupt_root_prob,0.3,0,1000,5,random,0.6593333333333333,0.07066666666666667,3.0,0.22444444444444445,0.8418038654259127,0.03605980650835532,3.8673333333333333,4500,1010,1500
synthetic_simulation,corrupt_root_prob,0.3,0,1000,5,uncertainty,0.6593333333333333,0.09266666666666666,1.4766666666666666,0.2401805869074492,0.7322834645669292,0.0079155672823219,3.5486666666666666,2215,532,1500
synthetic_simulation,corrupt_root_prob,0.3,0,1000,5,lineage,0.652,0.06733333333333333,0.25133333333333335,0.8992042440318302,0.7995705082319255,0.0,3.42,377,339,1500
synthetic_simulation,corrupt_root_prob,0.3,0,1000,5,continual,0.6893333333333334,0.08533333333333333,2.2853333333333334,0.8334305717619603,0.8031496062992126,0.11873350923482849,5.0986666666666665,3428,2857,1500
synthetic_simulation,corrupt_root_prob,0.3,0,1000,6,none,0.6446666666666667,0.07466666666666667,0.0,0.0,0.7686357243319268,0.0,3.236666666666667,0,0,1500
synthetic_simulation,corrupt_root_prob,0.3,0,1000,6,random,0.6586666666666666,0.05466666666666667,3.0,0.22822222222222222,0.8727144866385372,0.051457975986277875,3.921333333333333,4500,1027,1500
synthetic_simulation,corrupt_root_prob,0.3,0,1000,6,uncertainty,0.6546666666666666,0.07533333333333334,1.5006666666666666,0.24122612172367836,0.7672292545710268,0.002572898799313894,3.5986666666666665,2251,543,1500
synthetic_simulation,corrupt_root_prob,0.3,0,1000,6,lineage,0.654,0.04733333333333333,0.24933333333333332,0.9010695187165776,0.8368495077355836,0.0,3.461333333333333,374,337,1500
synthetic_simulation,corrupt_root_prob,0.3,0,1000,6,continual,0.688,0.07266666666666667,2.3773333333333335,0.8227706113292205,0.8347398030942335,0.11320754716981132,5.192666666666667,3566,2934,1500
synthetic_simulation,corrupt_root_prob,0.3,0,1000,7,none,0.6306666666666667,0.07866666666666666,0.0,0.0,0.7590876692801141,0.0,3.2046666666666668,0,0,1500
synthetic_simulation,corrupt_root_prob,0.3,0,1000,7,random,0.6493333333333333,0.05533333333333333,3.0,0.228,0.857448325017819,0.044386422976501305,3.8886666666666665,4500,1026,1500
synthetic_simulation,corrupt_root_prob,0.3,0,1000,7,uncertainty,0.6413333333333333,0.08133333333333333,1.512,0.21693121693121692,0.7526728439059159,0.006092254134029591,3.5326666666666666,2268,492,1500
synthetic_simulation,corrupt_root_prob,0.3,0,1000,7,lineage,0.64,0.051333333333333335,0.26,0.9179487179487179,0.8218104062722738,0.0,3.4433333333333334,390,358,1500
synthetic_simulation,corrupt_root_prob,0.3,0,1000,7,continual,0.6733333333333333,0.072,2.332,0.8253287592910235,0.8210976478973628,0.12445604873803308,5.129333333333333,3498,2887,1500
synthetic_simulation,root_zipf_exponent,0.0,0,1000,0,none,0.836,0.012,0.0,0.0,0.8186813186813187,0.0,4.102,0,0,1500
synthetic_simulation,root_zipf_exponent,0.0,0,1000,0,random,0.8573333333333333,0.013333333333333334,3.0,0.3237777777777778,0.9050235478806907,0.17869034406215317,5.073333333333333,4500,1457,1500
synthetic_simulation,root_zipf_exponent,0.0,0,1000,0,uncertainty,0.8606666666666667,0.012,1.0326666666666666,0.34021949644932215,0.8186813186813187,0.011098779134295227,4.453333333333333,1549,527,1500
synthetic_simulation,root_zipf_exponent,0.0,0,1000,0,lineage,0.8366666666666667,0.011333333333333334,0.044,0.5909090909090909,0.8210361067503925,0.0,4.128,66,39,1500
synthetic_simulation,root_zipf_exponent,0.0,0,1000,0,continual,0.886,0.012666666666666666,1.918,0.7413972888425443,0.8241758241758241,0.22308546059933407,5.524,2877,2133,1500
synthetic_simulation,root_zipf_exponent,0.0,0,1000,1,none,0.8226666666666667,0.014,0.0,0.0,0.8262218774243599,0.0,4.097333333333333,0,0,1500
synthetic_simulation,root_zipf_exponent,0.0,0,1000,1,random,0.842,0.012,3.0,0.32133333333333336,0.899922420480993,0.15575620767494355,5.061333333333334,4500,1446,1500
synthetic_simulation,root_zipf_exponent,0.0,0,1000,1,uncertainty,0.854,0.014666666666666666,1.038,0.3230571612074502,0.8262218774243599,0.006772009029345372,4.432666666666667,1557,503,1500
synthetic_simulation,root_zipf_exponent,0.0,0,1000,1,lineage,0.822,0.012666666666666666,0.05533333333333333,0.5301204819277109,0.834755624515128,0.0,4.126666666666667,83,44,1500
synthetic_simulation,root_zipf_exponent,0.0,0,1000,1,continual,0.8753333333333333,0.012666666666666666,1.92,0.7302083333333333,0.8332040341349883,0.19751693002257337,5.499333333333333,2880,2103,1500
synthetic_simulation,root_zipf_exponent,0.0,0,1000,2,none,0.832,0.018,0.0,0.0,0.8115141955835962,0.0,4.07,0,0,1500
synthetic_simulation,root_zipf_exponent,0.0,0,1000,2,random,0.86,0.017333333333333333,3.0,0.3337777777777778,0.8998422712933754,0.1769406392694064,5.0713333333333335,4500,1502,1500
synthetic_simulation,root_zipf_exponent,0.0,0,1000,2,uncertainty,0.8473333333333334,0.018666666666666668,1.038,0.33269107257546565,0.8115141955835962,0.00684931506849315,4.415333333333334,1557,518,1500
synthetic_simulation,root_zipf_exponent,0.0,0,1000,2,lineage,0.8346666666666667,0.016,0.044,0.7272727272727273,0.8209779179810726,0.0,4.102,66,48,1500
synthetic_simulation,root_zipf_exponent,0.0,0,1000,2,continual,0.8693333333333333,0.015333333333333332,1.86,0.7494623655913979,0.8217665615141956,0.2089041095890411,5.464,2790,2091,1500
synthetic_simulation,root_zipf_exponent,0.0,0,1000,3,none,0.8353333333333334,0.010666666666666666,0.0,0.0,0.8166926677067082,0.0,4.078,0,0,1500
synthetic_simulation,root_zipf_exponent,0.0,0,1000,3,random,0.8553333333333333,0.004,3.0,0.3264444444444444,0.9017160686427457,0.15124153498871332,5.057333333333333,4500,1469,1500
synthetic_simulation,root_zipf_exponent,0.0,0,1000,3,uncertainty,0.864,0.010666666666666666,1.0933333333333333,0.3310975609756098,0.8151326053042122,0.009029345372460496,4.44,1640,543,1500
synthetic_simulation,root_zipf_exponent,0.0,0,1000,3,lineage,0.8366666666666667,0.009333333333333334,0.04733333333333333,0.5774647887323944,0.8213728549141965,0.0,4.105333333333333,71,41,1500
synthetic_simulation,root_zipf_exponent,0.0,0,1000,3,continual,0.8946666666666667,0.009333333333333334,1.9053333333333333,0.738628411476557,0.8205928237129485,0.1963882618510158,5.485333333333333,2858,2111,1500
synthetic_simulation,root_zipf_exponent,0.0,0,1000,4,none,0.82,0.016666666666666666,0.0,0.0,0.8188976377952756,0.0,4.1273333333333335,0,0,1500
synthetic_simulation,root_zipf_exponent,0.0,0,1000,4,random,0.848,0.012,3.0,0.3231111111111111,0.8881889763779528,0.17206703910614526,5.096666666666667,4500,1454,1500
synthetic_simulation,root_zipf_exponent,0.0,0,1000,4,uncertainty,0.8526666666666667,0.016666666666666666,1.048,0.3333333333333333,0.8188976377952756,0.01005586592178771,4.476666666666667,1572,524,1500
synthetic_simulation,root_zipf_exponent,0.0,0,1000,4,lineage,0.8246666666666667,0.016666666666666666,0.044,0.6363636363636364,0.8244094488188977,0.0011173184357541898,4.155333333333333,66,42,1500
synthetic_simulation,root_zipf_exponent,0.0,0,1000,4,continual,0.8866666666666667,0.016,1.908,0.7274633123689728,0.8259842519685039,0.21340782122905028,5.515333333333333,2862,2082,1500
synthetic_simulation,root_zipf_exponent,0.0,0,1000,5,none,0.8326666666666667,0.010666666666666666,0.0,0.0,0.8201267828843106,0.0,4.1386666666666665,0,0,1500
synthetic_simulation,root_zipf_exponent,0.0,0,1000,5,random,0.87,0.010666666666666666,3.0,0.32511111111111113,0.9025356576862124,0.1839080459770115,5.114,4500,1463,1500
synthetic_simulation,root_zipf_exponent,0.0,0,1000,5,uncertainty,0.8613333333333333,0.012,1.0266666666666666,0.32142857142857145,0.8177496038034865,0.010344827586206896,4.468666666666667,1540,495,1500
synthetic_simulation,root_zipf_exponent,0.0,0,1000,5,lineage,0.8373333333333334,0.009333333333333334,0.04466666666666667,0.5522388059701493,0.8248811410459588,0.0,4.163333333333333,67,37,1500
synthetic_simulation,root_zipf_exponent,0.0,0,1000,5,continual,0.8813333333333333,0.009333333333333334,1.836,0.7378358750907771,0.8248811410459588,0.21954022988505748,5.493333333333333,2754,2032,1500
synthetic_simulation,root_zipf_exponent,0.0,0,1000,6,none,0.8286666666666667,0.014,0.0,0.0,0.8161538461538461,0.0,4.174666666666667,0,0,1500
synthetic_simulation,root_zipf_exponent,0.0,0,1000,6,random,0.85,0.01,3.0,0.3297777777777778,0.9107692307692308,0.16,5.164,4500,1484,1500
synthetic_simulation,root_zipf_exponent,0.0,0,1000,6,uncertainty,0.852,0.014,1.0986666666666667,0.3446601941747573,0.8161538461538461,0.011111111111111112,4.553333333333334,1648,568,1500
synthetic_simulation,root_zipf_exponent,0.0,0,1000,6,lineage,0.83,0.013333333333333334,0.04933333333333333,0.47297297297297297,0.82,0.0,4.198,74,35,1500
synthetic_simulation,root_zipf_exponent,0.0,0,1000,6,continual,0.874,0.014666666666666666,1.926,0.7518172377985463,0.8223076923076923,0.19777777777777777,5.6226666666666665,2889,2172,1500
synthetic_simulation,root_zipf_exponent,0.0,0,1000,7,none,0.8446666666666667,0.012666666666666666,0.0,0.0,0.8333333333333334,0.0,4.1113333333333335,0,0,1500
synthetic_simulation,root_zipf_exponent,0.0,0,1000,7,random,0.8573333333333333,0.014,3.0,0.32844444444444443,0.9174454828660437,0.16234498308906425,5.096666666666667,4500,1478,1500
synthetic_simulation,root_zipf_exponent,0.0,0,1000,7,uncertainty,0.868,0.013333333333333334,1.0233333333333334,0.3289902280130293,0.8333333333333334,0.006764374295377677,4.448,1535,505,1500
synthetic_simulation,root_zipf_exponent,0.0,0,1000,7,lineage,0.848,0.012,0.04466666666666667,0.6417910447761194,0.8403426791277259,0.0,4.14,67,43,1500
synthetic_simulation,root_zipf_exponent,0.0,0,1000,7,continual,0.888,0.012,1.922,0.723551855705862,0.839563862928349,0.20067643742953778,5.502,2883,2086,1500
synthetic_simulation,root_zipf_exponent,0.6,0,1000,0,none,0.8246666666666667,0.02,0.0,0.0,0.8086274509803921,0.0,3.9133333333333336,0,0,1500
synthetic_simulation,root_zipf_exponent,0.6,0,1000,0,random,0.852,0.012666666666666666,3.0,0.29088888888888886,0.88,0.16630901287553648,4.786,4500,1309,1500
synthetic_simulation,root_zipf_exponent,0.6,0,1000,0,uncertainty,0.8493333333333334,0.020666666666666667,1.058,0.3011972274732199,0.8086274509803921,0.009656652360515022,4.232,1587,478,1500
synthetic_simulation,root_zipf_exponent,0.6,0,1000,0,lineage,0.8273333333333334,0.017333333333333333,0.06666666666666667,0.74,0.8180392156862745,0.0,3.962666666666667,100,74,1500
synthetic_simulation,root_zipf_exponent,0.6,0,1000,0,continual,0.8753333333333333,0.017333333333333333,1.9453333333333334,0.7676490747087046,0.8149019607843138,0.2553648068669528,5.406666666666666,2918,2240,1500
synthetic_simulation,root_zipf_exponent,0.6,0,1000,1,none,0.8326666666666667,0.015333333333333332,0.0,0.0,0.796124031007752,0.0,3.9106666666666667,0,0,1500
synthetic_simulation,root_zipf_exponent,0.6,0,1000,1,random,0.8566666666666667,0.014,3.0,0.29155555555555557,0.8837209302325582,0.15600448933782268,4.785333333333333,4500,1312,1500
synthetic_simulation,root_zipf_exponent,0.6,0,1000,1,uncertainty,0.8553333333333333,0.016666666666666666,1.0666666666666667,0.296875,0.7937984496124031,0.008978675645342313,4.227333333333333,1600,475,1500
synthetic_simulation,root_zipf_exponent,0.6,0,1000,1,lineage,0.838,0.014,0.078,0.6666666666666666,0.8046511627906977,0.0,3.962666666666667,117,78,1500
synthetic_simulation,root_zipf_exponent,0.6,0,1000,1,continual,0.8826666666666667,0.016666666666666666,1.8773333333333333,0.7638494318181818,0.8054263565891473,0.21885521885521886,5.344666666666667,2816,2151,1500
synthetic_simulation,root_zipf_exponent,0.6,0,1000,2,none,0.814,0.016666666666666666,0.0,0.0,0.7872340425531915,0.0,3.934,0,0,1500
synthetic_simulation,root_zipf_exponent,0.6,0,1000,2,random,0.8406666666666667,0.012,3.0,0.30377777777777776,0.8699763593380615,0.15349887133182843,4.8453333333333335,4500,1367,1500
synthetic_simulation,root_zipf_exponent,0.6,0,1000,2,uncertainty,0.8393333333333334,0.016666666666666666,1.088,0.29044117647058826,0.7872340425531915,0.009029345372460496,4.25,1632,474,1500
synthetic_simulation,root_zipf_exponent,0.6,0,1000,2,lineage,0.82,0.014,0.050666666666666665,0.7631578947368421,0.797478329393223,0.0,3.9726666666666666,76,58,1500
synthetic_simulation,root_zipf_exponent,0.6,0,1000,2,continual,0.8726666666666667,0.016666666666666666,1.8426666666666667,0.7803907380607815,0.7919621749408984,0.1930022573363431,5.372,2764,2157,1500
synthetic_simulation,root_zipf_exponent,0.6,0,1000,3,none,0.8253333333333334,0.01,0.0,0.0,0.8087431693989071,0.0,3.876,0,0,1500
synthetic_simulation,root_zipf_exponent,0.6,0,1000,3,random,0.8386666666666667,0.01,3.0,0.3075555555555556,0.892271662763466,0.14473684210526316,4.798666666666667,4500,1384,1500
synthetic_simulation,root_zipf_exponent,0.6,0,1000,3,uncertainty,0.8573333333333333,0.010666666666666666,1.0913333333333333,0.3188759926695174,0.8087431693989071,0.008771929824561403,4.224,1637,522,1500
synthetic_simulation,root_zipf_exponent,0.6,0,1000,3,lineage,0.826,0.006,0.07333333333333333,0.7272727272727273,0.8188914910226386,0.0,3.929333333333333,110,80,1500
synthetic_simulation,root_zipf_exponent,0.6,0,1000,3,continual,0.898,0.007333333333333333,1.9186666666666667,0.7734537873523281,0.8165495706479313,0.2149122807017544,5.36,2878,2226,1500
synthetic_simulation,root_zipf_exponent,0.6,0,1000,4,none,0.8126666666666666,0.014,0.0,0.0,0.7933753943217665,0.0,3.946,0,0,1500
synthetic_simulation,root_zipf_exponent,0.6,0,1000,4,random,0.836,0.014,3.0,0.3035555555555556,0.886435331230284,0.17488789237668162,4.8566666666666665,4500,1366,1500
synthetic_simulation,root_zipf_exponent,0.6,0,1000,4,uncertainty,0.8446666666666667,0.014666666666666666,1.06,0.30566037735849055,0.7933753943217665,0.007847533632286996,4.27,1590,486,1500
synthetic_simulation,root_zipf_exponent,0.6,0,1000,4,lineage,0.818,0.01,0.06333333333333334,0.7473684210526316,0.8099369085173501,0.0011210762331838565,3.993333333333333,95,71,1500
synthetic_simulation,root_zipf_exponent,0.6,0,1000,4,continual,0.8846666666666667,0.018,1.8693333333333333,0.7574893009985735,0.8091482649842271,0.2320627802690583,5.362,2804,2124,1500
synthetic_simulation,root_zipf_exponent,0.6,0,1000,5,none,0.8166666666666667,0.018,0.0,0.0,0.7812995245641838,0.0,3.912,0,0,1500
synthetic_simulation,root_zipf_exponent,0.6,0,1000,5,random,0.8526666666666667,0.011333333333333334,3.0,0.30333333333333334,0.8748019017432647,0.16799091940976163,4.822,4500,1365,1500
synthetic_simulation,root_zipf_exponent,0.6,0,1000,5,uncertainty,0.8553333333333333,0.018666666666666668,1.012,0.3115942028985507,0.7805071315372425,0.007945516458569807,4.227333333333333,1518,473,1500
synthetic_simulation,root_zipf_exponent,0.6,0,1000,5,lineage,0.8233333333333334,0.015333333333333332,0.06333333333333334,0.6842105263157895,0.7939778129952456,0.0,3.9553333333333334,95,65,1500
synthetic_simulation,root_zipf_exponent,0.6,0,1000,5,continual,0.8733333333333333,0.016666666666666666,1.82,0.7695970695970696,0.7908082408874801,0.24404086265607264,5.312666666666667,2730,2101,1500
synthetic_simulation,root_zipf_exponent,0.6,0,1000,6,none,0.8206666666666667,0.024,0.0,0.0,0.788135593220339,0.0,3.97,0,0,1500
synthetic_simulation,root_zipf_exponent,0.6,0,1000,6,random,0.844,0.012666666666666666,3.0,0.3051111111111111,0.8813559322033898,0.17271727172717272,4.8853333333333335,4500,1373,1500
synthetic_simulation,root_zipf_exponent,0.6,0,1000,6,uncertainty,0.852,0.024,1.0693333333333332,0.3167082294264339,0.788135593220339,0.007700770077007701,4.308666666666666,1604,508,1500
synthetic_simulation,root_zipf_exponent,0.6,0,1000,6,lineage,0.824,0.018666666666666668,0.07466666666666667,0.6607142857142857,0.802773497688752,0.0,4.019333333333333,112,74,1500
synthetic_simulation,root_zipf_exponent,0.6,0,1000,6,continual,0.8813333333333333,0.02266666666666667,1.9133333333333333,0.7857142857142857,0.8012326656394453,0.2145214521452145,5.473333333333334,2870,2255,1500
synthetic_simulation,root_zipf_exponent,0.6,0,1000,7,none,0.828,0.013333333333333334,0.0,0.0,0.7946916471506635,0.0,3.912,0,0,1500
synthetic_simulation,root_zipf_exponent,0.6,0,1000,7,random,0.852,0.012,3.0,0.30644444444444446,0.8852459016393442,0.16849015317286653,4.831333333333333,4500,1379,1500
synthetic_simulation,root_zipf_exponent,0.6,0,1000,7,uncertainty,0.8513333333333334,0.014666666666666666,1.0586666666666666,0.2947103274559194,0.7931303669008587,0.01312910284463895,4.224,1588,468,1500
synthetic_simulation,root_zipf_exponent,0.6,0,1000,7,lineage,0.8353333333333334,0.012,0.068,0.7647058823529411,0.8095238095238095,0.0,3.964,102,78,1500
synthetic_simulation,root_zipf_exponent,0.6,0,1000,7,continual,0.8926666666666667,0.012,1.914,0.7533960292580982,0.8056206088992974,0.21444201312910285,5.354,2871,2163,1500
synthetic_simulation,root_zipf_exponent,1.0,0,1000,0,none,0.8006666666666666,0.024,0.0,0.0,0.7635506677140613,0.0,3.5986666666666665,0,0,1500
synthetic_simulation,root_zipf_exponent,1.0,0,1000,0,random,0.8233333333333334,0.015333333333333332,3.0,0.2531111111111111,0.8413197172034564,0.14486486486486486,4.358,4500,1139,1500
synthetic_simulation,root_zipf_exponent,1.0,0,1000,0,uncertainty,0.8306666666666667,0.024666666666666667,1.1093333333333333,0.27584134615384615,0.762765121759623,0.0075675675675675675,3.9046666666666665,1664,459,1500
synthetic_simulation,root_zipf_exponent,1.0,0,1000,0,lineage,0.8093333333333333,0.015333333333333332,0.12866666666666668,0.8704663212435233,0.7926158680282797,0.0,3.7106666666666666,193,168,1500
synthetic_simulation,root_zipf_exponent,1.0,0,1000,0,continual,0.872,0.022,1.942,0.8022657054582905,0.7871170463472114,0.24432432432432433,5.156666666666666,2913,2337,1500
synthetic_simulation,root_zipf_exponent,1.0,0,1000,1,none,0.8166666666666667,0.023333333333333334,0.0,0.0,0.7331264546159814,0.0,3.618,0,0,1500
synthetic_simulation,root_zipf_exponent,1.0,0,1000,1,random,0.84,0.015333333333333332,3.0,0.25155555555555553,0.8339798293250582,0.12741751990898748,4.3726666666666665,4500,1132,1500
synthetic_simulation,root_zipf_exponent,1.0,0,1000,1,uncertainty,0.8373333333333334,0.024666666666666667,1.0486666666666666,0.2530197075651621,0.7292474786656322,0.011376564277588168,3.8833333333333333,1573,398,1500
synthetic_simulation,root_zipf_exponent,1.0,0,1000,1,lineage,0.826,0.018,0.132,0.8080808080808081,0.7657098525989139,0.0,3.724666666666667,198,160,1500
synthetic_simulation,root_zipf_exponent,1.0,0,1000,1,continual,0.8733333333333333,0.016,1.8746666666666667,0.7951635846372689,0.7641582622187743,0.22866894197952217,5.108666666666666,2812,2236,1500
synthetic_simulation,root_zipf_exponent,1.0,0,1000,2,none,0.8133333333333334,0.021333333333333333,0.0,0.0,0.7575039494470774,0.0,3.6213333333333333,0,0,1500
synthetic_simulation,root_zipf_exponent,1.0,0,1000,2,random,0.8373333333333334,0.014666666666666666,3.0,0.26666666666666666,0.8467614533965245,0.14748603351955308,4.421333333333333,4500,1200,1500
synthetic_simulation,root_zipf_exponent,1.0,0,1000,2,uncertainty,0.8386666666666667,0.02266666666666667,1.0533333333333332,0.289873417721519,0.7551342812006319,0.008938547486033519,3.9266666666666667,1580,458,1500
synthetic_simulation,root_zipf_exponent,1.0,0,1000,2,lineage,0.8226666666666667,0.014,0.11533333333333333,0.8959537572254336,0.7851500789889415,0.0,3.724666666666667,173,155,1500
synthetic_simulation,root_zipf_exponent,1.0,0,1000,2,continual,0.8693333333333333,0.016666666666666666,1.874,0.8110992529348986,0.7851500789889415,0.2547486033519553,5.141333333333334,2811,2280,1500
synthetic_simulation,root_zipf_exponent,1.0,0,1000,3,none,0.8253333333333334,0.012666666666666666,0.0,0.0,0.7541111981205951,0.0,3.574666666666667,0,0,1500
synthetic_simulation,root_zipf_exponent,1.0,0,1000,3,random,0.8506666666666667,0.010666666666666666,3.0,0.26355555555555554,0.836335160532498,0.11668484187568157,4.365333333333333,4500,1186,1500
synthetic_simulation,root_zipf_exponent,1.0,0,1000,3,uncertainty,0.85,0.012666666666666666,1.142,0.27378867483946295,0.7533281127642913,0.007633587786259542,3.8873333333333333,1713,469,1500
synthetic_simulation,root_zipf_exponent,1.0,0,1000,3,lineage,0.8393333333333334,0.005333333333333333,0.134,0.8557213930348259,0.7783868441660141,0.0,3.6893333333333334,201,172,1500
synthetic_simulation,root_zipf_exponent,1.0,0,1000,3,continual,0.884,0.011333333333333334,1.92,0.8013888888888889,0.7776037588097102,0.2366412213740458,5.113333333333333,2880,2308,1500
synthetic_simulation,root_zipf_exponent,1.0,0,1000,4,none,0.806,0.023333333333333334,0.0,0.0,0.7586750788643533,0.0,3.6246666666666667,0,0,1500
synthetic_simulation,root_zipf_exponent,1.0,0,1000,4,random,0.8373333333333334,0.016,3.0,0.26755555555555555,0.8462145110410094,0.1270718232044199,4.427333333333333,4500,1204,1500
synthetic_simulation,root_zipf_exponent,1.0,0,1000,4,uncertainty,0.8293333333333334,0.023333333333333334,1.1153333333333333,0.26718469814704127,0.7586750788643533,0.0066298342541436465,3.9226666666666667,1673,447,1500
synthetic_simulation,root_zipf_exponent,1.0,0,1000,4,lineage,0.816,0.014,0.128,0.875,0.7894321766561514,0.0011049723756906078,3.736666666666667,192,168,1500
synthetic_simulation,root_zipf_exponent,1.0,0,1000,4,continual,0.8786666666666667,0.019333333333333334,1.9026666666666667,0.8097407147862649,0.7886435331230284,0.25082872928176797,5.165333333333334,2854,2311,1500
synthetic_simulation,root_zipf_exponent,1.0,0,1000,5,none,0.8206666666666667,0.023333333333333334,0.0,0.0,0.7545671167593329,0.0,3.596,0,0,1500
synthetic_simulation,root_zipf_exponent,1.0,0,1000,5,random,0.8393333333333334,0.014666666666666666,3.0,0.26644444444444443,0.8498808578236696,0.1206140350877193,4.395333333333333,4500,1199,1500
synthetic_simulation,root_zipf_exponent,1.0,0,1000,5,uncertainty,0.8453333333333334,0.023333333333333334,1.0913333333333333,0.2620647525962126,0.7537728355837967,0.005482456140350877,3.882,1637,429,1500
synthetic_simulation,root_zipf_exponent,1.0,0,1000,5,lineage,0.8273333333333334,0.019333333333333334,0.11666666666666667,0.8285714285714286,0.7736298649722002,0.0,3.6926666666666668,175,145,1500
synthetic_simulation,root_zipf_exponent,1.0,0,1000,5,continual,0.8793333333333333,0.016666666666666666,1.8906666666666667,0.8184062059238364,0.7847498014297061,0.2675438596491228,5.1433333333333335,2836,2321,1500
synthetic_simulation,root_zipf_exponent,1.0,0,1000,6,none,0.8086666666666666,0.022,0.0,0.0,0.7521235521235521,0.0,3.6266666666666665,0,0,1500
synthetic_simulation,root_zipf_exponent,1.0,0,1000,6,random,0.8313333333333334,0.014,3.0,0.2617777777777778,0.8447876447876448,0.13915857605177995,4.412,4500,1178,1500
synthetic_simulation,root_zipf_exponent,1.0,0,1000,6,uncertainty,0.8246666666666667,0.02266666666666667,1.0813333333333333,0.28298397040690504,0.7513513513513513,0.004314994606256742,3.9326666666666665,1622,459,1500
synthetic_simulation,root_zipf_exponent,1.0,0,1000,6,lineage,0.8133333333333334,0.013333333333333334,0.13266666666666665,0.8140703517587939,0.7745173745173746,0.0,3.7346666666666666,199,162,1500
synthetic_simulation,root_zipf_exponent,1.0,0,1000,6,continual,0.8633333333333333,0.02,1.938,0.8224974200206399,0.7776061776061776,0.2513484358144552,5.220666666666666,2907,2391,1500
synthetic_simulation,root_zipf_exponent,1.0,0,1000,7,none,0.814,0.017333333333333333,0.0,0.0,0.753125,0.0,3.584,0,0,1500
synthetic_simulation,root_zipf_exponent,1.0,0,1000,7,random,0.852,0.009333333333333334,3.0,0.27311111111111114,0.85703125,0.11842105263157894,4.403333333333333,4500,1229,1500
synthetic_simulation,root_zipf_exponent,1.0,0,1000,7,uncertainty,0.838,0.017333333333333333,1.142,0.26911850554582606,0.75234375,0.006578947368421052,3.8913333333333333,1713,461,1500
synthetic_simulation,root_zipf_exponent,1.0,0,1000,7,lineage,0.8253333333333334,0.012,0.12733333333333333,0.8743455497382199,0.77734375,0.0,3.695333333333333,191,167,1500
synthetic_simulation,root_zipf_exponent,1.0,0,1000,7,continual,0.8786666666666667,0.014666666666666666,1.918,0.7924921793534933,0.775,0.23135964912280702,5.104,2877,2280,1500
synthetic_simulation,root_zipf_exponent,1.35,1,1000,0,none,0.8046666666666666,0.029333333333333333,0.0,0.0,0.7026813880126183,0.0,3.2106666666666666,0,0,1500
synthetic_simulation,root_zipf_exponent,1.35,1,1000,0,random,0.8226666666666667,0.018666666666666668,3.0,0.23133333333333334,0.7910094637223974,0.11441144114411442,3.9046666666666665,4500,1041,1500
synthetic_simulation,root_zipf_exponent,1.35,1,1000,0,uncertainty,0.8213333333333334,0.03,1.1846666666666668,0.2312886888013506,0.7018927444794952,0.005500550055005501,3.4846666666666666,1777,411,1500
synthetic_simulation,root_zipf_exponent,1.35,1,1000,0,lineage,0.8273333333333334,0.016,0.25466666666666665,0.93717277486911,0.7563091482649842,0.0,3.449333333333333,382,358,1500
synthetic_simulation,root_zipf_exponent,1.35,1,1000,0,continual,0.8786666666666667,0.02266666666666667,1.9713333333333334,0.8363205951978356,0.7476340694006309,0.28272827282728275,4.859333333333334,2957,2473,1500
synthetic_simulation,root_zipf_exponent,1.35,1,1000,1,none,0.806,0.026,0.0,0.0,0.6978021978021978,0.0,3.2293333333333334,0,0,1500
synthetic_simulation,root_zipf_exponent,1.35,1,1000,1,random,0.824,0.014,3.0,0.22511111111111112,0.793563579277865,0.10556186152099886,3.9046666666666665,4500,1013,1500
synthetic_simulation,root_zipf_exponent,1.35,1,1000,1,uncertainty,0.8246666666666667,0.026,1.166,0.22355631789594055,0.6946624803767661,0.00681044267877412,3.49,1749,391,1500
synthetic_simulation,root_zipf_exponent,1.35,1,1000,1,lineage,0.822,0.016666666666666666,0.25133333333333335,0.9045092838196287,0.7456828885400314,0.0,3.4566666666666666,377,341,1500
synthetic_simulation,root_zipf_exponent,1.35,1,1000,1,continual,0.8753333333333333,0.022,1.926,0.8386985115957079,0.7472527472527473,0.246311010215664,4.844666666666667,2889,2423,1500
synthetic_simulation,root_zipf_exponent,1.35,1,1000,2,none,0.8053333333333333,0.028,0.0,0.0,0.6963434022257552,0.0,3.240666666666667,0,0,1500
synthetic_simulation,root_zipf_exponent,1.35,1,1000,2,random,0.8293333333333334,0.018666666666666668,3.0,0.22266666666666668,0.8124006359300477,0.09453302961275627,3.9086666666666665,4500,1002,1500
synthetic_simulation,root_zipf_exponent,1.35,1,1000,2,uncertainty,0.8293333333333334,0.029333333333333333,1.1146666666666667,0.22966507177033493,0.6947535771065183,0.0056947608200455585,3.4966666666666666,1672,384,1500
synthetic_simulation,root_zipf_exponent,1.35,1,1000,2,lineage,0.8233333333333334,0.013333333333333334,0.23266666666666666,0.9484240687679083,0.7591414944356121,0.0,3.461333333333333,349,331,1500
synthetic_simulation,root_zipf_exponent,1.35,1,1000,2,continual,0.866,0.018666666666666668,1.902,0.8412197686645636,0.7511923688394276,0.2642369020501139,4.8406666666666665,2853,2400,1500
synthetic_simulation,root_zipf_exponent,1.35,1,1000,3,none,0.8106666666666666,0.030666666666666665,0.0,0.0,0.6883830455259027,0.0,3.199333333333333,0,0,1500
synthetic_simulation,root_zipf_exponent,1.35,1,1000,3,random,0.8313333333333334,0.014,3.0,0.2268888888888889,0.7912087912087912,0.09173272933182333,3.88,4500,1021,1500
synthetic_simulation,root_zipf_exponent,1.35,1,1000,3,uncertainty,0.8273333333333334,0.030666666666666665,1.178,0.22014714204867006,0.6868131868131868,0.006795016987542469,3.458666666666667,1767,389,1500
synthetic_simulation,root_zipf_exponent,1.35,1,1000,3,lineage,0.832,0.012,0.25466666666666665,0.9240837696335078,0.7511773940345369,0.0,3.4346666666666668,382,353,1500
synthetic_simulation,root_zipf_exponent,1.35,1,1000,3,continual,0.87,0.016,1.912,0.8399581589958159,0.7409733124018838,0.2536806342015855,4.8053333333333335,2868,2409,1500
synthetic_simulation,root_zipf_exponent,1.35,1,1000,4,none,0.79,0.026,0.0,0.0,0.7112341772151899,0.0,3.248,0,0,1500
synthetic_simulation,root_zipf_exponent,1.35,1,1000,4,random,0.8233333333333334,0.016,3.0,0.23155555555555554,0.8006329113924051,0.10044642857142858,3.9426666666666668,4500,1042,1500
synthetic_simulation,root_zipf_exponent,1.35,1,1000,4,uncertainty,0.818,0.026,1.1993333333333334,0.23735408560311283,0.7096518987341772,0.004464285714285714,3.5326666666666666,1799,427,1500
synthetic_simulation,root_zipf_exponent,1.35,1,1000,4,lineage,0.8066666666666666,0.016666666666666666,0.22933333333333333,0.9302325581395349,0.757120253164557,0.0,3.461333333333333,344,320,1500
synthetic_simulation,root_zipf_exponent,1.35,1,1000,4,continual,0.866,0.018666666666666668,1.952,0.8422131147540983,0.7634493670886076,0.2421875,4.892,2928,2466,1500
synthetic_simulation,root_zipf_exponent,1.35,1,1000,5,none,0.7966666666666666,0.024,0.0,0.0,0.7001594896331739,0.0,3.2013333333333334,0,0,1500
synthetic_simulation,root_zipf_exponent,1.35,1,1000,5,random,0.816,0.012666666666666666,3.0,0.2348888888888889,0.7894736842105263,0.08764044943820225,3.906,4500,1057,1500
synthetic_simulation,root_zipf_exponent,1.35,1,1000,5,uncertainty,0.824,0.024,1.1993333333333334,0.23846581434130074,0.6993620414673046,0.006741573033707865,3.4873333333333334,1799,429,1500
synthetic_simulation,root_zipf_exponent,1.35,1,1000,5,lineage,0.8246666666666667,0.013333333333333334,0.24733333333333332,0.9191374663072777,0.7559808612440191,0.0,3.4286666666666665,371,341,1500
synthetic_simulation,root_zipf_exponent,1.35,1,1000,5,continual,0.8673333333333333,0.013333333333333334,1.9186666666666667,0.8502432244614315,0.7472089314194578,0.2876404494382023,4.832666666666666,2878,2447,1500
synthetic_simulation,root_zipf_exponent,1.35,1,1000,6,none,0.8053333333333333,0.026,0.0,0.0,0.69713400464756,0.0,3.248,0,0,1500
synthetic_simulation,root_zipf_exponent,1.35,1,1000,6,random,0.8186666666666667,0.019333333333333334,3.0,0.23466666666666666,0.7947327652982185,0.10367892976588629,3.952,4500,1056,1500
synthetic_simulation,root_zipf_exponent,1.35,1,1000,6,uncertainty,0.8246666666666667,0.027333333333333334,1.1673333333333333,0.23986293546544832,0.6932610379550735,0.006688963210702341,3.528,1751,420,1500
synthetic_simulation,root_zipf_exponent,1.35,1,1000,6,lineage,0.8153333333333334,0.014666666666666666,0.248,0.9005376344086021,0.7420604182804028,0.0011148272017837235,3.4713333333333334,372,335,1500
synthetic_simulation,root_zipf_exponent,1.35,1,1000,6,continual,0.8693333333333333,0.02,1.97,0.8602368866328257,0.7575522850503486,0.26421404682274247,4.942666666666667,2955,2542,1500
synthetic_simulation,root_zipf_exponent,1.35,1,1000,7,none,0.8,0.035333333333333335,0.0,0.0,0.6893052302888368,0.0,3.216666666666667,0,0,1500
synthetic_simulation,root_zipf_exponent,1.35,1,1000,7,random,0.8313333333333334,0.022,3.0,0.2348888888888889,0.7931303669008587,0.11001100110011001,3.921333333333333,4500,1057,1500
synthetic_simulation,root_zipf_exponent,1.35,1,1000,7,uncertainty,0.824,0.035333333333333335,1.188,0.23849607182940516,0.6869633099141296,0.007700770077007701,3.5,1782,425,1500
synthetic_simulation,root_zipf_exponent,1.35,1,1000,7,lineage,0.81,0.018666666666666668,0.25266666666666665,0.9393139841688655,0.7525370804059328,0.0,3.454,379,356,1500
synthetic_simulation,root_zipf_exponent,1.35,1,1000,7,continual,0.8746666666666667,0.020666666666666667,1.9546666666666668,0.8332196452933152,0.7462919594067136,0.2607260726072607,4.8453333333333335,2932,2443,1500
synthetic_simulation,root_zipf_exponent,1.8,0,1000,0,none,0.78,0.046,0.0,0.0,0.6193548387096774,0.0,2.7413333333333334,0,0,1500
synthetic_simulation,root_zipf_exponent,1.8,0,1000,0,random,0.81,0.02,3.0,0.188,0.7266129032258064,0.040865384615384616,3.3053333333333335,4500,846,1500
synthetic_simulation,root_zipf_exponent,1.8,0,1000,0,uncertainty,0.8026666666666666,0.04666666666666667,1.196,0.17279821627647715,0.6169354838709677,0.004807692307692308,2.948,1794,310,1500
synthetic_simulation,root_zipf_exponent,1.8,0,1000,0,lineage,0.8193333333333334,0.011333333333333334,0.478,0.9665271966527197,0.728225806451613,0.0,3.203333333333333,717,693,1500
synthetic_simulation,root_zipf_exponent,1.8,0,1000,0,continual,0.8626666666666667,0.019333333333333334,1.9866666666666666,0.8573825503355704,0.725,0.2848557692307692,4.4446666666666665,2980,2555,1500
synthetic_simulation,root_zipf_exponent,1.8,0,1000,1,none,0.7906666666666666,0.048666666666666664,0.0,0.0,0.6061093247588425,0.0,2.7186666666666666,0,0,1500
synthetic_simulation,root_zipf_exponent,1.8,0,1000,1,random,0.8146666666666667,0.03133333333333333,3.0,0.1771111111111111,0.7106109324758842,0.03766707168894289,3.25,4500,797,1500
synthetic_simulation,root_zipf_exponent,1.8,0,1000,1,uncertainty,0.8126666666666666,0.04933333333333333,1.188,0.18237934904601572,0.6036977491961415,0.004860267314702308,2.9353333333333333,1782,325,1500
synthetic_simulation,root_zipf_exponent,1.8,0,1000,1,lineage,0.8273333333333334,0.02,0.4886666666666667,0.9522510231923602,0.7371382636655949,0.0,3.184,733,698,1500
synthetic_simulation,root_zipf_exponent,1.8,0,1000,1,continual,0.856,0.023333333333333334,2.002666666666667,0.8638482023968043,0.7315112540192926,0.2551640340218712,4.448666666666667,3004,2595,1500
synthetic_simulation,root_zipf_exponent,1.8,0,1000,2,none,0.764,0.059333333333333335,0.0,0.0,0.6013071895424836,0.0,2.76,0,0,1500
synthetic_simulation,root_zipf_exponent,1.8,0,1000,2,random,0.7946666666666666,0.026,3.0,0.18022222222222223,0.7303921568627451,0.037897310513447434,3.300666666666667,4500,811,1500
synthetic_simulation,root_zipf_exponent,1.8,0,1000,2,uncertainty,0.7906666666666666,0.06,1.1606666666666667,0.19701321079839174,0.5972222222222222,0.007334963325183374,2.9886666666666666,1741,343,1500
synthetic_simulation,root_zipf_exponent,1.8,0,1000,2,lineage,0.8053333333333333,0.025333333333333333,0.4573333333333333,0.9752186588921283,0.7140522875816994,0.0,3.206,686,669,1500
synthetic_simulation,root_zipf_exponent,1.8,0,1000,2,continual,0.86,0.030666666666666665,1.92,0.8666666666666667,0.7140522875816994,0.25183374083129584,4.424,2880,2496,1500
synthetic_simulation,root_zipf_exponent,1.8,0,1000,3,none,0.7833333333333333,0.04466666666666667,0.0,0.0,0.6139088729016786,0.0,2.720666666666667,0,0,1500
synthetic_simulation,root_zipf_exponent,1.8,0,1000,3,random,0.7986666666666666,0.024,3.0,0.18711111111111112,0.7146282973621103,0.03985507246376811,3.282,4500,842,1500
synthetic_simulation,root_zipf_exponent,1.8,0,1000,3,uncertainty,0.8006666666666666,0.04533333333333334,1.2473333333333334,0.16889363976483165,0.609912070343725,0.006038647342995169,2.9313333333333333,1871,316,1500
synthetic_simulation,root_zipf_exponent,1.8,0,1000,3,lineage,0.8213333333333334,0.014,0.494,0.9622132253711201,0.7402078337330136,0.0,3.196,741,713,1500
synthetic_simulation,root_zipf_exponent,1.8,0,1000,3,continual,0.8713333333333333,0.014666666666666666,2.002,0.8621378621378621,0.7274180655475619,0.2463768115942029,4.446666666666666,3003,2589,1500
synthetic_simulation,root_zipf_exponent,1.8,0,1000,4,none,0.782,0.042666666666666665,0.0,0.0,0.6173842404549147,0.0,2.766,0,0,1500
synthetic_simulation,root_zipf_exponent,1.8,0,1000,4,random,0.814,0.025333333333333333,3.0,0.1817777777777778,0.718927701056052,0.0475609756097561,3.3113333333333332,4500,818,1500
synthetic_simulation,root_zipf_exponent,1.8,0,1000,4,uncertainty,0.8093333333333333,0.042666666666666665,1.2066666666666668,0.1856353591160221,0.6173842404549147,0.0,2.99,1810,336,1500
synthetic_simulation,root_zipf_exponent,1.8,0,1000,4,lineage,0.816,0.014,0.4726666666666667,0.9661495063469676,0.7294882209585702,0.0,3.2226666666666666,709,685,1500
synthetic_simulation,root_zipf_exponent,1.8,0,1000,4,continual,0.8606666666666667,0.019333333333333334,2.006666666666667,0.8588039867109635,0.743298131600325,0.2304878048780488,4.489333333333334,3010,2585,1500
synthetic_simulation,root_zipf_exponent,1.8,0,1000,5,none,0.7926666666666666,0.04933333333333333,0.0,0.0,0.6147540983606558,0.0,2.7173333333333334,0,0,1500
synthetic_simulation,root_zipf_exponent,1.8,0,1000,5,random,0.8113333333333334,0.029333333333333333,3.0,0.1922222222222222,0.7172131147540983,0.05237515225334957,3.294,4500,865,1500
synthetic_simulation,root_zipf_exponent,1.8,0,1000,5,uncertainty,0.81,0.05,1.1993333333333334,0.18176764869371873,0.6139344262295082,0.001218026796589525,2.9353333333333333,1799,327,1500
synthetic_simulation,root_zipf_exponent,1.8,0,1000,5,lineage,0.834,0.018666666666666668,0.476,0.957983193277311,0.730327868852459,0.0,3.1733333333333333,714,684,1500
synthetic_simulation,root_zipf_exponent,1.8,0,1000,5,continual,0.8626666666666667,0.026,1.9593333333333334,0.8730860837019394,0.730327868852459,0.27161997563946405,4.428,2939,2566,1500
synthetic_simulation,root_zipf_exponent,1.8,0,1000,6,none,0.7826666666666666,0.04933333333333333,0.0,0.0,0.6062550120288693,0.0,2.756666666666667,0,0,1500
synthetic_simulation,root_zipf_exponent,1.8,0,1000,6,random,0.8106666666666666,0.025333333333333333,3.0,0.18466666666666667,0.7169206094627105,0.048484848484848485,3.3106666666666666,4500,831,1500
synthetic_simulation,root_zipf_exponent,1.8,0,1000,6,uncertainty,0.7986666666666666,0.04933333333333333,1.206,0.1724709784411277,0.6022453889334403,0.008484848484848486,2.9646666666666666,1809,312,1500
synthetic_simulation,root_zipf_exponent,1.8,0,1000,6,lineage,0.816,0.02,0.4726666666666667,0.9478138222849083,0.7225340817963112,0.0,3.2046666666666668,709,672,1500
synthetic_simulation,root_zipf_exponent,1.8,0,1000,6,continual,0.84,0.030666666666666665,1.994,0.872617853560682,0.7193263833199679,0.25333333333333335,4.496666666666667,2991,2610,1500
synthetic_simulation,root_zipf_exponent,1.8,0,1000,7,none,0.7993333333333333,0.05533333333333333,0.0,0.0,0.5871121718377088,0.0,2.734,0,0,1500
synthetic_simulation,root_zipf_exponent,1.8,0,1000,7,random,0.81,0.03266666666666666,3.0,0.19377777777777777,0.7080350039777248,0.04956629491945477,3.3153333333333332,4500,872,1500
synthetic_simulation,root_zipf_exponent,1.8,0,1000,7,uncertainty,0.8153333333333334,0.05533333333333333,1.1606666666666667,0.17576105686387133,0.5839299920445505,0.006195786864931847,2.938,1741,306,1500
synthetic_simulation,root_zipf_exponent,1.8,0,1000,7,lineage,0.8226666666666667,0.020666666666666667,0.49333333333333335,0.9702702702702702,0.7120127287191726,0.0,3.212666666666667,740,718,1500
synthetic_simulation,root_zipf_exponent,1.8,0,1000,7,continual,0.8573333333333333,0.03,2.001333333333333,0.8504330446369087,0.726332537788385,0.25650557620817843,4.436,3002,2553,1500
synthetic_simulation,question_budget_per_claim,1,0,1000,0,none,0.8046666666666666,0.029333333333333333,0.0,0.0,0.7026813880126183,0.0,3.2106666666666666,0,0,1500
synthetic_simulation,question_budget_per_claim,1,0,1000,0,random,0.8113333333333334,0.025333333333333333,1.0,0.25133333333333335,0.7365930599369085,0.03850385038503851,3.462,1500,377,1500
synthetic_simulation,question_budget_per_claim,1,0,1000,0,uncertainty,0.8153333333333334,0.029333333333333333,0.43733333333333335,0.2606707317073171,0.7026813880126183,0.0011001100110011,3.324666666666667,656,171,1500
synthetic_simulation,question_budget_per_claim,1,0,1000,0,lineage,0.8273333333333334,0.017333333333333333,0.226,0.9823008849557522,0.7570977917981072,0.0,3.4326666666666665,339,333,1500
synthetic_simulation,question_budget_per_claim,1,0,1000,0,continual,0.8373333333333334,0.017333333333333333,0.75,0.9635555555555556,0.75,0.14411441144114412,3.933333333333333,1125,1084,1500
synthetic_simulation,question_budget_per_claim,1,0,1000,1,none,0.806,0.026,0.0,0.0,0.6978021978021978,0.0,3.2293333333333334,0,0,1500
synthetic_simulation,question_budget_per_claim,1,0,1000,1,random,0.8133333333333334,0.021333333333333333,1.0,0.23333333333333334,0.7307692307692307,0.036322360953461974,3.462666666666667,1500,350,1500
synthetic_simulation,question_budget_per_claim,1,0,1000,1,uncertainty,0.8113333333333334,0.026,0.4246666666666667,0.22291993720565148,0.6970172684458399,0.0022701475595913734,3.324,637,142,1500
synthetic_simulation,question_budget_per_claim,1,0,1000,1,lineage,0.822,0.017333333333333333,0.218,0.9694189602446484,0.7472527472527473,0.0,3.4406666666666665,327,317,1500
synthetic_simulation,question_budget_per_claim,1,0,1000,1,continual,0.8513333333333334,0.02266666666666667,0.726,0.9651056014692379,0.7378335949764521,0.1373439273552781,3.93,1089,1051,1500
synthetic_simulation,question_budget_per_claim,1,0,1000,2,none,0.8053333333333333,0.028,0.0,0.0,0.6963434022257552,0.0,3.240666666666667,0,0,1500
synthetic_simulation,question_budget_per_claim,1,0,1000,2,random,0.818,0.023333333333333334,1.0,0.24466666666666667,0.7329093799682035,0.03530751708428246,3.485333333333333,1500,367,1500
synthetic_simulation,question_budget_per_claim,1,0,1000,2,uncertainty,0.806,0.028,0.4066666666666667,0.2573770491803279,0.6955484896661367,0.0056947608200455585,3.3453333333333335,610,157,1500
synthetic_simulation,question_budget_per_claim,1,0,1000,2,lineage,0.818,0.014,0.216,0.9814814814814815,0.7567567567567568,0.0,3.4526666666666666,324,318,1500
synthetic_simulation,question_budget_per_claim,1,0,1000,2,continual,0.834,0.018,0.7246666666666667,0.968721251149954,0.7559618441971383,0.16400911161731208,3.9426666666666668,1087,1053,1500
synthetic_simulation,question_budget_per_claim,1,0,1000,3,none,0.8106666666666666,0.030666666666666665,0.0,0.0,0.6883830455259027,0.0,3.199333333333333,0,0,1500
synthetic_simulation,question_budget_per_claim,1,0,1000,3,random,0.808,0.028,1.0,0.262,0.7291993720565149,0.031710079275198186,3.461333333333333,1500,393,1500
synthetic_simulation,question_budget_per_claim,1,0,1000,3,uncertainty,0.8166666666666667,0.030666666666666665,0.42933333333333334,0.2204968944099379,0.6875981161695447,0.0022650056625141564,3.294,644,142,1500
synthetic_simulation,question_budget_per_claim,1,0,1000,3,lineage,0.8313333333333334,0.015333333333333332,0.226,0.9734513274336283,0.7464678178963893,0.0,3.4193333333333333,339,330,1500
synthetic_simulation,question_budget_per_claim,1,0,1000,3,continual,0.84,0.014,0.7273333333333334,0.9596700274977086,0.7464678178963893,0.14269535673839184,3.8973333333333335,1091,1047,1500
synthetic_simulation,question_budget_per_claim,1,0,1000,4,none,0.79,0.026,0.0,0.0,0.7112341772151899,0.0,3.248,0,0,1500
synthetic_simulation,question_budget_per_claim,1,0,1000,4,random,0.8133333333333334,0.017333333333333333,1.0,0.244,0.7492088607594937,0.03794642857142857,3.492,1500,366,1500
synthetic_simulation,question_budget_per_claim,1,0,1000,4,uncertainty,0.8106666666666666,0.026,0.434,0.24731182795698925,0.7104430379746836,0.0011160714285714285,3.3553333333333333,651,161,1500
synthetic_simulation,question_budget_per_claim,1,0,1000,4,lineage,0.8113333333333334,0.016,0.20266666666666666,0.9736842105263158,0.7531645569620253,0.0,3.445333333333333,304,296,1500
synthetic_simulation,question_budget_per_claim,1,0,1000,4,continual,0.8313333333333334,0.018666666666666668,0.734,0.9691189827429609,0.7610759493670886,0.13950892857142858,3.9593333333333334,1101,1067,1500
synthetic_simulation,question_budget_per_claim,1,0,1000,5,none,0.7966666666666666,0.024,0.0,0.0,0.7001594896331739,0.0,3.2013333333333334,0,0,1500
synthetic_simulation,question_budget_per_claim,1,0,1000,5,random,0.81,0.020666666666666667,1.0,0.276,0.7328548644338118,0.035955056179775284,3.477333333333333,1500,414,1500
synthetic_simulation,question_budget_per_claim,1,0,1000,5,uncertainty,0.8126666666666666,0.024,0.43466666666666665,0.25,0.7001594896331739,0.0011235955056179776,3.31,652,163,1500
synthetic_simulation,question_budget_per_claim,1,0,1000,5,lineage,0.818,0.013333333333333334,0.21733333333333332,0.9693251533742331,0.7503987240829346,0.0,3.412,326,316,1500
synthetic_simulation,question_budget_per_claim,1,0,1000,5,continual,0.8306666666666667,0.019333333333333334,0.726,0.9696969696969697,0.7440191387559809,0.14606741573033707,3.9053333333333335,1089,1056,1500
synthetic_simulation,question_budget_per_claim,1,0,1000,6,none,0.8053333333333333,0.026,0.0,0.0,0.69713400464756,0.0,3.248,0,0,1500
synthetic_simulation,question_budget_per_claim,1,0,1000,6,random,0.8093333333333333,0.021333333333333333,1.0,0.25866666666666666,0.7358636715724245,0.03901895206243032,3.506666666666667,1500,388,1500
synthetic_simulation,question_budget_per_claim,1,0,1000,6,uncertainty,0.8133333333333334,0.026,0.428,0.26791277258566976,0.6955848179705655,0.002229654403567447,3.3626666666666667,642,172,1500
synthetic_simulation,question_budget_per_claim,1,0,1000,6,lineage,0.8153333333333334,0.015333333333333332,0.214,0.9657320872274143,0.7451587916343919,0.0,3.4546666666666668,321,310,1500
synthetic_simulation,question_budget_per_claim,1,0,1000,6,continual,0.8366666666666667,0.020666666666666667,0.742,0.9730458221024259,0.7389620449264136,0.14827201783723523,3.97,1113,1083,1500
synthetic_simulation,question_budget_per_claim,1,0,1000,7,none,0.8,0.035333333333333335,0.0,0.0,0.6893052302888368,0.0,3.216666666666667,0,0,1500
synthetic_simulation,question_budget_per_claim,1,0,1000,7,random,0.8133333333333334,0.032,1.0,0.2653333333333333,0.7236533957845434,0.0429042904290429,3.482,1500,398,1500
synthetic_simulation,question_budget_per_claim,1,0,1000,7,uncertainty,0.808,0.035333333333333335,0.43333333333333335,0.22615384615384615,0.687743950039032,0.0033003300330033004,3.3146666666666667,650,147,1500
synthetic_simulation,question_budget_per_claim,1,0,1000,7,lineage,0.81,0.020666666666666667,0.22333333333333333,0.9791044776119403,0.7564402810304449,0.0,3.4353333333333333,335,328,1500
synthetic_simulation,question_budget_per_claim,1,0,1000,7,continual,0.8406666666666667,0.025333333333333333,0.7406666666666667,0.963996399639964,0.7423887587822015,0.1419141914191419,3.9306666666666668,1111,1071,1500
synthetic_simulation,question_budget_per_claim,2,0,1000,0,none,0.8046666666666666,0.029333333333333333,0.0,0.0,0.7026813880126183,0.0,3.2106666666666666,0,0,1500
synthetic_simulation,question_budget_per_claim,2,0,1000,0,random,0.8193333333333334,0.021333333333333333,2.0,0.25133333333333335,0.7705047318611987,0.0781078107810781,3.7133333333333334,3000,754,1500
synthetic_simulation,question_budget_per_claim,2,0,1000,0,uncertainty,0.8253333333333334,0.03,0.8286666666666667,0.24456958970233306,0.7018927444794952,0.0033003300330033004,3.4133333333333336,1243,304,1500
synthetic_simulation,question_budget_per_claim,2,0,1000,0,lineage,0.8313333333333334,0.017333333333333333,0.24866666666666667,0.9597855227882037,0.7578864353312302,0.0,3.449333333333333,373,358,1500
synthetic_simulation,question_budget_per_claim,2,0,1000,0,continual,0.8553333333333333,0.020666666666666667,1.396,0.9097421203438395,0.7570977917981072,0.25962596259625964,4.480666666666667,2094,1905,1500
synthetic_simulation,question_budget_per_claim,2,0,1000,1,none,0.806,0.026,0.0,0.0,0.6978021978021978,0.0,3.2293333333333334,0,0,1500
synthetic_simulation,question_budget_per_claim,2,0,1000,1,random,0.8286666666666667,0.016666666666666666,2.0,0.247,0.7660910518053375,0.07604994324631101,3.723333333333333,3000,741,1500
synthetic_simulation,question_budget_per_claim,2,0,1000,1,uncertainty,0.832,0.02666666666666667,0.8113333333333334,0.2399342645850452,0.695447409733124,0.004540295119182747,3.424,1217,292,1500
synthetic_simulation,question_budget_per_claim,2,0,1000,1,lineage,0.8266666666666667,0.015333333333333332,0.24266666666666667,0.9368131868131868,0.750392464678179,0.0,3.4566666666666666,364,341,1500
synthetic_simulation,question_budget_per_claim,2,0,1000,1,continual,0.8526666666666667,0.020666666666666667,1.356,0.9095378564405113,0.7472527472527473,0.2213393870601589,4.462666666666666,2034,1850,1500
synthetic_simulation,question_budget_per_claim,2,0,1000,2,none,0.8053333333333333,0.028,0.0,0.0,0.6963434022257552,0.0,3.240666666666667,0,0,1500
synthetic_simulation,question_budget_per_claim,2,0,1000,2,random,0.8086666666666666,0.016666666666666666,2.0,0.24733333333333332,0.78060413354531,0.08314350797266515,3.735333333333333,3000,742,1500
synthetic_simulation,question_budget_per_claim,2,0,1000,2,uncertainty,0.8093333333333333,0.029333333333333333,0.7806666666666666,0.23654995730145176,0.6955484896661367,0.002277904328018223,3.425333333333333,1171,277,1500
synthetic_simulation,question_budget_per_claim,2,0,1000,2,lineage,0.8213333333333334,0.013333333333333334,0.22866666666666666,0.9650145772594753,0.7575516693163752,0.0,3.461333333333333,343,331,1500
synthetic_simulation,question_budget_per_claim,2,0,1000,2,continual,0.85,0.020666666666666667,1.3473333333333333,0.9168728352300841,0.7567567567567568,0.244874715261959,4.476,2021,1853,1500
synthetic_simulation,question_budget_per_claim,2,0,1000,3,none,0.8106666666666666,0.030666666666666665,0.0,0.0,0.6883830455259027,0.0,3.199333333333333,0,0,1500
synthetic_simulation,question_budget_per_claim,2,0,1000,3,random,0.828,0.019333333333333334,2.0,0.25166666666666665,0.7700156985871272,0.06342015855039637,3.7026666666666666,3000,755,1500
synthetic_simulation,question_budget_per_claim,2,0,1000,3,uncertainty,0.8353333333333334,0.030666666666666665,0.8173333333333334,0.2797716150081566,0.6875981161695447,0.0022650056625141564,3.428,1226,343,1500
synthetic_simulation,question_budget_per_claim,2,0,1000,3,lineage,0.834,0.013333333333333334,0.248,0.9489247311827957,0.7511773940345369,0.0,3.4346666666666668,372,353,1500
synthetic_simulation,question_budget_per_claim,2,0,1000,3,continual,0.8626666666666667,0.016,1.356,0.9144542772861357,0.7456828885400314,0.23442808607021517,4.439333333333333,2034,1860,1500
synthetic_simulation,question_budget_per_claim,2,0,1000,4,none,0.79,0.026,0.0,0.0,0.7112341772151899,0.0,3.248,0,0,1500
synthetic_simulation,question_budget_per_claim,2,0,1000,4,random,0.814,0.019333333333333334,2.0,0.25066666666666665,0.7792721518987342,0.06584821428571429,3.7493333333333334,3000,752,1500
synthetic_simulation,question_budget_per_claim,2,0,1000,4,uncertainty,0.8126666666666666,0.026,0.828,0.23671497584541062,0.7104430379746836,0.0033482142857142855,3.444,1242,294,1500
synthetic_simulation,question_budget_per_claim,2,0,1000,4,lineage,0.808,0.014,0.224,0.9523809523809523,0.7587025316455697,0.0,3.461333333333333,336,320,1500
synthetic_simulation,question_budget_per_claim,2,0,1000,4,continual,0.858,0.022,1.3646666666666667,0.9140205178309722,0.757120253164557,0.2578125,4.495333333333333,2047,1871,1500
synthetic_simulation,question_budget_per_claim,2,0,1000,5,none,0.7966666666666666,0.024,0.0,0.0,0.7001594896331739,0.0,3.2013333333333334,0,0,1500
synthetic_simulation,question_budget_per_claim,2,0,1000,5,random,0.8273333333333334,0.017333333333333333,2.0,0.24633333333333332,0.7695374800637959,0.05955056179775281,3.694,3000,739,1500
synthetic_simulation,question_budget_per_claim,2,0,1000,5,uncertainty,0.822,0.024,0.8133333333333334,0.28114754098360656,0.6985645933014354,0.006741573033707865,3.43,1220,343,1500
synthetic_simulation,question_budget_per_claim,2,0,1000,5,lineage,0.8186666666666667,0.014,0.24066666666666667,0.9445983379501385,0.7527910685805422,0.0,3.4286666666666665,361,341,1500
synthetic_simulation,question_budget_per_claim,2,0,1000,5,continual,0.8573333333333333,0.014,1.3633333333333333,0.9188264058679707,0.7559808612440191,0.26292134831460673,4.454,2045,1879,1500
synthetic_simulation,question_budget_per_claim,2,0,1000,6,none,0.8053333333333333,0.026,0.0,0.0,0.69713400464756,0.0,3.248,0,0,1500
synthetic_simulation,question_budget_per_claim,2,0,1000,6,random,0.8226666666666667,0.019333333333333334,2.0,0.25566666666666665,0.7660728117738187,0.0713489409141583,3.759333333333333,3000,767,1500
synthetic_simulation,question_budget_per_claim,2,0,1000,6,uncertainty,0.82,0.026,0.8133333333333334,0.2532786885245902,0.6948102246320682,0.0033444816053511705,3.454,1220,309,1500
synthetic_simulation,question_budget_per_claim,2,0,1000,6,lineage,0.816,0.014666666666666666,0.23933333333333334,0.9331476323119777,0.7490317583268784,0.0011148272017837235,3.4713333333333334,359,335,1500
synthetic_simulation,question_budget_per_claim,2,0,1000,6,continual,0.8546666666666667,0.024,1.3846666666666667,0.9330765527202696,0.7498063516653757,0.24749163879598662,4.54,2077,1938,1500
synthetic_simulation,question_budget_per_claim,2,0,1000,7,none,0.8,0.035333333333333335,0.0,0.0,0.6893052302888368,0.0,3.216666666666667,0,0,1500
synthetic_simulation,question_budget_per_claim,2,0,1000,7,random,0.8213333333333334,0.02666666666666667,2.0,0.24133333333333334,0.7556596409055425,0.06930693069306931,3.699333333333333,3000,724,1500
synthetic_simulation,question_budget_per_claim,2,0,1000,7,uncertainty,0.822,0.035333333333333335,0.8213333333333334,0.25,0.6846213895394223,0.011001100110011002,3.422,1232,308,1500
synthetic_simulation,question_budget_per_claim,2,0,1000,7,lineage,0.808,0.018666666666666668,0.24733333333333332,0.9595687331536388,0.7517564402810304,0.0,3.454,371,356,1500
synthetic_simulation,question_budget_per_claim,2,0,1000,7,continual,0.8546666666666667,0.023333333333333334,1.3753333333333333,0.9146873485215705,0.741608118657299,0.23982398239823982,4.474666666666667,2063,1887,1500
synthetic_simulation,question_budget_per_claim,3,1,1000,0,none,0.8046666666666666,0.029333333333333333,0.0,0.0,0.7026813880126183,0.0,3.2106666666666666,0,0,1500
synthetic_simulation,question_budget_per_claim,3,1,1000,0,random,0.8226666666666667,0.018666666666666668,3.0,0.23133333333333334,0.7910094637223974,0.11441144114411442,3.9046666666666665,4500,1041,1500
synthetic_simulation,question_budget_per_claim,3,1,1000,0,uncertainty,0.8213333333333334,0.03,1.1846666666666668,0.2312886888013506,0.7018927444794952,0.005500550055005501,3.4846666666666666,1777,411,1500
synthetic_simulation,question_budget_per_claim,3,1,1000,0,lineage,0.8273333333333334,0.016,0.25466666666666665,0.93717277486911,0.7563091482649842,0.0,3.449333333333333,382,358,1500
synthetic_simulation,question_budget_per_claim,3,1,1000,0,continual,0.8786666666666667,0.02266666666666667,1.9713333333333334,0.8363205951978356,0.7476340694006309,0.28272827282728275,4.859333333333334,2957,2473,1500
synthetic_simulation,question_budget_per_claim,3,1,1000,1,none,0.806,0.026,0.0,0.0,0.6978021978021978,0.0,3.2293333333333334,0,0,1500
synthetic_simulation,question_budget_per_claim,3,1,1000,1,random,0.824,0.014,3.0,0.22511111111111112,0.793563579277865,0.10556186152099886,3.9046666666666665,4500,1013,1500
synthetic_simulation,question_budget_per_claim,3,1,1000,1,uncertainty,0.8246666666666667,0.026,1.166,0.22355631789594055,0.6946624803767661,0.00681044267877412,3.49,1749,391,1500
synthetic_simulation,question_budget_per_claim,3,1,1000,1,lineage,0.822,0.016666666666666666,0.25133333333333335,0.9045092838196287,0.7456828885400314,0.0,3.4566666666666666,377,341,1500
synthetic_simulation,question_budget_per_claim,3,1,1000,1,continual,0.8753333333333333,0.022,1.926,0.8386985115957079,0.7472527472527473,0.246311010215664,4.844666666666667,2889,2423,1500
synthetic_simulation,question_budget_per_claim,3,1,1000,2,none,0.8053333333333333,0.028,0.0,0.0,0.6963434022257552,0.0,3.240666666666667,0,0,1500
synthetic_simulation,question_budget_per_claim,3,1,1000,2,random,0.8293333333333334,0.018666666666666668,3.0,0.22266666666666668,0.8124006359300477,0.09453302961275627,3.9086666666666665,4500,1002,1500
synthetic_simulation,question_budget_per_claim,3,1,1000,2,uncertainty,0.8293333333333334,0.029333333333333333,1.1146666666666667,0.22966507177033493,0.6947535771065183,0.0056947608200455585,3.4966666666666666,1672,384,1500
synthetic_simulation,question_budget_per_claim,3,1,1000,2,lineage,0.8233333333333334,0.013333333333333334,0.23266666666666666,0.9484240687679083,0.7591414944356121,0.0,3.461333333333333,349,331,1500
synthetic_simulation,question_budget_per_claim,3,1,1000,2,continual,0.866,0.018666666666666668,1.902,0.8412197686645636,0.7511923688394276,0.2642369020501139,4.8406666666666665,2853,2400,1500
synthetic_simulation,question_budget_per_claim,3,1,1000,3,none,0.8106666666666666,0.030666666666666665,0.0,0.0,0.6883830455259027,0.0,3.199333333333333,0,0,1500
synthetic_simulation,question_budget_per_claim,3,1,1000,3,random,0.8313333333333334,0.014,3.0,0.2268888888888889,0.7912087912087912,0.09173272933182333,3.88,4500,1021,1500
synthetic_simulation,question_budget_per_claim,3,1,1000,3,uncertainty,0.8273333333333334,0.030666666666666665,1.178,0.22014714204867006,0.6868131868131868,0.006795016987542469,3.458666666666667,1767,389,1500
synthetic_simulation,question_budget_per_claim,3,1,1000,3,lineage,0.832,0.012,0.25466666666666665,0.9240837696335078,0.7511773940345369,0.0,3.4346666666666668,382,353,1500
synthetic_simulation,question_budget_per_claim,3,1,1000,3,continual,0.87,0.016,1.912,0.8399581589958159,0.7409733124018838,0.2536806342015855,4.8053333333333335,2868,2409,1500
synthetic_simulation,question_budget_per_claim,3,1,1000,4,none,0.79,0.026,0.0,0.0,0.7112341772151899,0.0,3.248,0,0,1500
synthetic_simulation,question_budget_per_claim,3,1,1000,4,random,0.8233333333333334,0.016,3.0,0.23155555555555554,0.8006329113924051,0.10044642857142858,3.9426666666666668,4500,1042,1500
synthetic_simulation,question_budget_per_claim,3,1,1000,4,uncertainty,0.818,0.026,1.1993333333333334,0.23735408560311283,0.7096518987341772,0.004464285714285714,3.5326666666666666,1799,427,1500
synthetic_simulation,question_budget_per_claim,3,1,1000,4,lineage,0.8066666666666666,0.016666666666666666,0.22933333333333333,0.9302325581395349,0.757120253164557,0.0,3.461333333333333,344,320,1500
synthetic_simulation,question_budget_per_claim,3,1,1000,4,continual,0.866,0.018666666666666668,1.952,0.8422131147540983,0.7634493670886076,0.2421875,4.892,2928,2466,1500
synthetic_simulation,question_budget_per_claim,3,1,1000,5,none,0.7966666666666666,0.024,0.0,0.0,0.7001594896331739,0.0,3.2013333333333334,0,0,1500
synthetic_simulation,question_budget_per_claim,3,1,1000,5,random,0.816,0.012666666666666666,3.0,0.2348888888888889,0.7894736842105263,0.08764044943820225,3.906,4500,1057,1500
synthetic_simulation,question_budget_per_claim,3,1,1000,5,uncertainty,0.824,0.024,1.1993333333333334,0.23846581434130074,0.6993620414673046,0.006741573033707865,3.4873333333333334,1799,429,1500
synthetic_simulation,question_budget_per_claim,3,1,1000,5,lineage,0.8246666666666667,0.013333333333333334,0.24733333333333332,0.9191374663072777,0.7559808612440191,0.0,3.4286666666666665,371,341,1500
synthetic_simulation,question_budget_per_claim,3,1,1000,5,continual,0.8673333333333333,0.013333333333333334,1.9186666666666667,0.8502432244614315,0.7472089314194578,0.2876404494382023,4.832666666666666,2878,2447,1500
synthetic_simulation,question_budget_per_claim,3,1,1000,6,none,0.8053333333333333,0.026,0.0,0.0,0.69713400464756,0.0,3.248,0,0,1500
synthetic_simulation,question_budget_per_claim,3,1,1000,6,random,0.8186666666666667,0.019333333333333334,3.0,0.23466666666666666,0.7947327652982185,0.10367892976588629,3.952,4500,1056,1500
synthetic_simulation,question_budget_per_claim,3,1,1000,6,uncertainty,0.8246666666666667,0.027333333333333334,1.1673333333333333,0.23986293546544832,0.6932610379550735,0.006688963210702341,3.528,1751,420,1500
synthetic_simulation,question_budget_per_claim,3,1,1000,6,lineage,0.8153333333333334,0.014666666666666666,0.248,0.9005376344086021,0.7420604182804028,0.0011148272017837235,3.4713333333333334,372,335,1500
synthetic_simulation,question_budget_per_claim,3,1,1000,6,continual,0.8693333333333333,0.02,1.97,0.8602368866328257,0.7575522850503486,0.26421404682274247,4.942666666666667,2955,2542,1500
synthetic_simulation,question_budget_per_claim,3,1,1000,7,none,0.8,0.035333333333333335,0.0,0.0,0.6893052302888368,0.0,3.216666666666667,0,0,1500
synthetic_simulation,question_budget_per_claim,3,1,1000,7,random,0.8313333333333334,0.022,3.0,0.2348888888888889,0.7931303669008587,0.11001100110011001,3.921333333333333,4500,1057,1500
synthetic_simulation,question_budget_per_claim,3,1,1000,7,uncertainty,0.824,0.035333333333333335,1.188,0.23849607182940516,0.6869633099141296,0.007700770077007701,3.5,1782,425,1500
synthetic_simulation,question_budget_per_claim,3,1,1000,7,lineage,0.81,0.018666666666666668,0.25266666666666665,0.9393139841688655,0.7525370804059328,0.0,3.454,379,356,1500
synthetic_simulation,question_budget_per_claim,3,1,1000,7,continual,0.8746666666666667,0.020666666666666667,1.9546666666666668,0.8332196452933152,0.7462919594067136,0.2607260726072607,4.8453333333333335,2932,2443,1500
synthetic_simulation,question_budget_per_claim,5,0,1000,0,none,0.8046666666666666,0.029333333333333333,0.0,0.0,0.7026813880126183,0.0,3.2106666666666666,0,0,1500
synthetic_simulation,question_budget_per_claim,5,0,1000,0,random,0.8373333333333334,0.016666666666666666,5.0,0.20693333333333333,0.832807570977918,0.15071507150715072,4.245333333333333,7500,1552,1500
synthetic_simulation,question_budget_per_claim,5,0,1000,0,uncertainty,0.8353333333333334,0.03,1.8126666666666666,0.21294593600588452,0.6995268138801262,0.009900990099009901,3.5966666666666667,2719,579,1500
synthetic_simulation,question_budget_per_claim,5,0,1000,0,lineage,0.826,0.017333333333333333,0.26666666666666666,0.895,0.7570977917981072,0.0,3.449333333333333,400,358,1500
synthetic_simulation,question_budget_per_claim,5,0,1000,0,continual,0.8826666666666667,0.019333333333333334,3.010666666666667,0.6691762621789193,0.7578864353312302,0.28272827282728275,5.225333333333333,4516,3022,1500
synthetic_simulation,question_budget_per_claim,5,0,1000,1,none,0.806,0.026,0.0,0.0,0.6978021978021978,0.0,3.2293333333333334,0,0,1500
synthetic_simulation,question_budget_per_claim,5,0,1000,1,random,0.848,0.014666666666666666,5.0,0.196,0.8218210361067504,0.14188422247446084,4.209333333333333,7500,1470,1500
synthetic_simulation,question_budget_per_claim,5,0,1000,1,uncertainty,0.84,0.02666666666666667,1.7953333333333332,0.22168585220943185,0.6938775510204082,0.009080590238365494,3.6273333333333335,2693,597,1500
synthetic_simulation,question_budget_per_claim,5,0,1000,1,lineage,0.824,0.015333333333333332,0.26866666666666666,0.8461538461538461,0.7535321821036107,0.0,3.4566666666666666,403,341,1500
synthetic_simulation,question_budget_per_claim,5,0,1000,1,continual,0.888,0.018666666666666668,2.9446666666666665,0.6610821824767942,0.7511773940345369,0.23723041997729852,5.176,4417,2920,1500
synthetic_simulation,question_budget_per_claim,5,0,1000,2,none,0.8053333333333333,0.028,0.0,0.0,0.6963434022257552,0.0,3.240666666666667,0,0,1500
synthetic_simulation,question_budget_per_claim,5,0,1000,2,random,0.8293333333333334,0.016,5.0,0.20853333333333332,0.8449920508744038,0.1560364464692483,4.283333333333333,7500,1564,1500
synthetic_simulation,question_budget_per_claim,5,0,1000,2,uncertainty,0.842,0.028666666666666667,1.7153333333333334,0.2129809560823941,0.6947535771065183,0.00683371298405467,3.606,2573,548,1500
synthetic_simulation,question_budget_per_claim,5,0,1000,2,lineage,0.8246666666666667,0.014666666666666666,0.24066666666666667,0.9168975069252078,0.7575516693163752,0.0,3.461333333333333,361,331,1500
synthetic_simulation,question_budget_per_claim,5,0,1000,2,continual,0.872,0.017333333333333333,2.8966666666666665,0.6649021864211737,0.7527821939586645,0.2630979498861048,5.166666666666667,4345,2889,1500
synthetic_simulation,question_budget_per_claim,5,0,1000,3,none,0.8106666666666666,0.030666666666666665,0.0,0.0,0.6883830455259027,0.0,3.199333333333333,0,0,1500
synthetic_simulation,question_budget_per_claim,5,0,1000,3,random,0.8353333333333334,0.013333333333333334,5.0,0.21346666666666667,0.8406593406593407,0.14835787089467722,4.266666666666667,7500,1601,1500
synthetic_simulation,question_budget_per_claim,5,0,1000,3,uncertainty,0.8366666666666667,0.030666666666666665,1.8486666666666667,0.2152902993148215,0.6868131868131868,0.006795016987542469,3.5973333333333333,2773,597,1500
synthetic_simulation,question_budget_per_claim,5,0,1000,3,lineage,0.8373333333333334,0.012666666666666666,0.268,0.8781094527363185,0.7488226059654631,0.0,3.4346666666666668,402,353,1500
synthetic_simulation,question_budget_per_claim,5,0,1000,3,continual,0.8913333333333333,0.013333333333333334,2.958,0.6686950642325896,0.7511773940345369,0.25141562853907135,5.177333333333333,4437,2967,1500
synthetic_simulation,question_budget_per_claim,5,0,1000,4,none,0.79,0.026,0.0,0.0,0.7112341772151899,0.0,3.248,0,0,1500
synthetic_simulation,question_budget_per_claim,5,0,1000,4,random,0.8246666666666667,0.016,5.0,0.20373333333333332,0.8346518987341772,0.12165178571428571,4.266666666666667,7500,1528,1500
synthetic_simulation,question_budget_per_claim,5,0,1000,4,uncertainty,0.8353333333333334,0.02666666666666667,1.84,0.22318840579710145,0.7088607594936709,0.005580357142857143,3.6586666666666665,2760,616,1500
synthetic_simulation,question_budget_per_claim,5,0,1000,4,lineage,0.808,0.014,0.24,0.8888888888888888,0.7579113924050633,0.0,3.461333333333333,360,320,1500
synthetic_simulation,question_budget_per_claim,5,0,1000,4,continual,0.8846666666666667,0.017333333333333333,2.984,0.6604110813226095,0.7602848101265823,0.24665178571428573,5.218666666666667,4476,2956,1500
synthetic_simulation,question_budget_per_claim,5,0,1000,5,none,0.7966666666666666,0.024,0.0,0.0,0.7001594896331739,0.0,3.2013333333333334,0,0,1500
synthetic_simulation,question_budget_per_claim,5,0,1000,5,random,0.8333333333333334,0.010666666666666666,5.0,0.20573333333333332,0.8293460925039873,0.14382022471910114,4.23,7500,1543,1500
synthetic_simulation,question_budget_per_claim,5,0,1000,5,uncertainty,0.8386666666666667,0.024,1.806,0.22259136212624583,0.6977671451355661,0.010112359550561797,3.6033333333333335,2709,603,1500
synthetic_simulation,question_budget_per_claim,5,0,1000,5,lineage,0.8266666666666667,0.012666666666666666,0.26066666666666666,0.8721227621483376,0.7503987240829346,0.0,3.4286666666666665,391,341,1500
synthetic_simulation,question_budget_per_claim,5,0,1000,5,continual,0.8833333333333333,0.016666666666666666,2.9353333333333333,0.6756756756756757,0.748006379585327,0.2752808988764045,5.184666666666667,4403,2975,1500
synthetic_simulation,question_budget_per_claim,5,0,1000,6,none,0.8053333333333333,0.026,0.0,0.0,0.69713400464756,0.0,3.248,0,0,1500
synthetic_simulation,question_budget_per_claim,5,0,1000,6,random,0.8353333333333334,0.016,5.0,0.20573333333333332,0.831138652207591,0.13935340022296544,4.276666666666666,7500,1543,1500
synthetic_simulation,question_budget_per_claim,5,0,1000,6,uncertainty,0.834,0.026,1.8033333333333332,0.22698706099815158,0.69713400464756,0.004459308807134894,3.6573333333333333,2705,614,1500
synthetic_simulation,question_budget_per_claim,5,0,1000,6,lineage,0.82,0.015333333333333332,0.2653333333333333,0.8417085427135679,0.7482571649883811,0.0011148272017837235,3.4713333333333334,398,335,1500
synthetic_simulation,question_budget_per_claim,5,0,1000,6,continual,0.8853333333333333,0.02,2.993333333333333,0.6919821826280623,0.7482571649883811,0.25863991081382387,5.319333333333334,4490,3107,1500
synthetic_simulation,question_budget_per_claim,5,0,1000,7,none,0.8,0.035333333333333335,0.0,0.0,0.6893052302888368,0.0,3.216666666666667,0,0,1500
synthetic_simulation,question_budget_per_claim,5,0,1000,7,random,0.83,0.02,5.0,0.20973333333333333,0.8368462138953943,0.14631463146314633,4.265333333333333,7500,1573,1500
synthetic_simulation,question_budget_per_claim,5,0,1000,7,uncertainty,0.8346666666666667,0.036,1.8506666666666667,0.21902017291066284,0.6861826697892272,0.007700770077007701,3.622,2776,608,1500
synthetic_simulation,question_budget_per_claim,5,0,1000,7,lineage,0.8106666666666666,0.019333333333333334,0.2633333333333333,0.9012658227848102,0.750975800156128,0.0,3.454,395,356,1500
synthetic_simulation,question_budget_per_claim,5,0,1000,7,continual,0.8773333333333333,0.022,2.978,0.6592791582717707,0.7501951600312255,0.2706270627062706,5.18,4467,2945,1500
synthetic_simulation,question_budget_per_claim,8,0,1000,0,none,0.8046666666666666,0.029333333333333333,0.0,0.0,0.7026813880126183,0.0,3.2106666666666666,0,0,1500
synthetic_simulation,question_budget_per_claim,8,0,1000,0,random,0.8393333333333334,0.010666666666666666,8.0,0.1865,0.8777602523659306,0.18811881188118812,4.7026666666666666,12000,2238,1500
synthetic_simulation,question_budget_per_claim,8,0,1000,0,uncertainty,0.8406666666666667,0.03,2.7173333333333334,0.19234543670264967,0.7003154574132492,0.007700770077007701,3.7333333333333334,4076,784,1500
synthetic_simulation,question_budget_per_claim,8,0,1000,0,lineage,0.8273333333333334,0.015333333333333332,0.2846666666666667,0.8384074941451991,0.7547318611987381,0.0,3.449333333333333,427,358,1500
synthetic_simulation,question_budget_per_claim,8,0,1000,0,continual,0.8846666666666667,0.020666666666666667,4.543333333333333,0.4657373440939105,0.7539432176656151,0.27832783278327833,5.326666666666667,6815,3174,1500
synthetic_simulation,question_budget_per_claim,8,0,1000,1,none,0.806,0.026,0.0,0.0,0.6978021978021978,0.0,3.2293333333333334,0,0,1500
synthetic_simulation,question_budget_per_claim,8,0,1000,1,random,0.8573333333333333,0.016,8.0,0.178,0.8704866562009419,0.19069239500567536,4.653333333333333,12000,2136,1500
synthetic_simulation,question_budget_per_claim,8,0,1000,1,uncertainty,0.854,0.02666666666666667,2.616,0.18858307849133538,0.6907378335949764,0.014755959137343927,3.7226666666666666,3924,740,1500
synthetic_simulation,question_budget_per_claim,8,0,1000,1,lineage,0.832,0.014,0.2946666666666667,0.7714932126696833,0.7535321821036107,0.0,3.4566666666666666,442,341,1500
synthetic_simulation,question_budget_per_claim,8,0,1000,1,continual,0.8893333333333333,0.020666666666666667,4.387333333333333,0.4602643975079775,0.7433281004709577,0.25198637911464244,5.248666666666667,6581,3029,1500
synthetic_simulation,question_budget_per_claim,8,0,1000,2,none,0.8053333333333333,0.028,0.0,0.0,0.6963434022257552,0.0,3.240666666666667,0,0,1500
synthetic_simulation,question_budget_per_claim,8,0,1000,2,random,0.8453333333333334,0.014,8.0,0.18258333333333332,0.8799682034976153,0.19248291571753987,4.701333333333333,12000,2191,1500
synthetic_simulation,question_budget_per_claim,8,0,1000,2,uncertainty,0.8486666666666667,0.029333333333333333,2.4553333333333334,0.1957643225631279,0.6939586645468998,0.012528473804100227,3.7213333333333334,3683,721,1500
synthetic_simulation,question_budget_per_claim,8,0,1000,2,lineage,0.8226666666666667,0.013333333333333334,0.25266666666666665,0.8733509234828496,0.7575516693163752,0.0,3.461333333333333,379,331,1500
synthetic_simulation,question_budget_per_claim,8,0,1000,2,continual,0.8693333333333333,0.018,4.379333333333333,0.4583650479525042,0.7519872813990461,0.2767653758542141,5.248,6569,3011,1500
synthetic_simulation,question_budget_per_claim,8,0,1000,3,none,0.8106666666666666,0.030666666666666665,0.0,0.0,0.6883830455259027,0.0,3.199333333333333,0,0,1500
synthetic_simulation,question_budget_per_claim,8,0,1000,3,random,0.8513333333333334,0.011333333333333334,8.0,0.18591666666666667,0.8822605965463108,0.17893544733861835,4.6866666666666665,12000,2231,1500
synthetic_simulation,question_budget_per_claim,8,0,1000,3,uncertainty,0.842,0.03133333333333333,2.754,0.18276446381021544,0.6868131868131868,0.010192525481313703,3.7026666666666666,4131,755,1500
synthetic_simulation,question_budget_per_claim,8,0,1000,3,lineage,0.8293333333333334,0.012,0.288,0.8171296296296297,0.749607535321821,0.0,3.4346666666666668,432,353,1500
synthetic_simulation,question_budget_per_claim,8,0,1000,3,continual,0.894,0.016666666666666666,4.399333333333334,0.46219124109713594,0.7488226059654631,0.26613816534541335,5.232666666666667,6599,3050,1500
synthetic_simulation,question_budget_per_claim,8,0,1000,4,none,0.79,0.026,0.0,0.0,0.7112341772151899,0.0,3.248,0,0,1500
synthetic_simulation,question_budget_per_claim,8,0,1000,4,random,0.832,0.014666666666666666,8.0,0.18208333333333335,0.8718354430379747,0.18080357142857142,4.704666666666666,12000,2185,1500
synthetic_simulation,question_budget_per_claim,8,0,1000,4,uncertainty,0.8413333333333334,0.02666666666666667,2.726,0.19148936170212766,0.7080696202531646,0.010044642857142858,3.77,4089,783,1500
synthetic_simulation,question_budget_per_claim,8,0,1000,4,lineage,0.8073333333333333,0.016,0.256,0.8333333333333334,0.759493670886076,0.0,3.461333333333333,384,320,1500
synthetic_simulation,question_budget_per_claim,8,0,1000,4,continual,0.8873333333333333,0.018,4.505333333333334,0.46374667061260727,0.7658227848101266,0.26674107142857145,5.3373333333333335,6758,3134,1500
synthetic_simulation,question_budget_per_claim,8,0,1000,5,none,0.7966666666666666,0.024,0.0,0.0,0.7001594896331739,0.0,3.2013333333333334,0,0,1500
synthetic_simulation,question_budget_per_claim,8,0,1000,5,random,0.8466666666666667,0.011333333333333334,8.0,0.182,0.8668261562998405,0.18764044943820224,4.657333333333334,12000,2184,1500
synthetic_simulation,question_budget_per_claim,8,0,1000,5,uncertainty,0.8426666666666667,0.024666666666666667,2.6653333333333333,0.20285142571285641,0.6977671451355661,0.008988764044943821,3.742,3998,811,1500
synthetic_simulation,question_budget_per_claim,8,0,1000,5,lineage,0.824,0.013333333333333334,0.2806666666666667,0.8099762470308789,0.7543859649122807,0.0,3.4286666666666665,421,341,1500
synthetic_simulation,question_budget_per_claim,8,0,1000,5,continual,0.8833333333333333,0.015333333333333332,4.352,0.47763480392156865,0.7511961722488039,0.2955056179775281,5.28,6528,3118,1500
synthetic_simulation,question_budget_per_claim,8,0,1000,6,none,0.8053333333333333,0.026,0.0,0.0,0.69713400464756,0.0,3.248,0,0,1500
synthetic_simulation,question_budget_per_claim,8,0,1000,6,random,0.8453333333333334,0.017333333333333333,8.0,0.18916666666666668,0.87141750580945,0.17391304347826086,4.761333333333333,12000,2270,1500
synthetic_simulation,question_budget_per_claim,8,0,1000,6,uncertainty,0.8466666666666667,0.027333333333333334,2.6466666666666665,0.2012594458438287,0.6909372579395817,0.011148272017837236,3.780666666666667,3970,799,1500
synthetic_simulation,question_budget_per_claim,8,0,1000,6,lineage,0.8173333333333334,0.014666666666666666,0.29133333333333333,0.7665903890160183,0.750580945003873,0.0011148272017837235,3.4713333333333334,437,335,1500
synthetic_simulation,question_budget_per_claim,8,0,1000,6,continual,0.8886666666666667,0.019333333333333334,4.52,0.4808259587020649,0.7451587916343919,0.2530657748049052,5.421333333333333,6780,3260,1500
synthetic_simulation,question_budget_per_claim,8,0,1000,7,none,0.8,0.035333333333333335,0.0,0.0,0.6893052302888368,0.0,3.216666666666667,0,0,1500
synthetic_simulation,question_budget_per_claim,8,0,1000,7,random,0.85,0.016,8.0,0.18433333333333332,0.87743950039032,0.18921892189218922,4.691333333333334,12000,2212,1500
synthetic_simulation,question_budget_per_claim,8,0,1000,7,uncertainty,0.8506666666666667,0.03666666666666667,2.694,0.19302152932442465,0.6854020296643247,0.011001100110011002,3.736666666666667,4041,780,1500
synthetic_simulation,question_budget_per_claim,8,0,1000,7,lineage,0.816,0.018,0.2793333333333333,0.8496420047732697,0.7548790007806401,0.0,3.454,419,356,1500
synthetic_simulation,question_budget_per_claim,8,0,1000,7,continual,0.8826666666666667,0.024666666666666667,4.463333333333333,0.46034353995519045,0.7501951600312255,0.28602860286028603,5.271333333333334,6695,3082,1500
synthetic_simulation,min_independent_roots,2,0,1000,0,none,0.8046666666666666,0.029333333333333333,0.0,0.0,0.7026813880126183,0.0,3.2106666666666666,0,0,1500
synthetic_simulation,min_independent_roots,2,0,1000,0,random,0.8226666666666667,0.018666666666666668,3.0,0.23133333333333334,0.7910094637223974,0.11441144114411442,3.9046666666666665,4500,1041,1500
synthetic_simulation,min_independent_roots,2,0,1000,0,uncertainty,0.8213333333333334,0.03,1.1846666666666668,0.2312886888013506,0.7018927444794952,0.005500550055005501,3.4846666666666666,1777,411,1500
synthetic_simulation,min_independent_roots,2,0,1000,0,lineage,0.8046666666666666,0.025333333333333333,0.018666666666666668,1.0,0.7097791798107256,0.0,3.2293333333333334,28,28,1500
synthetic_simulation,min_independent_roots,2,0,1000,0,continual,0.8706666666666667,0.028,1.754,0.8270619536297985,0.7121451104100947,0.28272827282728275,4.661333333333333,2631,2176,1500
synthetic_simulation,min_independent_roots,2,0,1000,1,none,0.806,0.026,0.0,0.0,0.6978021978021978,0.0,3.2293333333333334,0,0,1500
synthetic_simulation,min_independent_roots,2,0,1000,1,random,0.824,0.014,3.0,0.22511111111111112,0.793563579277865,0.10556186152099886,3.9046666666666665,4500,1013,1500
synthetic_simulation,min_independent_roots,2,0,1000,1,uncertainty,0.8246666666666667,0.026,1.166,0.22355631789594055,0.6946624803767661,0.00681044267877412,3.49,1749,391,1500
synthetic_simulation,min_independent_roots,2,0,1000,1,lineage,0.806,0.025333333333333333,0.018,1.0,0.7017268445839875,0.0,3.247333333333333,27,27,1500
synthetic_simulation,min_independent_roots,2,0,1000,1,continual,0.874,0.027333333333333334,1.706,0.833137944509574,0.7009419152276295,0.2395005675368899,4.650666666666667,2559,2132,1500
synthetic_simulation,min_independent_roots,2,0,1000,2,none,0.8053333333333333,0.028,0.0,0.0,0.6963434022257552,0.0,3.240666666666667,0,0,1500
synthetic_simulation,min_independent_roots,2,0,1000,2,random,0.8293333333333334,0.018666666666666668,3.0,0.22266666666666668,0.8124006359300477,0.09453302961275627,3.9086666666666665,4500,1002,1500
synthetic_simulation,min_independent_roots,2,0,1000,2,uncertainty,0.8293333333333334,0.029333333333333333,1.1146666666666667,0.22966507177033493,0.6947535771065183,0.0056947608200455585,3.4966666666666666,1672,384,1500
synthetic_simulation,min_independent_roots,2,0,1000,2,lineage,0.8033333333333333,0.025333333333333333,0.008666666666666666,1.0,0.7027027027027027,0.0,3.2493333333333334,13,13,1500
synthetic_simulation,min_independent_roots,2,0,1000,2,continual,0.8586666666666667,0.03,1.6786666666666668,0.8324066719618745,0.7034976152623211,0.275626423690205,4.638,2518,2096,1500
synthetic_simulation,min_independent_roots,2,0,1000,3,none,0.8106666666666666,0.030666666666666665,0.0,0.0,0.6883830455259027,0.0,3.199333333333333,0,0,1500
synthetic_simulation,min_independent_roots,2,0,1000,3,random,0.8313333333333334,0.014,3.0,0.2268888888888889,0.7912087912087912,0.09173272933182333,3.88,4500,1021,1500
synthetic_simulation,min_independent_roots,2,0,1000,3,uncertainty,0.8273333333333334,0.030666666666666665,1.178,0.22014714204867006,0.6868131868131868,0.006795016987542469,3.458666666666667,1767,389,1500
synthetic_simulation,min_independent_roots,2,0,1000,3,lineage,0.8126666666666666,0.02666666666666667,0.016,1.0,0.6946624803767661,0.0,3.215333333333333,24,24,1500
synthetic_simulation,min_independent_roots,2,0,1000,3,continual,0.8666666666666667,0.028,1.6946666666666668,0.8308418568056648,0.6970172684458399,0.24462061155152887,4.607333333333333,2542,2112,1500
synthetic_simulation,min_independent_roots,2,0,1000,4,none,0.79,0.026,0.0,0.0,0.7112341772151899,0.0,3.248,0,0,1500
synthetic_simulation,min_independent_roots,2,0,1000,4,random,0.8233333333333334,0.016,3.0,0.23155555555555554,0.8006329113924051,0.10044642857142858,3.9426666666666668,4500,1042,1500
synthetic_simulation,min_independent_roots,2,0,1000,4,uncertainty,0.818,0.026,1.1993333333333334,0.23735408560311283,0.7096518987341772,0.004464285714285714,3.5326666666666666,1799,427,1500
synthetic_simulation,min_independent_roots,2,0,1000,4,lineage,0.79,0.021333333333333333,0.016,1.0,0.7207278481012658,0.0,3.264,24,24,1500
synthetic_simulation,min_independent_roots,2,0,1000,4,continual,0.8666666666666667,0.027333333333333334,1.7433333333333334,0.8367112810707457,0.7175632911392406,0.2578125,4.706666666666667,2615,2188,1500
synthetic_simulation,min_independent_roots,2,0,1000,5,none,0.7966666666666666,0.024,0.0,0.0,0.7001594896331739,0.0,3.2013333333333334,0,0,1500
synthetic_simulation,min_independent_roots,2,0,1000,5,random,0.816,0.012666666666666666,3.0,0.2348888888888889,0.7894736842105263,0.08764044943820225,3.906,4500,1057,1500
synthetic_simulation,min_independent_roots,2,0,1000,5,uncertainty,0.824,0.024,1.1993333333333334,0.23846581434130074,0.6993620414673046,0.006741573033707865,3.4873333333333334,1799,429,1500
synthetic_simulation,min_independent_roots,2,0,1000,5,lineage,0.7966666666666666,0.020666666666666667,0.016666666666666666,1.0,0.7081339712918661,0.0,3.218,25,25,1500
synthetic_simulation,min_independent_roots,2,0,1000,5,continual,0.8706666666666667,0.023333333333333334,1.72,0.8434108527131783,0.7081339712918661,0.2797752808988764,4.652,2580,2176,1500
synthetic_simulation,min_independent_roots,2,0,1000,6,none,0.8053333333333333,0.026,0.0,0.0,0.69713400464756,0.0,3.248,0,0,1500
synthetic_simulation,min_independent_roots,2,0,1000,6,random,0.8186666666666667,0.019333333333333334,3.0,0.23466666666666666,0.7947327652982185,0.10367892976588629,3.952,4500,1056,1500
synthetic_simulation,min_independent_roots,2,0,1000,6,uncertainty,0.8246666666666667,0.027333333333333334,1.1673333333333333,0.23986293546544832,0.6932610379550735,0.006688963210702341,3.528,1751,420,1500
synthetic_simulation,min_independent_roots,2,0,1000,6,lineage,0.8053333333333333,0.024,0.018,1.0,0.7025561580170411,0.0,3.266,27,27,1500
synthetic_simulation,min_independent_roots,2,0,1000,6,continual,0.8626666666666667,0.03,1.7406666666666666,0.8540788969743394,0.7056545313710302,0.2552954292084727,4.734666666666667,2611,2230,1500
synthetic_simulation,min_independent_roots,2,0,1000,7,none,0.8,0.035333333333333335,0.0,0.0,0.6893052302888368,0.0,3.216666666666667,0,0,1500
synthetic_simulation,min_independent_roots,2,0,1000,7,random,0.8313333333333334,0.022,3.0,0.2348888888888889,0.7931303669008587,0.11001100110011001,3.921333333333333,4500,1057,1500
synthetic_simulation,min_independent_roots,2,0,1000,7,uncertainty,0.824,0.035333333333333335,1.188,0.23849607182940516,0.6869633099141296,0.007700770077007701,3.5,1782,425,1500
synthetic_simulation,min_independent_roots,2,0,1000,7,lineage,0.7993333333333333,0.03133333333333333,0.019333333333333334,1.0,0.6994535519125683,0.0,3.236,29,29,1500
synthetic_simulation,min_independent_roots,2,0,1000,7,continual,0.87,0.03266666666666666,1.734,0.8239138792772011,0.697111631537861,0.24642464246424642,4.645333333333333,2601,2143,1500
synthetic_simulation,min_independent_roots,3,1,1000,0,none,0.8046666666666666,0.029333333333333333,0.0,0.0,0.7026813880126183,0.0,3.2106666666666666,0,0,1500
synthetic_simulation,min_independent_roots,3,1,1000,0,random,0.8226666666666667,0.018666666666666668,3.0,0.23133333333333334,0.7910094637223974,0.11441144114411442,3.9046666666666665,4500,1041,1500
synthetic_simulation,min_independent_roots,3,1,1000,0,uncertainty,0.8213333333333334,0.03,1.1846666666666668,0.2312886888013506,0.7018927444794952,0.005500550055005501,3.4846666666666666,1777,411,1500
synthetic_simulation,min_independent_roots,3,1,1000,0,lineage,0.8273333333333334,0.016,0.25466666666666665,0.93717277486911,0.7563091482649842,0.0,3.449333333333333,382,358,1500
synthetic_simulation,min_independent_roots,3,1,1000,0,continual,0.8786666666666667,0.02266666666666667,1.9713333333333334,0.8363205951978356,0.7476340694006309,0.28272827282728275,4.859333333333334,2957,2473,1500
synthetic_simulation,min_independent_roots,3,1,1000,1,none,0.806,0.026,0.0,0.0,0.6978021978021978,0.0,3.2293333333333334,0,0,1500
synthetic_simulation,min_independent_roots,3,1,1000,1,random,0.824,0.014,3.0,0.22511111111111112,0.793563579277865,0.10556186152099886,3.9046666666666665,4500,1013,1500
synthetic_simulation,min_independent_roots,3,1,1000,1,uncertainty,0.8246666666666667,0.026,1.166,0.22355631789594055,0.6946624803767661,0.00681044267877412,3.49,1749,391,1500
synthetic_simulation,min_independent_roots,3,1,1000,1,lineage,0.822,0.016666666666666666,0.25133333333333335,0.9045092838196287,0.7456828885400314,0.0,3.4566666666666666,377,341,1500
synthetic_simulation,min_independent_roots,3,1,1000,1,continual,0.8753333333333333,0.022,1.926,0.8386985115957079,0.7472527472527473,0.246311010215664,4.844666666666667,2889,2423,1500
synthetic_simulation,min_independent_roots,3,1,1000,2,none,0.8053333333333333,0.028,0.0,0.0,0.6963434022257552,0.0,3.240666666666667,0,0,1500
synthetic_simulation,min_independent_roots,3,1,1000,2,random,0.8293333333333334,0.018666666666666668,3.0,0.22266666666666668,0.8124006359300477,0.09453302961275627,3.9086666666666665,4500,1002,1500
synthetic_simulation,min_independent_roots,3,1,1000,2,uncertainty,0.8293333333333334,0.029333333333333333,1.1146666666666667,0.22966507177033493,0.6947535771065183,0.0056947608200455585,3.4966666666666666,1672,384,1500
synthetic_simulation,min_independent_roots,3,1,1000,2,lineage,0.8233333333333334,0.013333333333333334,0.23266666666666666,0.9484240687679083,0.7591414944356121,0.0,3.461333333333333,349,331,1500
synthetic_simulation,min_independent_roots,3,1,1000,2,continual,0.866,0.018666666666666668,1.902,0.8412197686645636,0.7511923688394276,0.2642369020501139,4.8406666666666665,2853,2400,1500
synthetic_simulation,min_independent_roots,3,1,1000,3,none,0.8106666666666666,0.030666666666666665,0.0,0.0,0.6883830455259027,0.0,3.199333333333333,0,0,1500
synthetic_simulation,min_independent_roots,3,1,1000,3,random,0.8313333333333334,0.014,3.0,0.2268888888888889,0.7912087912087912,0.09173272933182333,3.88,4500,1021,1500
synthetic_simulation,min_independent_roots,3,1,1000,3,uncertainty,0.8273333333333334,0.030666666666666665,1.178,0.22014714204867006,0.6868131868131868,0.006795016987542469,3.458666666666667,1767,389,1500
synthetic_simulation,min_independent_roots,3,1,1000,3,lineage,0.832,0.012,0.25466666666666665,0.9240837696335078,0.7511773940345369,0.0,3.4346666666666668,382,353,1500
synthetic_simulation,min_independent_roots,3,1,1000,3,continual,0.87,0.016,1.912,0.8399581589958159,0.7409733124018838,0.2536806342015855,4.8053333333333335,2868,2409,1500
synthetic_simulation,min_independent_roots,3,1,1000,4,none,0.79,0.026,0.0,0.0,0.7112341772151899,0.0,3.248,0,0,1500
synthetic_simulation,min_independent_roots,3,1,1000,4,random,0.8233333333333334,0.016,3.0,0.23155555555555554,0.8006329113924051,0.10044642857142858,3.9426666666666668,4500,1042,1500
synthetic_simulation,min_independent_roots,3,1,1000,4,uncertainty,0.818,0.026,1.1993333333333334,0.23735408560311283,0.7096518987341772,0.004464285714285714,3.5326666666666666,1799,427,1500
synthetic_simulation,min_independent_roots,3,1,1000,4,lineage,0.8066666666666666,0.016666666666666666,0.22933333333333333,0.9302325581395349,0.757120253164557,0.0,3.461333333333333,344,320,1500
synthetic_simulation,min_independent_roots,3,1,1000,4,continual,0.866,0.018666666666666668,1.952,0.8422131147540983,0.7634493670886076,0.2421875,4.892,2928,2466,1500
synthetic_simulation,min_independent_roots,3,1,1000,5,none,0.7966666666666666,0.024,0.0,0.0,0.7001594896331739,0.0,3.2013333333333334,0,0,1500
synthetic_simulation,min_independent_roots,3,1,1000,5,random,0.816,0.012666666666666666,3.0,0.2348888888888889,0.7894736842105263,0.08764044943820225,3.906,4500,1057,1500
synthetic_simulation,min_independent_roots,3,1,1000,5,uncertainty,0.824,0.024,1.1993333333333334,0.23846581434130074,0.6993620414673046,0.006741573033707865,3.4873333333333334,1799,429,1500
synthetic_simulation,min_independent_roots,3,1,1000,5,lineage,0.8246666666666667,0.013333333333333334,0.24733333333333332,0.9191374663072777,0.7559808612440191,0.0,3.4286666666666665,371,341,1500
synthetic_simulation,min_independent_roots,3,1,1000,5,continual,0.8673333333333333,0.013333333333333334,1.9186666666666667,0.8502432244614315,0.7472089314194578,0.2876404494382023,4.832666666666666,2878,2447,1500
synthetic_simulation,min_independent_roots,3,1,1000,6,none,0.8053333333333333,0.026,0.0,0.0,0.69713400464756,0.0,3.248,0,0,1500
synthetic_simulation,min_independent_roots,3,1,1000,6,random,0.8186666666666667,0.019333333333333334,3.0,0.23466666666666666,0.7947327652982185,0.10367892976588629,3.952,4500,1056,1500
synthetic_simulation,min_independent_roots,3,1,1000,6,uncertainty,0.8246666666666667,0.027333333333333334,1.1673333333333333,0.23986293546544832,0.6932610379550735,0.006688963210702341,3.528,1751,420,1500
synthetic_simulation,min_independent_roots,3,1,1000,6,lineage,0.8153333333333334,0.014666666666666666,0.248,0.9005376344086021,0.7420604182804028,0.0011148272017837235,3.4713333333333334,372,335,1500
synthetic_simulation,min_independent_roots,3,1,1000,6,continual,0.8693333333333333,0.02,1.97,0.8602368866328257,0.7575522850503486,0.26421404682274247,4.942666666666667,2955,2542,1500
synthetic_simulation,min_independent_roots,3,1,1000,7,none,0.8,0.035333333333333335,0.0,0.0,0.6893052302888368,0.0,3.216666666666667,0,0,1500
synthetic_simulation,min_independent_roots,3,1,1000,7,random,0.8313333333333334,0.022,3.0,0.2348888888888889,0.7931303669008587,0.11001100110011001,3.921333333333333,4500,1057,1500
synthetic_simulation,min_independent_roots,3,1,1000,7,uncertainty,0.824,0.035333333333333335,1.188,0.23849607182940516,0.6869633099141296,0.007700770077007701,3.5,1782,425,1500
synthetic_simulation,min_independent_roots,3,1,1000,7,lineage,0.81,0.018666666666666668,0.25266666666666665,0.9393139841688655,0.7525370804059328,0.0,3.454,379,356,1500
synthetic_simulation,min_independent_roots,3,1,1000,7,continual,0.8746666666666667,0.020666666666666667,1.9546666666666668,0.8332196452933152,0.7462919594067136,0.2607260726072607,4.8453333333333335,2932,2443,1500
synthetic_simulation,min_independent_roots,4,0,1000,0,none,0.8046666666666666,0.029333333333333333,0.0,0.0,0.7026813880126183,0.0,3.2106666666666666,0,0,1500
synthetic_simulation,min_independent_roots,4,0,1000,0,random,0.8226666666666667,0.018666666666666668,3.0,0.23133333333333334,0.7910094637223974,0.11441144114411442,3.9046666666666665,4500,1041,1500
synthetic_simulation,min_independent_roots,4,0,1000,0,uncertainty,0.8213333333333334,0.03,1.1846666666666668,0.2312886888013506,0.7018927444794952,0.005500550055005501,3.4846666666666666,1777,411,1500
synthetic_simulation,min_independent_roots,4,0,1000,0,lineage,0.8226666666666667,0.009333333333333334,0.9193333333333333,0.902102973168963,0.8225552050473186,0.0,4.04,1379,1244,1500
synthetic_simulation,min_independent_roots,4,0,1000,0,continual,0.868,0.012,2.332,0.8467695826186392,0.830441640378549,0.2915291529152915,5.185333333333333,3498,2962,1500
synthetic_simulation,min_independent_roots,4,0,1000,1,none,0.806,0.026,0.0,0.0,0.6978021978021978,0.0,3.2293333333333334,0,0,1500
synthetic_simulation,min_independent_roots,4,0,1000,1,random,0.824,0.014,3.0,0.22511111111111112,0.793563579277865,0.10556186152099886,3.9046666666666665,4500,1013,1500
synthetic_simulation,min_independent_roots,4,0,1000,1,uncertainty,0.8246666666666667,0.026,1.166,0.22355631789594055,0.6946624803767661,0.00681044267877412,3.49,1749,391,1500
synthetic_simulation,min_independent_roots,4,0,1000,1,lineage,0.8273333333333334,0.008,0.914,0.8891320204230488,0.8288854003139717,0.0,4.042,1371,1219,1500
synthetic_simulation,min_independent_roots,4,0,1000,1,continual,0.868,0.013333333333333334,2.3,0.8397101449275363,0.8233908948194663,0.25198637911464244,5.160666666666667,3450,2897,1500
synthetic_simulation,min_independent_roots,4,0,1000,2,none,0.8053333333333333,0.028,0.0,0.0,0.6963434022257552,0.0,3.240666666666667,0,0,1500
synthetic_simulation,min_independent_roots,4,0,1000,2,random,0.8293333333333334,0.018666666666666668,3.0,0.22266666666666668,0.8124006359300477,0.09453302961275627,3.9086666666666665,4500,1002,1500
synthetic_simulation,min_independent_roots,4,0,1000,2,uncertainty,0.8293333333333334,0.029333333333333333,1.1146666666666667,0.22966507177033493,0.6947535771065183,0.0056947608200455585,3.4966666666666666,1672,384,1500
synthetic_simulation,min_independent_roots,4,0,1000,2,lineage,0.8193333333333334,0.006,0.8933333333333333,0.9171641791044776,0.8282988871224165,0.0011389521640091116,4.06,1340,1229,1500
synthetic_simulation,min_independent_roots,4,0,1000,2,continual,0.864,0.016,2.283333333333333,0.8464233576642336,0.8267090620031796,0.2722095671981777,5.173333333333333,3425,2899,1500
synthetic_simulation,min_independent_roots,4,0,1000,3,none,0.8106666666666666,0.030666666666666665,0.0,0.0,0.6883830455259027,0.0,3.199333333333333,0,0,1500
synthetic_simulation,min_independent_roots,4,0,1000,3,random,0.8313333333333334,0.014,3.0,0.2268888888888889,0.7912087912087912,0.09173272933182333,3.88,4500,1021,1500
synthetic_simulation,min_independent_roots,4,0,1000,3,uncertainty,0.8273333333333334,0.030666666666666665,1.178,0.22014714204867006,0.6868131868131868,0.006795016987542469,3.458666666666667,1767,389,1500
synthetic_simulation,min_independent_roots,4,0,1000,3,lineage,0.8346666666666667,0.006666666666666667,0.94,0.9056737588652483,0.8351648351648352,0.0011325028312570782,4.050666666666666,1410,1277,1500
synthetic_simulation,min_independent_roots,4,0,1000,3,continual,0.8826666666666667,0.013333333333333334,2.3153333333333332,0.8499856032248776,0.8296703296703297,0.26160815402038506,5.167333333333334,3473,2952,1500
synthetic_simulation,min_independent_roots,4,0,1000,4,none,0.79,0.026,0.0,0.0,0.7112341772151899,0.0,3.248,0,0,1500
synthetic_simulation,min_independent_roots,4,0,1000,4,random,0.8233333333333334,0.016,3.0,0.23155555555555554,0.8006329113924051,0.10044642857142858,3.9426666666666668,4500,1042,1500
synthetic_simulation,min_independent_roots,4,0,1000,4,uncertainty,0.818,0.026,1.1993333333333334,0.23735408560311283,0.7096518987341772,0.004464285714285714,3.5326666666666666,1799,427,1500
synthetic_simulation,min_independent_roots,4,0,1000,4,lineage,0.8093333333333333,0.007333333333333333,0.8913333333333333,0.9087509349289454,0.8378164556962026,0.0,4.058,1337,1215,1500
synthetic_simulation,min_independent_roots,4,0,1000,4,continual,0.862,0.014666666666666666,2.3213333333333335,0.8437679494543366,0.8386075949367089,0.2578125,5.206666666666667,3482,2938,1500
synthetic_simulation,min_independent_roots,4,0,1000,5,none,0.7966666666666666,0.024,0.0,0.0,0.7001594896331739,0.0,3.2013333333333334,0,0,1500
synthetic_simulation,min_independent_roots,4,0,1000,5,random,0.816,0.012666666666666666,3.0,0.2348888888888889,0.7894736842105263,0.08764044943820225,3.906,4500,1057,1500
synthetic_simulation,min_independent_roots,4,0,1000,5,uncertainty,0.824,0.024,1.1993333333333334,0.23846581434130074,0.6993620414673046,0.006741573033707865,3.4873333333333334,1799,429,1500
synthetic_simulation,min_independent_roots,4,0,1000,5,lineage,0.8106666666666666,0.005333333333333333,0.916,0.9090247452692868,0.8237639553429027,0.0,4.034,1374,1249,1500
synthetic_simulation,min_independent_roots,4,0,1000,5,continual,0.8733333333333333,0.009333333333333334,2.2953333333333332,0.850711588730758,0.8245614035087719,0.2752808988764045,5.154,3443,2929,1500
synthetic_simulation,min_independent_roots,4,0,1000,6,none,0.8053333333333333,0.026,0.0,0.0,0.69713400464756,0.0,3.248,0,0,1500
synthetic_simulation,min_independent_roots,4,0,1000,6,random,0.8186666666666667,0.019333333333333334,3.0,0.23466666666666666,0.7947327652982185,0.10367892976588629,3.952,4500,1056,1500
synthetic_simulation,min_independent_roots,4,0,1000,6,uncertainty,0.8246666666666667,0.027333333333333334,1.1673333333333333,0.23986293546544832,0.6932610379550735,0.006688963210702341,3.528,1751,420,1500
synthetic_simulation,min_independent_roots,4,0,1000,6,lineage,0.816,0.007333333333333333,0.8893333333333333,0.9167916041979011,0.8233927188226181,0.0011148272017837235,4.0633333333333335,1334,1223,1500
synthetic_simulation,min_independent_roots,4,0,1000,6,continual,0.8686666666666667,0.015333333333333332,2.3366666666666664,0.8607703281027104,0.8326878388845856,0.2530657748049052,5.259333333333333,3505,3017,1500
synthetic_simulation,min_independent_roots,4,0,1000,7,none,0.8,0.035333333333333335,0.0,0.0,0.6893052302888368,0.0,3.216666666666667,0,0,1500
synthetic_simulation,min_independent_roots,4,0,1000,7,random,0.8313333333333334,0.022,3.0,0.2348888888888889,0.7931303669008587,0.11001100110011001,3.921333333333333,4500,1057,1500
synthetic_simulation,min_independent_roots,4,0,1000,7,uncertainty,0.824,0.035333333333333335,1.188,0.23849607182940516,0.6869633099141296,0.007700770077007701,3.5,1782,425,1500
synthetic_simulation,min_independent_roots,4,0,1000,7,lineage,0.824,0.009333333333333334,0.924,0.898989898989899,0.8391881342701015,0.0,4.0473333333333334,1386,1246,1500
synthetic_simulation,min_independent_roots,4,0,1000,7,continual,0.8773333333333333,0.014,2.3466666666666667,0.8326704545454545,0.8298204527712725,0.2607260726072607,5.1706666666666665,3520,2931,1500
synthetic_simulation,min_independent_roots,5,0,1000,0,none,0.8046666666666666,0.029333333333333333,0.0,0.0,0.7026813880126183,0.0,3.2106666666666666,0,0,1500
synthetic_simulation,min_independent_roots,5,0,1000,0,random,0.8226666666666667,0.018666666666666668,3.0,0.23133333333333334,0.7910094637223974,0.11441144114411442,3.9046666666666665,4500,1041,1500
synthetic_simulation,min_independent_roots,5,0,1000,0,uncertainty,0.8213333333333334,0.03,1.1846666666666668,0.2312886888013506,0.7018927444794952,0.005500550055005501,3.4846666666666666,1777,411,1500
synthetic_simulation,min_independent_roots,5,0,1000,0,lineage,0.8546666666666667,0.02,1.8553333333333333,0.8749550844412505,0.9053627760252366,0.3487348734873487,4.834,2783,2435,1500
synthetic_simulation,min_independent_roots,5,0,1000,0,continual,0.8766666666666667,0.010666666666666666,2.6533333333333333,0.8452261306532663,0.9037854889589906,0.28492849284928495,5.453333333333333,3980,3364,1500
synthetic_simulation,min_independent_roots,5,0,1000,1,none,0.806,0.026,0.0,0.0,0.6978021978021978,0.0,3.2293333333333334,0,0,1500
synthetic_simulation,min_independent_roots,5,0,1000,1,random,0.824,0.014,3.0,0.22511111111111112,0.793563579277865,0.10556186152099886,3.9046666666666665,4500,1013,1500
synthetic_simulation,min_independent_roots,5,0,1000,1,uncertainty,0.8246666666666667,0.026,1.166,0.22355631789594055,0.6946624803767661,0.00681044267877412,3.49,1749,391,1500
synthetic_simulation,min_independent_roots,5,0,1000,1,lineage,0.87,0.016,1.8493333333333333,0.8550829127613554,0.9010989010989011,0.30192962542565266,4.810666666666667,2774,2372,1500
synthetic_simulation,min_independent_roots,5,0,1000,1,continual,0.8713333333333333,0.008666666666666666,2.6393333333333335,0.8403637282141955,0.9065934065934066,0.2304199772985244,5.447333333333333,3959,3327,1500
synthetic_simulation,min_independent_roots,5,0,1000,2,none,0.8053333333333333,0.028,0.0,0.0,0.6963434022257552,0.0,3.240666666666667,0,0,1500
synthetic_simulation,min_independent_roots,5,0,1000,2,random,0.8293333333333334,0.018666666666666668,3.0,0.22266666666666668,0.8124006359300477,0.09453302961275627,3.9086666666666665,4500,1002,1500
synthetic_simulation,min_independent_roots,5,0,1000,2,uncertainty,0.8293333333333334,0.029333333333333333,1.1146666666666667,0.22966507177033493,0.6947535771065183,0.0056947608200455585,3.4966666666666666,1672,384,1500
synthetic_simulation,min_independent_roots,5,0,1000,2,lineage,0.8653333333333333,0.02266666666666667,1.8466666666666667,0.8725631768953068,0.8974562798092209,0.3200455580865604,4.852,2770,2417,1500
synthetic_simulation,min_independent_roots,5,0,1000,2,continual,0.856,0.008666666666666666,2.6346666666666665,0.8448886639676113,0.9109697933227345,0.26651480637813213,5.466666666666667,3952,3339,1500
synthetic_simulation,min_independent_roots,5,0,1000,3,none,0.8106666666666666,0.030666666666666665,0.0,0.0,0.6883830455259027,0.0,3.199333333333333,0,0,1500
synthetic_simulation,min_independent_roots,5,0,1000,3,random,0.8313333333333334,0.014,3.0,0.2268888888888889,0.7912087912087912,0.09173272933182333,3.88,4500,1021,1500
synthetic_simulation,min_independent_roots,5,0,1000,3,uncertainty,0.8273333333333334,0.030666666666666665,1.178,0.22014714204867006,0.6868131868131868,0.006795016987542469,3.458666666666667,1767,389,1500
synthetic_simulation,min_independent_roots,5,0,1000,3,lineage,0.8786666666666667,0.015333333333333332,1.87,0.8759358288770054,0.8987441130298273,0.3057757644394111,4.8373333333333335,2805,2457,1500
synthetic_simulation,min_independent_roots,5,0,1000,3,continual,0.8766666666666667,0.006666666666666667,2.6393333333333335,0.847436221267997,0.9010989010989011,0.2627406568516421,5.436,3959,3355,1500
synthetic_simulation,min_independent_roots,5,0,1000,4,none,0.79,0.026,0.0,0.0,0.7112341772151899,0.0,3.248,0,0,1500
synthetic_simulation,min_independent_roots,5,0,1000,4,random,0.8233333333333334,0.016,3.0,0.23155555555555554,0.8006329113924051,0.10044642857142858,3.9426666666666668,4500,1042,1500
synthetic_simulation,min_independent_roots,5,0,1000,4,uncertainty,0.818,0.026,1.1993333333333334,0.23735408560311283,0.7096518987341772,0.004464285714285714,3.5326666666666666,1799,427,1500
synthetic_simulation,min_independent_roots,5,0,1000,4,lineage,0.8513333333333334,0.018666666666666668,1.8346666666666667,0.8640988372093024,0.9058544303797469,0.29464285714285715,4.833333333333333,2752,2378,1500
synthetic_simulation,min_independent_roots,5,0,1000,4,continual,0.8666666666666667,0.012,2.658,0.8397291196388262,0.9169303797468354,0.26339285714285715,5.48,3987,3348,1500
synthetic_simulation,min_independent_roots,5,0,1000,5,none,0.7966666666666666,0.024,0.0,0.0,0.7001594896331739,0.0,3.2013333333333334,0,0,1500
synthetic_simulation,min_independent_roots,5,0,1000,5,random,0.816,0.012666666666666666,3.0,0.2348888888888889,0.7894736842105263,0.08764044943820225,3.906,4500,1057,1500
synthetic_simulation,min_independent_roots,5,0,1000,5,uncertainty,0.824,0.024,1.1993333333333334,0.23846581434130074,0.6993620414673046,0.006741573033707865,3.4873333333333334,1799,429,1500
synthetic_simulation,min_independent_roots,5,0,1000,5,lineage,0.8526666666666667,0.016666666666666666,1.8766666666666667,0.8618117229129663,0.89792663476874,0.3292134831460674,4.818666666666667,2815,2426,1500
synthetic_simulation,min_independent_roots,5,0,1000,5,continual,0.8693333333333333,0.007333333333333333,2.6366666666666667,0.8439949431099874,0.9003189792663477,0.2898876404494382,5.426666666666667,3955,3338,1500
synthetic_simulation,min_independent_roots,5,0,1000,6,none,0.8053333333333333,0.026,0.0,0.0,0.69713400464756,0.0,3.248,0,0,1500
synthetic_simulation,min_independent_roots,5,0,1000,6,random,0.8186666666666667,0.019333333333333334,3.0,0.23466666666666666,0.7947327652982185,0.10367892976588629,3.952,4500,1056,1500
synthetic_simulation,min_independent_roots,5,0,1000,6,uncertainty,0.8246666666666667,0.027333333333333334,1.1673333333333333,0.23986293546544832,0.6932610379550735,0.006688963210702341,3.528,1751,420,1500
synthetic_simulation,min_independent_roots,5,0,1000,6,lineage,0.8626666666666667,0.023333333333333334,1.802,0.8916019237883833,0.8900077459333849,0.33444816053511706,4.854666666666667,2703,2410,1500
synthetic_simulation,min_independent_roots,5,0,1000,6,continual,0.87,0.014,2.6286666666666667,0.8589906162820188,0.8993028659953525,0.25752508361204013,5.506,3943,3387,1500
synthetic_simulation,min_independent_roots,5,0,1000,7,none,0.8,0.035333333333333335,0.0,0.0,0.6893052302888368,0.0,3.216666666666667,0,0,1500
synthetic_simulation,min_independent_roots,5,0,1000,7,random,0.8313333333333334,0.022,3.0,0.2348888888888889,0.7931303669008587,0.11001100110011001,3.921333333333333,4500,1057,1500
synthetic_simulation,min_independent_roots,5,0,1000,7,uncertainty,0.824,0.035333333333333335,1.188,0.23849607182940516,0.6869633099141296,0.007700770077007701,3.5,1782,425,1500
synthetic_simulation,min_independent_roots,5,0,1000,7,lineage,0.858,0.027333333333333334,1.8613333333333333,0.8574498567335244,0.9078844652615145,0.32123212321232125,4.812666666666667,2792,2394,1500
synthetic_simulation,min_independent_roots,5,0,1000,7,continual,0.8753333333333333,0.011333333333333334,2.658,0.8317030348633058,0.9039812646370023,0.25962596259625964,5.427333333333333,3987,3316,1500
synthetic_simulation,candidate_pool_size,16,0,1000,0,none,0.8093333333333333,0.03266666666666666,0.0,0.0,0.7761989342806395,0.0,3.220666666666667,0,0,1500
synthetic_simulation,candidate_pool_size,16,0,1000,0,random,0.8326666666666667,0.016666666666666666,3.0,0.22111111111111112,0.8694493783303731,0.11010215664018161,3.884,4500,995,1500
synthetic_simulation,candidate_pool_size,16,0,1000,0,uncertainty,0.8333333333333334,0.03266666666666666,1.1046666666666667,0.22510561255280628,0.7735346358792184,0.00681044267877412,3.469333333333333,1657,373,1500
synthetic_simulation,candidate_pool_size,16,0,1000,0,lineage,0.8286666666666667,0.014,0.2713333333333333,0.8353808353808354,0.8428063943161634,0.0,3.4473333333333334,407,340,1500
synthetic_simulation,candidate_pool_size,16,0,1000,0,continual,0.86,0.02,1.9626666666666666,0.5489130434782609,0.8401420959147424,0.23155505107832008,4.298,2944,1616,1500
synthetic_simulation,candidate_pool_size,16,0,1000,1,none,0.7993333333333333,0.030666666666666665,0.0,0.0,0.7642418930762489,0.0,3.1966666666666668,0,0,1500
synthetic_simulation,candidate_pool_size,16,0,1000,1,random,0.8293333333333334,0.018666666666666668,3.0,0.23355555555555554,0.8843120070113936,0.08896396396396396,3.8973333333333335,4500,1051,1500
synthetic_simulation,candidate_pool_size,16,0,1000,1,uncertainty,0.826,0.032,1.1666666666666667,0.25485714285714284,0.761612620508326,0.009009009009009009,3.494,1750,446,1500
synthetic_simulation,candidate_pool_size,16,0,1000,1,lineage,0.818,0.016666666666666666,0.26466666666666666,0.8488664987405542,0.8220858895705522,0.0,3.421333333333333,397,337,1500
synthetic_simulation,candidate_pool_size,16,0,1000,1,continual,0.856,0.022,1.972,0.5676132521974308,0.8247151621384751,0.19932432432432431,4.316,2958,1679,1500
synthetic_simulation,candidate_pool_size,16,0,1000,2,none,0.8053333333333333,0.028,0.0,0.0,0.7808939526730938,0.0,3.2346666666666666,0,0,1500
synthetic_simulation,candidate_pool_size,16,0,1000,2,random,0.8313333333333334,0.015333333333333332,3.0,0.21711111111111112,0.8746713409290097,0.09427609427609428,3.886,4500,977,1500
synthetic_simulation,candidate_pool_size,16,0,1000,2,uncertainty,0.836,0.028,1.168,0.22146118721461186,0.7808939526730938,0.008978675645342313,3.493333333333333,1752,388,1500
synthetic_simulation,candidate_pool_size,16,0,1000,2,lineage,0.8186666666666667,0.016,0.25,0.816,0.8308501314636284,0.0,3.4386666666666668,375,306,1500
synthetic_simulation,candidate_pool_size,16,0,1000,2,continual,0.844,0.014666666666666666,1.9706666666666666,0.5375507442489851,0.8326029798422436,0.21099887766554434,4.294,2956,1589,1500
synthetic_simulation,candidate_pool_size,16,0,1000,3,none,0.7993333333333333,0.029333333333333333,0.0,0.0,0.7907771135781383,0.0,3.22,0,0,1500
synthetic_simulation,candidate_pool_size,16,0,1000,3,random,0.828,0.014666666666666666,3.0,0.23466666666666666,0.892399658411614,0.09277238403451996,3.924,4500,1056,1500
synthetic_simulation,candidate_pool_size,16,0,1000,3,uncertainty,0.8286666666666667,0.03,1.272,0.24423480083857443,0.7890691716481639,0.004314994606256742,3.530666666666667,1908,466,1500
synthetic_simulation,candidate_pool_size,16,0,1000,3,lineage,0.8193333333333334,0.017333333333333333,0.25466666666666665,0.8612565445026178,0.8420153714773698,0.0,3.4393333333333334,382,329,1500
synthetic_simulation,candidate_pool_size,16,0,1000,3,continual,0.8586666666666667,0.02,2.038,0.5580634609093883,0.8411614005123825,0.1930960086299892,4.357333333333333,3057,1706,1500
synthetic_simulation,candidate_pool_size,16,0,1000,4,none,0.8133333333333334,0.03266666666666666,0.0,0.0,0.7817083692838654,0.0,3.268,0,0,1500
synthetic_simulation,candidate_pool_size,16,0,1000,4,random,0.8306666666666667,0.025333333333333333,3.0,0.22866666666666666,0.8886971527178602,0.10652173913043478,3.954,4500,1029,1500
synthetic_simulation,candidate_pool_size,16,0,1000,4,uncertainty,0.836,0.03333333333333333,1.112,0.23800959232613908,0.7808455565142364,0.010869565217391304,3.5326666666666666,1668,397,1500
synthetic_simulation,candidate_pool_size,16,0,1000,4,lineage,0.832,0.018,0.24866666666666667,0.8445040214477212,0.8464193270060397,0.0,3.478,373,315,1500
synthetic_simulation,candidate_pool_size,16,0,1000,4,continual,0.8626666666666667,0.023333333333333334,2.026,0.5705824284304047,0.8507333908541846,0.21304347826086956,4.424,3039,1734,1500
synthetic_simulation,candidate_pool_size,16,0,1000,5,none,0.7893333333333333,0.03133333333333333,0.0,0.0,0.7649063032367973,0.0,3.1733333333333333,0,0,1500
synthetic_simulation,candidate_pool_size,16,0,1000,5,random,0.816,0.017333333333333333,3.0,0.2371111111111111,0.8773424190800682,0.09219088937093275,3.8846666666666665,4500,1067,1500
synthetic_simulation,candidate_pool_size,16,0,1000,5,uncertainty,0.82,0.034,1.234,0.22744462452728256,0.7632027257240205,0.0032537960954446853,3.454,1851,421,1500
synthetic_simulation,candidate_pool_size,16,0,1000,5,lineage,0.8073333333333333,0.018,0.2853333333333333,0.7897196261682243,0.8245315161839863,0.0,3.3986666666666667,428,338,1500
synthetic_simulation,candidate_pool_size,16,0,1000,5,continual,0.8413333333333334,0.025333333333333333,2.022,0.5644576327068909,0.82793867120954,0.1963123644251627,4.314666666666667,3033,1712,1500
synthetic_simulation,candidate_pool_size,16,0,1000,6,none,0.79,0.027333333333333334,0.0,0.0,0.7607913669064749,0.0,3.215333333333333,0,0,1500
synthetic_simulation,candidate_pool_size,16,0,1000,6,random,0.8226666666666667,0.018666666666666668,3.0,0.23,0.8758992805755396,0.11832946635730858,3.9053333333333335,4500,1035,1500
synthetic_simulation,candidate_pool_size,16,0,1000,6,uncertainty,0.8213333333333334,0.028666666666666667,1.1346666666666667,0.24030552291421856,0.7571942446043165,0.012761020881670533,3.488,1702,409,1500
synthetic_simulation,candidate_pool_size,16,0,1000,6,lineage,0.8126666666666666,0.016,0.262,0.8269720101781171,0.8138489208633094,0.0,3.432,393,325,1500
synthetic_simulation,candidate_pool_size,16,0,1000,6,continual,0.852,0.022,1.892,0.5570824524312896,0.8057553956834532,0.1925754060324826,4.269333333333333,2838,1581,1500
synthetic_simulation,candidate_pool_size,16,0,1000,7,none,0.7986666666666666,0.028,0.0,0.0,0.8024158757549612,0.0,3.248,0,0,1500
synthetic_simulation,candidate_pool_size,16,0,1000,7,random,0.82,0.018,3.0,0.23333333333333334,0.903364969801553,0.10779082177161152,3.948,4500,1050,1500
synthetic_simulation,candidate_pool_size,16,0,1000,7,uncertainty,0.818,0.029333333333333333,1.218,0.24247400109469075,0.8015530629853321,0.0032017075773745998,3.5433333333333334,1827,443,1500
synthetic_simulation,candidate_pool_size,16,0,1000,7,lineage,0.8193333333333334,0.016666666666666666,0.236,0.8728813559322034,0.8541846419327006,0.0,3.454,354,309,1500
synthetic_simulation,candidate_pool_size,16,0,1000,7,continual,0.848,0.018666666666666668,2.038666666666667,0.5568999345977763,0.8584987057808455,0.2198505869797225,4.383333333333334,3058,1703,1500
synthetic_simulation,candidate_pool_size,32,0,1000,0,none,0.818,0.027333333333333334,0.0,0.0,0.7176,0.0,3.255333333333333,0,0,1500
synthetic_simulation,candidate_pool_size,32,0,1000,0,random,0.8466666666666667,0.016,3.0,0.21911111111111112,0.8136,0.09050279329608939,3.9126666666666665,4500,986,1500
synthetic_simulation,candidate_pool_size,32,0,1000,0,uncertainty,0.846,0.028,1.2006666666666668,0.23764575235980012,0.7152,0.00782122905027933,3.5406666666666666,1801,428,1500
synthetic_simulation,candidate_pool_size,32,0,1000,0,lineage,0.84,0.014666666666666666,0.232,0.9454022988505747,0.7688,0.0,3.474666666666667,348,329,1500
synthetic_simulation,candidate_pool_size,32,0,1000,0,continual,0.884,0.016666666666666666,1.9406666666666668,0.7739608381999313,0.768,0.26145251396648045,4.757333333333333,2911,2253,1500
synthetic_simulation,candidate_pool_size,32,0,1000,1,none,0.8046666666666666,0.03133333333333333,0.0,0.0,0.7214983713355049,0.0,3.2266666666666666,0,0,1500
synthetic_simulation,candidate_pool_size,32,0,1000,1,random,0.8273333333333334,0.020666666666666667,3.0,0.23355555555555554,0.8224755700325733,0.0922384701912261,3.9273333333333333,4500,1051,1500
synthetic_simulation,candidate_pool_size,32,0,1000,1,uncertainty,0.8213333333333334,0.03266666666666666,1.1853333333333333,0.218785151856018,0.7174267100977199,0.010123734533183352,3.486,1778,389,1500
synthetic_simulation,candidate_pool_size,32,0,1000,1,lineage,0.8186666666666667,0.018666666666666668,0.24666666666666667,0.9297297297297298,0.7768729641693811,0.0,3.456,370,344,1500
synthetic_simulation,candidate_pool_size,32,0,1000,1,continual,0.8706666666666667,0.024666666666666667,1.9546666666666668,0.7680763983628922,0.7736156351791531,0.23959505061867267,4.728,2932,2252,1500
synthetic_simulation,candidate_pool_size,32,0,1000,2,none,0.7993333333333333,0.028,0.0,0.0,0.7142857142857143,0.0,3.2466666666666666,0,0,1500
synthetic_simulation,candidate_pool_size,32,0,1000,2,random,0.824,0.016,3.0,0.228,0.8236233040702314,0.10520487264673312,3.9306666666666668,4500,1026,1500
synthetic_simulation,candidate_pool_size,32,0,1000,2,uncertainty,0.8213333333333334,0.029333333333333333,1.156,0.21972318339100347,0.713487629688747,0.004429678848283499,3.5006666666666666,1734,381,1500
synthetic_simulation,candidate_pool_size,32,0,1000,2,lineage,0.8213333333333334,0.012666666666666666,0.23666666666666666,0.9126760563380282,0.7717478052673583,0.0,3.462666666666667,355,324,1500
synthetic_simulation,candidate_pool_size,32,0,1000,2,continual,0.8673333333333333,0.018,1.9613333333333334,0.7729435757987764,0.7685554668794893,0.24031007751937986,4.762666666666667,2942,2274,1500
synthetic_simulation,candidate_pool_size,32,0,1000,3,none,0.8113333333333334,0.028666666666666667,0.0,0.0,0.694888178913738,0.0,3.22,0,0,1500
synthetic_simulation,candidate_pool_size,32,0,1000,3,random,0.838,0.02,3.0,0.22933333333333333,0.7899361022364217,0.10835214446952596,3.908,4500,1032,1500
synthetic_simulation,candidate_pool_size,32,0,1000,3,uncertainty,0.832,0.029333333333333333,1.118,0.2283840190816935,0.6908945686900958,0.007900677200902935,3.4753333333333334,1677,383,1500
synthetic_simulation,candidate_pool_size,32,0,1000,3,lineage,0.826,0.017333333333333333,0.234,0.9002849002849003,0.7436102236421726,0.0,3.4306666666666668,351,316,1500
synthetic_simulation,candidate_pool_size,32,0,1000,3,continual,0.8693333333333333,0.020666666666666667,1.92,0.7729166666666667,0.7476038338658147,0.2686230248306998,4.704,2880,2226,1500
synthetic_simulation,candidate_pool_size,32,0,1000,4,none,0.8146666666666667,0.03133333333333333,0.0,0.0,0.7119341563786008,0.0,3.216,0,0,1500
synthetic_simulation,candidate_pool_size,32,0,1000,4,random,0.838,0.018666666666666668,3.0,0.23622222222222222,0.8164609053497942,0.10544611819235226,3.9246666666666665,4500,1063,1500
synthetic_simulation,candidate_pool_size,32,0,1000,4,uncertainty,0.834,0.032,1.1153333333333333,0.2367005379557681,0.7094650205761317,0.002317497103128621,3.48,1673,396,1500
synthetic_simulation,candidate_pool_size,32,0,1000,4,lineage,0.8333333333333334,0.018,0.24866666666666667,0.9302949061662198,0.7703703703703704,0.0,3.4473333333333334,373,347,1500
synthetic_simulation,candidate_pool_size,32,0,1000,4,continual,0.876,0.024,1.8946666666666667,0.7853624208304011,0.7703703703703704,0.2711471610660487,4.704,2842,2232,1500
synthetic_simulation,candidate_pool_size,32,0,1000,5,none,0.8006666666666666,0.034666666666666665,0.0,0.0,0.7052117263843648,0.0,3.2373333333333334,0,0,1500
synthetic_simulation,candidate_pool_size,32,0,1000,5,random,0.816,0.017333333333333333,3.0,0.2228888888888889,0.7988599348534202,0.09797297297297297,3.906,4500,1003,1500
synthetic_simulation,candidate_pool_size,32,0,1000,5,uncertainty,0.8213333333333334,0.034666666666666665,1.1446666666666667,0.24111822947000583,0.7019543973941368,0.010135135135135136,3.513333333333333,1717,414,1500
synthetic_simulation,candidate_pool_size,32,0,1000,5,lineage,0.8153333333333334,0.020666666666666667,0.22933333333333333,0.9040697674418605,0.750814332247557,0.0,3.4446666666666665,344,311,1500
synthetic_simulation,candidate_pool_size,32,0,1000,5,continual,0.866,0.024666666666666667,1.888,0.7725988700564972,0.755700325732899,0.26238738738738737,4.696,2832,2188,1500
synthetic_simulation,candidate_pool_size,32,0,1000,6,none,0.8046666666666666,0.023333333333333334,0.0,0.0,0.7101214574898785,0.0,3.226,0,0,1500
synthetic_simulation,candidate_pool_size,32,0,1000,6,random,0.8326666666666667,0.015333333333333332,3.0,0.2268888888888889,0.8080971659919028,0.10102156640181612,3.9066666666666667,4500,1021,1500
synthetic_simulation,candidate_pool_size,32,0,1000,6,uncertainty,0.8213333333333334,0.023333333333333334,1.192,0.24049217002237136,0.708502024291498,0.004540295119182747,3.5126666666666666,1788,430,1500
synthetic_simulation,candidate_pool_size,32,0,1000,6,lineage,0.82,0.012666666666666666,0.24666666666666667,0.9351351351351351,0.7740890688259109,0.0,3.4566666666666666,370,346,1500
synthetic_simulation,candidate_pool_size,32,0,1000,6,continual,0.874,0.014666666666666666,1.9546666666666668,0.7759208731241474,0.7684210526315789,0.25879682179341656,4.742666666666667,2932,2275,1500
synthetic_simulation,candidate_pool_size,32,0,1000,7,none,0.82,0.030666666666666665,0.0,0.0,0.7010560519902518,0.0,3.2253333333333334,0,0,1500
synthetic_simulation,candidate_pool_size,32,0,1000,7,random,0.842,0.021333333333333333,3.0,0.22733333333333333,0.8066612510154346,0.10196987253765932,3.9073333333333333,4500,1023,1500
synthetic_simulation,candidate_pool_size,32,0,1000,7,uncertainty,0.8373333333333334,0.030666666666666665,1.1153333333333333,0.22893006575014943,0.7010560519902518,0.005793742757821553,3.4806666666666666,1673,383,1500
synthetic_simulation,candidate_pool_size,32,0,1000,7,lineage,0.8426666666666667,0.017333333333333333,0.23666666666666666,0.9436619718309859,0.7660438667749797,0.0,3.4486666666666665,355,335,1500
synthetic_simulation,candidate_pool_size,32,0,1000,7,continual,0.866,0.022,1.9073333333333333,0.7731562390772457,0.7660438667749797,0.24449594438006952,4.7,2861,2212,1500
synthetic_simulation,candidate_pool_size,64,1,1000,0,none,0.8046666666666666,0.029333333333333333,0.0,0.0,0.7026813880126183,0.0,3.2106666666666666,0,0,1500
synthetic_simulation,candidate_pool_size,64,1,1000,0,random,0.8226666666666667,0.018666666666666668,3.0,0.23133333333333334,0.7910094637223974,0.11441144114411442,3.9046666666666665,4500,1041,1500
synthetic_simulation,candidate_pool_size,64,1,1000,0,uncertainty,0.8213333333333334,0.03,1.1846666666666668,0.2312886888013506,0.7018927444794952,0.005500550055005501,3.4846666666666666,1777,411,1500
synthetic_simulation,candidate_pool_size,64,1,1000,0,lineage,0.8273333333333334,0.016,0.25466666666666665,0.93717277486911,0.7563091482649842,0.0,3.449333333333333,382,358,1500
synthetic_simulation,candidate_pool_size,64,1,1000,0,continual,0.8786666666666667,0.02266666666666667,1.9713333333333334,0.8363205951978356,0.7476340694006309,0.28272827282728275,4.859333333333334,2957,2473,1500
synthetic_simulation,candidate_pool_size,64,1,1000,1,none,0.806,0.026,0.0,0.0,0.6978021978021978,0.0,3.2293333333333334,0,0,1500
synthetic_simulation,candidate_pool_size,64,1,1000,1,random,0.824,0.014,3.0,0.22511111111111112,0.793563579277865,0.10556186152099886,3.9046666666666665,4500,1013,1500
synthetic_simulation,candidate_pool_size,64,1,1000,1,uncertainty,0.8246666666666667,0.026,1.166,0.22355631789594055,0.6946624803767661,0.00681044267877412,3.49,1749,391,1500
synthetic_simulation,candidate_pool_size,64,1,1000,1,lineage,0.822,0.016666666666666666,0.25133333333333335,0.9045092838196287,0.7456828885400314,0.0,3.4566666666666666,377,341,1500
synthetic_simulation,candidate_pool_size,64,1,1000,1,continual,0.8753333333333333,0.022,1.926,0.8386985115957079,0.7472527472527473,0.246311010215664,4.844666666666667,2889,2423,1500
synthetic_simulation,candidate_pool_size,64,1,1000,2,none,0.8053333333333333,0.028,0.0,0.0,0.6963434022257552,0.0,3.240666666666667,0,0,1500
synthetic_simulation,candidate_pool_size,64,1,1000,2,random,0.8293333333333334,0.018666666666666668,3.0,0.22266666666666668,0.8124006359300477,0.09453302961275627,3.9086666666666665,4500,1002,1500
synthetic_simulation,candidate_pool_size,64,1,1000,2,uncertainty,0.8293333333333334,0.029333333333333333,1.1146666666666667,0.22966507177033493,0.6947535771065183,0.0056947608200455585,3.4966666666666666,1672,384,1500
synthetic_simulation,candidate_pool_size,64,1,1000,2,lineage,0.8233333333333334,0.013333333333333334,0.23266666666666666,0.9484240687679083,0.7591414944356121,0.0,3.461333333333333,349,331,1500
synthetic_simulation,candidate_pool_size,64,1,1000,2,continual,0.866,0.018666666666666668,1.902,0.8412197686645636,0.7511923688394276,0.2642369020501139,4.8406666666666665,2853,2400,1500
synthetic_simulation,candidate_pool_size,64,1,1000,3,none,0.8106666666666666,0.030666666666666665,0.0,0.0,0.6883830455259027,0.0,3.199333333333333,0,0,1500
synthetic_simulation,candidate_pool_size,64,1,1000,3,random,0.8313333333333334,0.014,3.0,0.2268888888888889,0.7912087912087912,0.09173272933182333,3.88,4500,1021,1500
synthetic_simulation,candidate_pool_size,64,1,1000,3,uncertainty,0.8273333333333334,0.030666666666666665,1.178,0.22014714204867006,0.6868131868131868,0.006795016987542469,3.458666666666667,1767,389,1500
synthetic_simulation,candidate_pool_size,64,1,1000,3,lineage,0.832,0.012,0.25466666666666665,0.9240837696335078,0.7511773940345369,0.0,3.4346666666666668,382,353,1500
synthetic_simulation,candidate_pool_size,64,1,1000,3,continual,0.87,0.016,1.912,0.8399581589958159,0.7409733124018838,0.2536806342015855,4.8053333333333335,2868,2409,1500
synthetic_simulation,candidate_pool_size,64,1,1000,4,none,0.79,0.026,0.0,0.0,0.7112341772151899,0.0,3.248,0,0,1500
synthetic_simulation,candidate_pool_size,64,1,1000,4,random,0.8233333333333334,0.016,3.0,0.23155555555555554,0.8006329113924051,0.10044642857142858,3.9426666666666668,4500,1042,1500
synthetic_simulation,candidate_pool_size,64,1,1000,4,uncertainty,0.818,0.026,1.1993333333333334,0.23735408560311283,0.7096518987341772,0.004464285714285714,3.5326666666666666,1799,427,1500
synthetic_simulation,candidate_pool_size,64,1,1000,4,lineage,0.8066666666666666,0.016666666666666666,0.22933333333333333,0.9302325581395349,0.757120253164557,0.0,3.461333333333333,344,320,1500
synthetic_simulation,candidate_pool_size,64,1,1000,4,continual,0.866,0.018666666666666668,1.952,0.8422131147540983,0.7634493670886076,0.2421875,4.892,2928,2466,1500
synthetic_simulation,candidate_pool_size,64,1,1000,5,none,0.7966666666666666,0.024,0.0,0.0,0.7001594896331739,0.0,3.2013333333333334,0,0,1500
synthetic_simulation,candidate_pool_size,64,1,1000,5,random,0.816,0.012666666666666666,3.0,0.2348888888888889,0.7894736842105263,0.08764044943820225,3.906,4500,1057,1500
synthetic_simulation,candidate_pool_size,64,1,1000,5,uncertainty,0.824,0.024,1.1993333333333334,0.23846581434130074,0.6993620414673046,0.006741573033707865,3.4873333333333334,1799,429,1500
synthetic_simulation,candidate_pool_size,64,1,1000,5,lineage,0.8246666666666667,0.013333333333333334,0.24733333333333332,0.9191374663072777,0.7559808612440191,0.0,3.4286666666666665,371,341,1500
synthetic_simulation,candidate_pool_size,64,1,1000,5,continual,0.8673333333333333,0.013333333333333334,1.9186666666666667,0.8502432244614315,0.7472089314194578,0.2876404494382023,4.832666666666666,2878,2447,1500
synthetic_simulation,candidate_pool_size,64,1,1000,6,none,0.8053333333333333,0.026,0.0,0.0,0.69713400464756,0.0,3.248,0,0,1500
synthetic_simulation,candidate_pool_size,64,1,1000,6,random,0.8186666666666667,0.019333333333333334,3.0,0.23466666666666666,0.7947327652982185,0.10367892976588629,3.952,4500,1056,1500
synthetic_simulation,candidate_pool_size,64,1,1000,6,uncertainty,0.8246666666666667,0.027333333333333334,1.1673333333333333,0.23986293546544832,0.6932610379550735,0.006688963210702341,3.528,1751,420,1500
synthetic_simulation,candidate_pool_size,64,1,1000,6,lineage,0.8153333333333334,0.014666666666666666,0.248,0.9005376344086021,0.7420604182804028,0.0011148272017837235,3.4713333333333334,372,335,1500
synthetic_simulation,candidate_pool_size,64,1,1000,6,continual,0.8693333333333333,0.02,1.97,0.8602368866328257,0.7575522850503486,0.26421404682274247,4.942666666666667,2955,2542,1500
synthetic_simulation,candidate_pool_size,64,1,1000,7,none,0.8,0.035333333333333335,0.0,0.0,0.6893052302888368,0.0,3.216666666666667,0,0,1500
synthetic_simulation,candidate_pool_size,64,1,1000,7,random,0.8313333333333334,0.022,3.0,0.2348888888888889,0.7931303669008587,0.11001100110011001,3.921333333333333,4500,1057,1500
synthetic_simulation,candidate_pool_size,64,1,1000,7,uncertainty,0.824,0.035333333333333335,1.188,0.23849607182940516,0.6869633099141296,0.007700770077007701,3.5,1782,425,1500
synthetic_simulation,candidate_pool_size,64,1,1000,7,lineage,0.81,0.018666666666666668,0.25266666666666665,0.9393139841688655,0.7525370804059328,0.0,3.454,379,356,1500
synthetic_simulation,candidate_pool_size,64,1,1000,7,continual,0.8746666666666667,0.020666666666666667,1.9546666666666668,0.8332196452933152,0.7462919594067136,0.2607260726072607,4.8453333333333335,2932,2443,1500
synthetic_simulation,candidate_pool_size,128,0,1000,0,none,0.796,0.026,0.0,0.0,0.7212490479817213,0.0,3.2613333333333334,0,0,1500
synthetic_simulation,candidate_pool_size,128,0,1000,0,random,0.8326666666666667,0.016,3.0,0.23,0.8111195734958111,0.11285266457680251,3.9513333333333334,4500,1035,1500
synthetic_simulation,candidate_pool_size,128,0,1000,0,uncertainty,0.8226666666666667,0.026,1.2226666666666666,0.23391494002181026,0.7197258187357197,0.0073145245559038665,3.5473333333333334,1834,429,1500
synthetic_simulation,candidate_pool_size,128,0,1000,0,lineage,0.8166666666666667,0.014,0.21733333333333332,0.9662576687116564,0.7692307692307693,0.0,3.4713333333333334,326,315,1500
synthetic_simulation,candidate_pool_size,128,0,1000,0,continual,0.874,0.017333333333333333,2.025333333333333,0.8551678736010533,0.7707539984767707,0.26541274817136884,4.993333333333333,3038,2598,1500
synthetic_simulation,candidate_pool_size,128,0,1000,1,none,0.8013333333333333,0.024666666666666667,0.0,0.0,0.6984496124031008,0.0,3.275333333333333,0,0,1500
synthetic_simulation,candidate_pool_size,128,0,1000,1,random,0.8206666666666667,0.013333333333333334,3.0,0.22,0.8,0.08333333333333333,3.9353333333333333,4500,990,1500
synthetic_simulation,candidate_pool_size,128,0,1000,1,uncertainty,0.8233333333333334,0.024666666666666667,1.1866666666666668,0.23089887640449439,0.6961240310077519,0.007882882882882882,3.5493333333333332,1780,411,1500
synthetic_simulation,candidate_pool_size,128,0,1000,1,lineage,0.8173333333333334,0.014666666666666666,0.218,0.9174311926605505,0.7457364341085271,0.0,3.4753333333333334,327,300,1500
synthetic_simulation,candidate_pool_size,128,0,1000,1,continual,0.872,0.015333333333333332,1.9526666666666668,0.8330488221235917,0.7511627906976744,0.23873873873873874,4.902,2929,2440,1500
synthetic_simulation,candidate_pool_size,128,0,1000,2,none,0.8133333333333334,0.021333333333333333,0.0,0.0,0.6789929189614476,0.0,3.1853333333333333,0,0,1500
synthetic_simulation,candidate_pool_size,128,0,1000,2,random,0.8466666666666667,0.012,3.0,0.2288888888888889,0.7671125098347757,0.09425287356321839,3.872,4500,1030,1500
synthetic_simulation,candidate_pool_size,128,0,1000,2,uncertainty,0.8366666666666667,0.022,1.1673333333333333,0.2118789263278127,0.6766325727773407,0.009195402298850575,3.4326666666666665,1751,371,1500
synthetic_simulation,candidate_pool_size,128,0,1000,2,lineage,0.83,0.010666666666666666,0.252,0.8994708994708994,0.7419354838709677,0.0,3.412,378,340,1500
synthetic_simulation,candidate_pool_size,128,0,1000,2,continual,0.886,0.014,1.9526666666666668,0.8415841584158416,0.7419354838709677,0.25632183908045975,4.828666666666667,2929,2465,1500
synthetic_simulation,candidate_pool_size,128,0,1000,3,none,0.814,0.036,0.0,0.0,0.6791862284820032,0.0,3.228666666666667,0,0,1500
synthetic_simulation,candidate_pool_size,128,0,1000,3,random,0.836,0.017333333333333333,3.0,0.226,0.7769953051643192,0.10882016036655212,3.9066666666666667,4500,1017,1500
synthetic_simulation,candidate_pool_size,128,0,1000,3,uncertainty,0.836,0.036,1.1046666666666667,0.23295111647555825,0.6768388106416275,0.0057273768613974796,3.486,1657,386,1500
synthetic_simulation,candidate_pool_size,128,0,1000,3,lineage,0.8386666666666667,0.021333333333333333,0.24133333333333334,0.930939226519337,0.7269170579029735,0.0,3.453333333333333,362,337,1500
synthetic_simulation,candidate_pool_size,128,0,1000,3,continual,0.8926666666666667,0.022,1.8726666666666667,0.8394446422214311,0.7323943661971831,0.27147766323024053,4.800666666666666,2809,2358,1500
synthetic_simulation,candidate_pool_size,128,0,1000,4,none,0.8033333333333333,0.034,0.0,0.0,0.6635294117647059,0.0,3.22,0,0,1500
synthetic_simulation,candidate_pool_size,128,0,1000,4,random,0.828,0.02,3.0,0.22866666666666666,0.7662745098039215,0.08098591549295775,3.906,4500,1029,1500
synthetic_simulation,candidate_pool_size,128,0,1000,4,uncertainty,0.828,0.034,1.112,0.2260191846522782,0.659607843137255,0.011737089201877934,3.4713333333333334,1668,377,1500
synthetic_simulation,candidate_pool_size,128,0,1000,4,lineage,0.824,0.02,0.23466666666666666,0.9602272727272727,0.7270588235294118,0.0,3.445333333333333,352,338,1500
synthetic_simulation,candidate_pool_size,128,0,1000,4,continual,0.8746666666666667,0.023333333333333334,1.8613333333333333,0.8560171919770774,0.72,0.24530516431924881,4.8133333333333335,2792,2390,1500
synthetic_simulation,candidate_pool_size,128,0,1000,5,none,0.806,0.030666666666666665,0.0,0.0,0.7002341920374707,0.0,3.21,0,0,1500
synthetic_simulation,candidate_pool_size,128,0,1000,5,random,0.834,0.016666666666666666,3.0,0.22844444444444445,0.7814207650273224,0.11597374179431072,3.8953333333333333,4500,1028,1500
synthetic_simulation,candidate_pool_size,128,0,1000,5,uncertainty,0.8426666666666667,0.030666666666666665,1.204,0.22369878183831673,0.6963309914129586,0.009846827133479213,3.4793333333333334,1806,404,1500
synthetic_simulation,candidate_pool_size,128,0,1000,5,lineage,0.8266666666666667,0.012666666666666666,0.23466666666666666,0.9289772727272727,0.7517564402810304,0.0,3.428,352,327,1500
synthetic_simulation,candidate_pool_size,128,0,1000,5,continual,0.8806666666666667,0.017333333333333333,1.9453333333333334,0.8485263879369431,0.750975800156128,0.2658643326039387,4.860666666666667,2918,2476,1500
synthetic_simulation,candidate_pool_size,128,0,1000,6,none,0.8133333333333334,0.019333333333333334,0.0,0.0,0.7007936507936507,0.0,3.235333333333333,0,0,1500
synthetic_simulation,candidate_pool_size,128,0,1000,6,random,0.8406666666666667,0.011333333333333334,3.0,0.23755555555555555,0.7833333333333333,0.10652920962199312,3.948,4500,1069,1500
synthetic_simulation,candidate_pool_size,128,0,1000,6,uncertainty,0.838,0.019333333333333334,1.1626666666666667,0.23279816513761467,0.6976190476190476,0.011454753722794959,3.506,1744,406,1500
synthetic_simulation,candidate_pool_size,128,0,1000,6,lineage,0.8246666666666667,0.011333333333333334,0.23733333333333334,0.952247191011236,0.753968253968254,0.001145475372279496,3.461333333333333,356,339,1500
synthetic_simulation,candidate_pool_size,128,0,1000,6,continual,0.89,0.014666666666666666,1.9226666666666667,0.852635228848821,0.7523809523809524,0.2634593356242841,4.874666666666666,2884,2459,1500
synthetic_simulation,candidate_pool_size,128,0,1000,7,none,0.814,0.025333333333333333,0.0,0.0,0.6837539432176656,0.0,3.2386666666666666,0,0,1500
synthetic_simulation,candidate_pool_size,128,0,1000,7,random,0.8466666666666667,0.010666666666666666,3.0,0.23177777777777778,0.7886435331230284,0.08963911525029103,3.934,4500,1043,1500
synthetic_simulation,candidate_pool_size,128,0,1000,7,uncertainty,0.8313333333333334,0.025333333333333333,1.1526666666666667,0.22672064777327935,0.6813880126182965,0.004656577415599534,3.5,1729,392,1500
synthetic_simulation,candidate_pool_size,128,0,1000,7,lineage,0.838,0.011333333333333334,0.25066666666666665,0.8936170212765957,0.7350157728706624,0.0,3.462666666666667,376,336,1500
synthetic_simulation,candidate_pool_size,128,0,1000,7,continual,0.8833333333333333,0.016,1.8846666666666667,0.8429430491687301,0.7302839116719243,0.26775320139697323,4.827333333333334,2827,2383,1500
